    -84.262781792764    -84.262781792764         0.13678E-03
    -84.262781724961    -84.262781724961         0.74557E-04
    -84.262781667661    -84.262781667661         0.17323E-03
    -84.262781754575    -84.262781754575         0.16555E-03
    -84.262781832040    -84.262781832040         0.17026E-03
    -84.262781379002    -84.262781379002         0.18394E-03
    -84.262781075657    -84.262781075657         0.94272E-04
    -84.262781206287    -84.262781206287         0.19518E-03
    -84.262781707721    -84.262781707721         0.12271E-03
    -84.262781619472    -84.262781619472         0.19712E-03
    -84.262781684480    -84.262781684480         0.15952E-03
    -84.262781591246    -84.262781591246         0.78709E-04
    -84.262781844789    -84.262781844789         0.12661E-03
    -84.262781742960    -84.262781742960         0.77156E-04
    -84.262781716639    -84.262781716639         0.10275E-03
    -84.262781458199    -84.262781458199         0.19139E-03
    -84.262781513895    -84.262781513895         0.19071E-03
    -84.262781358352    -84.262781358352         0.18939E-03
    -84.262781732914    -84.262781732914         0.80703E-04
    -84.262781737348    -84.262781737348         0.18242E-03
    -84.262781379042    -84.262781379042         0.10057E-03
    -84.262781721524    -84.262781721524         0.10784E-03
    -84.262780569195    -84.262780569195         0.15370E-03
    -84.262781730219    -84.262781730219         0.16636E-03
    -84.262781725201    -84.262781725201         0.13214E-03
    -84.262781402960    -84.262781402960         0.11838E-03
    -84.262781240806    -84.262781240806         0.10312E-03
    -84.262781064678    -84.262781064678         0.10227E-03
    -84.262781587429    -84.262781587429         0.15317E-03
    -84.262781445489    -84.262781445489         0.12298E-03
    -84.262781507197    -84.262781507197         0.11361E-03
    -84.262780838694    -84.262780838694         0.79706E-04
    -84.262781898163    -84.262781898163         0.10758E-03
    -84.262781406184    -84.262781406184         0.11043E-03
    -84.262780919011    -84.262780919011         0.15467E-03
    -84.262780520246    -84.262780520246         0.32952E-04
    -84.262781364611    -84.262781364611         0.15435E-03
    -84.262780595840    -84.262780595840         0.18643E-03
    -84.262781409772    -84.262781409772         0.85447E-04
    -84.262781269637    -84.262781269637         0.12186E-03
    -84.262780764847    -84.262780764847         0.19427E-03
    -84.262781521595    -84.262781521595         0.69002E-04
    -84.262779006416    -84.262779006416         0.18420E-03
    -84.262781225155    -84.262781225155         0.12354E-03
    -84.262780266404    -84.262780266404         0.15777E-03
    -84.262781120511    -84.262781120511         0.85278E-04
    -84.262779672804    -84.262779672804         0.19053E-03
    -84.262781321309    -84.262781321309         0.18424E-03
    -84.262780898672    -84.262780898672         0.19023E-03
    -84.262779939975    -84.262779939975         0.16753E-03
    -84.262780539046    -84.262780539046         0.15610E-03
    -84.262780857248    -84.262780857248         0.16468E-03
    -84.262781042903    -84.262781042903         0.63150E-04
    -84.262779896852    -84.262779896852         0.17053E-03
    -84.262780457604    -84.262780457604         0.16486E-03
    -84.262777687199    -84.262777687199         0.71703E-04
    -84.262776008594    -84.262776008594         0.10307E-03
    -84.262772989533    -84.262772989533         0.55875E-04
    -84.262778252759    -84.262778252759         0.36674E-04
    -84.262778270028    -84.262778270028         0.92692E-04
    -84.262780442338    -84.262780442338         0.88245E-04
    -84.262688917206    -84.262688917206         0.17726E-03
    -84.262688874393    -84.262688874393         0.14070E-03
    -84.262688949740    -84.262688949740         0.18016E-03
    -84.262776026077    -84.262776026077         0.16930E-03
    -84.262688825630    -84.262688825630         0.15996E-03
    -84.262688526546    -84.262688526546         0.15750E-03
    -84.262688247633    -84.262688247633         0.17788E-03
    -84.262687750087    -84.262687750087         0.92431E-04
    -84.262688247541    -84.262688247541         0.15525E-03
    -84.262688099197    -84.262688099197         0.86635E-04
    -84.262687433364    -84.262687433364         0.18023E-03
    -84.262687878741    -84.262687878741         0.83878E-04
    -84.262688139950    -84.262688139950         0.82142E-04
    -84.262688315703    -84.262688315703         0.17666E-03
    -84.262687757679    -84.262687757679         0.15752E-03
    -84.262688129171    -84.262688129171         0.64240E-04
    -84.262685590056    -84.262685590056         0.35472E-04
    -84.262670441633    -84.262670441633         0.69261E-04
    -84.262590115209    -84.262590115209         0.91219E-04
    -84.262589145314    -84.262589145314         0.10402E-03
    -84.262588072493    -84.262588072493         0.15347E-03
    -84.262587865860    -84.262587865860         0.73492E-04
    -84.262587708820    -84.262587708820         0.17351E-03
    -84.262587308769    -84.262587308769         0.28699E-04
    -84.262588214336    -84.262588214336         0.25662E-04
    -84.262583789952    -84.262583789952         0.14756E-03
    -84.262587318208    -84.262587318208         0.19845E-03
    -84.262586974844    -84.262586974844         0.64593E-04
    -84.262587373931    -84.262587373931         0.15601E-03
    -84.262587702892    -84.262587702892         0.19484E-03
    -84.262587033188    -84.262587033188         0.18470E-03
    -84.262586766382    -84.262586766382         0.18488E-03
    -84.262585595012    -84.262585595012         0.59676E-04
    -84.262579602471    -84.262579602471         0.56179E-04
    -84.262585490534    -84.262585490534         0.29452E-04
    -84.262587534228    -84.262587534228         0.35347E-04
    -84.262587449300    -84.262587449300         0.30005E-04
    -84.262519619054    -84.262519619054         0.10402E-03
    -84.262588017150    -84.262588017150         0.16972E-03
    -84.262519774674    -84.262519774674         0.16023E-03
    -84.262519843960    -84.262519843960         0.14864E-03
    -84.262511555569    -84.262511555569         0.73971E-04
    -84.262517345714    -84.262517345714         0.15333E-03
    -84.262515551145    -84.262515551145         0.24853E-04
    -84.262513748093    -84.262513748093         0.47051E-04
    -84.262514523746    -84.262514523746         0.73426E-04
    -84.262514188566    -84.262514188566         0.41477E-04
    -84.262505361439    -84.262505361439         0.58743E-04
    -84.262517648376    -84.262517648376         0.37225E-04
    -84.262154073422    -84.262154073422         0.57363E-04
    -84.262154271151    -84.262154271151         0.17310E-03
    -84.262154197458    -84.262154197458         0.12108E-03
    -84.262154058907    -84.262154058907         0.15238E-03
    -84.262154300946    -84.262154300946         0.89136E-04
    -84.262154129803    -84.262154129803         0.12883E-03
    -84.262154480213    -84.262154480213         0.13487E-03
    -84.262153723558    -84.262153723558         0.15194E-03
    -84.262154188432    -84.262154188432         0.14080E-03
    -84.262154438828    -84.262154438828         0.79585E-04
    -84.262153473038    -84.262153473038         0.15597E-03
    -84.262152894604    -84.262152894604         0.89574E-04
    -84.262152431876    -84.262152431876         0.49349E-04
    -84.262153005262    -84.262153005262         0.16474E-03
    -84.261975035121    -84.261975035121         0.14099E-03
    -84.261974945479    -84.261974945479         0.19212E-03
    -84.262151259391    -84.262151259391         0.31650E-04
    -84.261975505606    -84.261975505606         0.14266E-03
    -84.261972546428    -84.261972546428         0.19364E-03
    -84.261975331807    -84.261975331807         0.18117E-03
    -84.261973823066    -84.261973823066         0.18365E-03
    -84.261974090916    -84.261974090916         0.19464E-03
    -84.261974668414    -84.261974668414         0.76972E-04
    -84.261974332480    -84.261974332480         0.73117E-04
    -84.261974724082    -84.261974724082         0.17469E-03
    -84.261973492366    -84.261973492366         0.19328E-03
    -84.261974148835    -84.261974148835         0.15346E-03
    -84.261973402030    -84.261973402030         0.61461E-04
    -84.261973908861    -84.261973908861         0.15587E-03
    -84.261972896578    -84.261972896578         0.34357E-04
    -84.261888305482    -84.261888305482         0.87158E-04
    -84.261886515156    -84.261886515156         0.14875E-03
    -84.261974435774    -84.261974435774         0.15492E-03
    -84.261887509008    -84.261887509008         0.11817E-03
    -84.261886357022    -84.261886357022         0.19723E-03
    -84.261886966837    -84.261886966837         0.15220E-03
    -84.261884804036    -84.261884804036         0.58156E-04
    -84.261886317928    -84.261886317928         0.18590E-04
    -84.261886296733    -84.261886296733         0.53601E-04
    -84.261840966084    -84.261840966084         0.10562E-03
    -84.261841221036    -84.261841221036         0.75330E-04
    -84.261841231377    -84.261841231377         0.18335E-03
    -84.261841090975    -84.261841090975         0.19625E-03
    -84.261839565842    -84.261839565842         0.76806E-04
    -84.261855297594    -84.261855297594         0.16975E-03
    -84.261837208926    -84.261837208926         0.10403E-03
    -84.261837494280    -84.261837494280         0.29621E-04
    -84.261751025095    -84.261751025095         0.89972E-04
    -84.261750328943    -84.261750328943         0.18669E-03
    -84.261750989264    -84.261750989264         0.10882E-03
    -84.261703265072    -84.261703265072         0.63384E-04
    -84.261839817656    -84.261839817656         0.24407E-04
    -84.261702094622    -84.261702094622         0.11689E-03
    -84.261701998805    -84.261701998805         0.18971E-03
    -84.261700216842    -84.261700216842         0.17721E-03
    -84.261695991904    -84.261695991904         0.67177E-04
    -84.261671481318    -84.261671481318         0.18121E-03
    -84.261670874323    -84.261670874323         0.91078E-04
    -84.261671978995    -84.261671978995         0.14042E-03
    -84.261671600757    -84.261671600757         0.10575E-03
    -84.261521115605    -84.261521115605         0.16100E-03
    -84.261520577272    -84.261520577272         0.14704E-03
    -84.261520908314    -84.261520908314         0.15767E-03
    -84.261520827832    -84.261520827832         0.14874E-03
    -84.261520567303    -84.261520567303         0.91341E-04
    -84.261520685501    -84.261520685501         0.11844E-03
    -84.261520120825    -84.261520120825         0.18700E-03
    -84.261336355589    -84.261336355589         0.78991E-04
    -84.261521015629    -84.261521015629         0.92289E-04
    -84.261334855824    -84.261334855824         0.19601E-03
    -84.261240520208    -84.261240520208         0.16417E-03
    -84.261189803637    -84.261189803637         0.96566E-04
    -84.261281138919    -84.261281138919         0.16954E-03
    -84.261189813231    -84.261189813231         0.16436E-03
    -84.261189928500    -84.261189928500         0.91213E-04
    -84.261190090331    -84.261190090331         0.11723E-03
    -84.261190238831    -84.261190238831         0.12717E-03
    -84.261189023880    -84.261189023880         0.13979E-03
    -84.261164690521    -84.261164690521         0.13281E-03
    -84.261188150262    -84.261188150262         0.19805E-03
    -84.261164104337    -84.261164104337         0.16671E-03
    -84.261164122837    -84.261164122837         0.13101E-03
    -84.261163461940    -84.261163461940         0.15137E-03
    -84.261164055933    -84.261164055933         0.17338E-03
    -84.261164358945    -84.261164358945         0.10038E-03
    -84.261164122827    -84.261164122827         0.10654E-03
    -84.261163826308    -84.261163826308         0.18940E-03
    -84.261163379042    -84.261163379042         0.16415E-03
    -84.261128777855    -84.261128777855         0.16847E-03
    -84.261129095890    -84.261129095890         0.98681E-04
    -84.261162987063    -84.261162987063         0.32856E-04
    -84.261125849339    -84.261125849339         0.19611E-03
    -84.261065271684    -84.261065271684         0.29255E-04
    -84.261064408131    -84.261064408131         0.61264E-04
    -84.261065159413    -84.261065159413         0.85535E-04
    -84.261841139645    -84.261841139645         0.18719E-03
    -84.261067208378    -84.261067208378         0.26965E-04
    -84.261058686990    -84.261058686990         0.50801E-04
    -84.261065202842    -84.261065202842         0.43747E-04
    -84.261043235644    -84.261043235644         0.11784E-03
    -84.260990628085    -84.260990628085         0.83848E-04
    -84.260990365407    -84.260990365407         0.15411E-03
    -84.260990408644    -84.260990408644         0.13699E-03
    -84.260990205298    -84.260990205298         0.10938E-03
    -84.260989458068    -84.260989458068         0.18066E-03
    -84.261750560126    -84.261750560126         0.15838E-03
    -84.260977174345    -84.260977174345         0.12393E-03
    -84.260976144743    -84.260976144743         0.14844E-03
    -84.260977381042    -84.260977381042         0.11668E-03
    -84.260977527976    -84.260977527976         0.13899E-03
    -84.260977033876    -84.260977033876         0.13396E-03
    -84.260977491640    -84.260977491640         0.18075E-03
    -84.260977156141    -84.260977156141         0.13518E-03
    -84.260977075977    -84.260977075977         0.12253E-03
    -84.260989552596    -84.260989552596         0.58064E-04
    -84.260976257748    -84.260976257748         0.19842E-03
    -84.260976951435    -84.260976951435         0.17067E-03
    -84.260977365810    -84.260977365810         0.12783E-03
    -84.260976348273    -84.260976348273         0.11485E-03
    -84.260976262086    -84.260976262086         0.13808E-03
    -84.260976343234    -84.260976343234         0.11642E-03
    -84.260976694366    -84.260976694366         0.81923E-04
    -84.260954287749    -84.260954287749         0.11274E-03
    -84.260974668816    -84.260974668816         0.30914E-04
    -84.260903445752    -84.260903445752         0.16276E-03
    -84.260905044924    -84.260905044924         0.14708E-03
    -84.260902147268    -84.260902147268         0.92493E-04
    -84.261011743622    -84.261011743622         0.35703E-04
    -84.260887002908    -84.260887002908         0.94058E-04
    -84.260876224844    -84.260876224844         0.16379E-03
    -84.260886620929    -84.260886620929         0.17168E-03
    -84.260901808271    -84.260901808271         0.29420E-04
    -84.260892851480    -84.260892851480         0.40692E-04
    -84.260877016018    -84.260877016018         0.16004E-03
    -84.260877230536    -84.260877230536         0.99319E-04
    -84.260877480452    -84.260877480452         0.13305E-03
    -84.260876931767    -84.260876931767         0.11386E-03
    -84.260875213746    -84.260875213746         0.18930E-03
    -84.260897772970    -84.260897772970         0.13410E-03
    -84.260896093958    -84.260896093958         0.51559E-04
    -84.260876461643    -84.260876461643         0.49473E-04
    -84.260878468854    -84.260878468854         0.19715E-03
    -84.260877399959    -84.260877399959         0.83598E-04
    -84.260875978844    -84.260875978844         0.82820E-04
    -84.260868101718    -84.260868101718         0.98819E-04
    -84.260890921544    -84.260890921544         0.53007E-04
    -84.260825920437    -84.260825920437         0.14332E-03
    -84.260873542491    -84.260873542491         0.18191E-03
    -84.260810090348    -84.260810090348         0.10762E-03
    -84.260821199972    -84.260821199972         0.18074E-03
    -84.260820862223    -84.260820862223         0.18106E-03
    -84.260811817318    -84.260811817318         0.87104E-04
    -84.260824347456    -84.260824347456         0.12356E-03
    -84.260874462731    -84.260874462731         0.89076E-04
    -84.260820369250    -84.260820369250         0.16651E-03
    -84.260819824035    -84.260819824035         0.71722E-04
    -84.260818522681    -84.260818522681         0.17452E-03
    -84.260822862641    -84.260822862641         0.16280E-03
    -84.260815105430    -84.260815105430         0.19153E-03
    -84.260807335764    -84.260807335764         0.59745E-04
    -84.260791620478    -84.260791620478         0.13134E-03
    -84.260825072170    -84.260825072170         0.18519E-03
    -84.260818904163    -84.260818904163         0.17564E-03
    -84.260819060643    -84.260819060643         0.18023E-03
    -84.260816299185    -84.260816299185         0.29335E-04
    -84.260815415325    -84.260815415325         0.39305E-04
    -84.260787425910    -84.260787425910         0.16483E-03
    -84.260818651426    -84.260818651426         0.96132E-04
    -84.260789101161    -84.260789101161         0.13660E-03
    -84.260816635350    -84.260816635350         0.15128E-03
    -84.260811261672    -84.260811261672         0.10495E-03
    -84.260808998381    -84.260808998381         0.12395E-03
    -84.260804937035    -84.260804937035         0.60828E-04
    -84.260787776581    -84.260787776581         0.15663E-03
    -84.260785697845    -84.260785697845         0.91797E-04
    -84.260806532589    -84.260806532589         0.39476E-04
    -84.260804278254    -84.260804278254         0.41225E-04
    -84.260823825610    -84.260823825610         0.92477E-04
    -84.260789224611    -84.260789224611         0.59900E-04
    -84.260814716469    -84.260814716469         0.86083E-04
    -84.260732707077    -84.260732707077         0.63178E-04
    -84.260788453857    -84.260788453857         0.93132E-04
    -84.260729910716    -84.260729910716         0.11887E-03
    -84.260743803867    -84.260743803867         0.32734E-04
    -84.260759726842    -84.260759726842         0.70974E-04
    -84.260786844974    -84.260786844974         0.69870E-04
    -84.260737679189    -84.260737679189         0.49167E-04
    -84.260738084493    -84.260738084493         0.83959E-04
    -84.260724162477    -84.260724162477         0.38198E-04
    -84.260764873207    -84.260764873207         0.41934E-04
    -84.260747509822    -84.260747509822         0.99761E-04
    -84.260749910328    -84.260749910328         0.72857E-04
    -84.260733285346    -84.260733285346         0.67495E-04
    -84.260705558108    -84.260705558108         0.11156E-03
    -84.260712281321    -84.260712281321         0.10199E-03
    -84.260711739357    -84.260711739357         0.12461E-03
    -84.260725424725    -84.260725424725         0.58276E-04
    -84.260694686376    -84.260694686376         0.14697E-03
    -84.260694800734    -84.260694800734         0.92743E-04
    -84.260701872521    -84.260701872521         0.37305E-04
    -84.260661949824    -84.260661949824         0.11348E-03
    -84.260728030749    -84.260728030749         0.12138E-03
    -84.260692566593    -84.260692566593         0.63099E-04
    -84.260647614345    -84.260647614345         0.15614E-03
    -84.260691718434    -84.260691718434         0.35710E-04
    -84.260647215893    -84.260647215893         0.10589E-03
    -84.260639967797    -84.260639967797         0.38261E-04
    -84.260645610922    -84.260645610922         0.15219E-03
    -84.260642597365    -84.260642597365         0.39283E-04
    -84.260555697673    -84.260555697673         0.19164E-03
    -84.260637746386    -84.260637746386         0.90524E-04
    -84.260556346411    -84.260556346411         0.10781E-03
    -84.260555073154    -84.260555073154         0.19851E-03
    -84.260555854739    -84.260555854739         0.91144E-04
    -84.260551919157    -84.260551919157         0.13403E-03
    -84.260548637961    -84.260548637961         0.14086E-03
    -84.260551726020    -84.260551726020         0.12524E-03
    -84.260686014013    -84.260686014013         0.93646E-04
    -84.260542270270    -84.260542270270         0.13588E-03
    -84.260539249613    -84.260539249613         0.18241E-03
    -84.260534418736    -84.260534418736         0.35166E-04
    -84.260534981643    -84.260534981643         0.12204E-03
    -84.260538230316    -84.260538230316         0.14894E-03
    -84.260525583352    -84.260525583352         0.62026E-04
    -84.260523907174    -84.260523907174         0.29949E-04
    -84.260530725857    -84.260530725857         0.74070E-04
    -84.260491806897    -84.260491806897         0.40103E-04
    -84.260530167277    -84.260530167277         0.40085E-04
    -84.260483200632    -84.260483200632         0.18398E-03
    -84.260447204796    -84.260447204796         0.99133E-04
    -84.260470283627    -84.260470283627         0.43644E-04
    -84.260665289381    -84.260665289381         0.63944E-04
    -84.260462100048    -84.260462100048         0.59150E-04
    -84.260435923643    -84.260435923643         0.10438E-03
    -84.260435636087    -84.260435636087         0.19236E-03
    -84.260415857141    -84.260415857141         0.15453E-03
    -84.260436659477    -84.260436659477         0.81711E-04
    -84.260417126603    -84.260417126603         0.13089E-03
    -84.260682845289    -84.260682845289         0.58453E-04
    -84.260408492188    -84.260408492188         0.13211E-03
    -84.260404187987    -84.260404187987         0.12197E-03
    -84.260403495813    -84.260403495813         0.74722E-04
    -84.260414575278    -84.260414575278         0.13394E-03
    -84.260415562629    -84.260415562629         0.19746E-03
    -84.260414576683    -84.260414576683         0.14527E-03
    -84.260407929392    -84.260407929392         0.16636E-03
    -84.260405134921    -84.260405134921         0.96741E-04
    -84.260400253058    -84.260400253058         0.49335E-04
    -84.260406616650    -84.260406616650         0.16680E-03
    -84.260408258139    -84.260408258139         0.12124E-03
    -84.260404975220    -84.260404975220         0.66435E-04
    -84.260404856955    -84.260404856955         0.83164E-04
    -84.260415758387    -84.260415758387         0.17328E-03
    -84.260415812841    -84.260415812841         0.19548E-03
    -84.260385346478    -84.260385346478         0.18857E-03
    -84.260385139867    -84.260385139867         0.17294E-03
    -84.260414881666    -84.260414881666         0.84155E-04
    -84.260384746914    -84.260384746914         0.13802E-03
    -84.260373052555    -84.260373052555         0.18838E-03
    -84.260371283069    -84.260371283069         0.19508E-03
    -84.260385555176    -84.260385555176         0.19845E-03
    -84.260367974283    -84.260367974283         0.10350E-03
    -84.260366938880    -84.260366938880         0.16747E-03
    -84.260373706725    -84.260373706725         0.16951E-03
    -84.260373613130    -84.260373613130         0.14304E-03
    -84.260367578771    -84.260367578771         0.98596E-04
    -84.260366687303    -84.260366687303         0.15602E-03
    -84.260367101385    -84.260367101385         0.13341E-03
    -84.260355156468    -84.260355156468         0.17061E-03
    -84.260681304329    -84.260681304329         0.53436E-04
    -84.260354713724    -84.260354713724         0.16508E-03
    -84.260364642294    -84.260364642294         0.19697E-03
    -84.260362015837    -84.260362015837         0.95148E-04
    -84.260388154299    -84.260388154299         0.30287E-04
    -84.260347554495    -84.260347554495         0.15936E-03
    -84.260360522596    -84.260360522596         0.88765E-04
    -84.260355713632    -84.260355713632         0.12585E-03
    -84.260357765733    -84.260357765733         0.72686E-04
    -84.260328123144    -84.260328123144         0.10105E-03
    -84.260328841093    -84.260328841093         0.97379E-04
    -84.260345167744    -84.260345167744         0.18906E-03
    -84.260326801659    -84.260326801659         0.86440E-04
    -84.260328406758    -84.260328406758         0.86197E-04
    -84.260352678735    -84.260352678735         0.57848E-04
    -84.260364156587    -84.260364156587         0.16926E-03
    -84.260326919517    -84.260326919517         0.19926E-03
    -84.260321908807    -84.260321908807         0.19574E-03
    -84.260323354324    -84.260323354324         0.14428E-03
    -84.260327556470    -84.260327556470         0.18466E-03
    -84.260353028601    -84.260353028601         0.76615E-04
    -84.260323259454    -84.260323259454         0.12744E-03
    -84.260327007129    -84.260327007129         0.17861E-03
    -84.260306786606    -84.260306786606         0.17171E-03
    -84.260308014967    -84.260308014967         0.11095E-03
    -84.260307677418    -84.260307677418         0.17650E-03
    -84.260307720679    -84.260307720679         0.10363E-03
    -84.260307084327    -84.260307084327         0.66837E-04
    -84.260308121515    -84.260308121515         0.16298E-03
    -84.260308364747    -84.260308364747         0.12129E-03
    -84.260368522139    -84.260368522139         0.15464E-03
    -84.260307033849    -84.260307033849         0.94821E-04
    -84.260371619922    -84.260371619922         0.40725E-04
    -84.260308122137    -84.260308122137         0.91742E-04
    -84.260305268162    -84.260305268162         0.19828E-03
    -84.260332630919    -84.260332630919         0.15488E-03
    -84.260306440626    -84.260306440626         0.18412E-03
    -84.260293816482    -84.260293816482         0.17790E-03
    -84.260291575158    -84.260291575158         0.14861E-03
    -84.260303232139    -84.260303232139         0.28779E-04
    -84.260304741615    -84.260304741615         0.33171E-04
    -84.260294077800    -84.260294077800         0.81151E-04
    -84.260305854661    -84.260305854661         0.18212E-03
    -84.260282172968    -84.260282172968         0.16870E-03
    -84.260283296438    -84.260283296438         0.16799E-03
    -84.260284668182    -84.260284668182         0.13448E-03
    -84.260273613096    -84.260273613096         0.11216E-03
    -84.260324895685    -84.260324895685         0.68817E-04
    -84.260284005610    -84.260284005610         0.15414E-03
    -84.260283181078    -84.260283181078         0.11234E-03
    -84.260343118645    -84.260343118645         0.33202E-04
    -84.260270580964    -84.260270580964         0.19517E-03
    -84.260261946953    -84.260261946953         0.15917E-03
    -84.260368544087    -84.260368544087         0.45416E-04
    -84.260270099603    -84.260270099603         0.11494E-03
    -84.260294574904    -84.260294574904         0.60453E-04
    -84.260327037438    -84.260327037438         0.76990E-04
    -84.260270019022    -84.260270019022         0.95123E-04
    -84.260268131639    -84.260268131639         0.15881E-03
    -84.260268589278    -84.260268589278         0.39629E-04
    -84.260266811607    -84.260266811607         0.96248E-04
    -84.260262886479    -84.260262886479         0.97219E-04
    -84.260249762632    -84.260249762632         0.16776E-03
    -84.260271167747    -84.260271167747         0.14957E-03
    -84.260257322245    -84.260257322245         0.97828E-04
    -84.260267767586    -84.260267767586         0.57619E-04
    -84.260327438843    -84.260327438843         0.23108E-04
    -84.260269329356    -84.260269329356         0.17914E-03
    -84.260263393828    -84.260263393828         0.12372E-03
    -84.260269400619    -84.260269400619         0.19243E-03
    -84.260269313118    -84.260269313118         0.39152E-04
    -84.260240690831    -84.260240690831         0.11021E-03
    -84.260239222781    -84.260239222781         0.14758E-03
    -84.260252368898    -84.260252368898         0.10821E-03
    -84.260264656692    -84.260264656692         0.10709E-03
    -84.260255684576    -84.260255684576         0.18907E-03
    -84.260251726839    -84.260251726839         0.16443E-03
    -84.260266295150    -84.260266295150         0.50108E-04
    -84.260260172323    -84.260260172323         0.48669E-04
    -84.260253969460    -84.260253969460         0.13851E-03
    -84.260253897447    -84.260253897447         0.19026E-03
    -84.260262827433    -84.260262827433         0.20882E-04
    -84.260230030327    -84.260230030327         0.13316E-03
    -84.260228032951    -84.260228032951         0.19926E-03
    -84.260251149869    -84.260251149869         0.30526E-04
    -84.260237162115    -84.260237162115         0.17733E-03
    -84.260240987598    -84.260240987598         0.17820E-03
    -84.260260309809    -84.260260309809         0.28452E-04
    -84.260224877368    -84.260224877368         0.17166E-03
    -84.260222917473    -84.260222917473         0.18564E-03
    -84.260267386859    -84.260267386859         0.18518E-03
    -84.260316286777    -84.260316286777         0.62075E-04
    -84.260251594767    -84.260251594767         0.15431E-03
    -84.260229123588    -84.260229123588         0.12010E-03
    -84.260236824346    -84.260236824346         0.64818E-04
    -84.260223008397    -84.260223008397         0.19630E-03
    -84.260298679692    -84.260298679692         0.73031E-04
    -84.260253355551    -84.260253355551         0.18618E-03
    -84.260229977528    -84.260229977528         0.39783E-04
    -84.260246884743    -84.260246884743         0.74213E-04
    -84.260250377097    -84.260250377097         0.15155E-03
    -84.260227241346    -84.260227241346         0.14812E-03
    -84.260207149757    -84.260207149757         0.76723E-04
    -84.260226316959    -84.260226316959         0.16383E-03
    -84.260299775493    -84.260299775493         0.38770E-04
    -84.260297376932    -84.260297376932         0.77133E-04
    -84.260236626031    -84.260236626031         0.84967E-04
    -84.260252255396    -84.260252255396         0.17176E-03
    -84.260209593182    -84.260209593182         0.12889E-03
    -84.260215394164    -84.260215394164         0.19179E-03
    -84.260251499379    -84.260251499379         0.59197E-04
    -84.260204139915    -84.260204139915         0.14815E-03
    -84.260221239590    -84.260221239590         0.18562E-03
    -84.260208830111    -84.260208830111         0.11806E-03
    -84.260255176626    -84.260255176626         0.19434E-03
    -84.260208319967    -84.260208319967         0.84097E-04
    -84.260209963717    -84.260209963717         0.73679E-04
    -84.260251731117    -84.260251731117         0.61555E-04
    -84.260207564096    -84.260207564096         0.19892E-03
    -84.260266673271    -84.260266673271         0.28508E-04
    -84.260218463533    -84.260218463533         0.13569E-03
    -84.260204233653    -84.260204233653         0.14525E-03
    -84.260258312610    -84.260258312610         0.15545E-03
    -84.260203572020    -84.260203572020         0.17180E-03
    -84.260218543826    -84.260218543826         0.47931E-04
    -84.260199710888    -84.260199710888         0.19627E-03
    -84.260197360945    -84.260197360945         0.13336E-03
    -84.260214637779    -84.260214637779         0.16838E-03
    -84.260206614467    -84.260206614467         0.14783E-03
    -84.260250521519    -84.260250521519         0.11350E-03
    -84.260215008522    -84.260215008522         0.19253E-03
    -84.260269766100    -84.260269766100         0.17348E-03
    -84.260237421872    -84.260237421872         0.27987E-04
    -84.260212181460    -84.260212181460         0.18826E-03
    -84.260224307624    -84.260224307624         0.15753E-03
    -84.260258515588    -84.260258515588         0.63838E-04
    -84.260227757264    -84.260227757264         0.35058E-04
    -84.260226720239    -84.260226720239         0.28118E-04
    -84.260199624391    -84.260199624391         0.16418E-03
    -84.260197737888    -84.260197737888         0.17248E-03
    -84.260283214827    -84.260283214827         0.31029E-04
    -84.260209935772    -84.260209935772         0.14019E-03
    -84.260194341629    -84.260194341629         0.14093E-03
    -84.260222376170    -84.260222376170         0.41571E-04
    -84.260197213400    -84.260197213400         0.10070E-03
    -84.260194015826    -84.260194015826         0.19205E-03
    -84.260231290210    -84.260231290210         0.18279E-03
    -84.260193075368    -84.260193075368         0.94675E-04
    -84.260197047349    -84.260197047349         0.10698E-03
    -84.260192217757    -84.260192217757         0.80272E-04
    -84.260220756392    -84.260220756392         0.14790E-03
    -84.260203475492    -84.260203475492         0.72052E-04
    -84.260178335351    -84.260178335351         0.61977E-04
    -84.260183524510    -84.260183524510         0.15537E-03
    -84.260202372094    -84.260202372094         0.29528E-04
    -84.260178706130    -84.260178706130         0.19481E-03
    -84.260312862860    -84.260312862860         0.35712E-04
    -84.260190364445    -84.260190364445         0.16709E-03
    -84.260196513729    -84.260196513729         0.13742E-03
    -84.260205177119    -84.260205177119         0.40782E-04
    -84.260194194532    -84.260194194532         0.90329E-04
    -84.260196750360    -84.260196750360         0.14353E-03
    -84.260179460658    -84.260179460658         0.76505E-04
    -84.260235652505    -84.260235652505         0.18243E-03
    -84.260243739306    -84.260243739306         0.66719E-04
    -84.260234543923    -84.260234543923         0.64651E-04
    -84.260203103349    -84.260203103349         0.79697E-04
    -84.260174973453    -84.260174973453         0.10005E-03
    -84.260221077366    -84.260221077366         0.13019E-03
    -84.260182498263    -84.260182498263         0.19680E-03
    -84.260183833476    -84.260183833476         0.11233E-03
    -84.260172471643    -84.260172471643         0.14148E-03
    -84.260172260126    -84.260172260126         0.18103E-03
    -84.260186416164    -84.260186416164         0.61094E-04
    -84.260218099891    -84.260218099891         0.50408E-04
    -84.260315484704    -84.260315484704         0.43843E-04
    -84.260205573557    -84.260205573557         0.13049E-03
    -84.260178104081    -84.260178104081         0.14331E-03
    -84.260226199861    -84.260226199861         0.11206E-03
    -84.260171641387    -84.260171641387         0.18358E-03
    -84.260200900315    -84.260200900315         0.16394E-03
    -84.260195843599    -84.260195843599         0.11673E-03
    -84.260225447359    -84.260225447359         0.78561E-04
    -84.260172557467    -84.260172557467         0.10607E-03
    -84.260356371323    -84.260356371323         0.85803E-04
    -84.260171763801    -84.260171763801         0.17399E-03
    -84.260170251066    -84.260170251066         0.18847E-03
    -84.260226100148    -84.260226100148         0.77661E-04
    -84.260170745970    -84.260170745970         0.18437E-03
    -84.260171401946    -84.260171401946         0.12676E-03
    -84.260171053012    -84.260171053012         0.16810E-03
    -84.260180496851    -84.260180496851         0.90883E-04
    -84.260191243508    -84.260191243508         0.12819E-03
    -84.260168688164    -84.260168688164         0.65076E-04
    -84.260170515771    -84.260170515771         0.15432E-03
    -84.260203372311    -84.260203372311         0.12941E-03
    -84.260162919516    -84.260162919516         0.11968E-03
    -84.260172819161    -84.260172819161         0.19924E-03
    -84.260182521642    -84.260182521642         0.19236E-03
    -84.260172832610    -84.260172832610         0.11099E-03
    -84.260170540757    -84.260170540757         0.13685E-03
    -84.260171777829    -84.260171777829         0.14649E-03
    -84.260205922947    -84.260205922947         0.13456E-03
    -84.260223493215    -84.260223493215         0.15959E-03
    -84.260171386422    -84.260171386422         0.89812E-04
    -84.260163678012    -84.260163678012         0.16308E-03
    -84.260168985997    -84.260168985997         0.17097E-03
    -84.260183821867    -84.260183821867         0.68449E-04
    -84.260164520574    -84.260164520574         0.12226E-03
    -84.260164200122    -84.260164200122         0.16389E-03
    -84.260164449885    -84.260164449885         0.19765E-03
    -84.260180581151    -84.260180581151         0.59793E-04
    -84.260160855859    -84.260160855859         0.17590E-03
    -84.260209322709    -84.260209322709         0.58156E-04
    -84.260178642833    -84.260178642833         0.79940E-04
    -84.260162376199    -84.260162376199         0.85750E-04
    -84.260160894886    -84.260160894886         0.19278E-03
    -84.260172579611    -84.260172579611         0.14209E-03
    -84.260181675401    -84.260181675401         0.36169E-04
    -84.260163919032    -84.260163919032         0.11178E-03
    -84.260172723682    -84.260172723682         0.12538E-03
    -84.260172180854    -84.260172180854         0.12304E-03
    -84.260160924358    -84.260160924358         0.16706E-03
    -84.260187646328    -84.260187646328         0.19088E-03
    -84.260199674994    -84.260199674994         0.78282E-04
    -84.260159111595    -84.260159111595         0.19953E-03
    -84.260160237408    -84.260160237408         0.18945E-03
    -84.260176050187    -84.260176050187         0.18407E-03
    -84.260205171222    -84.260205171222         0.24295E-04
    -84.260202662608    -84.260202662608         0.18877E-03
    -84.260147950636    -84.260147950636         0.97590E-04
    -84.260185273563    -84.260185273563         0.28526E-04
    -84.260247381619    -84.260247381619         0.41255E-04
    -84.260161072850    -84.260161072850         0.18484E-03
    -84.260170392683    -84.260170392683         0.82543E-04
    -84.260169314314    -84.260169314314         0.35822E-04
    -84.260159921409    -84.260159921409         0.13182E-03
    -84.260166658464    -84.260166658464         0.18616E-03
    -84.260874851072    -84.260874851072         0.18024E-03
    -84.260153104307    -84.260153104307         0.77637E-04
    -84.260156199980    -84.260156199980         0.62180E-04
    -84.260174223743    -84.260174223743         0.66072E-04
    -84.260167546529    -84.260167546529         0.19077E-03
    -84.260184985291    -84.260184985291         0.82345E-04
    -84.260161627403    -84.260161627403         0.55605E-04
    -84.260170232396    -84.260170232396         0.10964E-03
    -84.260162048928    -84.260162048928         0.85661E-04
    -84.260147986989    -84.260147986989         0.18333E-03
    -84.260168427103    -84.260168427103         0.90287E-04
    -84.260159188346    -84.260159188346         0.94748E-04
    -84.260155227846    -84.260155227846         0.59469E-04
    -84.260169393812    -84.260169393812         0.17725E-03
    -84.260158891282    -84.260158891282         0.66746E-04
    -84.260184691565    -84.260184691565         0.18835E-03
    -84.260132682419    -84.260132682419         0.88466E-04
    -84.260168837366    -84.260168837366         0.17538E-03
    -84.260160293037    -84.260160293037         0.84875E-04
    -84.260151012595    -84.260151012595         0.19718E-03
    -84.260169518576    -84.260169518576         0.15233E-03
    -84.260189743413    -84.260189743413         0.58654E-04
    -84.260173843220    -84.260173843220         0.18967E-03
    -84.260167676027    -84.260167676027         0.54330E-04
    -84.260132784439    -84.260132784439         0.16836E-03
    -84.260171353168    -84.260171353168         0.14991E-03
    -84.260147694429    -84.260147694429         0.17003E-03
    -84.260166579462    -84.260166579462         0.43427E-04
    -84.260175226232    -84.260175226232         0.15848E-03
    -84.260169229272    -84.260169229272         0.75065E-04
    -84.260172182632    -84.260172182632         0.11605E-03
    -84.260138613167    -84.260138613167         0.77167E-04
    -84.260166525301    -84.260166525301         0.18574E-03
    -84.260179987139    -84.260179987139         0.12805E-03
    -84.260125706553    -84.260125706553         0.15406E-03
    -84.260146225868    -84.260146225868         0.16614E-03
    -84.260175686855    -84.260175686855         0.14810E-03
    -84.260160108954    -84.260160108954         0.68800E-04
    -84.260148336288    -84.260148336288         0.38009E-04
    -84.260168063206    -84.260168063206         0.17617E-03
    -84.260173123804    -84.260173123804         0.17404E-03
    -84.260125074395    -84.260125074395         0.14413E-03
    -84.260158858086    -84.260158858086         0.12338E-03
    -84.260123631327    -84.260123631327         0.17798E-03
    -84.260125710960    -84.260125710960         0.97883E-04
    -84.260143483606    -84.260143483606         0.85230E-04
    -84.260125729537    -84.260125729537         0.14090E-03
    -84.260125449014    -84.260125449014         0.93566E-04
    -84.260125195007    -84.260125195007         0.10997E-03
    -84.260120206402    -84.260120206402         0.13760E-03
    -84.260198254803    -84.260198254803         0.52528E-04
    -84.260130780298    -84.260130780298         0.17935E-03
    -84.260228021229    -84.260228021229         0.95690E-04
    -84.260163975026    -84.260163975026         0.39007E-04
    -84.260163923547    -84.260163923547         0.19220E-03
    -84.260119513180    -84.260119513180         0.81228E-04
    -84.260136587648    -84.260136587648         0.12937E-03
    -84.260189578794    -84.260189578794         0.94923E-04
    -84.260140775406    -84.260140775406         0.41759E-04
    -84.260189761326    -84.260189761326         0.18207E-03
    -84.260160817970    -84.260160817970         0.14994E-03
    -84.260154507709    -84.260154507709         0.37689E-04
    -84.260189254660    -84.260189254660         0.85803E-04
    -84.260212078503    -84.260212078503         0.38230E-04
    -84.260123879960    -84.260123879960         0.15291E-03
    -84.260150642649    -84.260150642649         0.73564E-04
    -84.260119866053    -84.260119866053         0.12002E-03
    -84.260154946829    -84.260154946829         0.17248E-03
    -84.260229466133    -84.260229466133         0.58090E-04
    -84.260196641984    -84.260196641984         0.19506E-03
    -84.260195679391    -84.260195679391         0.13533E-03
    -84.260169655732    -84.260169655732         0.19857E-03
    -84.260177039233    -84.260177039233         0.90332E-04
    -84.260113132802    -84.260113132802         0.13617E-03
    -84.260112470484    -84.260112470484         0.11740E-03
    -84.260158286390    -84.260158286390         0.58585E-04
    -84.260124780822    -84.260124780822         0.14983E-03
    -84.260164580364    -84.260164580364         0.26624E-04
    -84.260113136143    -84.260113136143         0.17485E-03
    -84.260112893523    -84.260112893523         0.19849E-03
    -84.260112837347    -84.260112837347         0.18812E-03
    -84.260199977969    -84.260199977969         0.11843E-03
    -84.260172074841    -84.260172074841         0.12249E-03
    -84.260141627319    -84.260141627319         0.82105E-04
    -84.260113263117    -84.260113263117         0.12261E-03
    -84.260119257826    -84.260119257826         0.98971E-04
    -84.260113245170    -84.260113245170         0.12312E-03
    -84.260141075621    -84.260141075621         0.19705E-03
    -84.260173370203    -84.260173370203         0.53855E-04
    -84.260113072590    -84.260113072590         0.15197E-03
    -84.260112090967    -84.260112090967         0.19229E-03
    -84.260113048645    -84.260113048645         0.13273E-03
    -84.260113097432    -84.260113097432         0.10412E-03
    -84.260196198954    -84.260196198954         0.34431E-04
    -84.260112810103    -84.260112810103         0.14180E-03
    -84.260112996090    -84.260112996090         0.82769E-04
    -84.260113016409    -84.260113016409         0.76832E-04
    -84.260113024881    -84.260113024881         0.10741E-03
    -84.260112960217    -84.260112960217         0.18020E-03
    -84.260112566280    -84.260112566280         0.15199E-03
    -84.260142601062    -84.260142601062         0.56930E-04
    -84.260109582259    -84.260109582259         0.72570E-04
    -84.260113078004    -84.260113078004         0.75229E-04
    -84.260121334254    -84.260121334254         0.37789E-04
    -84.260112946324    -84.260112946324         0.13906E-03
    -84.260112814234    -84.260112814234         0.58079E-04
    -84.260140941850    -84.260140941850         0.18846E-03
    -84.260112880378    -84.260112880378         0.89791E-04
    -84.260112744508    -84.260112744508         0.94681E-04
    -84.260112941406    -84.260112941406         0.10502E-03
    -84.260157604368    -84.260157604368         0.85764E-04
    -84.260106292869    -84.260106292869         0.11739E-03
    -84.260142026018    -84.260142026018         0.10772E-03
    -84.260112374782    -84.260112374782         0.78065E-04
    -84.260112458534    -84.260112458534         0.84325E-04
    -84.260112397384    -84.260112397384         0.83877E-04
    -84.260113227020    -84.260113227020         0.19643E-03
    -84.260118126994    -84.260118126994         0.64669E-04
    -84.260117497791    -84.260117497791         0.18817E-03
    -84.260111705711    -84.260111705711         0.18940E-03
    -84.260125144300    -84.260125144300         0.13426E-03
    -84.260112367699    -84.260112367699         0.10574E-03
    -84.260101060557    -84.260101060557         0.15558E-03
    -84.260113234267    -84.260113234267         0.98234E-04
    -84.260111608861    -84.260111608861         0.19412E-03
    -84.260132314533    -84.260132314533         0.54731E-04
    -84.260145995932    -84.260145995932         0.53248E-04
    -84.260112217695    -84.260112217695         0.18076E-03
    -84.260112069198    -84.260112069198         0.19147E-03
    -84.260159508997    -84.260159508997         0.16949E-03
    -84.260105861611    -84.260105861611         0.17397E-03
    -84.260111855694    -84.260111855694         0.17099E-03
    -84.260111725327    -84.260111725327         0.13690E-03
    -84.260112131739    -84.260112131739         0.53653E-04
    -84.260111506296    -84.260111506296         0.19034E-03
    -84.260104632407    -84.260104632407         0.19051E-03
    -84.260102893187    -84.260102893187         0.84371E-04
    -84.260124245645    -84.260124245645         0.11464E-03
    -84.260153472998    -84.260153472998         0.66251E-04
    -84.260101003744    -84.260101003744         0.53128E-04
    -84.260106321719    -84.260106321719         0.17040E-03
    -84.260154980428    -84.260154980428         0.49357E-04
    -84.260111631257    -84.260111631257         0.15923E-03
    -84.260112106591    -84.260112106591         0.88134E-04
    -84.260103918560    -84.260103918560         0.18199E-03
    -84.260132886315    -84.260132886315         0.61248E-04
    -84.260202959751    -84.260202959751         0.36779E-04
    -84.260103329588    -84.260103329588         0.17231E-03
    -84.260140197343    -84.260140197343         0.67732E-04
    -84.260106898103    -84.260106898103         0.10068E-03
    -84.260105702078    -84.260105702078         0.13474E-03
    -84.260103125904    -84.260103125904         0.18736E-03
    -84.260106090448    -84.260106090448         0.12784E-03
    -84.260106354085    -84.260106354085         0.19490E-03
    -84.260146137173    -84.260146137173         0.11181E-03
    -84.260153748896    -84.260153748896         0.73389E-04
    -84.260100773378    -84.260100773378         0.94379E-04
    -84.260109965611    -84.260109965611         0.12513E-03
    -84.260097899708    -84.260097899708         0.19124E-03
    -84.260139932115    -84.260139932115         0.60251E-04
    -84.260089605769    -84.260089605769         0.17938E-03
    -84.260110638253    -84.260110638253         0.94341E-04
    -84.260103051645    -84.260103051645         0.17690E-03
    -84.260102746841    -84.260102746841         0.15632E-03
    -84.260099882950    -84.260099882950         0.19917E-03
    -84.260877005271    -84.260877005271         0.15221E-03
    -84.260100157862    -84.260100157862         0.70758E-04
    -84.260097121403    -84.260097121403         0.16934E-03
    -84.260103340946    -84.260103340946         0.14630E-03
    -84.260088263090    -84.260088263090         0.15240E-03
    -84.260103009013    -84.260103009013         0.83895E-04
    -84.260110136949    -84.260110136949         0.40352E-04
    -84.260099088990    -84.260099088990         0.19695E-03
    -84.260152061498    -84.260152061498         0.17750E-03
    -84.260103203308    -84.260103203308         0.12394E-03
    -84.260103242927    -84.260103242927         0.13400E-03
    -84.260102564693    -84.260102564693         0.97141E-04
    -84.260095695526    -84.260095695526         0.24413E-04
    -84.260099461949    -84.260099461949         0.39501E-04
    -84.260153380916    -84.260153380916         0.38378E-04
    -84.260105484959    -84.260105484959         0.11374E-03
    -84.260111384243    -84.260111384243         0.13858E-03
    -84.260090366348    -84.260090366348         0.12366E-03
    -84.260101840075    -84.260101840075         0.64732E-04
    -84.260095992594    -84.260095992594         0.17537E-03
    -84.260087563387    -84.260087563387         0.65553E-04
    -84.260088513574    -84.260088513574         0.13498E-03
    -84.260075733494    -84.260075733494         0.82784E-04
    -84.260100438761    -84.260100438761         0.16669E-03
    -84.260137842496    -84.260137842496         0.42002E-04
    -84.260110062452    -84.260110062452         0.47330E-04
    -84.260096701786    -84.260096701786         0.17156E-03
    -84.260102694154    -84.260102694154         0.18210E-03
    -84.260101730699    -84.260101730699         0.96578E-04
    -84.260120340034    -84.260120340034         0.15886E-03
    -84.260093410965    -84.260093410965         0.11969E-03
    -84.260098403117    -84.260098403117         0.16487E-03
    -84.260116522461    -84.260116522461         0.59349E-04
    -84.260113287556    -84.260113287556         0.12160E-03
    -84.260075085618    -84.260075085618         0.19385E-03
    -84.260100247373    -84.260100247373         0.18565E-03
    -84.260076387238    -84.260076387238         0.10993E-03
    -84.260092482694    -84.260092482694         0.16847E-03
    -84.260349196094    -84.260349196094         0.18193E-03
    -84.260078336236    -84.260078336236         0.11145E-03
    -84.260104617670    -84.260104617670         0.11402E-03
    -84.260090870416    -84.260090870416         0.46385E-04
    -84.260259465602    -84.260259465602         0.13129E-03
    -84.260155172929    -84.260155172929         0.81420E-04
    -84.260096806862    -84.260096806862         0.22352E-04
    -84.260089485717    -84.260089485717         0.11866E-03
    -84.260103866243    -84.260103866243         0.19176E-03
    -84.260152233296    -84.260152233296         0.44219E-04
    -84.260141072887    -84.260141072887         0.12314E-03
    -84.260075986729    -84.260075986729         0.45626E-04
    -84.260046379160    -84.260046379160         0.95965E-04
    -84.260102126488    -84.260102126488         0.96941E-04
    -84.260126745528    -84.260126745528         0.77826E-04
    -84.260043998613    -84.260043998613         0.19203E-03
    -84.260101195096    -84.260101195096         0.12317E-03
    -84.260041586920    -84.260041586920         0.18783E-03
    -84.260044373943    -84.260044373943         0.16104E-03
    -84.260041131640    -84.260041131640         0.16821E-03
    -84.260042729741    -84.260042729741         0.13203E-03
    -84.260040615491    -84.260040615491         0.15237E-03
    -84.260040480938    -84.260040480938         0.17736E-03
    -84.260031758960    -84.260031758960         0.19537E-03
    -84.260103425083    -84.260103425083         0.15907E-03
    -84.260042519960    -84.260042519960         0.70957E-04
    -84.260051973581    -84.260051973581         0.55889E-04
    -84.260045293005    -84.260045293005         0.14730E-03
    -84.260035370602    -84.260035370602         0.42940E-04
    -84.260044992515    -84.260044992515         0.13940E-03
    -84.260017942842    -84.260017942842         0.16093E-03
    -84.260030344321    -84.260030344321         0.19179E-03
    -84.260036637526    -84.260036637526         0.16669E-03
    -84.260029535856    -84.260029535856         0.74188E-04
    -84.260036326788    -84.260036326788         0.42185E-04
    -84.260269122928    -84.260269122928         0.17651E-03
    -84.260028859384    -84.260028859384         0.14680E-03
    -84.260027619764    -84.260027619764         0.13869E-03
    -84.260030691030    -84.260030691030         0.15582E-03
    -84.260018354105    -84.260018354105         0.11786E-03
    -84.260025491899    -84.260025491899         0.70016E-04
    -84.260055085982    -84.260055085982         0.19757E-03
    -84.260013801112    -84.260013801112         0.56345E-04
    -84.260014458273    -84.260014458273         0.13242E-03
    -84.260035472649    -84.260035472649         0.69483E-04
    -84.260018334523    -84.260018334523         0.16174E-03
    -84.260011952689    -84.260011952689         0.17877E-03
    -84.260015882288    -84.260015882288         0.10868E-03
    -84.260020359454    -84.260020359454         0.99798E-04
    -84.260031237488    -84.260031237488         0.68729E-04
    -84.260019000984    -84.260019000984         0.13003E-03
    -84.260039158402    -84.260039158402         0.17022E-03
    -84.260057251233    -84.260057251233         0.70179E-04
    -84.260040976586    -84.260040976586         0.41560E-04
    -84.260009249518    -84.260009249518         0.14494E-03
    -84.260024924108    -84.260024924108         0.17201E-03
    -84.260033995682    -84.260033995682         0.14603E-03
    -84.260013459430    -84.260013459430         0.17595E-03
    -84.260016948925    -84.260016948925         0.17733E-03
    -84.260026797563    -84.260026797563         0.71434E-04
    -84.260016263917    -84.260016263917         0.14746E-03
    -84.260009261647    -84.260009261647         0.12286E-03
    -84.260007019523    -84.260007019523         0.19286E-03
    -84.260002110122    -84.260002110122         0.16584E-03
    -84.260002953549    -84.260002953549         0.18336E-03
    -84.260087056363    -84.260087056363         0.33798E-04
    -84.260003665343    -84.260003665343         0.12157E-03
    -84.260032467567    -84.260032467567         0.11939E-03
    -84.260007450685    -84.260007450685         0.16867E-03
    -84.260000891210    -84.260000891210         0.47307E-04
    -84.260038259832    -84.260038259832         0.68399E-04
    -84.260010469950    -84.260010469950         0.16375E-03
    -84.259995397078    -84.259995397078         0.17729E-03
    -84.260639793492    -84.260639793492         0.54041E-04
    -84.260009297309    -84.260009297309         0.12505E-03
    -84.260026840015    -84.260026840015         0.13915E-03
    -84.260015913844    -84.260015913844         0.18186E-03
    -84.260028097067    -84.260028097067         0.30796E-04
    -84.260269200494    -84.260269200494         0.17244E-03
    -84.260015742919    -84.260015742919         0.93141E-04
    -84.260013611711    -84.260013611711         0.19079E-03
    -84.259996397068    -84.259996397068         0.88709E-04
    -84.260253587056    -84.260253587056         0.11047E-03
    -84.260046529123    -84.260046529123         0.62091E-04
    -84.260014528386    -84.260014528386         0.72287E-04
    -84.260270902195    -84.260270902195         0.13566E-03
    -84.260018460167    -84.260018460167         0.10694E-03
    -84.260040781441    -84.260040781441         0.41365E-04
    -84.259994761063    -84.259994761063         0.12049E-03
    -84.259999319953    -84.259999319953         0.45524E-04
    -84.260003384897    -84.260003384897         0.19471E-03
    -84.260017765935    -84.260017765935         0.93004E-04
    -84.260013687929    -84.260013687929         0.60035E-04
    -84.260005308515    -84.260005308515         0.16677E-03
    -84.260016317819    -84.260016317819         0.93392E-04
    -84.260009314595    -84.260009314595         0.25169E-04
    -84.260268580794    -84.260268580794         0.16295E-03
    -84.259994398431    -84.259994398431         0.16377E-03
    -84.260008298870    -84.260008298870         0.17073E-03
    -84.259971731658    -84.259971731658         0.18982E-03
    -84.260005840543    -84.260005840543         0.62170E-04
    -84.259990611655    -84.259990611655         0.15303E-03
    -84.260024866769    -84.260024866769         0.43960E-04
    -84.259970420307    -84.259970420307         0.80748E-04
    -84.259964889033    -84.259964889033         0.83221E-04
    -84.259963617601    -84.259963617601         0.75363E-04
    -84.259990089136    -84.259990089136         0.49731E-04
    -84.259965000947    -84.259965000947         0.11248E-03
    -84.259963517436    -84.259963517436         0.15609E-03
    -84.260157538703    -84.260157538703         0.85813E-04
    -84.259962675886    -84.259962675886         0.18178E-03
    -84.260016334759    -84.260016334759         0.57325E-04
    -84.259988881908    -84.259988881908         0.38367E-04
    -84.259964920512    -84.259964920512         0.15319E-03
    -84.259991312257    -84.259991312257         0.11083E-03
    -84.259958201942    -84.259958201942         0.87771E-04
    -84.259958284785    -84.259958284785         0.80944E-04
    -84.260008315474    -84.260008315474         0.73797E-04
    -84.259957888600    -84.259957888600         0.15064E-03
    -84.259963597636    -84.259963597636         0.12006E-03
    -84.259957011478    -84.259957011478         0.18263E-03
    -84.259964193548    -84.259964193548         0.11806E-03
    -84.259963427963    -84.259963427963         0.14133E-03
    -84.259958524970    -84.259958524970         0.12326E-03
    -84.259959059122    -84.259959059122         0.17946E-03
    -84.260005097756    -84.260005097756         0.54552E-04
    -84.260005957023    -84.260005957023         0.63977E-04
    -84.259957235785    -84.259957235785         0.15404E-03
    -84.259957809740    -84.259957809740         0.19024E-03
    -84.260106434918    -84.260106434918         0.96716E-04
    -84.259954730592    -84.259954730592         0.19687E-03
    -84.259962102759    -84.259962102759         0.17048E-03
    -84.259957803290    -84.259957803290         0.14714E-03
    -84.260002172559    -84.260002172559         0.27458E-04
    -84.259965504709    -84.259965504709         0.18070E-03
    -84.259954172255    -84.259954172255         0.11210E-03
    -84.259958161553    -84.259958161553         0.63653E-04
    -84.259957438596    -84.259957438596         0.19589E-03
    -84.259958595709    -84.259958595709         0.18285E-03
    -84.259949086574    -84.259949086574         0.15793E-03
    -84.259956128130    -84.259956128130         0.18322E-03
    -84.259996242796    -84.259996242796         0.11448E-03
    -84.259964641211    -84.259964641211         0.16307E-03
    -84.259951343025    -84.259951343025         0.15172E-03
    -84.259955132136    -84.259955132136         0.18226E-03
    -84.259957062268    -84.259957062268         0.90757E-04
    -84.259964380350    -84.259964380350         0.14657E-03
    -84.259954503596    -84.259954503596         0.83269E-04
    -84.259958355970    -84.259958355970         0.13857E-03
    -84.259965033143    -84.259965033143         0.11310E-03
    -84.259945677876    -84.259945677876         0.18703E-03
    -84.259951710586    -84.259951710586         0.67373E-04
    -84.259958519373    -84.259958519373         0.95807E-04
    -84.259954670947    -84.259954670947         0.17127E-03
    -84.259961439150    -84.259961439150         0.52039E-04
    -84.259949631707    -84.259949631707         0.13880E-03
    -84.259965662207    -84.259965662207         0.11789E-03
    -84.259942937303    -84.259942937303         0.99450E-04
    -84.259991731856    -84.259991731856         0.19048E-03
    -84.259961189319    -84.259961189319         0.13301E-03
    -84.259954328216    -84.259954328216         0.12163E-03
    -84.259972802807    -84.259972802807         0.11241E-03
    -84.259952968373    -84.259952968373         0.17311E-03
    -84.259965148794    -84.259965148794         0.18701E-03
    -84.259944040225    -84.259944040225         0.13763E-03
    -84.259958246492    -84.259958246492         0.13454E-03
    -84.259949592593    -84.259949592593         0.25835E-04
    -84.259957290425    -84.259957290425         0.11575E-03
    -84.259954488318    -84.259954488318         0.17529E-03
    -84.259933132538    -84.259933132538         0.15764E-03
    -84.259990069877    -84.259990069877         0.51825E-04
    -84.259944934214    -84.259944934214         0.14614E-03
    -84.259955179567    -84.259955179567         0.16829E-03
    -84.259931654867    -84.259931654867         0.18705E-03
    -84.259976528485    -84.259976528485         0.39798E-04
    -84.259957959738    -84.259957959738         0.19656E-03
    -84.259949629798    -84.259949629798         0.15872E-03
    -84.259933041080    -84.259933041080         0.17919E-03
    -84.259945509881    -84.259945509881         0.19391E-03
    -84.259945114830    -84.259945114830         0.58190E-04
    -84.259955958830    -84.259955958830         0.97345E-04
    -84.260006129516    -84.260006129516         0.81356E-04
    -84.259951896116    -84.259951896116         0.12938E-03
    -84.259960792959    -84.259960792959         0.15699E-03
    -84.259930121228    -84.259930121228         0.15599E-03
    -84.259955237348    -84.259955237348         0.16362E-03
    -84.259990131703    -84.259990131703         0.45063E-04
    -84.259982015739    -84.259982015739         0.11216E-03
    -84.259925159773    -84.259925159773         0.57625E-04
    -84.260018771171    -84.260018771171         0.13482E-03
    -84.260089479463    -84.260089479463         0.48386E-04
    -84.259956469337    -84.259956469337         0.74683E-04
    -84.259935917098    -84.259935917098         0.11535E-03
    -84.259993573435    -84.259993573435         0.17861E-03
    -84.259931306126    -84.259931306126         0.50205E-04
    -84.259944239895    -84.259944239895         0.15366E-03
    -84.259949303580    -84.259949303580         0.17569E-03
    -84.259957686299    -84.259957686299         0.46417E-04
    -84.259918931134    -84.259918931134         0.11616E-03
    -84.259917878041    -84.259917878041         0.19241E-03
    -84.259930500149    -84.259930500149         0.22628E-04
    -84.259912744039    -84.259912744039         0.12368E-03
    -84.259920664660    -84.259920664660         0.13303E-03
    -84.259935756877    -84.259935756877         0.56973E-04
    -84.259961900962    -84.259961900962         0.84796E-04
    -84.259932153518    -84.259932153518         0.16313E-03
    -84.259910540643    -84.259910540643         0.16821E-03
    -84.259917818118    -84.259917818118         0.12777E-03
    -84.259916748450    -84.259916748450         0.18589E-03
    -84.259916892150    -84.259916892150         0.18150E-03
    -84.259906712528    -84.259906712528         0.15111E-03
    -84.259914351914    -84.259914351914         0.17433E-03
    -84.259919948412    -84.259919948412         0.11499E-03
    -84.259930056164    -84.259930056164         0.44552E-04
    -84.259915136136    -84.259915136136         0.15535E-03
    -84.259958705669    -84.259958705669         0.12559E-03
    -84.259948826786    -84.259948826786         0.18745E-03
    -84.259920755282    -84.259920755282         0.17713E-03
    -84.259915331032    -84.259915331032         0.12315E-03
    -84.259943105646    -84.259943105646         0.39605E-04
    -84.259930169685    -84.259930169685         0.17303E-03
    -84.259908811658    -84.259908811658         0.10700E-03
    -84.259918628816    -84.259918628816         0.11833E-03
    -84.259904629627    -84.259904629627         0.72609E-04
    -84.259931318791    -84.259931318791         0.11569E-03
    -84.260084059118    -84.260084059118         0.50214E-04
    -84.259916388893    -84.259916388893         0.18723E-03
    -84.259913684567    -84.259913684567         0.19074E-03
    -84.259919751056    -84.259919751056         0.78980E-04
    -84.259931393906    -84.259931393906         0.38975E-04
    -84.259936211829    -84.259936211829         0.80562E-04
    -84.259925882990    -84.259925882990         0.60740E-04
    -84.259929097983    -84.259929097983         0.14783E-03
    -84.259919777268    -84.259919777268         0.12315E-03
    -84.259913100610    -84.259913100610         0.14942E-03
    -84.259910417894    -84.259910417894         0.11459E-03
    -84.259909141390    -84.259909141390         0.12143E-03
    -84.259919103509    -84.259919103509         0.72729E-04
    -84.259963152799    -84.259963152799         0.16822E-03
    -84.259967181158    -84.259967181158         0.12928E-03
    -84.259914239438    -84.259914239438         0.10088E-03
    -84.259930638136    -84.259930638136         0.30949E-04
    -84.260876902779    -84.260876902779         0.67103E-04
    -84.259938079919    -84.259938079919         0.16049E-03
    -84.259916170790    -84.259916170790         0.17563E-03
    -84.259907203821    -84.259907203821         0.24232E-04
    -84.259930932735    -84.259930932735         0.25973E-04
    -84.259931073871    -84.259931073871         0.16059E-03
    -84.259927440458    -84.259927440458         0.37360E-04
    -84.259908406821    -84.259908406821         0.29051E-04
    -84.259928257036    -84.259928257036         0.98057E-04
    -84.259910455676    -84.259910455676         0.14305E-03
    -84.259946732904    -84.259946732904         0.46606E-04
    -84.259909805613    -84.259909805613         0.19974E-03
    -84.260262851328    -84.260262851328         0.71534E-04
    -84.259910413043    -84.259910413043         0.84749E-04
    -84.259916067329    -84.259916067329         0.11830E-03
    -84.259950712292    -84.259950712292         0.18461E-03
    -84.259908132357    -84.259908132357         0.17387E-03
    -84.259913037052    -84.259913037052         0.16510E-03
    -84.259911616589    -84.259911616589         0.18405E-03
    -84.259911972171    -84.259911972171         0.62960E-04
    -84.260049389663    -84.260049389663         0.46818E-04
    -84.259910902210    -84.259910902210         0.84283E-04
    -84.260693684315    -84.260693684315         0.17283E-04
    -84.259911601571    -84.259911601571         0.36720E-04
    -84.259936950271    -84.259936950271         0.56634E-04
    -84.259908909772    -84.259908909772         0.88501E-04
    -84.259914125016    -84.259914125016         0.15514E-03
    -84.259880040433    -84.259880040433         0.13183E-03
    -84.259905942705    -84.259905942705         0.51011E-04
    -84.259918771824    -84.259918771824         0.95904E-04
    -84.259927035891    -84.259927035891         0.42350E-04
    -84.259915850557    -84.259915850557         0.14154E-03
    -84.260020082446    -84.260020082446         0.17941E-03
    -84.259901717382    -84.259901717382         0.96755E-04
    -84.259879515910    -84.259879515910         0.11997E-03
    -84.259911720165    -84.259911720165         0.27771E-04
    -84.259930999008    -84.259930999008         0.17388E-03
    -84.259914469790    -84.259914469790         0.16811E-03
    -84.259940892409    -84.259940892409         0.62590E-04
    -84.259908016864    -84.259908016864         0.18554E-03
    -84.259889237162    -84.259889237162         0.19662E-03
    -84.259897475000    -84.259897475000         0.14063E-03
    -84.259935732295    -84.259935732295         0.70941E-04
    -84.259886048932    -84.259886048932         0.52428E-04
    -84.259915183134    -84.259915183134         0.53791E-04
    -84.259947939948    -84.259947939948         0.65166E-04
    -84.259884304357    -84.259884304357         0.11622E-03
    -84.259898431861    -84.259898431861         0.71100E-04
    -84.259874155125    -84.259874155125         0.17741E-03
    -84.259915615614    -84.259915615614         0.61450E-04
    -84.259905929211    -84.259905929211         0.56137E-04
    -84.259888567822    -84.259888567822         0.76798E-04
    -84.259913527391    -84.259913527391         0.17266E-03
    -84.259893604435    -84.259893604435         0.47204E-04
    -84.259910022007    -84.259910022007         0.70933E-04
    -84.259895849781    -84.259895849781         0.50452E-04
    -84.259872236189    -84.259872236189         0.70437E-04
    -84.259877983509    -84.259877983509         0.16759E-03
    -84.259923254476    -84.259923254476         0.51117E-04
    -84.259892333785    -84.259892333785         0.42116E-04
    -84.259860257743    -84.259860257743         0.18938E-03
    -84.259877516234    -84.259877516234         0.19776E-03
    -84.260149982992    -84.260149982992         0.34750E-04
    -84.259903494525    -84.259903494525         0.64804E-04
    -84.259914950344    -84.259914950344         0.13425E-03
    -84.259895388589    -84.259895388589         0.61279E-04
    -84.259884918214    -84.259884918214         0.48165E-04
    -84.259903216471    -84.259903216471         0.19518E-03
    -84.259886189678    -84.259886189678         0.80999E-04
    -84.259876453978    -84.259876453978         0.61252E-04
    -84.259860834317    -84.259860834317         0.14258E-03
    -84.259911687479    -84.259911687479         0.11278E-03
    -84.259859705686    -84.259859705686         0.11722E-03
    -84.259857991368    -84.259857991368         0.18503E-03
    -84.259854049125    -84.259854049125         0.17328E-03
    -84.259884787347    -84.259884787347         0.70949E-04
    -84.259875363222    -84.259875363222         0.64863E-04
    -84.259881544347    -84.259881544347         0.13845E-03
    -84.259859056725    -84.259859056725         0.17716E-03
    -84.259898327064    -84.259898327064         0.57790E-04
    -84.259879747705    -84.259879747705         0.10413E-03
    -84.259882381898    -84.259882381898         0.91691E-04
    -84.259838593179    -84.259838593179         0.18012E-03
    -84.259884039595    -84.259884039595         0.72351E-04
    -84.260156166706    -84.260156166706         0.32214E-04
    -84.259851366642    -84.259851366642         0.54680E-04
    -84.259842963571    -84.259842963571         0.98660E-04
    -84.259987034711    -84.259987034711         0.58747E-04
    -84.259826825190    -84.259826825190         0.17567E-03
    -84.259851125205    -84.259851125205         0.73058E-04
    -84.259830813562    -84.259830813562         0.14266E-03
    -84.259827205526    -84.259827205526         0.84483E-04
    -84.259888539282    -84.259888539282         0.15867E-03
    -84.259825068520    -84.259825068520         0.10575E-03
    -84.259826037854    -84.259826037854         0.66007E-04
    -84.259825039440    -84.259825039440         0.14118E-03
    -84.259841863916    -84.259841863916         0.70518E-04
    -84.259826117906    -84.259826117906         0.11467E-03
    -84.259826253529    -84.259826253529         0.17125E-03
    -84.259824431170    -84.259824431170         0.14265E-03
    -84.259840424440    -84.259840424440         0.55509E-04
    -84.260159954462    -84.260159954462         0.43805E-04
    -84.259846525625    -84.259846525625         0.57014E-04
    -84.259883988224    -84.259883988224         0.55203E-04
    -84.259838422725    -84.259838422725         0.10861E-03
    -84.260152233447    -84.260152233447         0.82015E-04
    -84.259842865762    -84.259842865762         0.17497E-03
    -84.259820226748    -84.259820226748         0.57603E-04
    -84.259828232653    -84.259828232653         0.19964E-03
    -84.259826572921    -84.259826572921         0.14579E-03
    -84.259838507036    -84.259838507036         0.12906E-03
    -84.259835552902    -84.259835552902         0.18819E-03
    -84.259799735977    -84.259799735977         0.17567E-03
    -84.259889516228    -84.259889516228         0.18318E-03
    -84.259834639198    -84.259834639198         0.17702E-03
    -84.259827018411    -84.259827018411         0.37174E-04
    -84.259795527982    -84.259795527982         0.19150E-03
    -84.259825774150    -84.259825774150         0.16607E-03
    -84.259808064708    -84.259808064708         0.28246E-04
    -84.259860481697    -84.259860481697         0.15957E-03
    -84.259871046010    -84.259871046010         0.14745E-03
    -84.259789490252    -84.259789490252         0.19475E-03
    -84.259777627360    -84.259777627360         0.97661E-04
    -84.259826932835    -84.259826932835         0.16616E-03
    -84.259809888799    -84.259809888799         0.82375E-04
    -84.259777280309    -84.259777280309         0.10355E-03
    -84.259769978491    -84.259769978491         0.12208E-03
    -84.259777372166    -84.259777372166         0.86726E-04
    -84.259776771365    -84.259776771365         0.19509E-03
    -84.259829463925    -84.259829463925         0.17450E-03
    -84.259810940049    -84.259810940049         0.15076E-03
    -84.259767563526    -84.259767563526         0.19562E-03
    -84.259835150550    -84.259835150550         0.18092E-03
    -84.259862116145    -84.259862116145         0.83719E-04
    -84.259765526442    -84.259765526442         0.13264E-03
    -84.259824363123    -84.259824363123         0.17210E-03
    -84.259766409618    -84.259766409618         0.92562E-04
    -84.259762758629    -84.259762758629         0.18039E-03
    -84.259897789610    -84.259897789610         0.43285E-04
    -84.259765675925    -84.259765675925         0.14813E-03
    -84.259759960076    -84.259759960076         0.13171E-03
    -84.259773732434    -84.259773732434         0.19894E-03
    -84.259763282654    -84.259763282654         0.19348E-03
    -84.259766399125    -84.259766399125         0.80482E-04
    -84.259823125699    -84.259823125699         0.56597E-04
    -84.259748084702    -84.259748084702         0.87503E-04
    -84.259764974317    -84.259764974317         0.63679E-04
    -84.259766270470    -84.259766270470         0.65675E-04
    -84.259758329305    -84.259758329305         0.71526E-04
    -84.260273541359    -84.260273541359         0.11526E-03
    -84.259759732770    -84.259759732770         0.97317E-04
    -84.259762400207    -84.259762400207         0.25772E-04
    -84.259736906702    -84.259736906702         0.19281E-03
    -84.259732350115    -84.259732350115         0.13326E-03
    -84.259735387491    -84.259735387491         0.18870E-03
    -84.259732206359    -84.259732206359         0.16780E-03
    -84.259782833654    -84.259782833654         0.80449E-04
    -84.259733101760    -84.259733101760         0.16639E-03
    -84.260175578932    -84.260175578932         0.87948E-04
    -84.259745394423    -84.259745394423         0.12747E-03
    -84.260007897694    -84.260007897694         0.10033E-03
    -84.259743722696    -84.259743722696         0.18585E-03
    -84.259735238832    -84.259735238832         0.19407E-03
    -84.259716697586    -84.259716697586         0.11196E-03
    -84.259722908420    -84.259722908420         0.18972E-03
    -84.259715178041    -84.259715178041         0.14153E-03
    -84.259717142935    -84.259717142935         0.16629E-03
    -84.259791130722    -84.259791130722         0.86693E-04
    -84.259716792137    -84.259716792137         0.13872E-03
    -84.259714710742    -84.259714710742         0.19789E-03
    -84.259716494739    -84.259716494739         0.10670E-03
    -84.259728374290    -84.259728374290         0.23653E-04
    -84.259717265751    -84.259717265751         0.17918E-03
    -84.259701380263    -84.259701380263         0.18112E-03
    -84.259701621502    -84.259701621502         0.11847E-03
    -84.259699571216    -84.259699571216         0.17589E-03
    -84.259701166676    -84.259701166676         0.18080E-03
    -84.259701690371    -84.259701690371         0.90624E-04
    -84.259693788818    -84.259693788818         0.12191E-03
    -84.259786727008    -84.259786727008         0.71353E-04
    -84.259699160812    -84.259699160812         0.10181E-03
    -84.259700026892    -84.259700026892         0.10314E-03
    -84.259700815917    -84.259700815917         0.14944E-03
    -84.259692892063    -84.259692892063         0.17524E-03
    -84.259720004964    -84.259720004964         0.39514E-04
    -84.259687391730    -84.259687391730         0.17396E-03
    -84.259692401453    -84.259692401453         0.19295E-03
    -84.259694054882    -84.259694054882         0.11213E-03
    -84.259936490970    -84.259936490970         0.57587E-04
    -84.259690043464    -84.259690043464         0.15614E-03
    -84.259680651646    -84.259680651646         0.13951E-03
    -84.259687357399    -84.259687357399         0.19736E-03
    -84.259690179479    -84.259690179479         0.40970E-04
    -84.259813596877    -84.259813596877         0.16597E-03
    -84.259685941092    -84.259685941092         0.18720E-04
    -84.259718367562    -84.259718367562         0.71531E-04
    -84.259686945767    -84.259686945767         0.15691E-03
    -84.259688701360    -84.259688701360         0.43691E-04
    -84.259665563946    -84.259665563946         0.19377E-03
    -84.259647491542    -84.259647491542         0.19882E-03
    -84.259657505698    -84.259657505698         0.17183E-03
    -84.259655477463    -84.259655477463         0.11002E-03
    -84.259643278260    -84.259643278260         0.15712E-03
    -84.259656465601    -84.259656465601         0.15658E-03
    -84.259680770692    -84.259680770692         0.47813E-04
    -84.259691331703    -84.259691331703         0.15261E-03
    -84.259640636051    -84.259640636051         0.18321E-04
    -84.259642087786    -84.259642087786         0.19571E-03
    -84.259627470146    -84.259627470146         0.77138E-04
    -84.259631526479    -84.259631526479         0.16939E-03
    -84.259639888312    -84.259639888312         0.11557E-03
    -84.261520694112    -84.261520694112         0.12633E-03
    -84.259628873418    -84.259628873418         0.17313E-03
    -84.259639243451    -84.259639243451         0.19483E-03
    -84.259622065231    -84.259622065231         0.15546E-03
    -84.259646786718    -84.259646786718         0.17234E-03
    -84.259629524327    -84.259629524327         0.12379E-03
    -84.259620933867    -84.259620933867         0.10737E-03
    -84.259663134539    -84.259663134539         0.94252E-04
    -84.259620522308    -84.259620522308         0.19077E-03
    -84.259621072311    -84.259621072311         0.10629E-03
    -84.260251215476    -84.260251215476         0.17659E-03
    -84.259627052767    -84.259627052767         0.18990E-03
    -84.259617536278    -84.259617536278         0.10599E-03
    -84.259622568168    -84.259622568168         0.14800E-03
    -84.259714162947    -84.259714162947         0.19238E-03
    -84.259631227395    -84.259631227395         0.15761E-03
    -84.259629923138    -84.259629923138         0.12659E-03
    -84.259602219398    -84.259602219398         0.16219E-03
    -84.259603780969    -84.259603780969         0.17787E-03
    -84.259634236352    -84.259634236352         0.70714E-04
    -84.259596416570    -84.259596416570         0.12908E-03
    -84.259603088926    -84.259603088926         0.17548E-03
    -84.259598770158    -84.259598770158         0.97549E-04
    -84.259621168955    -84.259621168955         0.79432E-04
    -84.259595539334    -84.259595539334         0.18829E-03
    -84.259588395095    -84.259588395095         0.19809E-03
    -84.259617999516    -84.259617999516         0.44639E-04
    -84.259656503849    -84.259656503849         0.58490E-04
    -84.259586547905    -84.259586547905         0.11291E-03
    -84.259596930813    -84.259596930813         0.49939E-04
    -84.259620483282    -84.259620483282         0.82644E-04
    -84.259632293464    -84.259632293464         0.41890E-04
    -84.259619895170    -84.259619895170         0.64931E-04
    -84.259590962123    -84.259590962123         0.38993E-04
    -84.259620756922    -84.259620756922         0.16266E-03
    -84.259583392240    -84.259583392240         0.19421E-03
    -84.259577353051    -84.259577353051         0.83642E-04
    -84.259582805970    -84.259582805970         0.19940E-03
    -84.259630883039    -84.259630883039         0.10439E-03
    -84.259599400120    -84.259599400120         0.15331E-03
    -84.259660960724    -84.259660960724         0.73299E-04
    -84.259577932059    -84.259577932059         0.78694E-04
    -84.259617116496    -84.259617116496         0.77401E-04
    -84.259638045357    -84.259638045357         0.15857E-03
    -84.259565717553    -84.259565717553         0.14292E-03
    -84.259552506245    -84.259552506245         0.19259E-03
    -84.259552495286    -84.259552495286         0.83330E-04
    -84.259572943136    -84.259572943136         0.18078E-03
    -84.259550270880    -84.259550270880         0.18077E-03
    -84.259552468989    -84.259552468989         0.14665E-03
    -84.259552433526    -84.259552433526         0.94325E-04
    -84.259619806581    -84.259619806581         0.41347E-04
    -84.259551367341    -84.259551367341         0.19578E-03
    -84.259562146929    -84.259562146929         0.57691E-04
    -84.259562823327    -84.259562823327         0.40724E-04
    -84.259542270211    -84.259542270211         0.12709E-03
    -84.259557381613    -84.259557381613         0.14874E-03
    -84.259538612126    -84.259538612126         0.13539E-03
    -84.259544932819    -84.259544932819         0.58781E-04
    -84.259608650913    -84.259608650913         0.19515E-04
    -84.259538188250    -84.259538188250         0.17590E-03
    -84.259538145010    -84.259538145010         0.14168E-03
    -84.259540821194    -84.259540821194         0.86447E-04
    -84.259551895439    -84.259551895439         0.19026E-03
    -84.259649927823    -84.259649927823         0.30449E-04
    -84.259541348343    -84.259541348343         0.19967E-03
    -84.259537176959    -84.259537176959         0.17094E-03
    -84.259529963586    -84.259529963586         0.16320E-03
    -84.259523584368    -84.259523584368         0.16896E-03
    -84.259529334280    -84.259529334280         0.12162E-03
    -84.259556020251    -84.259556020251         0.16857E-03
    -84.259537541763    -84.259537541763         0.77630E-04
    -84.259554144084    -84.259554144084         0.53542E-04
    -84.259533698091    -84.259533698091         0.13747E-03
    -84.259532940528    -84.259532940528         0.13709E-03
    -84.259530298831    -84.259530298831         0.70044E-04
    -84.259533926794    -84.259533926794         0.19688E-03
    -84.259536963386    -84.259536963386         0.19479E-03
    -84.259530198063    -84.259530198063         0.76536E-04
    -84.259529718063    -84.259529718063         0.18196E-03
    -84.259523176979    -84.259523176979         0.77251E-04
    -84.259542241956    -84.259542241956         0.15877E-03
    -84.259535042983    -84.259535042983         0.77154E-04
    -84.259517109259    -84.259517109259         0.15948E-03
    -84.259536245145    -84.259536245145         0.17835E-03
    -84.259536812051    -84.259536812051         0.13873E-03
    -84.259536369344    -84.259536369344         0.17055E-03
    -84.259537579303    -84.259537579303         0.67308E-04
    -84.259524841609    -84.259524841609         0.17959E-03
    -84.259529630392    -84.259529630392         0.56627E-04
    -84.259511034042    -84.259511034042         0.94918E-04
    -84.259530656476    -84.259530656476         0.11900E-03
    -84.259655205514    -84.259655205514         0.33270E-04
    -84.259535510072    -84.259535510072         0.15493E-03
    -84.259514054229    -84.259514054229         0.14399E-03
    -84.259535526761    -84.259535526761         0.73016E-04
    -84.259537309614    -84.259537309614         0.52078E-04
    -84.259533509926    -84.259533509926         0.43607E-04
    -84.259535879834    -84.259535879834         0.19927E-03
    -84.259528916157    -84.259528916157         0.18446E-03
    -84.259535002882    -84.259535002882         0.63498E-04
    -84.259511123640    -84.259511123640         0.15235E-03
    -84.260977450896    -84.260977450896         0.80833E-04
    -84.259503391848    -84.259503391848         0.17595E-03
    -84.259875448188    -84.259875448188         0.58541E-04
    -84.259525659316    -84.259525659316         0.79444E-04
    -84.259498938300    -84.259498938300         0.14446E-03
    -84.259512717607    -84.259512717607         0.19806E-03
    -84.259498999520    -84.259498999520         0.19859E-03
    -84.259501829329    -84.259501829329         0.14904E-03
    -84.259516926542    -84.259516926542         0.16689E-03
    -84.259529163911    -84.259529163911         0.29608E-04
    -84.259500365361    -84.259500365361         0.11247E-03
    -84.259489734975    -84.259489734975         0.15640E-03
    -84.259515861987    -84.259515861987         0.19893E-03
    -84.259509366749    -84.259509366749         0.11827E-03
    -84.259516371192    -84.259516371192         0.13187E-03
    -84.259535655160    -84.259535655160         0.81821E-04
    -84.259498241611    -84.259498241611         0.11169E-03
    -84.259535116860    -84.259535116860         0.49738E-04
    -84.259522130609    -84.259522130609         0.36604E-04
    -84.259505936677    -84.259505936677         0.58535E-04
    -84.259493057090    -84.259493057090         0.13135E-03
    -84.259537730923    -84.259537730923         0.13741E-03
    -84.259474563765    -84.259474563765         0.15658E-03
    -84.259539455672    -84.259539455672         0.17808E-03
    -84.259475617683    -84.259475617683         0.13248E-03
    -84.259514403284    -84.259514403284         0.72837E-04
    -84.259487338923    -84.259487338923         0.14614E-03
    -84.259516652474    -84.259516652474         0.15315E-03
    -84.259479874742    -84.259479874742         0.19887E-03
    -84.259574564062    -84.259574564062         0.51609E-04
    -84.259727584000    -84.259727584000         0.10574E-03
    -84.259475567071    -84.259475567071         0.18998E-03
    -84.259465928679    -84.259465928679         0.19932E-03
    -84.259465319651    -84.259465319651         0.11259E-03
    -84.259492900290    -84.259492900290         0.59093E-04
    -84.259491268127    -84.259491268127         0.86852E-04
    -84.259465414821    -84.259465414821         0.11471E-03
    -84.259462649184    -84.259462649184         0.19880E-03
    -84.259464836322    -84.259464836322         0.14343E-03
    -84.259461232266    -84.259461232266         0.15827E-03
    -84.259465611674    -84.259465611674         0.97745E-04
    -84.259481868051    -84.259481868051         0.19636E-03
    -84.259476296763    -84.259476296763         0.64174E-04
    -84.259462137154    -84.259462137154         0.18893E-03
    -84.259462228766    -84.259462228766         0.17920E-03
    -84.259473043638    -84.259473043638         0.13968E-03
    -84.259465934247    -84.259465934247         0.81936E-04
    -84.259470047570    -84.259470047570         0.64764E-04
    -84.259463472532    -84.259463472532         0.96113E-04
    -84.259468576861    -84.259468576861         0.14136E-03
    -84.259468033029    -84.259468033029         0.10780E-03
    -84.259475024557    -84.259475024557         0.17526E-03
    -84.259455738096    -84.259455738096         0.18711E-03
    -84.259454167256    -84.259454167256         0.72614E-04
    -84.259469557665    -84.259469557665         0.11447E-03
    -84.259491698688    -84.259491698688         0.16006E-03
    -84.259464412885    -84.259464412885         0.15987E-03
    -84.259444602618    -84.259444602618         0.14856E-03
    -84.259466667669    -84.259466667669         0.48004E-04
    -84.259479109040    -84.259479109040         0.12796E-03
    -84.259460439389    -84.259460439389         0.10703E-03
    -84.259481671042    -84.259481671042         0.99287E-04
    -84.259461126488    -84.259461126488         0.17913E-03
    -84.259444944150    -84.259444944150         0.16640E-03
    -84.259477551974    -84.259477551974         0.33170E-04
    -84.259466995253    -84.259466995253         0.59540E-04
    -84.259471166224    -84.259471166224         0.17175E-03
    -84.259442829148    -84.259442829148         0.15536E-03
    -84.259458437970    -84.259458437970         0.73849E-04
    -84.259452488519    -84.259452488519         0.91993E-04
    -84.259451385274    -84.259451385274         0.56161E-04
    -84.259476541462    -84.259476541462         0.19004E-03
    -84.259463786641    -84.259463786641         0.18405E-03
    -84.259446424460    -84.259446424460         0.19929E-03
    -84.259439139414    -84.259439139414         0.12975E-03
    -84.259461310954    -84.259461310954         0.14057E-03
    -84.259465622854    -84.259465622854         0.69348E-04
    -84.259462030370    -84.259462030370         0.15702E-03
    -84.259444477420    -84.259444477420         0.29974E-04
    -84.259434060337    -84.259434060337         0.84420E-04
    -84.259434022114    -84.259434022114         0.15672E-03
    -84.259444689983    -84.259444689983         0.17510E-03
    -84.259439379570    -84.259439379570         0.10339E-03
    -84.259427231407    -84.259427231407         0.91163E-04
    -84.259440255057    -84.259440255057         0.14884E-03
    -84.259496025114    -84.259496025114         0.65063E-04
    -84.259448203102    -84.259448203102         0.93148E-04
    -84.259444814155    -84.259444814155         0.12238E-03
    -84.259459710570    -84.259459710570         0.10592E-03
    -84.259450220906    -84.259450220906         0.19726E-03
    -84.259479365973    -84.259479365973         0.13087E-03
    -84.260886994099    -84.260886994099         0.69744E-04
    -84.259436606011    -84.259436606011         0.18642E-03
    -84.259460294457    -84.259460294457         0.11155E-03
    -84.259460633321    -84.259460633321         0.45458E-04
    -84.259421637112    -84.259421637112         0.11921E-03
    -84.259426836688    -84.259426836688         0.10152E-03
    -84.259437939212    -84.259437939212         0.16653E-03
    -84.259442058814    -84.259442058814         0.62534E-04
    -84.259423895053    -84.259423895053         0.17345E-03
    -84.259433987127    -84.259433987127         0.19233E-03
    -84.259452482832    -84.259452482832         0.10632E-03
    -84.259455066947    -84.259455066947         0.19742E-03
    -84.259454586142    -84.259454586142         0.16646E-03
    -84.259440549040    -84.259440549040         0.66058E-04
    -84.259450227416    -84.259450227416         0.12743E-03
    -84.259429837067    -84.259429837067         0.71814E-04
    -84.259423908968    -84.259423908968         0.16391E-03
    -84.259424173792    -84.259424173792         0.16980E-03
    -84.259419938013    -84.259419938013         0.10348E-03
    -84.259418383673    -84.259418383673         0.19681E-03
    -84.259413685077    -84.259413685077         0.16533E-03
    -84.259415684248    -84.259415684248         0.82275E-04
    -84.259437873274    -84.259437873274         0.18360E-03
    -84.259464757934    -84.259464757934         0.43701E-04
    -84.259410826424    -84.259410826424         0.15031E-03
    -84.259407203258    -84.259407203258         0.11458E-03
    -84.259471738242    -84.259471738242         0.19895E-03
    -84.259458976859    -84.259458976859         0.18890E-03
    -84.259408232257    -84.259408232257         0.14683E-03
    -84.259448534946    -84.259448534946         0.43035E-04
    -84.259671762907    -84.259671762907         0.46102E-04
    -84.259419546058    -84.259419546058         0.19915E-03
    -84.259422683637    -84.259422683637         0.74580E-04
    -84.259423184236    -84.259423184236         0.14391E-03
    -84.259421121718    -84.259421121718         0.12901E-03
    -84.259456592278    -84.259456592278         0.62321E-04
    -84.259396178027    -84.259396178027         0.13677E-03
    -84.259456945151    -84.259456945151         0.17546E-03
    -84.259424215088    -84.259424215088         0.48704E-04
    -84.259460231777    -84.259460231777         0.13392E-03
    -84.259410224311    -84.259410224311         0.19276E-03
    -84.259394339578    -84.259394339578         0.15043E-03
    -84.259413107128    -84.259413107128         0.14518E-03
    -84.259400612643    -84.259400612643         0.17785E-03
    -84.259476358024    -84.259476358024         0.18446E-03
    -84.259397085606    -84.259397085606         0.15566E-03
    -84.259397134451    -84.259397134451         0.11518E-03
    -84.259395308939    -84.259395308939         0.19689E-03
    -84.259400003000    -84.259400003000         0.15323E-03
    -84.259404049899    -84.259404049899         0.41369E-04
    -84.259387510950    -84.259387510950         0.19790E-03
    -84.259413020554    -84.259413020554         0.50668E-04
    -84.259404811536    -84.259404811536         0.16098E-03
    -84.259386576023    -84.259386576023         0.12588E-03
    -84.259387495130    -84.259387495130         0.66909E-04
    -84.259385814924    -84.259385814924         0.10195E-03
    -84.259399427893    -84.259399427893         0.18394E-03
    -84.259396372702    -84.259396372702         0.15957E-03
    -84.259392204589    -84.259392204589         0.13839E-03
    -84.259395292204    -84.259395292204         0.69435E-04
    -84.259438674113    -84.259438674113         0.12288E-03
    -84.259406509914    -84.259406509914         0.12546E-03
    -84.259408794663    -84.259408794663         0.15921E-03
    -84.259394992182    -84.259394992182         0.14841E-03
    -84.259384366764    -84.259384366764         0.19686E-03
    -84.259387187001    -84.259387187001         0.19145E-03
    -84.259387018174    -84.259387018174         0.17791E-03
    -84.259387000179    -84.259387000179         0.11363E-03
    -84.259386369870    -84.259386369870         0.13059E-03
    -84.259396962106    -84.259396962106         0.80982E-04
    -84.259382976349    -84.259382976349         0.91434E-04
    -84.259382503621    -84.259382503621         0.14465E-03
    -84.259394805538    -84.259394805538         0.15728E-03
    -84.259384316145    -84.259384316145         0.10548E-03
    -84.259383619637    -84.259383619637         0.13121E-03
    -84.259379062126    -84.259379062126         0.11210E-03
    -84.259404942187    -84.259404942187         0.11242E-03
    -84.259410614164    -84.259410614164         0.14532E-03
    -84.259393248443    -84.259393248443         0.19284E-04
    -84.259393428452    -84.259393428452         0.19504E-03
    -84.259420127374    -84.259420127374         0.18508E-03
    -84.259377144871    -84.259377144871         0.99373E-04
    -84.259378253229    -84.259378253229         0.18626E-03
    -84.259380200450    -84.259380200450         0.17344E-03
    -84.259381384184    -84.259381384184         0.96846E-04
    -84.259638506801    -84.259638506801         0.87054E-04
    -84.259405514025    -84.259405514025         0.12502E-03
    -84.259405964270    -84.259405964270         0.44130E-04
    -84.259405756957    -84.259405756957         0.15984E-03
    -84.259387507617    -84.259387507617         0.16561E-03
    -84.259390796883    -84.259390796883         0.92185E-04
    -84.259387801554    -84.259387801554         0.11133E-03
    -84.259369347711    -84.259369347711         0.15720E-03
    -84.259371109522    -84.259371109522         0.49002E-04
    -84.259379922389    -84.259379922389         0.79211E-04
    -84.259471672244    -84.259471672244         0.70729E-04
    -84.259373629486    -84.259373629486         0.11616E-03
    -84.259380122201    -84.259380122201         0.15583E-03
    -84.259389989581    -84.259389989581         0.18352E-03
    -84.259365863858    -84.259365863858         0.18764E-03
    -84.259370308467    -84.259370308467         0.15294E-03
    -84.259385477295    -84.259385477295         0.19834E-03
    -84.259388801647    -84.259388801647         0.19073E-03
    -84.259357156516    -84.259357156516         0.13009E-03
    -84.259367619927    -84.259367619927         0.15519E-03
    -84.259369391042    -84.259369391042         0.19181E-03
    -84.259366702070    -84.259366702070         0.13798E-03
    -84.259366307651    -84.259366307651         0.19429E-03
    -84.259354007965    -84.259354007965         0.10788E-03
    -84.259366572326    -84.259366572326         0.19970E-03
    -84.259377311561    -84.259377311561         0.14934E-03
    -84.259557274566    -84.259557274566         0.63846E-04
    -84.259351256803    -84.259351256803         0.17075E-03
    -84.259392428166    -84.259392428166         0.23858E-04
    -84.259391812600    -84.259391812600         0.81499E-04
    -84.259365216931    -84.259365216931         0.14217E-03
    -84.259396511889    -84.259396511889         0.23816E-04
    -84.259390062687    -84.259390062687         0.14427E-03
    -84.259352378055    -84.259352378055         0.14621E-03
    -84.259388757286    -84.259388757286         0.83777E-04
    -84.259364777792    -84.259364777792         0.11778E-03
    -84.259393799109    -84.259393799109         0.32472E-04
    -84.259352868170    -84.259352868170         0.16627E-03
    -84.259385334121    -84.259385334121         0.19484E-03
    -84.259364926244    -84.259364926244         0.14426E-03
    -84.259388059075    -84.259388059075         0.11992E-03
    -84.259355057051    -84.259355057051         0.11573E-03
    -84.259391534940    -84.259391534940         0.11989E-03
    -84.259350564299    -84.259350564299         0.18574E-03
    -84.259672935163    -84.259672935163         0.30337E-04
    -84.259386706785    -84.259386706785         0.88305E-04
    -84.259377829736    -84.259377829736         0.29031E-04
    -84.259384400525    -84.259384400525         0.13297E-03
    -84.259378685242    -84.259378685242         0.38659E-04
    -84.259366992776    -84.259366992776         0.19714E-03
    -84.259392888971    -84.259392888971         0.87283E-04
    -84.259376943058    -84.259376943058         0.24681E-04
    -84.259560305666    -84.259560305666         0.46928E-04
    -84.259386863637    -84.259386863637         0.88905E-04
    -84.259365127931    -84.259365127931         0.18945E-03
    -84.259416514101    -84.259416514101         0.19975E-03
    -84.259357306518    -84.259357306518         0.49147E-04
    -84.259353630247    -84.259353630247         0.14058E-03
    -84.259351642350    -84.259351642350         0.91108E-04
    -84.259353997080    -84.259353997080         0.14414E-03
    -84.259475988903    -84.259475988903         0.38720E-04
    -84.259357494248    -84.259357494248         0.51491E-04
    -84.259346720284    -84.259346720284         0.13794E-03
    -84.259388701882    -84.259388701882         0.13740E-03
    -84.259352089220    -84.259352089220         0.17630E-03
    -84.259324887371    -84.259324887371         0.19576E-03
    -84.259364266137    -84.259364266137         0.19265E-03
    -84.259328018683    -84.259328018683         0.12759E-03
    -84.259468038184    -84.259468038184         0.50710E-04
    -84.259393375726    -84.259393375726         0.69251E-04
    -84.259326572272    -84.259326572272         0.19750E-03
    -84.259412951204    -84.259412951204         0.15291E-03
    -84.259328901628    -84.259328901628         0.15188E-03
    -84.259327961004    -84.259327961004         0.15418E-03
    -84.259342333252    -84.259342333252         0.79248E-04
    -84.259398231444    -84.259398231444         0.11290E-03
    -84.259357737602    -84.259357737602         0.67120E-04
    -84.259386561779    -84.259386561779         0.18724E-03
    -84.259322278987    -84.259322278987         0.47246E-04
    -84.259329117232    -84.259329117232         0.14448E-03
    -84.259386050271    -84.259386050271         0.18884E-03
    -84.259326721722    -84.259326721722         0.13930E-03
    -84.259312720655    -84.259312720655         0.16330E-03
    -84.259323286836    -84.259323286836         0.10451E-03
    -84.259324755780    -84.259324755780         0.15320E-03
    -84.259312879196    -84.259312879196         0.18710E-03
    -84.259318806472    -84.259318806472         0.17635E-03
    -84.259350909414    -84.259350909414         0.73632E-04
    -84.259351063986    -84.259351063986         0.91392E-04
    -84.259357906477    -84.259357906477         0.46680E-04
    -84.259312494554    -84.259312494554         0.13355E-03
    -84.259366441112    -84.259366441112         0.15199E-03
    -84.259326999351    -84.259326999351         0.10851E-03
    -84.259312799422    -84.259312799422         0.15129E-03
    -84.259324967392    -84.259324967392         0.10800E-03
    -84.259300585449    -84.259300585449         0.17592E-03
    -84.259298599155    -84.259298599155         0.11902E-03
    -84.259343818794    -84.259343818794         0.50393E-04
    -84.259306778813    -84.259306778813         0.10627E-03
    -84.259304688692    -84.259304688692         0.15216E-03
    -84.259312378098    -84.259312378098         0.16482E-03
    -84.259339366525    -84.259339366525         0.86022E-04
    -84.259452322713    -84.259452322713         0.40563E-04
    -84.259304786939    -84.259304786939         0.12068E-03
    -84.259310458107    -84.259310458107         0.67194E-04
    -84.259304137932    -84.259304137932         0.99127E-04
    -84.259299762843    -84.259299762843         0.15074E-03
    -84.259397466260    -84.259397466260         0.12509E-03
    -84.259322433941    -84.259322433941         0.12997E-03
    -84.259336193651    -84.259336193651         0.51449E-04
    -84.259549501316    -84.259549501316         0.90605E-04
    -84.259305603246    -84.259305603246         0.16898E-03
    -84.259311557901    -84.259311557901         0.86942E-04
    -84.259366173194    -84.259366173194         0.31105E-04
    -84.259373607746    -84.259373607746         0.13605E-03
    -84.259301863319    -84.259301863319         0.15447E-03
    -84.259298473659    -84.259298473659         0.18192E-03
    -84.259318384040    -84.259318384040         0.55740E-04
    -84.259312527835    -84.259312527835         0.94314E-04
    -84.259279892664    -84.259279892664         0.15856E-03
    -84.259383501116    -84.259383501116         0.95943E-04
    -84.259295971936    -84.259295971936         0.12253E-03
    -84.259324582429    -84.259324582429         0.16759E-03
    -84.259341814587    -84.259341814587         0.57672E-04
    -84.259281961890    -84.259281961890         0.14326E-03
    -84.259311790538    -84.259311790538         0.11960E-03
    -84.259276600069    -84.259276600069         0.11499E-03
    -84.259461961103    -84.259461961103         0.12274E-03
    -84.259280423120    -84.259280423120         0.69581E-04
    -84.259499882480    -84.259499882480         0.39999E-04
    -84.259276585846    -84.259276585846         0.13147E-03
    -84.259412954166    -84.259412954166         0.15108E-03
    -84.259275399631    -84.259275399631         0.16158E-03
    -84.259301431482    -84.259301431482         0.15307E-03
    -84.259327156616    -84.259327156616         0.66024E-04
    -84.259304720848    -84.259304720848         0.64572E-04
    -84.259276611533    -84.259276611533         0.17326E-03
    -84.259274577084    -84.259274577084         0.17919E-03
    -84.259310308302    -84.259310308302         0.12543E-03
    -84.259278119525    -84.259278119525         0.19680E-03
    -84.259275570757    -84.259275570757         0.59524E-04
    -84.259355205889    -84.259355205889         0.15952E-03
    -84.259273266876    -84.259273266876         0.17905E-03
    -84.259366349818    -84.259366349818         0.75064E-04
    -84.259294259337    -84.259294259337         0.89276E-04
    -84.259274579932    -84.259274579932         0.19127E-03
    -84.259276553147    -84.259276553147         0.72004E-04
    -84.259274705464    -84.259274705464         0.19315E-03
    -84.259275695800    -84.259275695800         0.92122E-04
    -84.259275640661    -84.259275640661         0.16317E-03
    -84.259305853926    -84.259305853926         0.69346E-04
    -84.259334224461    -84.259334224461         0.49281E-04
    -84.259274987511    -84.259274987511         0.12709E-03
    -84.259296928972    -84.259296928972         0.13551E-03
    -84.259280541171    -84.259280541171         0.14561E-03
    -84.259281395583    -84.259281395583         0.19132E-03
    -84.259297702712    -84.259297702712         0.12163E-03
    -84.259268189703    -84.259268189703         0.11786E-03
    -84.259308419066    -84.259308419066         0.46555E-04
    -84.259305293082    -84.259305293082         0.16219E-03
    -84.259297459445    -84.259297459445         0.19154E-03
    -84.259299364564    -84.259299364564         0.98705E-04
    -84.259273780505    -84.259273780505         0.58555E-04
    -84.259304713771    -84.259304713771         0.78284E-04
    -84.259274436678    -84.259274436678         0.15483E-03
    -84.259359749493    -84.259359749493         0.55158E-04
    -84.259282640095    -84.259282640095         0.93394E-04
    -84.259300122606    -84.259300122606         0.18212E-03
    -84.259352437937    -84.259352437937         0.73088E-04
    -84.259303239359    -84.259303239359         0.16228E-03
    -84.259276560980    -84.259276560980         0.15460E-03
    -84.259275017387    -84.259275017387         0.17065E-03
    -84.259281661274    -84.259281661274         0.89360E-04
    -84.259373366565    -84.259373366565         0.19731E-03
    -84.259276607788    -84.259276607788         0.12115E-03
    -84.259278138061    -84.259278138061         0.18843E-03
    -84.259277932195    -84.259277932195         0.16295E-03
    -84.259305566198    -84.259305566198         0.11752E-03
    -84.259292379208    -84.259292379208         0.49495E-04
    -84.259297134751    -84.259297134751         0.29545E-04
    -84.259311609431    -84.259311609431         0.70255E-04
    -84.259320103623    -84.259320103623         0.15628E-03
    -84.259275027407    -84.259275027407         0.18888E-03
    -84.259267914950    -84.259267914950         0.90140E-04
    -84.259307014597    -84.259307014597         0.14460E-03
    -84.259267383513    -84.259267383513         0.18393E-03
    -84.259291347006    -84.259291347006         0.67053E-04
    -84.259275019739    -84.259275019739         0.17560E-03
    -84.259359605133    -84.259359605133         0.60137E-04
    -84.259297459718    -84.259297459718         0.17355E-03
    -84.259317669858    -84.259317669858         0.62213E-04
    -84.259310855122    -84.259310855122         0.18650E-03
    -84.259275943255    -84.259275943255         0.17779E-03
    -84.259276157457    -84.259276157457         0.11882E-03
    -84.259253747885    -84.259253747885         0.17483E-03
    -84.259460374186    -84.259460374186         0.85550E-04
    -84.259290698274    -84.259290698274         0.46415E-04
    -84.259324691228    -84.259324691228         0.76445E-04
    -84.259311798046    -84.259311798046         0.17053E-03
    -84.259315817686    -84.259315817686         0.28157E-04
    -84.259268850333    -84.259268850333         0.36367E-04
    -84.259267010123    -84.259267010123         0.19959E-03
    -84.259276996385    -84.259276996385         0.12765E-03
    -84.259570335911    -84.259570335911         0.50717E-04
    -84.259253665562    -84.259253665562         0.74606E-04
    -84.259287661538    -84.259287661538         0.10863E-03
    -84.260018995437    -84.260018995437         0.19509E-03
    -84.259255493200    -84.259255493200         0.17014E-03
    -84.259275060974    -84.259275060974         0.73944E-04
    -84.259247802912    -84.259247802912         0.12167E-03
    -84.259281040374    -84.259281040374         0.99036E-04
    -84.259242503129    -84.259242503129         0.17010E-03
    -84.259254616542    -84.259254616542         0.16512E-03
    -84.259253406243    -84.259253406243         0.19051E-03
    -84.260019574641    -84.260019574641         0.17759E-03
    -84.259249106430    -84.259249106430         0.16271E-03
    -84.259246700647    -84.259246700647         0.71795E-04
    -84.259288328390    -84.259288328390         0.76904E-04
    -84.259245216121    -84.259245216121         0.11312E-03
    -84.259249000181    -84.259249000181         0.15314E-03
    -84.259276021164    -84.259276021164         0.19080E-03
    -84.259243161143    -84.259243161143         0.25523E-04
    -84.259245135947    -84.259245135947         0.13722E-03
    -84.259248305188    -84.259248305188         0.13936E-03
    -84.259270077863    -84.259270077863         0.44409E-04
    -84.259247778791    -84.259247778791         0.99847E-04
    -84.259240862424    -84.259240862424         0.50032E-04
    -84.259271459038    -84.259271459038         0.16799E-03
    -84.259272629258    -84.259272629258         0.19256E-03
    -84.259250116352    -84.259250116352         0.16813E-03
    -84.259228069085    -84.259228069085         0.14095E-03
    -84.259231613167    -84.259231613167         0.18823E-03
    -84.259272562718    -84.259272562718         0.19238E-03
    -84.259240634442    -84.259240634442         0.16271E-03
    -84.259228705639    -84.259228705639         0.76815E-04
    -84.259245972436    -84.259245972436         0.47275E-04
    -84.259224895566    -84.259224895566         0.45208E-04
    -84.259362564072    -84.259362564072         0.16628E-03
    -84.259240234636    -84.259240234636         0.15478E-03
    -84.259457508559    -84.259457508559         0.44778E-04
    -84.259224475599    -84.259224475599         0.10188E-03
    -84.259317256510    -84.259317256510         0.10844E-03
    -84.259243550462    -84.259243550462         0.18960E-03
    -84.259223637323    -84.259223637323         0.14825E-03
    -84.259224760788    -84.259224760788         0.92605E-04
    -84.259269356482    -84.259269356482         0.18344E-03
    -84.259224227406    -84.259224227406         0.19515E-03
    -84.259247501702    -84.259247501702         0.51112E-04
    -84.259320014769    -84.259320014769         0.71824E-04
    -84.259241637117    -84.259241637117         0.51802E-04
    -84.259224000904    -84.259224000904         0.17730E-03
    -84.259263701365    -84.259263701365         0.54739E-04
    -84.259223666131    -84.259223666131         0.10113E-03
    -84.259214390602    -84.259214390602         0.78235E-04
    -84.259275220532    -84.259275220532         0.31810E-04
    -84.259220704380    -84.259220704380         0.38938E-04
    -84.259224115275    -84.259224115275         0.15719E-03
    -84.259274736283    -84.259274736283         0.22356E-04
    -84.259218335484    -84.259218335484         0.18893E-03
    -84.259247891089    -84.259247891089         0.17491E-03
    -84.259209342689    -84.259209342689         0.16282E-03
    -84.259224457302    -84.259224457302         0.14821E-03
    -84.259220194845    -84.259220194845         0.17916E-03
    -84.259222970702    -84.259222970702         0.14784E-03
    -84.259264921905    -84.259264921905         0.38078E-04
    -84.259218093710    -84.259218093710         0.13582E-03
    -84.259224290545    -84.259224290545         0.93255E-04
    -84.259223260948    -84.259223260948         0.14492E-03
    -84.259218691605    -84.259218691605         0.78922E-04
    -84.259269927729    -84.259269927729         0.37281E-04
    -84.259213638818    -84.259213638818         0.18309E-03
    -84.259212515325    -84.259212515325         0.14477E-03
    -84.259219200155    -84.259219200155         0.14514E-03
    -84.259247955265    -84.259247955265         0.11919E-03
    -84.259239755522    -84.259239755522         0.41238E-04
    -84.259198992455    -84.259198992455         0.16051E-03
    -84.259252297652    -84.259252297652         0.18340E-03
    -84.259220217364    -84.259220217364         0.17384E-03
    -84.259208365078    -84.259208365078         0.19074E-03
    -84.259218512379    -84.259218512379         0.19835E-03
    -84.259209844107    -84.259209844107         0.17585E-03
    -84.259217337044    -84.259217337044         0.37252E-04
    -84.259206769503    -84.259206769503         0.11810E-03
    -84.259239358884    -84.259239358884         0.36560E-04
    -84.259189265999    -84.259189265999         0.10904E-03
    -84.259226062764    -84.259226062764         0.10523E-03
    -84.259209974302    -84.259209974302         0.17967E-03
    -84.259282178380    -84.259282178380         0.80288E-04
    -84.259218366398    -84.259218366398         0.11796E-03
    -84.259196963472    -84.259196963472         0.18719E-03
    -84.259210446452    -84.259210446452         0.40453E-04
    -84.259213494001    -84.259213494001         0.67002E-04
    -84.259209930948    -84.259209930948         0.42477E-04
    -84.259197893401    -84.259197893401         0.17353E-03
    -84.259217072061    -84.259217072061         0.18293E-03
    -84.259217400712    -84.259217400712         0.71111E-04
    -84.259212710476    -84.259212710476         0.16765E-03
    -84.259474608828    -84.259474608828         0.44952E-04
    -84.259442737890    -84.259442737890         0.81639E-04
    -84.259214710974    -84.259214710974         0.15695E-03
    -84.259250970437    -84.259250970437         0.74763E-04
    -84.259225376953    -84.259225376953         0.14625E-03
    -84.259172433822    -84.259172433822         0.19484E-03
    -84.259482292187    -84.259482292187         0.23885E-04
    -84.259217728407    -84.259217728407         0.15627E-03
    -84.259218922037    -84.259218922037         0.18283E-03
    -84.259173984173    -84.259173984173         0.97494E-04
    -84.259172766207    -84.259172766207         0.62442E-04
    -84.259173513095    -84.259173513095         0.17255E-03
    -84.259172553547    -84.259172553547         0.15725E-03
    -84.259202509053    -84.259202509053         0.18871E-03
    -84.259170454903    -84.259170454903         0.15711E-03
    -84.259172686249    -84.259172686249         0.17054E-03
    -84.259169442380    -84.259169442380         0.44094E-04
    -84.259172557497    -84.259172557497         0.11651E-03
    -84.259168745352    -84.259168745352         0.14934E-03
    -84.259174809617    -84.259174809617         0.19765E-03
    -84.259161307228    -84.259161307228         0.13403E-03
    -84.259164085300    -84.259164085300         0.19301E-03
    -84.259162478789    -84.259162478789         0.19977E-03
    -84.259199717084    -84.259199717084         0.58653E-04
    -84.259164074497    -84.259164074497         0.15630E-03
    -84.259171794771    -84.259171794771         0.19044E-03
    -84.259163088605    -84.259163088605         0.19286E-03
    -84.259166549782    -84.259166549782         0.11131E-03
    -84.259157866301    -84.259157866301         0.18977E-03
    -84.259161550402    -84.259161550402         0.12542E-03
    -84.259162539472    -84.259162539472         0.15857E-03
    -84.259162029212    -84.259162029212         0.16285E-03
    -84.259174140576    -84.259174140576         0.16987E-03
    -84.259153109760    -84.259153109760         0.16025E-03
    -84.259178656694    -84.259178656694         0.74553E-04
    -84.259152949069    -84.259152949069         0.18219E-03
    -84.259157013902    -84.259157013902         0.15920E-03
    -84.259163165467    -84.259163165467         0.19347E-03
    -84.259151705551    -84.259151705551         0.19493E-03
    -84.259154878663    -84.259154878663         0.18463E-03
    -84.259150206444    -84.259150206444         0.17015E-03
    -84.259156474980    -84.259156474980         0.11389E-03
    -84.259153666289    -84.259153666289         0.92235E-04
    -84.259152389178    -84.259152389178         0.15435E-03
    -84.259155287142    -84.259155287142         0.16131E-03
    -84.259153085846    -84.259153085846         0.17257E-03
    -84.259169220883    -84.259169220883         0.16217E-03
    -84.259932773288    -84.259932773288         0.40447E-04
    -84.259152214563    -84.259152214563         0.16581E-03
    -84.259159993494    -84.259159993494         0.41274E-04
    -84.259156719953    -84.259156719953         0.83606E-04
    -84.259152621998    -84.259152621998         0.10224E-03
    -84.259158704431    -84.259158704431         0.19422E-03
    -84.259240511839    -84.259240511839         0.24628E-04
    -84.259159519628    -84.259159519628         0.17067E-03
    -84.259283585539    -84.259283585539         0.93236E-04
    -84.259157202023    -84.259157202023         0.11937E-03
    -84.259156006383    -84.259156006383         0.16960E-03
    -84.259477154464    -84.259477154464         0.78714E-04
    -84.259152278566    -84.259152278566         0.74794E-04
    -84.259160372713    -84.259160372713         0.18126E-03
    -84.259172867497    -84.259172867497         0.87596E-04
    -84.259152383973    -84.259152383973         0.13985E-03
    -84.259166974806    -84.259166974806         0.53104E-04
    -84.259150300677    -84.259150300677         0.16155E-03
    -84.259183984704    -84.259183984704         0.63995E-04
    -84.259143547727    -84.259143547727         0.10821E-03
    -84.259152448683    -84.259152448683         0.14518E-03
    -84.259152784265    -84.259152784265         0.13915E-03
    -84.259134103199    -84.259134103199         0.19067E-03
    -84.259144231614    -84.259144231614         0.13319E-03
    -84.259171999828    -84.259171999828         0.99269E-04
    -84.259134090375    -84.259134090375         0.17371E-03
    -84.259152920140    -84.259152920140         0.16970E-03
    -84.259155741402    -84.259155741402         0.17956E-03
    -84.259133814666    -84.259133814666         0.12592E-03
    -84.259145745183    -84.259145745183         0.92206E-04
    -84.259153088663    -84.259153088663         0.19365E-03
    -84.259150571134    -84.259150571134         0.18769E-03
    -84.259210953845    -84.259210953845         0.18962E-03
    -84.259164526626    -84.259164526626         0.19217E-03
    -84.259258757646    -84.259258757646         0.74710E-04
    -84.259161656068    -84.259161656068         0.18461E-03
    -84.259152143059    -84.259152143059         0.16557E-03
    -84.259173627332    -84.259173627332         0.98092E-04
    -84.259160877115    -84.259160877115         0.11977E-03
    -84.259134170958    -84.259134170958         0.14768E-03
    -84.259141768120    -84.259141768120         0.11946E-03
    -84.259144292114    -84.259144292114         0.12742E-03
    -84.259150485654    -84.259150485654         0.16314E-03
    -84.259158361164    -84.259158361164         0.34117E-04
    -84.259145326005    -84.259145326005         0.65764E-04
    -84.259150504695    -84.259150504695         0.60401E-04
    -84.259133169161    -84.259133169161         0.11295E-03
    -84.259126971367    -84.259126971367         0.47697E-04
    -84.259162652008    -84.259162652008         0.16382E-03
    -84.259826799086    -84.259826799086         0.17238E-03
    -84.259117481617    -84.259117481617         0.89353E-04
    -84.259114181409    -84.259114181409         0.17724E-03
    -84.259139638648    -84.259139638648         0.14206E-03
    -84.259169705134    -84.259169705134         0.18748E-03
    -84.259130670821    -84.259130670821         0.10278E-03
    -84.259281141712    -84.259281141712         0.77052E-04
    -84.259156731965    -84.259156731965         0.19824E-03
    -84.259130194858    -84.259130194858         0.11107E-03
    -84.259160270398    -84.259160270398         0.10630E-03
    -84.259127069177    -84.259127069177         0.14357E-03
    -84.259826819387    -84.259826819387         0.77814E-04
    -84.259134155239    -84.259134155239         0.11924E-03
    -84.259127208146    -84.259127208146         0.53828E-04
    -84.259114748772    -84.259114748772         0.14703E-03
    -84.259150695388    -84.259150695388         0.15868E-03
    -84.259153072032    -84.259153072032         0.11846E-03
    -84.259228069182    -84.259228069182         0.43034E-04
    -84.259203497797    -84.259203497797         0.16865E-03
    -84.259151171714    -84.259151171714         0.16050E-03
    -84.259115073773    -84.259115073773         0.16147E-03
    -84.259157766422    -84.259157766422         0.73406E-04
    -84.259130511827    -84.259130511827         0.12212E-03
    -84.259130556041    -84.259130556041         0.99831E-04
    -84.259126866253    -84.259126866253         0.13418E-03
    -84.259139277931    -84.259139277931         0.84806E-04
    -84.259151367308    -84.259151367308         0.18008E-03
    -84.259123251089    -84.259123251089         0.18908E-03
    -84.259114665313    -84.259114665313         0.10887E-03
    -84.259109502543    -84.259109502543         0.94734E-04
    -84.259131329738    -84.259131329738         0.12161E-03
    -84.259114467545    -84.259114467545         0.12913E-03
    -84.259113575309    -84.259113575309         0.11902E-03
    -84.259139606529    -84.259139606529         0.52424E-04
    -84.259128272212    -84.259128272212         0.37559E-04
    -84.259114297411    -84.259114297411         0.13088E-03
    -84.259117778876    -84.259117778876         0.19919E-03
    -84.259106274749    -84.259106274749         0.12422E-03
    -84.259124232700    -84.259124232700         0.10061E-03
    -84.259126004244    -84.259126004244         0.49695E-04
    -84.259143456203    -84.259143456203         0.12080E-03
    -84.259147008010    -84.259147008010         0.42046E-04
    -84.259124683077    -84.259124683077         0.10292E-03
    -84.259114335341    -84.259114335341         0.16905E-03
    -84.259153047782    -84.259153047782         0.13404E-03
    -84.259144211090    -84.259144211090         0.42327E-04
    -84.259113690453    -84.259113690453         0.12567E-03
    -84.259114970209    -84.259114970209         0.17098E-03
    -84.259111929828    -84.259111929828         0.12792E-03
    -84.259152860210    -84.259152860210         0.94566E-04
    -84.259143986958    -84.259143986958         0.43599E-04
    -84.259124528029    -84.259124528029         0.17009E-03
    -84.259122082691    -84.259122082691         0.69752E-04
    -84.259164504939    -84.259164504939         0.10454E-03
    -84.259125947021    -84.259125947021         0.15204E-03
    -84.259106866436    -84.259106866436         0.71850E-04
    -84.259138655336    -84.259138655336         0.51861E-04
    -84.259102203425    -84.259102203425         0.15091E-03
    -84.259160142037    -84.259160142037         0.80748E-04
    -84.259104620836    -84.259104620836         0.12696E-03
    -84.259146146723    -84.259146146723         0.12880E-03
    -84.259106957681    -84.259106957681         0.90518E-04
    -84.259126420496    -84.259126420496         0.13270E-03
    -84.259147118930    -84.259147118930         0.19147E-03
    -84.259149171066    -84.259149171066         0.52647E-04
    -84.259114789025    -84.259114789025         0.99672E-04
    -84.259105383050    -84.259105383050         0.12303E-03
    -84.259105433877    -84.259105433877         0.13422E-03
    -84.259095277876    -84.259095277876         0.15857E-03
    -84.259095866047    -84.259095866047         0.85695E-04
    -84.259114250840    -84.259114250840         0.11555E-03
    -84.259102285537    -84.259102285537         0.12702E-03
    -84.259146149681    -84.259146149681         0.29609E-04
    -84.259100590895    -84.259100590895         0.79107E-04
    -84.259110107407    -84.259110107407         0.43186E-04
    -84.259089049022    -84.259089049022         0.11210E-03
    -84.259127905099    -84.259127905099         0.19205E-03
    -84.259106912094    -84.259106912094         0.12660E-03
    -84.259087516912    -84.259087516912         0.50931E-04
    -84.259100903204    -84.259100903204         0.18838E-03
    -84.259133724704    -84.259133724704         0.16762E-03
    -84.259101060601    -84.259101060601         0.16720E-03
    -84.259090728029    -84.259090728029         0.13686E-03
    -84.259100195511    -84.259100195511         0.12723E-03
    -84.259100852684    -84.259100852684         0.17712E-03
    -84.259108644491    -84.259108644491         0.65747E-04
    -84.259122390192    -84.259122390192         0.53941E-04
    -84.259826447549    -84.259826447549         0.13487E-03
    -84.259094433437    -84.259094433437         0.19083E-03
    -84.259152735853    -84.259152735853         0.16634E-03
    -84.259094146117    -84.259094146117         0.57407E-04
    -84.259149340365    -84.259149340365         0.68634E-04
    -84.259092295809    -84.259092295809         0.66997E-04
    -84.259079443293    -84.259079443293         0.17606E-03
    -84.259105326968    -84.259105326968         0.19758E-03
    -84.259106662271    -84.259106662271         0.28012E-04
    -84.259104351726    -84.259104351726         0.13427E-03
    -84.259158418118    -84.259158418118         0.95925E-04
    -84.259097005820    -84.259097005820         0.15467E-03
    -84.259120328672    -84.259120328672         0.97288E-04
    -84.259093248238    -84.259093248238         0.14080E-03
    -84.259120282146    -84.259120282146         0.47885E-04
    -84.259095850089    -84.259095850089         0.15133E-03
    -84.259077260773    -84.259077260773         0.19383E-03
    -84.259082044726    -84.259082044726         0.19829E-03
    -84.259127832768    -84.259127832768         0.18781E-03
    -84.259096595355    -84.259096595355         0.32938E-04
    -84.259078989123    -84.259078989123         0.12719E-03
    -84.259100433770    -84.259100433770         0.10011E-03
    -84.259115380088    -84.259115380088         0.59598E-04
    -84.259126095733    -84.259126095733         0.57187E-04
    -84.259095556505    -84.259095556505         0.17304E-03
    -84.259080041224    -84.259080041224         0.14084E-03
    -84.259093086808    -84.259093086808         0.63906E-04
    -84.259081570481    -84.259081570481         0.11844E-03
    -84.259126790009    -84.259126790009         0.47402E-04
    -84.259091964346    -84.259091964346         0.40695E-04
    -84.259078895835    -84.259078895835         0.21959E-04
    -84.259231662375    -84.259231662375         0.49430E-04
    -84.259105777698    -84.259105777698         0.17747E-03
    -84.259081703810    -84.259081703810         0.17933E-03
    -84.259113416756    -84.259113416756         0.75211E-04
    -84.259128715603    -84.259128715603         0.19563E-03
    -84.259101036568    -84.259101036568         0.48939E-04
    -84.259152518433    -84.259152518433         0.18720E-03
    -84.259113827100    -84.259113827100         0.12586E-03
    -84.259825995800    -84.259825995800         0.18504E-03
    -84.259064835321    -84.259064835321         0.10495E-03
    -84.259132514454    -84.259132514454         0.53529E-04
    -84.259081496181    -84.259081496181         0.18569E-03
    -84.259081849196    -84.259081849196         0.15186E-03
    -84.259152795984    -84.259152795984         0.16076E-03
    -84.259079135600    -84.259079135600         0.13341E-03
    -84.259088987869    -84.259088987869         0.32152E-04
    -84.259073514246    -84.259073514246         0.17311E-03
    -84.259067119343    -84.259067119343         0.72585E-04
    -84.259085096315    -84.259085096315         0.11858E-03
    -84.259217580399    -84.259217580399         0.84997E-04
    -84.259060642794    -84.259060642794         0.12784E-03
    -84.259101768074    -84.259101768074         0.53223E-04
    -84.259063745659    -84.259063745659         0.10251E-03
    -84.259129579441    -84.259129579441         0.78777E-04
    -84.259100141917    -84.259100141917         0.11853E-03
    -84.259062721461    -84.259062721461         0.83565E-04
    -84.259100916752    -84.259100916752         0.12784E-03
    -84.259107001217    -84.259107001217         0.10928E-03
    -84.259083218198    -84.259083218198         0.34047E-04
    -84.259127987892    -84.259127987892         0.19281E-03
    -84.259086897832    -84.259086897832         0.10299E-03
    -84.259087440405    -84.259087440405         0.58595E-04
    -84.259056086027    -84.259056086027         0.15313E-03
    -84.259053601684    -84.259053601684         0.18032E-03
    -84.259082112153    -84.259082112153         0.56151E-04
    -84.259083144670    -84.259083144670         0.13146E-03
    -84.259058738672    -84.259058738672         0.79544E-04
    -84.259086583481    -84.259086583481         0.15021E-03
    -84.259100771934    -84.259100771934         0.63071E-04
    -84.259100203418    -84.259100203418         0.29352E-04
    -84.259122485379    -84.259122485379         0.19404E-03
    -84.259122386167    -84.259122386167         0.66482E-04
    -84.259046346445    -84.259046346445         0.11876E-03
    -84.259058780123    -84.259058780123         0.16148E-03
    -84.259047519748    -84.259047519748         0.18058E-03
    -84.259053198067    -84.259053198067         0.19003E-03
    -84.259053545908    -84.259053545908         0.15306E-03
    -84.259080440069    -84.259080440069         0.11315E-03
    -84.259043793542    -84.259043793542         0.17484E-03
    -84.259052441646    -84.259052441646         0.10687E-03
    -84.259043917878    -84.259043917878         0.17682E-03
    -84.259053988269    -84.259053988269         0.93775E-04
    -84.259043819252    -84.259043819252         0.16248E-03
    -84.259150606533    -84.259150606533         0.53316E-04
    -84.259050944108    -84.259050944108         0.14390E-03
    -84.259056980507    -84.259056980507         0.12185E-03
    -84.259050969254    -84.259050969254         0.34674E-04
    -84.259056491569    -84.259056491569         0.10110E-03
    -84.259101340207    -84.259101340207         0.12657E-03
    -84.259083232139    -84.259083232139         0.94233E-04
    -84.259061909247    -84.259061909247         0.15316E-03
    -84.259053253810    -84.259053253810         0.11179E-03
    -84.259042721815    -84.259042721815         0.14039E-03
    -84.259048644916    -84.259048644916         0.37606E-04
    -84.259060426991    -84.259060426991         0.81052E-04
    -84.259046581792    -84.259046581792         0.68892E-04
    -84.259055532249    -84.259055532249         0.11019E-03
    -84.259086860051    -84.259086860051         0.87367E-04
    -84.259058820096    -84.259058820096         0.70548E-04
    -84.259045435668    -84.259045435668         0.93834E-04
    -84.259064163741    -84.259064163741         0.17105E-03
    -84.259048267797    -84.259048267797         0.36233E-04
    -84.259048768449    -84.259048768449         0.58379E-04
    -84.259052684713    -84.259052684713         0.40382E-04
    -84.259013205244    -84.259013205244         0.16031E-03
    -84.259078495086    -84.259078495086         0.19379E-03
    -84.259011723390    -84.259011723390         0.12539E-03
    -84.259056049286    -84.259056049286         0.10235E-03
    -84.259053651480    -84.259053651480         0.17731E-03
    -84.259041449556    -84.259041449556         0.59753E-04
    -84.259057716420    -84.259057716420         0.18988E-03
    -84.259010306612    -84.259010306612         0.12123E-03
    -84.259078860850    -84.259078860850         0.73194E-04
    -84.259010667047    -84.259010667047         0.10660E-03
    -84.259099941369    -84.259099941369         0.18146E-03
    -84.259036711956    -84.259036711956         0.65016E-04
    -84.259011006439    -84.259011006439         0.19609E-03
    -84.259034721393    -84.259034721393         0.12937E-03
    -84.259044493446    -84.259044493446         0.14846E-03
    -84.259039376693    -84.259039376693         0.33024E-04
    -84.259012010616    -84.259012010616         0.89977E-04
    -84.259010104466    -84.259010104466         0.16707E-03
    -84.259045466900    -84.259045466900         0.43231E-04
    -84.259038761570    -84.259038761570         0.35910E-04
    -84.259050128463    -84.259050128463         0.58578E-04
    -84.259036859561    -84.259036859561         0.79621E-04
    -84.259051171187    -84.259051171187         0.66567E-04
    -84.258995012355    -84.258995012355         0.14467E-03
    -84.259036303162    -84.259036303162         0.76139E-04
    -84.258994622896    -84.258994622896         0.12913E-03
    -84.259023472317    -84.259023472317         0.44781E-04
    -84.259062295034    -84.259062295034         0.12566E-03
    -84.259014827368    -84.259014827368         0.93304E-04
    -84.259057734113    -84.259057734113         0.15590E-03
    -84.259059537880    -84.259059537880         0.14205E-03
    -84.259060339174    -84.259060339174         0.10534E-03
    -84.258994686858    -84.258994686858         0.14182E-03
    -84.258993068510    -84.258993068510         0.19597E-03
    -84.258994468147    -84.258994468147         0.13435E-03
    -84.259059182717    -84.259059182717         0.24355E-04
    -84.258993321719    -84.258993321719         0.12850E-03
    -84.258993964348    -84.258993964348         0.15093E-03
    -84.259048491003    -84.259048491003         0.99630E-04
    -84.258993742314    -84.258993742314         0.76562E-04
    -84.259023936221    -84.259023936221         0.51695E-04
    -84.258992007054    -84.258992007054         0.18943E-03
    -84.258992925099    -84.258992925099         0.15037E-03
    -84.259051021790    -84.259051021790         0.11066E-03
    -84.258995643231    -84.258995643231         0.15796E-03
    -84.259039070529    -84.259039070529         0.82709E-04
    -84.259007655515    -84.259007655515         0.89361E-04
    -84.258996696850    -84.258996696850         0.66519E-04
    -84.258991659724    -84.258991659724         0.16571E-03
    -84.259073095265    -84.259073095265         0.53476E-04
    -84.258992066041    -84.258992066041         0.48078E-04
    -84.258987205809    -84.258987205809         0.17151E-03
    -84.259029012498    -84.259029012498         0.40121E-04
    -84.258989851741    -84.258989851741         0.65428E-04
    -84.258992044350    -84.258992044350         0.32347E-04
    -84.258988548544    -84.258988548544         0.16682E-03
    -84.259080316107    -84.259080316107         0.88800E-04
    -84.258986509914    -84.258986509914         0.58941E-04
    -84.258989084215    -84.258989084215         0.16011E-03
    -84.259761000535    -84.259761000535         0.11008E-03
    -84.258995810010    -84.258995810010         0.85377E-04
    -84.258965094444    -84.258965094444         0.63757E-04
    -84.259009890963    -84.259009890963         0.14244E-03
    -84.258949151197    -84.258949151197         0.13220E-03
    -84.258999981375    -84.258999981375         0.31929E-04
    -84.258970085949    -84.258970085949         0.38960E-04
    -84.259736454557    -84.259736454557         0.18083E-03
    -84.258973254980    -84.258973254980         0.61139E-04
    -84.258992192124    -84.258992192124         0.50368E-04
    -84.258983298152    -84.258983298152         0.29043E-04
    -84.258967955606    -84.258967955606         0.56280E-04
    -84.259009850655    -84.259009850655         0.70295E-04
    -84.258941446609    -84.258941446609         0.10485E-03
    -84.259736966138    -84.259736966138         0.18751E-03
    -84.258998624471    -84.258998624471         0.63265E-04
    -84.258924435576    -84.258924435576         0.18193E-03
    -84.258983784475    -84.258983784475         0.61121E-04
    -84.259190680396    -84.259190680396         0.52099E-04
    -84.258988369509    -84.258988369509         0.11255E-03
    -84.258920125792    -84.258920125792         0.16399E-03
    -84.258969196144    -84.258969196144         0.11255E-03
    -84.258988020470    -84.258988020470         0.63845E-04
    -84.259760912082    -84.259760912082         0.12143E-03
    -84.258919151071    -84.258919151071         0.15966E-03
    -84.258919485074    -84.258919485074         0.19753E-03
    -84.258970113198    -84.258970113198         0.11587E-03
    -84.258919647920    -84.258919647920         0.14394E-03
    -84.258919358918    -84.258919358918         0.13818E-03
    -84.258918821619    -84.258918821619         0.12333E-03
    -84.259954331332    -84.259954331332         0.36186E-04
    -84.258916930227    -84.258916930227         0.13449E-03
    -84.258921971439    -84.258921971439         0.11224E-03
    -84.258922673259    -84.258922673259         0.12282E-03
    -84.258907152107    -84.258907152107         0.16890E-03
    -84.258907581668    -84.258907581668         0.12359E-03
    -84.258908423207    -84.258908423207         0.75202E-04
    -84.258907043057    -84.258907043057         0.10644E-03
    -84.258903580950    -84.258903580950         0.18130E-03
    -84.258914250954    -84.258914250954         0.17618E-03
    -84.258905511576    -84.258905511576         0.19954E-03
    -84.259956595937    -84.259956595937         0.20452E-04
    -84.258903179086    -84.258903179086         0.10842E-03
    -84.258915300599    -84.258915300599         0.33629E-04
    -84.258902806118    -84.258902806118         0.14578E-03
    -84.258994114157    -84.258994114157         0.48972E-04
    -84.258982958816    -84.258982958816         0.75868E-04
    -84.258902514960    -84.258902514960         0.26878E-04
    -84.258913216229    -84.258913216229         0.19741E-03
    -84.258904992746    -84.258904992746         0.13369E-03
    -84.258893271603    -84.258893271603         0.10752E-03
    -84.258892411946    -84.258892411946         0.11456E-03
    -84.259250724616    -84.259250724616         0.13084E-03
    -84.258886334678    -84.258886334678         0.27761E-04
    -84.258881079968    -84.258881079968         0.16990E-03
    -84.258890349668    -84.258890349668         0.17381E-03
    -84.258882557660    -84.258882557660         0.14755E-03
    -84.258882234086    -84.258882234086         0.13022E-03
    -84.258889716691    -84.258889716691         0.74984E-04
    -84.259014355814    -84.259014355814         0.77259E-04
    -84.258873889482    -84.258873889482         0.11318E-03
    -84.258898747859    -84.258898747859         0.27186E-04
    -84.258891751989    -84.258891751989         0.19016E-03
    -84.258878711662    -84.258878711662         0.14937E-03
    -84.258912787596    -84.258912787596         0.19687E-03
    -84.258890764451    -84.258890764451         0.15632E-03
    -84.258887542583    -84.258887542583         0.17134E-03
    -84.258890858142    -84.258890858142         0.15830E-03
    -84.258887382198    -84.258887382198         0.13653E-03
    -84.258878425723    -84.258878425723         0.19855E-03
    -84.258881409618    -84.258881409618         0.10667E-03
    -84.258885236351    -84.258885236351         0.40953E-04
    -84.258858636081    -84.258858636081         0.99109E-04
    -84.258885179908    -84.258885179908         0.13638E-03
    -84.258888168589    -84.258888168589         0.15403E-03
    -84.258850454014    -84.258850454014         0.92301E-04
    -84.258899158038    -84.258899158038         0.36928E-04
    -84.258844877292    -84.258844877292         0.15966E-03
    -84.258850678977    -84.258850678977         0.31200E-04
    -84.258869197977    -84.258869197977         0.29396E-04
    -84.258865288514    -84.258865288514         0.17343E-03
    -84.258834525084    -84.258834525084         0.14471E-03
    -84.258831189782    -84.258831189782         0.10246E-03
    -84.258891541128    -84.258891541128         0.17526E-03
    -84.258846278975    -84.258846278975         0.32793E-04
    -84.258830059139    -84.258830059139         0.72463E-04
    -84.258822969047    -84.258822969047         0.18470E-03
    -84.258834116885    -84.258834116885         0.15838E-03
    -84.258828798792    -84.258828798792         0.19235E-03
    -84.258859232058    -84.258859232058         0.11823E-03
    -84.258830852324    -84.258830852324         0.18834E-03
    -84.258829298097    -84.258829298097         0.19058E-03
    -84.258831707879    -84.258831707879         0.95042E-04
    -84.258886947513    -84.258886947513         0.17826E-03
    -84.258831884483    -84.258831884483         0.18682E-03
    -84.258822457488    -84.258822457488         0.14624E-03
    -84.258831301255    -84.258831301255         0.13339E-03
    -84.258832994826    -84.258832994826         0.13356E-03
    -84.258856888057    -84.258856888057         0.73236E-04
    -84.258854353359    -84.258854353359         0.18445E-03
    -84.258834743082    -84.258834743082         0.33777E-04
    -84.258847888831    -84.258847888831         0.17018E-03
    -84.258812680047    -84.258812680047         0.13269E-03
    -84.258868411352    -84.258868411352         0.14501E-03
    -84.258814842349    -84.258814842349         0.15487E-03
    -84.258882445322    -84.258882445322         0.16325E-03
    -84.258831507127    -84.258831507127         0.14314E-03
    -84.258874013393    -84.258874013393         0.15848E-03
    -84.258834848556    -84.258834848556         0.19245E-03
    -84.258823914675    -84.258823914675         0.95284E-04
    -84.258800917600    -84.258800917600         0.10290E-03
    -84.258832187136    -84.258832187136         0.17107E-03
    -84.258846273517    -84.258846273517         0.53625E-04
    -84.258837559662    -84.258837559662         0.72144E-04
    -84.258828792782    -84.258828792782         0.96009E-04
    -84.258823635303    -84.258823635303         0.18507E-03
    -84.258817128104    -84.258817128104         0.99733E-04
    -84.258812319546    -84.258812319546         0.17429E-03
    -84.258793553056    -84.258793553056         0.16134E-03
    -84.258792644447    -84.258792644447         0.18144E-03
    -84.258817176521    -84.258817176521         0.76897E-04
    -84.258831892760    -84.258831892760         0.55701E-04
    -84.258779198005    -84.258779198005         0.19412E-03
    -84.258812899975    -84.258812899975         0.17360E-03
    -84.258770989405    -84.258770989405         0.15225E-03
    -84.258777613766    -84.258777613766         0.13434E-03
    -84.258844971866    -84.258844971866         0.15890E-03
    -84.258817799135    -84.258817799135         0.18081E-03
    -84.258782168517    -84.258782168517         0.90351E-04
    -84.258960465919    -84.258960465919         0.38370E-04
    -84.258803874933    -84.258803874933         0.11143E-03
    -84.258763754066    -84.258763754066         0.16259E-03
    -84.258782420290    -84.258782420290         0.98521E-04
    -84.258796992630    -84.258796992630         0.13368E-03
    -84.258843998270    -84.258843998270         0.17518E-03
    -84.258763946920    -84.258763946920         0.73405E-04
    -84.258763606851    -84.258763606851         0.15802E-03
    -84.258745179140    -84.258745179140         0.14930E-03
    -84.258768562113    -84.258768562113         0.19373E-03
    -84.258743232285    -84.258743232285         0.12798E-03
    -84.258742377972    -84.258742377972         0.29818E-04
    -84.258735421783    -84.258735421783         0.16513E-03
    -84.258790013572    -84.258790013572         0.19317E-03
    -84.258733350951    -84.258733350951         0.78131E-04
    -84.259824910446    -84.259824910446         0.10862E-03
    -84.258716689119    -84.258716689119         0.17728E-03
    -84.258733091141    -84.258733091141         0.15803E-03
    -84.260294912450    -84.260294912450         0.63367E-04
    -84.258732203156    -84.258732203156         0.31464E-04
    -84.258720495471    -84.258720495471         0.13965E-03
    -84.258720395793    -84.258720395793         0.14996E-03
    -84.258731060535    -84.258731060535         0.16310E-03
    -84.258746175435    -84.258746175435         0.74712E-04
    -84.258766550232    -84.258766550232         0.36779E-04
    -84.258709909703    -84.258709909703         0.19407E-03
    -84.258834469847    -84.258834469847         0.18839E-03
    -84.258728082584    -84.258728082584         0.10592E-03
    -84.258811606532    -84.258811606532         0.92339E-04
    -84.258704907287    -84.258704907287         0.87109E-04
    -84.258708759690    -84.258708759690         0.19169E-03
    -84.258714664393    -84.258714664393         0.15391E-03
    -84.258710000513    -84.258710000513         0.70292E-04
    -84.258834903684    -84.258834903684         0.15538E-03
    -84.258708834727    -84.258708834727         0.13313E-03
    -84.258706239859    -84.258706239859         0.98193E-04
    -84.258698651019    -84.258698651019         0.19599E-03
    -84.258694314956    -84.258694314956         0.86657E-04
    -84.258703384469    -84.258703384469         0.10583E-03
    -84.258829849572    -84.258829849572         0.16738E-03
    -84.258686789165    -84.258686789165         0.98932E-04
    -84.258707154098    -84.258707154098         0.12282E-03
    -84.258706770304    -84.258706770304         0.19739E-03
    -84.258714175250    -84.258714175250         0.48489E-04
    -84.258733265682    -84.258733265682         0.88688E-04
    -84.258685843073    -84.258685843073         0.11554E-03
    -84.258688099392    -84.258688099392         0.14447E-03
    -84.258682675953    -84.258682675953         0.18701E-03
    -84.258681975880    -84.258681975880         0.19254E-03
    -84.258679645761    -84.258679645761         0.17222E-03
    -84.258680815705    -84.258680815705         0.12907E-03
    -84.258682401505    -84.258682401505         0.17559E-03
    -84.258679340380    -84.258679340380         0.16248E-03
    -84.258662904022    -84.258662904022         0.16081E-03
    -84.258686367519    -84.258686367519         0.12232E-03
    -84.258701311859    -84.258701311859         0.14998E-03
    -84.258715894260    -84.258715894260         0.56665E-04
    -84.258677083079    -84.258677083079         0.83976E-04
    -84.258680333581    -84.258680333581         0.82843E-04
    -84.258679826638    -84.258679826638         0.18007E-03
    -84.258688761571    -84.258688761571         0.80749E-04
    -84.259051013797    -84.259051013797         0.25505E-04
    -84.258693554296    -84.258693554296         0.19027E-03
    -84.258704740157    -84.258704740157         0.39629E-04
    -84.258677911875    -84.258677911875         0.74843E-04
    -84.259044622846    -84.259044622846         0.42572E-04
    -84.258679631687    -84.258679631687         0.39130E-04
    -84.258651508697    -84.258651508697         0.10838E-03
    -84.258650729782    -84.258650729782         0.17185E-03
    -84.258646662100    -84.258646662100         0.17305E-03
    -84.258721348563    -84.258721348563         0.46462E-04
    -84.258662043845    -84.258662043845         0.14223E-03
    -84.258679440194    -84.258679440194         0.59670E-04
    -84.258650629075    -84.258650629075         0.14979E-03
    -84.258647474314    -84.258647474314         0.10540E-03
    -84.258646875415    -84.258646875415         0.17505E-03
    -84.258650195392    -84.258650195392         0.19689E-03
    -84.258641583755    -84.258641583755         0.10395E-03
    -84.258658084364    -84.258658084364         0.10829E-03
    -84.258643928278    -84.258643928278         0.57944E-04
    -84.258641863656    -84.258641863656         0.11669E-03
    -84.258693280061    -84.258693280061         0.41884E-04
    -84.258642997735    -84.258642997735         0.17114E-03
    -84.258649746076    -84.258649746076         0.10883E-03
    -84.258649623438    -84.258649623438         0.51300E-04
    -84.258646428126    -84.258646428126         0.19493E-03
    -84.258653738195    -84.258653738195         0.69280E-04
    -84.258634922786    -84.258634922786         0.49926E-04
    -84.258691566126    -84.258691566126         0.47993E-04
    -84.258644136309    -84.258644136309         0.10046E-03
    -84.258619952019    -84.258619952019         0.12891E-03
    -84.258625006833    -84.258625006833         0.95070E-04
    -84.258620133197    -84.258620133197         0.10486E-03
    -84.258636341382    -84.258636341382         0.19467E-03
    -84.258622741102    -84.258622741102         0.13831E-03
    -84.258618149434    -84.258618149434         0.13559E-03
    -84.258620071930    -84.258620071930         0.10619E-03
    -84.258621067038    -84.258621067038         0.79960E-04
    -84.258609528518    -84.258609528518         0.19960E-03
    -84.258620216981    -84.258620216981         0.11318E-03
    -84.258652602257    -84.258652602257         0.63733E-04
    -84.258637492688    -84.258637492688         0.43255E-04
    -84.258636414820    -84.258636414820         0.53169E-04
    -84.258609284814    -84.258609284814         0.12190E-03
    -84.258619842280    -84.258619842280         0.12268E-03
    -84.258608846212    -84.258608846212         0.19922E-03
    -84.258616438239    -84.258616438239         0.18910E-03
    -84.258610857234    -84.258610857234         0.16642E-03
    -84.258683325841    -84.258683325841         0.62472E-04
    -84.258609294937    -84.258609294937         0.88146E-04
    -84.259051212626    -84.259051212626         0.19635E-04
    -84.258611088912    -84.258611088912         0.15609E-03
    -84.258604156528    -84.258604156528         0.16413E-03
    -84.258609386087    -84.258609386087         0.10074E-03
    -84.258610641823    -84.258610641823         0.15068E-03
    -84.258609877794    -84.258609877794         0.17954E-03
    -84.258601948814    -84.258601948814         0.16673E-03
    -84.258603850708    -84.258603850708         0.13089E-03
    -84.258610885032    -84.258610885032         0.55653E-04
    -84.258599046350    -84.258599046350         0.11150E-03
    -84.258598023769    -84.258598023769         0.14707E-03
    -84.258601904964    -84.258601904964         0.17274E-03
    -84.258824023739    -84.258824023739         0.48505E-04
    -84.258601666569    -84.258601666569         0.17620E-03
    -84.258610925640    -84.258610925640         0.28078E-04
    -84.258603976830    -84.258603976830         0.12557E-03
    -84.258631356558    -84.258631356558         0.17168E-03
    -84.258597978495    -84.258597978495         0.18199E-03
    -84.258601074124    -84.258601074124         0.19473E-03
    -84.258599892104    -84.258599892104         0.91796E-04
    -84.258601669141    -84.258601669141         0.16793E-03
    -84.258610613155    -84.258610613155         0.13064E-03
    -84.258609772723    -84.258609772723         0.60547E-04
    -84.258585376177    -84.258585376177         0.14633E-03
    -84.258644907023    -84.258644907023         0.13490E-03
    -84.258602790270    -84.258602790270         0.17141E-03
    -84.258598620372    -84.258598620372         0.17494E-03
    -84.258598933353    -84.258598933353         0.12321E-03
    -84.258600669954    -84.258600669954         0.12160E-03
    -84.258589824616    -84.258589824616         0.13236E-03
    -84.258590370628    -84.258590370628         0.13131E-03
    -84.258596191735    -84.258596191735         0.13155E-03
    -84.258604921043    -84.258604921043         0.19663E-03
    -84.258596407201    -84.258596407201         0.54689E-04
    -84.258601698506    -84.258601698506         0.19084E-03
    -84.258589774677    -84.258589774677         0.17525E-03
    -84.258586482455    -84.258586482455         0.76857E-04
    -84.258600177747    -84.258600177747         0.11368E-03
    -84.258601155858    -84.258601155858         0.12708E-03
    -84.258572664112    -84.258572664112         0.19748E-03
    -84.258607779801    -84.258607779801         0.50386E-04
    -84.258598564341    -84.258598564341         0.14848E-03
    -84.258570291786    -84.258570291786         0.73083E-04
    -84.258595260791    -84.258595260791         0.18200E-03
    -84.258641338216    -84.258641338216         0.67052E-04
    -84.258562071513    -84.258562071513         0.16225E-03
    -84.258562118222    -84.258562118222         0.61829E-04
    -84.258586682013    -84.258586682013         0.11538E-03
    -84.258594170021    -84.258594170021         0.67403E-04
    -84.258591074867    -84.258591074867         0.16521E-03
    -84.258570670528    -84.258570670528         0.47369E-04
    -84.258570760111    -84.258570760111         0.21902E-04
    -84.258557137256    -84.258557137256         0.19124E-03
    -84.258560776692    -84.258560776692         0.18550E-03
    -84.258583792336    -84.258583792336         0.16056E-03
    -84.258562217760    -84.258562217760         0.18732E-03
    -84.258562535021    -84.258562535021         0.15071E-03
    -84.258562645657    -84.258562645657         0.64782E-04
    -84.258561259256    -84.258561259256         0.55949E-04
    -84.258547112971    -84.258547112971         0.12280E-03
    -84.258571994830    -84.258571994830         0.95804E-04
    -84.258558900848    -84.258558900848         0.17370E-03
    -84.258547047345    -84.258547047345         0.15548E-03
    -84.258558622370    -84.258558622370         0.90645E-04
    -84.258562658923    -84.258562658923         0.12805E-03
    -84.258553047059    -84.258553047059         0.18871E-03
    -84.258578496463    -84.258578496463         0.15404E-03
    -84.258570320618    -84.258570320618         0.81871E-04
    -84.258562418618    -84.258562418618         0.14557E-03
    -84.258561450960    -84.258561450960         0.17658E-03
    -84.258566554689    -84.258566554689         0.55414E-04
    -84.258559668292    -84.258559668292         0.17498E-03
    -84.258545462088    -84.258545462088         0.13725E-03
    -84.258569846940    -84.258569846940         0.30172E-04
    -84.258626526723    -84.258626526723         0.18965E-03
    -84.258578309263    -84.258578309263         0.31911E-04
    -84.258562171044    -84.258562171044         0.19492E-03
    -84.258686372295    -84.258686372295         0.12945E-03
    -84.258596755966    -84.258596755966         0.81746E-04
    -84.258535096072    -84.258535096072         0.16271E-03
    -84.258591820420    -84.258591820420         0.12904E-03
    -84.258613539019    -84.258613539019         0.33160E-04
    -84.258533041111    -84.258533041111         0.15088E-03
    -84.258547013063    -84.258547013063         0.59750E-04
    -84.258550942624    -84.258550942624         0.29565E-04
    -84.258540095204    -84.258540095204         0.15140E-03
    -84.258590432314    -84.258590432314         0.14576E-03
    -84.258546969924    -84.258546969924         0.17183E-03
    -84.258515561785    -84.258515561785         0.16696E-03
    -84.258535668771    -84.258535668771         0.77779E-04
    -84.260953341903    -84.260953341903         0.18085E-03
    -84.258530319163    -84.258530319163         0.16709E-03
    -84.258593956046    -84.258593956046         0.34910E-04
    -84.258535559873    -84.258535559873         0.16242E-03
    -84.258881384195    -84.258881384195         0.15703E-03
    -84.258560203876    -84.258560203876         0.41196E-04
    -84.258515201216    -84.258515201216         0.14034E-03
    -84.258574260391    -84.258574260391         0.38457E-04
    -84.258536771533    -84.258536771533         0.12178E-03
    -84.258517999137    -84.258517999137         0.90005E-04
    -84.258507246986    -84.258507246986         0.17346E-03
    -84.258665218176    -84.258665218176         0.15466E-03
    -84.258509556760    -84.258509556760         0.14100E-03
    -84.258585986097    -84.258585986097         0.84376E-04
    -84.258540714318    -84.258540714318         0.63164E-04
    -84.258515340074    -84.258515340074         0.10604E-03
    -84.258505976732    -84.258505976732         0.17355E-03
    -84.258506967900    -84.258506967900         0.16838E-03
    -84.258534926196    -84.258534926196         0.18893E-03
    -84.258505656733    -84.258505656733         0.18943E-03
    -84.258570328654    -84.258570328654         0.36402E-04
    -84.258508707999    -84.258508707999         0.18431E-03
    -84.258505013396    -84.258505013396         0.16449E-03
    -84.258495537831    -84.258495537831         0.11183E-03
    -84.258498536963    -84.258498536963         0.13343E-03
    -84.258505018603    -84.258505018603         0.74283E-04
    -84.258507233423    -84.258507233423         0.14701E-03
    -84.258623097049    -84.258623097049         0.16297E-03
    -84.258503285259    -84.258503285259         0.19498E-03
    -84.258504464983    -84.258504464983         0.11240E-03
    -84.258506061782    -84.258506061782         0.71603E-04
    -84.258509086958    -84.258509086958         0.18632E-03
    -84.258530399193    -84.258530399193         0.35745E-04
    -84.258507715946    -84.258507715946         0.87149E-04
    -84.258502831079    -84.258502831079         0.17252E-03
    -84.258507802727    -84.258507802727         0.18504E-03
    -84.258530861487    -84.258530861487         0.16485E-03
    -84.258541553540    -84.258541553540         0.55313E-04
    -84.258517198995    -84.258517198995         0.64877E-04
    -84.258490849555    -84.258490849555         0.35752E-04
    -84.258505252963    -84.258505252963         0.16694E-03
    -84.258476548425    -84.258476548425         0.13920E-03
    -84.258570072925    -84.258570072925         0.24956E-04
    -84.258475355764    -84.258475355764         0.19945E-03
    -84.258475822559    -84.258475822559         0.19447E-03
    -84.258505996332    -84.258505996332         0.76306E-04
    -84.258510065542    -84.258510065542         0.98887E-04
    -84.258509788960    -84.258509788960         0.11999E-03
    -84.258477569370    -84.258477569370         0.10865E-03
    -84.258503291398    -84.258503291398         0.18761E-03
    -84.258493028466    -84.258493028466         0.24827E-04
    -84.258491140414    -84.258491140414         0.68318E-04
    -84.258499559868    -84.258499559868         0.41819E-04
    -84.258487628271    -84.258487628271         0.49621E-04
    -84.258606632368    -84.258606632368         0.74590E-04
    -84.258476170073    -84.258476170073         0.10046E-03
    -84.258499863668    -84.258499863668         0.94110E-04
    -84.258572554112    -84.258572554112         0.31527E-04
    -84.258486714395    -84.258486714395         0.13604E-03
    -84.258505958818    -84.258505958818         0.32960E-04
    -84.258510050320    -84.258510050320         0.97372E-04
    -84.258496174064    -84.258496174064         0.19073E-03
    -84.258476023469    -84.258476023469         0.14853E-03
    -84.258496760053    -84.258496760053         0.19808E-03
    -84.259219774520    -84.259219774520         0.12846E-03
    -84.258471315467    -84.258471315467         0.90002E-04
    -84.258509350254    -84.258509350254         0.14002E-03
    -84.258471753051    -84.258471753051         0.11925E-03
    -84.258460405724    -84.258460405724         0.17538E-03
    -84.258471790852    -84.258471790852         0.49702E-04
    -84.258507588573    -84.258507588573         0.14335E-03
    -84.258485183876    -84.258485183876         0.96268E-04
    -84.258508692837    -84.258508692837         0.52796E-04
    -84.258486010622    -84.258486010622         0.70067E-04
    -84.258485230285    -84.258485230285         0.99080E-04
    -84.258494564732    -84.258494564732         0.70245E-04
    -84.258515052024    -84.258515052024         0.14766E-03
    -84.258492648964    -84.258492648964         0.16150E-03
    -84.258484607183    -84.258484607183         0.47623E-04
    -84.258467643630    -84.258467643630         0.19729E-03
    -84.258566551604    -84.258566551604         0.49317E-04
    -84.258497788089    -84.258497788089         0.11701E-03
    -84.258455847555    -84.258455847555         0.10968E-03
    -84.258450076077    -84.258450076077         0.17788E-03
    -84.258486787704    -84.258486787704         0.93991E-04
    -84.258498383851    -84.258498383851         0.26332E-04
    -84.258495735591    -84.258495735591         0.17376E-03
    -84.258487337146    -84.258487337146         0.17334E-03
    -84.258477527399    -84.258477527399         0.11646E-03
    -84.258777278165    -84.258777278165         0.10569E-03
    -84.258494819109    -84.258494819109         0.12811E-03
    -84.258506163921    -84.258506163921         0.11497E-03
    -84.258482539006    -84.258482539006         0.16203E-03
    -84.258478025679    -84.258478025679         0.16294E-03
    -84.258454058986    -84.258454058986         0.13462E-03
    -84.258479120981    -84.258479120981         0.73061E-04
    -84.258456407265    -84.258456407265         0.19446E-03
    -84.258526726703    -84.258526726703         0.18160E-03
    -84.258500261814    -84.258500261814         0.63129E-04
    -84.258471084823    -84.258471084823         0.30969E-04
    -84.258503019542    -84.258503019542         0.40925E-04
    -84.258445013690    -84.258445013690         0.99480E-04
    -84.258458073590    -84.258458073590         0.19345E-03
    -84.258450878001    -84.258450878001         0.69974E-04
    -84.258453949917    -84.258453949917         0.13758E-03
    -84.258467817646    -84.258467817646         0.59812E-04
    -84.258454976165    -84.258454976165         0.19273E-03
    -84.258457730312    -84.258457730312         0.16913E-03
    -84.258487400234    -84.258487400234         0.28486E-04
    -84.258491363260    -84.258491363260         0.39228E-04
    -84.258453483781    -84.258453483781         0.11555E-03
    -84.258451728853    -84.258451728853         0.19370E-03
    -84.258504287645    -84.258504287645         0.64314E-04
    -84.258485065896    -84.258485065896         0.37586E-04
    -84.258455870164    -84.258455870164         0.11368E-03
    -84.258459324598    -84.258459324598         0.16749E-03
    -84.258490321797    -84.258490321797         0.92963E-04
    -84.258440025964    -84.258440025964         0.19933E-03
    -84.258472492130    -84.258472492130         0.77206E-04
    -84.258451026000    -84.258451026000         0.14166E-03
    -84.258478582969    -84.258478582969         0.14815E-03
    -84.258443556083    -84.258443556083         0.16380E-03
    -84.258440212188    -84.258440212188         0.16945E-03
    -84.258460821340    -84.258460821340         0.18783E-03
    -84.258442369667    -84.258442369667         0.49592E-04
    -84.258441556230    -84.258441556230         0.93321E-04
    -84.258594130982    -84.258594130982         0.19789E-03
    -84.258450990901    -84.258450990901         0.30045E-04
    -84.258440458877    -84.258440458877         0.19219E-03
    -84.258439015229    -84.258439015229         0.15588E-03
    -84.258468039560    -84.258468039560         0.59245E-04
    -84.258442220122    -84.258442220122         0.19353E-03
    -84.258665180987    -84.258665180987         0.18904E-03
    -84.258436020338    -84.258436020338         0.17068E-03
    -84.258432938458    -84.258432938458         0.57689E-04
    -84.258412464885    -84.258412464885         0.11489E-03
    -84.258487903394    -84.258487903394         0.54072E-04
    -84.258411588957    -84.258411588957         0.13647E-03
    -84.258412916809    -84.258412916809         0.16995E-03
    -84.258413690756    -84.258413690756         0.13418E-03
    -84.258503226389    -84.258503226389         0.18968E-03
    -84.258411378760    -84.258411378760         0.11433E-03
    -84.258407077735    -84.258407077735         0.18745E-03
    -84.258444286171    -84.258444286171         0.93250E-04
    -84.258438170845    -84.258438170845         0.12317E-03
    -84.258436522244    -84.258436522244         0.10334E-03
    -84.261127361724    -84.261127361724         0.83493E-04
    -84.258409126149    -84.258409126149         0.13135E-03
    -84.258400736341    -84.258400736341         0.76301E-04
    -84.258424427935    -84.258424427935         0.56068E-04
    -84.258395742869    -84.258395742869         0.14273E-03
    -84.258397228173    -84.258397228173         0.87423E-04
    -84.258439390348    -84.258439390348         0.89213E-04
    -84.258451797281    -84.258451797281         0.15984E-03
    -84.258397777926    -84.258397777926         0.16585E-03
    -84.258398511564    -84.258398511564         0.72073E-04
    -84.258399245160    -84.258399245160         0.17146E-03
    -84.258492611337    -84.258492611337         0.63822E-04
    -84.258425705976    -84.258425705976         0.14768E-03
    -84.258397958098    -84.258397958098         0.19345E-03
    -84.258399281839    -84.258399281839         0.12833E-03
    -84.258411937716    -84.258411937716         0.15437E-03
    -84.258398129924    -84.258398129924         0.13391E-03
    -84.258388417259    -84.258388417259         0.10521E-03
    -84.258398795200    -84.258398795200         0.12120E-03
    -84.258394827982    -84.258394827982         0.14720E-03
    -84.258465187700    -84.258465187700         0.15163E-03
    -84.258401230319    -84.258401230319         0.72227E-04
    -84.258415534005    -84.258415534005         0.18880E-03
    -84.258402611960    -84.258402611960         0.51645E-04
    -84.258451948305    -84.258451948305         0.67941E-04
    -84.258408040632    -84.258408040632         0.13526E-03
    -84.258395042410    -84.258395042410         0.13333E-03
    -84.258392069743    -84.258392069743         0.19186E-03
    -84.258396392392    -84.258396392392         0.19969E-03
    -84.258397647328    -84.258397647328         0.75200E-04
    -84.258374499694    -84.258374499694         0.16051E-03
    -84.258390244289    -84.258390244289         0.14031E-03
    -84.258393643966    -84.258393643966         0.15894E-03
    -84.258393116015    -84.258393116015         0.10129E-03
    -84.258440751784    -84.258440751784         0.19498E-03
    -84.258396911283    -84.258396911283         0.18525E-03
    -84.258423506772    -84.258423506772         0.56644E-04
    -84.258482784916    -84.258482784916         0.68384E-04
    -84.258381403400    -84.258381403400         0.11937E-03
    -84.258367428213    -84.258367428213         0.15398E-03
    -84.258387204527    -84.258387204527         0.19516E-03
    -84.258392964828    -84.258392964828         0.52766E-04
    -84.258367656963    -84.258367656963         0.19475E-03
    -84.258382222584    -84.258382222584         0.11116E-03
    -84.258369694833    -84.258369694833         0.92659E-04
    -84.258500974519    -84.258500974519         0.18693E-03
    -84.258371725305    -84.258371725305         0.59891E-04
    -84.258448765456    -84.258448765456         0.76606E-04
    -84.258364090017    -84.258364090017         0.11127E-03
    -84.258383433326    -84.258383433326         0.18791E-03
    -84.258375542158    -84.258375542158         0.18994E-03
    -84.258444702244    -84.258444702244         0.67206E-04
    -84.258395077401    -84.258395077401         0.17246E-03
    -84.258381473751    -84.258381473751         0.18708E-03
    -84.258362849005    -84.258362849005         0.14570E-03
    -84.258361988946    -84.258361988946         0.10895E-03
    -84.258356449284    -84.258356449284         0.92228E-04
    -84.258362884954    -84.258362884954         0.16940E-03
    -84.258352997207    -84.258352997207         0.16439E-03
    -84.258422280246    -84.258422280246         0.56125E-04
    -84.258362816058    -84.258362816058         0.10789E-03
    -84.258361705247    -84.258361705247         0.11475E-03
    -84.258379328119    -84.258379328119         0.86312E-04
    -84.258360855979    -84.258360855979         0.10688E-03
    -84.258360044748    -84.258360044748         0.81429E-04
    -84.258353690665    -84.258353690665         0.19772E-03
    -84.258362484013    -84.258362484013         0.63504E-04
    -84.258350015637    -84.258350015637         0.18976E-03
    -84.258362221111    -84.258362221111         0.38843E-04
    -84.258434019109    -84.258434019109         0.57643E-04
    -84.258354202475    -84.258354202475         0.83748E-04
    -84.258358270821    -84.258358270821         0.35365E-04
    -84.258361336772    -84.258361336772         0.75397E-04
    -84.258356264089    -84.258356264089         0.18599E-03
    -84.258353818015    -84.258353818015         0.12387E-03
    -84.258358810893    -84.258358810893         0.16379E-03
    -84.258342363850    -84.258342363850         0.14371E-03
    -84.258353565052    -84.258353565052         0.10547E-03
    -84.258356430635    -84.258356430635         0.16793E-03
    -84.258368888744    -84.258368888744         0.19526E-03
    -84.258340489502    -84.258340489502         0.14130E-03
    -84.258366790424    -84.258366790424         0.14860E-03
    -84.258361902738    -84.258361902738         0.18670E-03
    -84.258361891412    -84.258361891412         0.14312E-03
    -84.258353828715    -84.258353828715         0.15717E-03
    -84.258360759637    -84.258360759637         0.32667E-04
    -84.258337230809    -84.258337230809         0.10922E-03
    -84.258355337510    -84.258355337510         0.13337E-03
    -84.258354933182    -84.258354933182         0.36472E-04
    -84.258333249888    -84.258333249888         0.14206E-03
    -84.258331507683    -84.258331507683         0.15324E-03
    -84.258331736856    -84.258331736856         0.92812E-04
    -84.258355732055    -84.258355732055         0.13457E-03
    -84.258349370945    -84.258349370945         0.16616E-03
    -84.258334167785    -84.258334167785         0.12084E-03
    -84.258346200859    -84.258346200859         0.85807E-04
    -84.258450908474    -84.258450908474         0.34094E-04
    -84.258558805557    -84.258558805557         0.77870E-04
    -84.258359420662    -84.258359420662         0.14749E-03
    -84.258333738372    -84.258333738372         0.16198E-03
    -84.258344996913    -84.258344996913         0.42588E-04
    -84.258353599692    -84.258353599692         0.18376E-03
    -84.258316111894    -84.258316111894         0.11833E-03
    -84.258351013764    -84.258351013764         0.69037E-04
    -84.258341593417    -84.258341593417         0.14794E-03
    -84.258331967592    -84.258331967592         0.12894E-03
    -84.258370590156    -84.258370590156         0.14106E-03
    -84.258356609060    -84.258356609060         0.24169E-04
    -84.258369501190    -84.258369501190         0.18561E-03
    -84.258371165255    -84.258371165255         0.15521E-03
    -84.258433131502    -84.258433131502         0.19218E-03
    -84.258336436836    -84.258336436836         0.18305E-03
    -84.258321487280    -84.258321487280         0.10994E-03
    -84.258321684779    -84.258321684779         0.18944E-03
    -84.258308069458    -84.258308069458         0.11316E-03
    -84.258310648607    -84.258310648607         0.19076E-03
    -84.258346908388    -84.258346908388         0.41122E-04
    -84.258303174213    -84.258303174213         0.11177E-03
    -84.258311127714    -84.258311127714         0.19679E-03
    -84.258301034149    -84.258301034149         0.11282E-03
    -84.258307521726    -84.258307521726         0.19250E-03
    -84.258304666570    -84.258304666570         0.97889E-04
    -84.258303481792    -84.258303481792         0.83869E-04
    -84.258296844702    -84.258296844702         0.17942E-03
    -84.258308322937    -84.258308322937         0.12692E-03
    -84.258292809935    -84.258292809935         0.14046E-03
    -84.258290060064    -84.258290060064         0.12614E-03
    -84.258320406866    -84.258320406866         0.11479E-03
    -84.258289372353    -84.258289372353         0.17196E-03
    -84.258309972960    -84.258309972960         0.95679E-04
    -84.258289393886    -84.258289393886         0.97218E-04
    -84.258304361144    -84.258304361144         0.17712E-03
    -84.258288353502    -84.258288353502         0.17373E-03
    -84.258292467583    -84.258292467583         0.19554E-03
    -84.258289435266    -84.258289435266         0.14314E-03
    -84.258353400401    -84.258353400401         0.69609E-04
    -84.258304251933    -84.258304251933         0.11320E-03
    -84.258310083029    -84.258310083029         0.18494E-03
    -84.258310249502    -84.258310249502         0.28408E-04
    -84.258289950189    -84.258289950189         0.15758E-03
    -84.258289248899    -84.258289248899         0.18174E-03
    -84.258303457511    -84.258303457511         0.11736E-03
    -84.258281418112    -84.258281418112         0.12212E-03
    -84.258284707265    -84.258284707265         0.10963E-03
    -84.258305573715    -84.258305573715         0.92123E-04
    -84.258288921194    -84.258288921194         0.18430E-03
    -84.258309459283    -84.258309459283         0.11566E-03
    -84.258294840928    -84.258294840928         0.46099E-04
    -84.258323760890    -84.258323760890         0.17509E-03
    -84.258299653185    -84.258299653185         0.13452E-03
    -84.258293385633    -84.258293385633         0.77224E-04
    -84.258315570034    -84.258315570034         0.14325E-03
    -84.258293831332    -84.258293831332         0.15386E-03
    -84.258289714515    -84.258289714515         0.12544E-03
    -84.258288916856    -84.258288916856         0.16701E-03
    -84.258304967649    -84.258304967649         0.10514E-03
    -84.258322349202    -84.258322349202         0.10038E-03
    -84.258295281851    -84.258295281851         0.41869E-04
    -84.258277467288    -84.258277467288         0.18293E-03
    -84.258306353338    -84.258306353338         0.10033E-03
    -84.258280603656    -84.258280603656         0.18630E-03
    -84.258304155095    -84.258304155095         0.14095E-03
    -84.258288468704    -84.258288468704         0.15448E-03
    -84.258300334438    -84.258300334438         0.11414E-03
    -84.258305369810    -84.258305369810         0.48545E-04
    -84.258303954128    -84.258303954128         0.13886E-03
    -84.258289926587    -84.258289926587         0.62497E-04
    -84.258310524728    -84.258310524728         0.15053E-03
    -84.258311892424    -84.258311892424         0.12840E-03
    -84.258289561312    -84.258289561312         0.13236E-03
    -84.258301863549    -84.258301863549         0.16582E-03
    -84.258290886329    -84.258290886329         0.66619E-04
    -84.258291086330    -84.258291086330         0.14919E-03
    -84.258283747599    -84.258283747599         0.73646E-04
    -84.258558016303    -84.258558016303         0.18127E-03
    -84.258558202945    -84.258558202945         0.15036E-03
    -84.258271419591    -84.258271419591         0.92965E-04
    -84.258296866433    -84.258296866433         0.15420E-03
    -84.258287311823    -84.258287311823         0.90377E-04
    -84.258272161259    -84.258272161259         0.15829E-03
    -84.258287917673    -84.258287917673         0.18791E-03
    -84.258352720560    -84.258352720560         0.18533E-03
    -84.258297299155    -84.258297299155         0.50243E-04
    -84.258290373250    -84.258290373250         0.16304E-03
    -84.258303602533    -84.258303602533         0.13567E-03
    -84.258267109816    -84.258267109816         0.14293E-03
    -84.258297702405    -84.258297702405         0.26468E-04
    -84.258310090792    -84.258310090792         0.32727E-04
    -84.258288462373    -84.258288462373         0.19612E-03
    -84.258254777665    -84.258254777665         0.18898E-03
    -84.258282761563    -84.258282761563         0.64815E-04
    -84.258260064056    -84.258260064056         0.15534E-03
    -84.258294784797    -84.258294784797         0.18219E-03
    -84.258280471907    -84.258280471907         0.15669E-03
    -84.258300320546    -84.258300320546         0.59957E-04
    -84.258287953536    -84.258287953536         0.57566E-04
    -84.258259704579    -84.258259704579         0.10842E-03
    -84.258275152612    -84.258275152612         0.58568E-04
    -84.258293621077    -84.258293621077         0.48841E-04
    -84.258271056307    -84.258271056307         0.91165E-04
    -84.258254294509    -84.258254294509         0.15175E-03
    -84.258240478673    -84.258240478673         0.12818E-03
    -84.258255747870    -84.258255747870         0.18483E-03
    -84.258267842153    -84.258267842153         0.47037E-04
    -84.258258749696    -84.258258749696         0.18242E-03
    -84.258254290774    -84.258254290774         0.11615E-03
    -84.258261069833    -84.258261069833         0.14153E-03
    -84.258242791964    -84.258242791964         0.15929E-03
    -84.258286992378    -84.258286992378         0.11158E-03
    -84.258263634678    -84.258263634678         0.60256E-04
    -84.258255132563    -84.258255132563         0.15007E-03
    -84.258239172365    -84.258239172365         0.19475E-03
    -84.258257056927    -84.258257056927         0.10308E-03
    -84.258285236466    -84.258285236466         0.50551E-04
    -84.258262358840    -84.258262358840         0.12443E-03
    -84.258240067681    -84.258240067681         0.97648E-04
    -84.258233023038    -84.258233023038         0.18516E-03
    -84.258236270966    -84.258236270966         0.12016E-03
    -84.258287100371    -84.258287100371         0.11341E-03
    -84.258253964116    -84.258253964116         0.19706E-03
    -84.258237939090    -84.258237939090         0.16071E-03
    -84.258263208658    -84.258263208658         0.18469E-03
    -84.258287037162    -84.258287037162         0.27703E-04
    -84.258250876249    -84.258250876249         0.53858E-04
    -84.258265321803    -84.258265321803         0.19137E-03
    -84.258227262908    -84.258227262908         0.13335E-03
    -84.258239135840    -84.258239135840         0.11208E-03
    -84.258237579403    -84.258237579403         0.11965E-03
    -84.258234403781    -84.258234403781         0.18134E-03
    -84.258253775246    -84.258253775246         0.95410E-04
    -84.258219281601    -84.258219281601         0.14539E-03
    -84.258221711261    -84.258221711261         0.13382E-03
    -84.258267672189    -84.258267672189         0.17168E-03
    -84.258219577585    -84.258219577585         0.17189E-03
    -84.258231502844    -84.258231502844         0.15206E-03
    -84.258219303912    -84.258219303912         0.18578E-03
    -84.258429721767    -84.258429721767         0.86849E-04
    -84.258255148293    -84.258255148293         0.41663E-04
    -84.258239969376    -84.258239969376         0.19844E-03
    -84.258219578025    -84.258219578025         0.15286E-03
    -84.258214334956    -84.258214334956         0.19583E-03
    -84.258213234341    -84.258213234341         0.11743E-03
    -84.258212688635    -84.258212688635         0.10159E-03
    -84.258231856681    -84.258231856681         0.18283E-03
    -84.258232080808    -84.258232080808         0.16922E-03
    -84.258289735076    -84.258289735076         0.13615E-03
    -84.258231419718    -84.258231419718         0.17478E-03
    -84.258238643011    -84.258238643011         0.18572E-03
    -84.258231170917    -84.258231170917         0.25181E-04
    -84.258238104756    -84.258238104756         0.10228E-03
    -84.258219337800    -84.258219337800         0.13580E-03
    -84.258257958527    -84.258257958527         0.95961E-04
    -84.258217166896    -84.258217166896         0.18828E-03
    -84.258279972393    -84.258279972393         0.10188E-03
    -84.258282709926    -84.258282709926         0.92673E-04
    -84.258248415984    -84.258248415984         0.29274E-04
    -84.258219291828    -84.258219291828         0.15848E-03
    -84.258234425127    -84.258234425127         0.18976E-03
    -84.258251846738    -84.258251846738         0.61683E-04
    -84.258226329611    -84.258226329611         0.13401E-03
    -84.258259272694    -84.258259272694         0.14876E-03
    -84.258217001162    -84.258217001162         0.19982E-03
    -84.258220192042    -84.258220192042         0.16362E-03
    -84.258231074138    -84.258231074138         0.13473E-03
    -84.258221339449    -84.258221339449         0.16341E-03
    -84.258239174664    -84.258239174664         0.10457E-03
    -84.258216214712    -84.258216214712         0.15325E-03
    -84.258302423921    -84.258302423921         0.74936E-04
    -84.258254419213    -84.258254419213         0.37749E-04
    -84.258241427163    -84.258241427163         0.13969E-03
    -84.258223630145    -84.258223630145         0.11859E-03
    -84.258229070633    -84.258229070633         0.19092E-03
    -84.258266489283    -84.258266489283         0.47007E-04
    -84.258262450680    -84.258262450680         0.11990E-03
    -84.258211174372    -84.258211174372         0.13767E-03
    -84.258192074411    -84.258192074411         0.95412E-04
    -84.258266992476    -84.258266992476         0.91276E-04
    -84.258218622612    -84.258218622612         0.11651E-03
    -84.258230499725    -84.258230499725         0.19605E-03
    -84.258192292918    -84.258192292918         0.12559E-03
    -84.258203366121    -84.258203366121         0.18444E-03
    -84.258233149455    -84.258233149455         0.10806E-03
    -84.258217859136    -84.258217859136         0.19951E-03
    -84.258219606855    -84.258219606855         0.85471E-04
    -84.258223016074    -84.258223016074         0.16306E-03
    -84.258242812726    -84.258242812726         0.10459E-03
    -84.258238855531    -84.258238855531         0.19200E-03
    -84.258195662238    -84.258195662238         0.17558E-03
    -84.258233281851    -84.258233281851         0.17016E-03
    -84.258207073246    -84.258207073246         0.80227E-04
    -84.258231594009    -84.258231594009         0.78851E-04
    -84.258238080823    -84.258238080823         0.16296E-03
    -84.258246266892    -84.258246266892         0.59473E-04
    -84.258233209977    -84.258233209977         0.70158E-04
    -84.258224677720    -84.258224677720         0.18134E-03
    -84.258192159198    -84.258192159198         0.13523E-03
    -84.258257314247    -84.258257314247         0.46400E-04
    -84.258190262899    -84.258190262899         0.16070E-03
    -84.258187461320    -84.258187461320         0.18220E-03
    -84.258231525099    -84.258231525099         0.46820E-04
    -84.258215304411    -84.258215304411         0.56699E-04
    -84.258199262677    -84.258199262677         0.48289E-04
    -84.258179654566    -84.258179654566         0.85453E-04
    -84.258216141847    -84.258216141847         0.22590E-04
    -84.258191589562    -84.258191589562         0.16696E-03
    -84.258190013649    -84.258190013649         0.11283E-03
    -84.258221581650    -84.258221581650         0.10607E-03
    -84.258185238138    -84.258185238138         0.94360E-04
    -84.258191313848    -84.258191313848         0.96349E-04
    -84.258210357896    -84.258210357896         0.47451E-04
    -84.258177564067    -84.258177564067         0.10366E-03
    -84.258184353449    -84.258184353449         0.14419E-03
    -84.258172351737    -84.258172351737         0.15408E-03
    -84.258231693099    -84.258231693099         0.16187E-03
    -84.258188515722    -84.258188515722         0.16008E-03
    -84.258247035605    -84.258247035605         0.99924E-04
    -84.258171136260    -84.258171136260         0.16744E-03
    -84.258169429622    -84.258169429622         0.11183E-03
    -84.258203723041    -84.258203723041         0.13950E-03
    -84.258167699664    -84.258167699664         0.13780E-03
    -84.258175304264    -84.258175304264         0.14000E-03
    -84.258558536842    -84.258558536842         0.92555E-04
    -84.258186704943    -84.258186704943         0.15973E-03
    -84.258220331122    -84.258220331122         0.55088E-04
    -84.258168256718    -84.258168256718         0.18102E-03
    -84.258240095664    -84.258240095664         0.32353E-04
    -84.258165983116    -84.258165983116         0.89680E-04
    -84.258171476634    -84.258171476634         0.69451E-04
    -84.258194237686    -84.258194237686         0.11729E-03
    -84.258187986215    -84.258187986215         0.11929E-03
    -84.258166092122    -84.258166092122         0.16736E-03
    -84.258211839375    -84.258211839375         0.13608E-03
    -84.258168873999    -84.258168873999         0.15705E-03
    -84.258171218800    -84.258171218800         0.17208E-03
    -84.258185911681    -84.258185911681         0.17090E-03
    -84.258224763763    -84.258224763763         0.37663E-04
    -84.258221382774    -84.258221382774         0.12649E-03
    -84.258194798407    -84.258194798407         0.17685E-03
    -84.258174712318    -84.258174712318         0.44405E-04
    -84.258228302199    -84.258228302199         0.18511E-03
    -84.258164640928    -84.258164640928         0.10883E-03
    -84.258161350125    -84.258161350125         0.18496E-03
    -84.258170793024    -84.258170793024         0.18202E-03
    -84.258168453031    -84.258168453031         0.15246E-03
    -84.258171742713    -84.258171742713         0.12009E-03
    -84.258201068186    -84.258201068186         0.38687E-04
    -84.258235476598    -84.258235476598         0.77917E-04
    -84.258163831081    -84.258163831081         0.15240E-03
    -84.258248407679    -84.258248407679         0.37296E-04
    -84.258200153222    -84.258200153222         0.11846E-03
    -84.258165577249    -84.258165577249         0.13371E-03
    -84.258188260013    -84.258188260013         0.10689E-03
    -84.258188233918    -84.258188233918         0.12351E-03
    -84.258199443343    -84.258199443343         0.16110E-03
    -84.258166398630    -84.258166398630         0.95915E-04
    -84.258165411221    -84.258165411221         0.12717E-03
    -84.258164630850    -84.258164630850         0.18794E-03
    -84.258135535454    -84.258135535454         0.11580E-03
    -84.258196084907    -84.258196084907         0.14666E-03
    -84.258196394006    -84.258196394006         0.13965E-03
    -84.258133853437    -84.258133853437         0.97087E-04
    -84.258160766205    -84.258160766205         0.18886E-03
    -84.258134107527    -84.258134107527         0.16758E-03
    -84.258296464771    -84.258296464771         0.57669E-04
    -84.258145732385    -84.258145732385         0.18590E-03
    -84.258191121009    -84.258191121009         0.54569E-04
    -84.258178496070    -84.258178496070         0.26124E-04
    -84.258156673326    -84.258156673326         0.26141E-04
    -84.258160984973    -84.258160984973         0.64807E-04
    -84.258158765342    -84.258158765342         0.74148E-04
    -84.258175906888    -84.258175906888         0.10589E-03
    -84.258154835474    -84.258154835474         0.16442E-03
    -84.258190421971    -84.258190421971         0.16658E-03
    -84.258169028629    -84.258169028629         0.61289E-04
    -84.258138506215    -84.258138506215         0.15380E-03
    -84.258197711039    -84.258197711039         0.19597E-03
    -84.258164540333    -84.258164540333         0.12874E-03
    -84.258144687224    -84.258144687224         0.11877E-03
    -84.258165206443    -84.258165206443         0.12692E-03
    -84.258152528518    -84.258152528518         0.51375E-04
    -84.258195861673    -84.258195861673         0.48568E-04
    -84.258124646602    -84.258124646602         0.10577E-03
    -84.258187429406    -84.258187429406         0.13875E-03
    -84.258163923823    -84.258163923823         0.14730E-03
    -84.258144650130    -84.258144650130         0.19586E-03
    -84.258192559855    -84.258192559855         0.11706E-03
    -84.258153491604    -84.258153491604         0.36266E-04
    -84.258122775043    -84.258122775043         0.14204E-03
    -84.258165895481    -84.258165895481         0.15285E-03
    -84.258160568041    -84.258160568041         0.16162E-03
    -84.258122726426    -84.258122726426         0.18585E-03
    -84.258135836685    -84.258135836685         0.51249E-04
    -84.258178927276    -84.258178927276         0.64797E-04
    -84.258170761414    -84.258170761414         0.10802E-03
    -84.258159162701    -84.258159162701         0.45562E-04
    -84.258164842870    -84.258164842870         0.11689E-03
    -84.258169101442    -84.258169101442         0.12103E-03
    -84.258193215537    -84.258193215537         0.12406E-03
    -84.258150944847    -84.258150944847         0.91493E-04
    -84.258223664325    -84.258223664325         0.14172E-03
    -84.258186687528    -84.258186687528         0.67223E-04
    -84.258128977797    -84.258128977797         0.13829E-03
    -84.258169280817    -84.258169280817         0.43953E-04
    -84.258171655771    -84.258171655771         0.29329E-04
    -84.258139873811    -84.258139873811         0.43131E-04
    -84.258154428293    -84.258154428293         0.42006E-04
    -84.258183789374    -84.258183789374         0.16932E-03
    -84.258169443112    -84.258169443112         0.12219E-03
    -84.258128601042    -84.258128601042         0.19113E-03
    -84.258152868868    -84.258152868868         0.10132E-03
    -84.258196300571    -84.258196300571         0.85215E-04
    -84.258167673508    -84.258167673508         0.18131E-03
    -84.258158596663    -84.258158596663         0.13439E-03
    -84.258106555619    -84.258106555619         0.19303E-03
    -84.258141970779    -84.258141970779         0.65504E-04
    -84.258107641338    -84.258107641338         0.16072E-03
    -84.258122617197    -84.258122617197         0.11789E-03
    -84.258154829780    -84.258154829780         0.83567E-04
    -84.258135114289    -84.258135114289         0.18917E-03
    -84.258107626589    -84.258107626589         0.10095E-03
    -84.258146783914    -84.258146783914         0.78159E-04
    -84.258167692567    -84.258167692567         0.10042E-03
    -84.258165259377    -84.258165259377         0.18283E-03
    -84.258153297429    -84.258153297429         0.58589E-04
    -84.258135769958    -84.258135769958         0.98309E-04
    -84.258102254773    -84.258102254773         0.87119E-04
    -84.258116891375    -84.258116891375         0.15010E-03
    -84.258164163315    -84.258164163315         0.93186E-04
    -84.258131241041    -84.258131241041         0.57883E-04
    -84.258096678153    -84.258096678153         0.11956E-03
    -84.258156810003    -84.258156810003         0.13320E-03
    -84.258099312309    -84.258099312309         0.87969E-04
    -84.258197286036    -84.258197286036         0.13096E-03
    -84.258095578322    -84.258095578322         0.17349E-03
    -84.258094928721    -84.258094928721         0.16198E-03
    -84.258165897039    -84.258165897039         0.15032E-03
    -84.258150580799    -84.258150580799         0.16703E-03
    -84.258098531171    -84.258098531171         0.10388E-03
    -84.258102903959    -84.258102903959         0.10932E-03
    -84.258115921971    -84.258115921971         0.17045E-03
    -84.258123886499    -84.258123886499         0.80673E-04
    -84.258095291529    -84.258095291529         0.79095E-04
    -84.258096920469    -84.258096920469         0.18147E-03
    -84.258088129328    -84.258088129328         0.14062E-03
    -84.258195581014    -84.258195581014         0.19321E-03
    -84.258092180176    -84.258092180176         0.46938E-04
    -84.258112046433    -84.258112046433         0.23916E-04
    -84.258115778506    -84.258115778506         0.15392E-03
    -84.258120369132    -84.258120369132         0.11984E-03
    -84.258094821836    -84.258094821836         0.15700E-03
    -84.258105675680    -84.258105675680         0.18822E-03
    -84.258080478521    -84.258080478521         0.44356E-04
    -84.258123987759    -84.258123987759         0.99655E-04
    -84.258072012613    -84.258072012613         0.83150E-04
    -84.258121742378    -84.258121742378         0.18636E-03
    -84.258120052777    -84.258120052777         0.15994E-03
    -84.258083397935    -84.258083397935         0.12003E-03
    -84.258100873035    -84.258100873035         0.17314E-03
    -84.258108300211    -84.258108300211         0.14198E-03
    -84.258080693185    -84.258080693185         0.17891E-03
    -84.258118293560    -84.258118293560         0.17494E-03
    -84.258121043367    -84.258121043367         0.12862E-03
    -84.258108990854    -84.258108990854         0.82179E-04
    -84.258118060776    -84.258118060776         0.12386E-03
    -84.258114215351    -84.258114215351         0.19991E-03
    -84.258120758230    -84.258120758230         0.18936E-03
    -84.258081217139    -84.258081217139         0.12534E-03
    -84.258158574624    -84.258158574624         0.18141E-03
    -84.258118512885    -84.258118512885         0.18614E-03
    -84.258084692706    -84.258084692706         0.78300E-04
    -84.258094802497    -84.258094802497         0.15370E-03
    -84.258141959957    -84.258141959957         0.53615E-04
    -84.258121411627    -84.258121411627         0.12481E-03
    -84.258106433093    -84.258106433093         0.17920E-03
    -84.258196939799    -84.258196939799         0.17361E-03
    -84.258080456358    -84.258080456358         0.10166E-03
    -84.258107686726    -84.258107686726         0.35939E-04
    -84.258189910310    -84.258189910310         0.15827E-03
    -84.258084092505    -84.258084092505         0.61134E-04
    -84.258082518701    -84.258082518701         0.35838E-04
    -84.258106305521    -84.258106305521         0.19699E-03
    -84.258118759029    -84.258118759029         0.11869E-03
    -84.258120956040    -84.258120956040         0.18421E-03
    -84.258119959357    -84.258119959357         0.12339E-03
    -84.258138429597    -84.258138429597         0.57503E-04
    -84.258103124263    -84.258103124263         0.89639E-04
    -84.258117793095    -84.258117793095         0.14929E-03
    -84.258198888844    -84.258198888844         0.14444E-03
    -84.258181513866    -84.258181513866         0.22470E-04
    -84.258177201275    -84.258177201275         0.37617E-04
    -84.258195392816    -84.258195392816         0.16982E-03
    -84.258093576772    -84.258093576772         0.17859E-03
    -84.258119129531    -84.258119129531         0.14037E-03
    -84.258059441063    -84.258059441063         0.10023E-03
    -84.258073501440    -84.258073501440         0.10632E-03
    -84.262512306132    -84.262512306132         0.68426E-04
    -84.258098616483    -84.258098616483         0.68336E-04
    -84.258072894143    -84.258072894143         0.79421E-04
    -84.258081212585    -84.258081212585         0.17348E-03
    -84.258066679152    -84.258066679152         0.17481E-03
    -84.258073646146    -84.258073646146         0.14206E-03
    -84.258075994279    -84.258075994279         0.93005E-04
    -84.258058408485    -84.258058408485         0.14521E-03
    -84.258071117556    -84.258071117556         0.12133E-03
    -84.258048826176    -84.258048826176         0.13085E-03
    -84.258061638198    -84.258061638198         0.11013E-03
    -84.258062462995    -84.258062462995         0.66816E-04
    -84.258060364848    -84.258060364848         0.15879E-03
    -84.258054446729    -84.258054446729         0.19201E-03
    -84.258121870361    -84.258121870361         0.10654E-03
    -84.258118306892    -84.258118306892         0.10733E-03
    -84.258079624275    -84.258079624275         0.27767E-04
    -84.258075507855    -84.258075507855         0.68846E-04
    -84.258059786753    -84.258059786753         0.19878E-03
    -84.258046106151    -84.258046106151         0.16801E-03
    -84.258122344304    -84.258122344304         0.14866E-03
    -84.258040811207    -84.258040811207         0.18369E-03
    -84.258043665132    -84.258043665132         0.19787E-03
    -84.258119065980    -84.258119065980         0.17144E-03
    -84.258074962610    -84.258074962610         0.47249E-04
    -84.258055073387    -84.258055073387         0.49742E-04
    -84.258130184803    -84.258130184803         0.17907E-03
    -84.258035322622    -84.258035322622         0.13241E-03
    -84.258044101762    -84.258044101762         0.11734E-03
    -84.258053643692    -84.258053643692         0.93227E-04
    -84.258041598164    -84.258041598164         0.17732E-03
    -84.258114345426    -84.258114345426         0.37785E-04
    -84.258061227398    -84.258061227398         0.52483E-04
    -84.258055714400    -84.258055714400         0.19101E-03
    -84.258069589847    -84.258069589847         0.32549E-04
    -84.258090356965    -84.258090356965         0.18433E-03
    -84.258026124623    -84.258026124623         0.12529E-03
    -84.258100917175    -84.258100917175         0.16001E-03
    -84.258134509551    -84.258134509551         0.12625E-03
    -84.258058802200    -84.258058802200         0.77347E-04
    -84.258051111427    -84.258051111427         0.10178E-03
    -84.258025167858    -84.258025167858         0.17813E-03
    -84.258026854501    -84.258026854501         0.14540E-03
    -84.258096417443    -84.258096417443         0.14607E-03
    -84.258091011535    -84.258091011535         0.19131E-03
    -84.258022359811    -84.258022359811         0.15387E-03
    -84.258032396044    -84.258032396044         0.17409E-03
    -84.258022457133    -84.258022457133         0.15738E-03
    -84.258021619422    -84.258021619422         0.13917E-03
    -84.258016986612    -84.258016986612         0.13406E-03
    -84.258031716544    -84.258031716544         0.19742E-03
    -84.258020749021    -84.258020749021         0.77481E-04
    -84.258081926659    -84.258081926659         0.19977E-03
    -84.258054246230    -84.258054246230         0.33755E-04
    -84.258052210629    -84.258052210629         0.16873E-03
    -84.258018088110    -84.258018088110         0.12089E-03
    -84.259310750832    -84.259310750832         0.10531E-03
    -84.258014418373    -84.258014418373         0.19008E-03
    -84.258015547372    -84.258015547372         0.93547E-04
    -84.258021241577    -84.258021241577         0.32483E-04
    -84.258020015259    -84.258020015259         0.17928E-03
    -84.258035215746    -84.258035215746         0.18463E-03
    -84.258017417425    -84.258017417425         0.90717E-04
    -84.258105655898    -84.258105655898         0.30985E-04
    -84.258044805378    -84.258044805378         0.18375E-03
    -84.258047043328    -84.258047043328         0.13642E-03
    -84.258008218372    -84.258008218372         0.85026E-04
    -84.257999267496    -84.257999267496         0.18533E-03
    -84.259308806987    -84.259308806987         0.18530E-03
    -84.258039143839    -84.258039143839         0.10991E-03
    -84.258020032759    -84.258020032759         0.14081E-03
    -84.257997032202    -84.257997032202         0.18360E-03
    -84.257991232614    -84.257991232614         0.12349E-03
    -84.257998963111    -84.257998963111         0.14584E-03
    -84.257989357407    -84.257989357407         0.13183E-03
    -84.258121401931    -84.258121401931         0.25803E-04
    -84.257999650475    -84.257999650475         0.89574E-04
    -84.259595679816    -84.259595679816         0.19850E-03
    -84.258116271038    -84.258116271038         0.90694E-04
    -84.258018154743    -84.258018154743         0.80063E-04
    -84.258026143891    -84.258026143891         0.94850E-04
    -84.258017000037    -84.258017000037         0.16940E-03
    -84.258016584100    -84.258016584100         0.91320E-04
    -84.257985921044    -84.257985921044         0.14114E-03
    -84.257982264624    -84.257982264624         0.19510E-03
    -84.257981253910    -84.257981253910         0.15040E-03
    -84.257988725908    -84.257988725908         0.14931E-03
    -84.257989235934    -84.257989235934         0.86210E-04
    -84.258017068587    -84.258017068587         0.29921E-04
    -84.257983097221    -84.257983097221         0.18626E-03
    -84.257985310494    -84.257985310494         0.10233E-03
    -84.257972470098    -84.257972470098         0.14326E-03
    -84.259767067561    -84.259767067561         0.16944E-03
    -84.257974128000    -84.257974128000         0.95539E-04
    -84.257995380998    -84.257995380998         0.15693E-03
    -84.257972010230    -84.257972010230         0.19346E-03
    -84.257973514246    -84.257973514246         0.13607E-03
    -84.258011442680    -84.258011442680         0.52311E-04
    -84.257973986923    -84.257973986923         0.16325E-03
    -84.257980251719    -84.257980251719         0.19594E-03
    -84.257973153967    -84.257973153967         0.75305E-04
    -84.257994085355    -84.257994085355         0.19424E-03
    -84.257987294829    -84.257987294829         0.68752E-04
    -84.258175199929    -84.258175199929         0.13855E-03
    -84.257973360238    -84.257973360238         0.12644E-03
    -84.257973021843    -84.257973021843         0.12811E-03
    -84.257974594955    -84.257974594955         0.12768E-03
    -84.258007747201    -84.258007747201         0.91486E-04
    -84.260103062020    -84.260103062020         0.91229E-04
    -84.257977463293    -84.257977463293         0.98188E-04
    -84.257957397654    -84.257957397654         0.15641E-03
    -84.258046891609    -84.258046891609         0.42499E-04
    -84.257976149528    -84.257976149528         0.14399E-03
    -84.257974025387    -84.257974025387         0.16522E-03
    -84.259277180764    -84.259277180764         0.12743E-03
    -84.262517407308    -84.262517407308         0.19439E-04
    -84.257973636260    -84.257973636260         0.98680E-04
    -84.257968031546    -84.257968031546         0.49323E-04
    -84.257972842290    -84.257972842290         0.10681E-03
    -84.257947955461    -84.257947955461         0.15442E-03
    -84.257955588734    -84.257955588734         0.15373E-03
    -84.257940344341    -84.257940344341         0.12201E-03
    -84.257951113148    -84.257951113148         0.15657E-03
    -84.257941245617    -84.257941245617         0.81277E-04
    -84.258046189014    -84.258046189014         0.74368E-04
    -84.257941599309    -84.257941599309         0.96268E-04
    -84.257963921964    -84.257963921964         0.26199E-04
    -84.257935463387    -84.257935463387         0.10316E-03
    -84.257940198080    -84.257940198080         0.67317E-04
    -84.257917404418    -84.257917404418         0.19419E-03
    -84.257976963023    -84.257976963023         0.53279E-04
    -84.257936482225    -84.257936482225         0.16979E-03
    -84.257948516476    -84.257948516476         0.82422E-04
    -84.258066732866    -84.258066732866         0.70291E-04
    -84.257935511312    -84.257935511312         0.14560E-03
    -84.258088263346    -84.258088263346         0.66399E-04
    -84.257949674240    -84.257949674240         0.30838E-04
    -84.257918930598    -84.257918930598         0.83668E-04
    -84.257963583124    -84.257963583124         0.13359E-03
    -84.257921512226    -84.257921512226         0.19990E-03
    -84.257938029927    -84.257938029927         0.18103E-03
    -84.257938655525    -84.257938655525         0.17808E-03
    -84.257974623698    -84.257974623698         0.66138E-04
    -84.257973496952    -84.257973496952         0.13075E-03
    -84.257910060213    -84.257910060213         0.12576E-03
    -84.257972281120    -84.257972281120         0.12787E-03
    -84.257908528066    -84.257908528066         0.86467E-04
    -84.257907894881    -84.257907894881         0.13644E-03
    -84.257915830271    -84.257915830271         0.18885E-03
    -84.257948736403    -84.257948736403         0.49236E-04
    -84.257911594436    -84.257911594436         0.14177E-03
    -84.257902200498    -84.257902200498         0.15857E-03
    -84.261841128870    -84.261841128870         0.95331E-04
    -84.257892920217    -84.257892920217         0.15328E-03
    -84.257913462593    -84.257913462593         0.18872E-03
    -84.257892687863    -84.257892687863         0.14599E-03
    -84.257935096797    -84.257935096797         0.71325E-04
    -84.257894257486    -84.257894257486         0.14577E-03
    -84.257929448150    -84.257929448150         0.11041E-03
    -84.257908725435    -84.257908725435         0.37482E-04
    -84.257884175960    -84.257884175960         0.14599E-03
    -84.257884462474    -84.257884462474         0.16063E-03
    -84.257876161379    -84.257876161379         0.18143E-03
    -84.257884044519    -84.257884044519         0.14025E-03
    -84.257866180442    -84.257866180442         0.10255E-03
    -84.257877743419    -84.257877743419         0.10672E-03
    -84.257860401423    -84.257860401423         0.13333E-03
    -84.257859418407    -84.257859418407         0.15184E-03
    -84.257889925849    -84.257889925849         0.10121E-03
    -84.257867952049    -84.257867952049         0.18056E-03
    -84.257886325215    -84.257886325215         0.97539E-04
    -84.257854683552    -84.257854683552         0.14714E-03
    -84.257874667430    -84.257874667430         0.16654E-03
    -84.257857744382    -84.257857744382         0.98640E-04
    -84.257882647362    -84.257882647362         0.16370E-03
    -84.257872589600    -84.257872589600         0.31913E-04
    -84.257839154800    -84.257839154800         0.17907E-03
    -84.257901571448    -84.257901571448         0.91544E-04
    -84.257894963548    -84.257894963548         0.17975E-03
    -84.257838752747    -84.257838752747         0.12876E-03
    -84.257839236470    -84.257839236470         0.12781E-03
    -84.257872241006    -84.257872241006         0.53520E-04
    -84.257837611482    -84.257837611482         0.89826E-04
    -84.257844983416    -84.257844983416         0.53093E-04
    -84.257830531204    -84.257830531204         0.18372E-03
    -84.258112411625    -84.258112411625         0.28872E-04
    -84.257870681746    -84.257870681746         0.19032E-03
    -84.257837087288    -84.257837087288         0.12549E-03
    -84.257868670268    -84.257868670268         0.16581E-03
    -84.257882679607    -84.257882679607         0.13678E-03
    -84.257843811950    -84.257843811950         0.83627E-04
    -84.257844834898    -84.257844834898         0.81841E-04
    -84.257833959187    -84.257833959187         0.10422E-03
    -84.257854469163    -84.257854469163         0.40927E-04
    -84.257984105363    -84.257984105363         0.82126E-04
    -84.257811031020    -84.257811031020         0.18306E-03
    -84.257806724735    -84.257806724735         0.10962E-03
    -84.257807668493    -84.257807668493         0.10366E-03
    -84.257803163051    -84.257803163051         0.14711E-03
    -84.257802631403    -84.257802631403         0.43271E-04
    -84.257976155890    -84.257976155890         0.53632E-04
    -84.257831679020    -84.257831679020         0.19758E-03
    -84.257797938036    -84.257797938036         0.18522E-03
    -84.258562395954    -84.258562395954         0.15672E-03
    -84.257804508294    -84.257804508294         0.14939E-03
    -84.257804514462    -84.257804514462         0.72368E-04
    -84.260306611667    -84.260306611667         0.17215E-03
    -84.257796941245    -84.257796941245         0.16685E-03
    -84.257796872609    -84.257796872609         0.15126E-03
    -84.257797719675    -84.257797719675         0.18132E-03
    -84.257798946703    -84.257798946703         0.23661E-04
    -84.257799208369    -84.257799208369         0.19544E-03
    -84.257798875169    -84.257798875169         0.58068E-04
    -84.257798181161    -84.257798181161         0.19883E-03
    -84.257886360775    -84.257886360775         0.13158E-03
    -84.257802801571    -84.257802801571         0.12754E-03
    -84.257807592945    -84.257807592945         0.19727E-03
    -84.257786865562    -84.257786865562         0.13800E-03
    -84.257781071713    -84.257781071713         0.16628E-03
    -84.257800375298    -84.257800375298         0.43414E-04
    -84.257803988337    -84.257803988337         0.13626E-03
    -84.257803423051    -84.257803423051         0.17922E-03
    -84.257778634839    -84.257778634839         0.15298E-03
    -84.257806104075    -84.257806104075         0.10238E-03
    -84.257774526128    -84.257774526128         0.14566E-03
    -84.257774860831    -84.257774860831         0.19583E-03
    -84.257766714302    -84.257766714302         0.15618E-03
    -84.257799402995    -84.257799402995         0.16934E-03
    -84.257805698406    -84.257805698406         0.14158E-03
    -84.257767078778    -84.257767078778         0.18387E-03
    -84.260306174521    -84.260306174521         0.12259E-03
    -84.257783458640    -84.257783458640         0.46042E-04
    -84.257773219829    -84.257773219829         0.15322E-03
    -84.257805278959    -84.257805278959         0.14865E-03
    -84.257802746680    -84.257802746680         0.14046E-03
    -84.257773468314    -84.257773468314         0.11743E-03
    -84.257778682644    -84.257778682644         0.14553E-03
    -84.257774125726    -84.257774125726         0.16775E-03
    -84.258059105147    -84.258059105147         0.11723E-03
    -84.258819860751    -84.258819860751         0.12307E-03
    -84.257755453883    -84.257755453883         0.13021E-03
    -84.257755180282    -84.257755180282         0.19633E-03
    -84.257784031997    -84.257784031997         0.19835E-03
    -84.257752477958    -84.257752477958         0.96057E-04
    -84.257749204041    -84.257749204041         0.17343E-03
    -84.258171694096    -84.258171694096         0.71568E-04
    -84.257751172310    -84.257751172310         0.14062E-03
    -84.257764483969    -84.257764483969         0.17602E-03
    -84.257749398941    -84.257749398941         0.11409E-03
    -84.257766005711    -84.257766005711         0.19442E-03
    -84.257748709653    -84.257748709653         0.17823E-03
    -84.257766389413    -84.257766389413         0.69144E-04
    -84.257752810319    -84.257752810319         0.93063E-04
    -84.257765117972    -84.257765117972         0.18346E-03
    -84.257752306628    -84.257752306628         0.12596E-03
    -84.257749309224    -84.257749309224         0.21250E-04
    -84.257752622693    -84.257752622693         0.16485E-03
    -84.257757114092    -84.257757114092         0.61481E-04
    -84.257752585762    -84.257752585762         0.16824E-03
    -84.257752487746    -84.257752487746         0.94591E-04
    -84.257734691086    -84.257734691086         0.12401E-03
    -84.257733085291    -84.257733085291         0.16023E-03
    -84.257730464029    -84.257730464029         0.17073E-03
    -84.257733322601    -84.257733322601         0.19692E-03
    -84.257900641416    -84.257900641416         0.58321E-04
    -84.257731253355    -84.257731253355         0.94346E-04
    -84.257733969393    -84.257733969393         0.96684E-04
    -84.257733295355    -84.257733295355         0.78017E-04
    -84.257718579070    -84.257718579070         0.19152E-03
    -84.257726559733    -84.257726559733         0.74252E-04
    -84.257721232035    -84.257721232035         0.13110E-03
    -84.257728418164    -84.257728418164         0.12987E-03
    -84.257727851354    -84.257727851354         0.16267E-03
    -84.257730339380    -84.257730339380         0.13047E-03
    -84.257719178012    -84.257719178012         0.18801E-03
    -84.257707791292    -84.257707791292         0.89050E-04
    -84.257720567879    -84.257720567879         0.19295E-03
    -84.257705920954    -84.257705920954         0.16351E-03
    -84.258116898140    -84.258116898140         0.21442E-04
    -84.257709432281    -84.257709432281         0.13606E-03
    -84.257709319228    -84.257709319228         0.65079E-04
    -84.257708178927    -84.257708178927         0.10013E-03
    -84.257695699707    -84.257695699707         0.11580E-03
    -84.257711579771    -84.257711579771         0.13458E-03
    -84.257715862436    -84.257715862436         0.11314E-03
    -84.257696885503    -84.257696885503         0.11245E-03
    -84.257692878939    -84.257692878939         0.61693E-04
    -84.257686711514    -84.257686711514         0.33891E-04
    -84.257712050835    -84.257712050835         0.16266E-03
    -84.257690530911    -84.257690530911         0.15128E-03
    -84.257683429054    -84.257683429054         0.17326E-03
    -84.257683912395    -84.257683912395         0.18108E-03
    -84.257692059741    -84.257692059741         0.14236E-03
    -84.257692004993    -84.257692004993         0.12447E-03
    -84.257692026412    -84.257692026412         0.15610E-03
    -84.257723159963    -84.257723159963         0.31010E-04
    -84.257677268137    -84.257677268137         0.47899E-04
    -84.257771006815    -84.257771006815         0.83618E-04
    -84.257663665273    -84.257663665273         0.13591E-03
    -84.257724676368    -84.257724676368         0.14030E-03
    -84.257671290775    -84.257671290775         0.14895E-03
    -84.257706150052    -84.257706150052         0.40142E-04
    -84.257663520115    -84.257663520115         0.11235E-03
    -84.257682119252    -84.257682119252         0.13954E-03
    -84.257665933563    -84.257665933563         0.82767E-04
    -84.257863141284    -84.257863141284         0.14361E-03
    -84.257661123885    -84.257661123885         0.15109E-03
    -84.257856721101    -84.257856721101         0.63100E-04
    -84.257687668948    -84.257687668948         0.14961E-03
    -84.257710804912    -84.257710804912         0.10725E-03
    -84.258799989615    -84.258799989615         0.57496E-04
    -84.257685388050    -84.257685388050         0.52968E-04
    -84.258073689768    -84.258073689768         0.75228E-04
    -84.257679738085    -84.257679738085         0.18521E-03
    -84.257675573944    -84.257675573944         0.31134E-04
    -84.257656890593    -84.257656890593         0.13050E-03
    -84.257654987967    -84.257654987967         0.19184E-03
    -84.257649032324    -84.257649032324         0.12898E-03
    -84.257657624732    -84.257657624732         0.17600E-03
    -84.257648185209    -84.257648185209         0.16484E-03
    -84.257656820116    -84.257656820116         0.10975E-03
    -84.257656566114    -84.257656566114         0.16380E-03
    -84.257656516523    -84.257656516523         0.72715E-04
    -84.257769176647    -84.257769176647         0.15128E-03
    -84.257647397841    -84.257647397841         0.15492E-03
    -84.257647299867    -84.257647299867         0.68131E-04
    -84.257632097505    -84.257632097505         0.19792E-03
    -84.257677947080    -84.257677947080         0.34861E-04
    -84.257644692300    -84.257644692300         0.88028E-04
    -84.257646179468    -84.257646179468         0.38045E-04
    -84.261283255101    -84.261283255101         0.30818E-04
    -84.257629150169    -84.257629150169         0.13615E-03
    -84.257623899848    -84.257623899848         0.13161E-03
    -84.257766817619    -84.257766817619         0.16767E-03
    -84.257710296211    -84.257710296211         0.10383E-03
    -84.257640438879    -84.257640438879         0.17200E-03
    -84.257681873701    -84.257681873701         0.16483E-03
    -84.257638435754    -84.257638435754         0.17710E-03
    -84.257700314126    -84.257700314126         0.13063E-03
    -84.257620063303    -84.257620063303         0.12388E-03
    -84.257622348312    -84.257622348312         0.88105E-04
    -84.257618037091    -84.257618037091         0.14225E-03
    -84.257627743662    -84.257627743662         0.16902E-03
    -84.257609541105    -84.257609541105         0.14116E-03
    -84.257605448083    -84.257605448083         0.19500E-03
    -84.257631170410    -84.257631170410         0.17783E-03
    -84.257610218932    -84.257610218932         0.15010E-03
    -84.257618238389    -84.257618238389         0.18229E-03
    -84.257627344755    -84.257627344755         0.47439E-04
    -84.257619266977    -84.257619266977         0.14316E-03
    -84.257611011549    -84.257611011549         0.14987E-03
    -84.257611134531    -84.257611134531         0.16254E-03
    -84.257658232932    -84.257658232932         0.84446E-04
    -84.257618926978    -84.257618926978         0.49730E-04
    -84.257600945718    -84.257600945718         0.13495E-03
    -84.257597976318    -84.257597976318         0.18001E-03
    -84.257626781267    -84.257626781267         0.17892E-03
    -84.257610805118    -84.257610805118         0.45306E-04
    -84.257609037152    -84.257609037152         0.19385E-03
    -84.257619692578    -84.257619692578         0.19951E-03
    -84.257608132395    -84.257608132395         0.40412E-04
    -84.257587894419    -84.257587894419         0.10323E-03
    -84.257620579960    -84.257620579960         0.64319E-04
    -84.257595049677    -84.257595049677         0.19727E-03
    -84.257592833809    -84.257592833809         0.13613E-03
    -84.258823081924    -84.258823081924         0.18318E-03
    -84.257594787360    -84.257594787360         0.14236E-03
    -84.257700174872    -84.257700174872         0.19609E-03
    -84.257608474707    -84.257608474707         0.52885E-04
    -84.257592318215    -84.257592318215         0.81839E-04
    -84.257591215428    -84.257591215428         0.16883E-03
    -84.257603559475    -84.257603559475         0.16470E-03
    -84.257594105823    -84.257594105823         0.54802E-04
    -84.257616547247    -84.257616547247         0.18812E-03
    -84.257604445953    -84.257604445953         0.14941E-03
    -84.257673727991    -84.257673727991         0.41802E-04
    -84.257592075049    -84.257592075049         0.18464E-03
    -84.257624146222    -84.257624146222         0.28931E-04
    -84.257617488324    -84.257617488324         0.17197E-03
    -84.257596217886    -84.257596217886         0.12165E-03
    -84.257643915830    -84.257643915830         0.62231E-04
    -84.257571802910    -84.257571802910         0.10352E-03
    -84.257584449376    -84.257584449376         0.19143E-03
    -84.257593637130    -84.257593637130         0.13006E-03
    -84.257571473428    -84.257571473428         0.67561E-04
    -84.257647776777    -84.257647776777         0.67969E-04
    -84.258823686964    -84.258823686964         0.16154E-03
    -84.257567536314    -84.257567536314         0.10273E-03
    -84.257600243510    -84.257600243510         0.15585E-03
    -84.257606497638    -84.257606497638         0.18348E-03
    -84.257619706604    -84.257619706604         0.14677E-03
    -84.257592515384    -84.257592515384         0.15177E-03
    -84.257618153732    -84.257618153732         0.26258E-04
    -84.257588238093    -84.257588238093         0.19290E-03
    -84.257562059140    -84.257562059140         0.15162E-03
    -84.257580468100    -84.257580468100         0.12494E-03
    -84.257568806343    -84.257568806343         0.16264E-03
    -84.257566699307    -84.257566699307         0.16537E-03
    -84.258472603881    -84.258472603881         0.89619E-04
    -84.257641232758    -84.257641232758         0.66065E-04
    -84.257576434755    -84.257576434755         0.14920E-03
    -84.257611565749    -84.257611565749         0.14103E-03
    -84.257597369281    -84.257597369281         0.70016E-04
    -84.257633738424    -84.257633738424         0.49823E-04
    -84.257562398945    -84.257562398945         0.14000E-03
    -84.257636277663    -84.257636277663         0.48057E-04
    -84.257563917549    -84.257563917549         0.18081E-03
    -84.257560772657    -84.257560772657         0.18963E-03
    -84.257610453003    -84.257610453003         0.95173E-04
    -84.257548446299    -84.257548446299         0.93840E-04
    -84.257610116656    -84.257610116656         0.16775E-03
    -84.257562273263    -84.257562273263         0.98850E-04
    -84.257562935883    -84.257562935883         0.15568E-03
    -84.257559156328    -84.257559156328         0.16573E-03
    -84.257568182130    -84.257568182130         0.14395E-03
    -84.257590091693    -84.257590091693         0.27666E-04
    -84.257554811366    -84.257554811366         0.99246E-04
    -84.257554784032    -84.257554784032         0.68553E-04
    -84.257554605408    -84.257554605408         0.18867E-03
    -84.257587949427    -84.257587949427         0.50871E-04
    -84.257597124374    -84.257597124374         0.18032E-03
    -84.257553027015    -84.257553027015         0.16550E-03
    -84.257611947824    -84.257611947824         0.12284E-03
    -84.257582505669    -84.257582505669         0.62256E-04
    -84.257569003660    -84.257569003660         0.14194E-03
    -84.257552208190    -84.257552208190         0.13078E-03
    -84.257553835819    -84.257553835819         0.19749E-03
    -84.257554404834    -84.257554404834         0.11917E-03
    -84.257596127856    -84.257596127856         0.16830E-03
    -84.257563905539    -84.257563905539         0.13599E-03
    -84.257564455389    -84.257564455389         0.53092E-04
    -84.257585366357    -84.257585366357         0.44975E-04
    -84.257552460126    -84.257552460126         0.10802E-03
    -84.257541797856    -84.257541797856         0.14927E-03
    -84.257701026321    -84.257701026321         0.18530E-03
    -84.257541823023    -84.257541823023         0.10446E-03
    -84.257540907283    -84.257540907283         0.18414E-03
    -84.257538848895    -84.257538848895         0.32108E-04
    -84.257532688200    -84.257532688200         0.13241E-03
    -84.257606814754    -84.257606814754         0.44960E-04
    -84.257550421056    -84.257550421056         0.27886E-04
    -84.257551300549    -84.257551300549         0.18534E-03
    -84.257544865029    -84.257544865029         0.11762E-03
    -84.257570805542    -84.257570805542         0.71289E-04
    -84.257607154483    -84.257607154483         0.16802E-03
    -84.257562825582    -84.257562825582         0.13636E-03
    -84.257566538883    -84.257566538883         0.98145E-04
    -84.257592383249    -84.257592383249         0.49271E-04
    -84.257529288567    -84.257529288567         0.17446E-03
    -84.257555595732    -84.257555595732         0.19597E-03
    -84.257551502674    -84.257551502674         0.18180E-03
    -84.257551361078    -84.257551361078         0.18576E-03
    -84.257539991773    -84.257539991773         0.45692E-04
    -84.257528052936    -84.257528052936         0.17348E-03
    -84.257551058801    -84.257551058801         0.29243E-04
    -84.257544691826    -84.257544691826         0.17104E-03
    -84.257528634483    -84.257528634483         0.19179E-03
    -84.257560759181    -84.257560759181         0.14450E-03
    -84.257552490188    -84.257552490188         0.16845E-03
    -84.257527194733    -84.257527194733         0.14527E-03
    -84.257529631393    -84.257529631393         0.15282E-03
    -84.257515385774    -84.257515385774         0.16939E-03
    -84.257601327679    -84.257601327679         0.16640E-03
    -84.257574932755    -84.257574932755         0.67146E-04
    -84.257553725543    -84.257553725543         0.14258E-03
    -84.257508166893    -84.257508166893         0.87272E-04
    -84.257517370258    -84.257517370258         0.12476E-03
    -84.257551782403    -84.257551782403         0.19518E-03
    -84.257511302511    -84.257511302511         0.77169E-04
    -84.257554349291    -84.257554349291         0.84768E-04
    -84.257516118245    -84.257516118245         0.13122E-03
    -84.257550742245    -84.257550742245         0.41600E-04
    -84.257504757937    -84.257504757937         0.16828E-03
    -84.257540703996    -84.257540703996         0.10721E-03
    -84.258810142029    -84.258810142029         0.48142E-04
    -84.257555964260    -84.257555964260         0.86660E-04
    -84.257552744306    -84.257552744306         0.12174E-03
    -84.257527660600    -84.257527660600         0.10108E-03
    -84.257520667685    -84.257520667685         0.87942E-04
    -84.257545353344    -84.257545353344         0.18803E-03
    -84.257554241091    -84.257554241091         0.83285E-04
    -84.257508504564    -84.257508504564         0.88273E-04
    -84.257536712361    -84.257536712361         0.85977E-04
    -84.257501594253    -84.257501594253         0.19927E-03
    -84.257539194876    -84.257539194876         0.93638E-04
    -84.257516497777    -84.257516497777         0.19886E-03
    -84.257550747810    -84.257550747810         0.55331E-04
    -84.257516674216    -84.257516674216         0.11497E-03
    -84.257538117174    -84.257538117174         0.11714E-03
    -84.257506690347    -84.257506690347         0.17496E-03
    -84.257621451685    -84.257621451685         0.18235E-03
    -84.257494749368    -84.257494749368         0.61109E-04
    -84.257694934497    -84.257694934497         0.14690E-03
    -84.257529372023    -84.257529372023         0.12653E-03
    -84.257504847027    -84.257504847027         0.16913E-03
    -84.257516398715    -84.257516398715         0.18816E-03
    -84.257555083145    -84.257555083145         0.15022E-03
    -84.257498598136    -84.257498598136         0.15235E-03
    -84.257700442482    -84.257700442482         0.55883E-04
    -84.257498609744    -84.257498609744         0.10603E-03
    -84.257503862464    -84.257503862464         0.10156E-03
    -84.257532356971    -84.257532356971         0.15254E-03
    -84.257498470233    -84.257498470233         0.16730E-03
    -84.257499393672    -84.257499393672         0.11383E-03
    -84.258212434810    -84.258212434810         0.79237E-04
    -84.257481760520    -84.257481760520         0.15680E-03
    -84.257530758852    -84.257530758852         0.74180E-04
    -84.257495539011    -84.257495539011         0.17803E-03
    -84.257485530448    -84.257485530448         0.16283E-03
    -84.257487275015    -84.257487275015         0.15580E-03
    -84.257511075759    -84.257511075759         0.16868E-04
    -84.257520950101    -84.257520950101         0.36752E-04
    -84.257505238724    -84.257505238724         0.15645E-03
    -84.257526137121    -84.257526137121         0.15894E-03
    -84.257558871822    -84.257558871822         0.87371E-04
    -84.257497430972    -84.257497430972         0.17371E-03
    -84.257494283399    -84.257494283399         0.17380E-03
    -84.257555475042    -84.257555475042         0.63732E-04
    -84.257497693432    -84.257497693432         0.13462E-03
    -84.257495822157    -84.257495822157         0.17093E-03
    -84.257510416400    -84.257510416400         0.17602E-03
    -84.257513514253    -84.257513514253         0.34201E-04
    -84.257526145720    -84.257526145720         0.68913E-04
    -84.257488329076    -84.257488329076         0.15311E-03
    -84.257498147046    -84.257498147046         0.72708E-04
    -84.257485362487    -84.257485362487         0.11143E-03
    -84.257493109319    -84.257493109319         0.13571E-03
    -84.257483005470    -84.257483005470         0.15342E-03
    -84.257543869159    -84.257543869159         0.92240E-04
    -84.257499023559    -84.257499023559         0.16259E-03
    -84.257473832266    -84.257473832266         0.10371E-03
    -84.257498766926    -84.257498766926         0.71450E-04
    -84.257513133275    -84.257513133275         0.15244E-03
    -84.257473372662    -84.257473372662         0.13945E-03
    -84.257520673723    -84.257520673723         0.76837E-04
    -84.257502254714    -84.257502254714         0.64562E-04
    -84.257514139250    -84.257514139250         0.18912E-03
    -84.257473237364    -84.257473237364         0.75329E-04
    -84.257484143763    -84.257484143763         0.17555E-03
    -84.257472828367    -84.257472828367         0.75857E-04
    -84.257498366012    -84.257498366012         0.12003E-03
    -84.257469111974    -84.257469111974         0.17212E-03
    -84.257468788329    -84.257468788329         0.11635E-03
    -84.257512094745    -84.257512094745         0.50173E-04
    -84.257476520191    -84.257476520191         0.15486E-03
    -84.257487564888    -84.257487564888         0.17364E-03
    -84.257467243999    -84.257467243999         0.13853E-03
    -84.257498393860    -84.257498393860         0.12729E-03
    -84.257489421133    -84.257489421133         0.84440E-04
    -84.257465049094    -84.257465049094         0.97446E-04
    -84.257486196976    -84.257486196976         0.14732E-03
    -84.257461782157    -84.257461782157         0.86626E-04
    -84.257460342332    -84.257460342332         0.14735E-03
    -84.257462917953    -84.257462917953         0.77250E-04
    -84.257468933259    -84.257468933259         0.13644E-03
    -84.257479463124    -84.257479463124         0.11452E-03
    -84.257470463151    -84.257470463151         0.12302E-03
    -84.257486815339    -84.257486815339         0.14923E-03
    -84.257458033954    -84.257458033954         0.11603E-03
    -84.257458275670    -84.257458275670         0.11141E-03
    -84.257467415574    -84.257467415574         0.17223E-03
    -84.257458198244    -84.257458198244         0.14088E-03
    -84.257461716055    -84.257461716055         0.13026E-03
    -84.257476124240    -84.257476124240         0.19751E-03
    -84.257465742065    -84.257465742065         0.14963E-03
    -84.257458181682    -84.257458181682         0.13938E-03
    -84.257487987003    -84.257487987003         0.18298E-03
    -84.257502712217    -84.257502712217         0.39547E-04
    -84.257499128391    -84.257499128391         0.18949E-03
    -84.257485170278    -84.257485170278         0.10269E-03
    -84.257458901444    -84.257458901444         0.19592E-03
    -84.257534719504    -84.257534719504         0.10860E-03
    -84.257523044235    -84.257523044235         0.41013E-04
    -84.257477473818    -84.257477473818         0.14072E-03
    -84.257467125056    -84.257467125056         0.12031E-03
    -84.257459901743    -84.257459901743         0.19951E-03
    -84.257448280829    -84.257448280829         0.12129E-03
    -84.257453977876    -84.257453977876         0.60078E-04
    -84.257515437809    -84.257515437809         0.12334E-03
    -84.257446759475    -84.257446759475         0.16923E-03
    -84.257489565566    -84.257489565566         0.99957E-04
    -84.257458652611    -84.257458652611         0.76171E-04
    -84.257465216527    -84.257465216527         0.66732E-04
    -84.257476408209    -84.257476408209         0.13823E-03
    -84.257483673747    -84.257483673747         0.31938E-04
    -84.257448020180    -84.257448020180         0.16618E-03
    -84.257482736872    -84.257482736872         0.19606E-03
    -84.257550173564    -84.257550173564         0.42563E-04
    -84.257442222483    -84.257442222483         0.14191E-03
    -84.257464989111    -84.257464989111         0.16714E-03
    -84.257473373980    -84.257473373980         0.49402E-04
    -84.257441949494    -84.257441949494         0.11345E-03
    -84.257461376448    -84.257461376448         0.83152E-04
    -84.257467652295    -84.257467652295         0.16787E-03
    -84.257463089289    -84.257463089289         0.92236E-04
    -84.257463353136    -84.257463353136         0.74744E-04
    -84.257454785774    -84.257454785774         0.15861E-03
    -84.257440302358    -84.257440302358         0.15405E-03
    -84.257539858964    -84.257539858964         0.48910E-04
    -84.257439514604    -84.257439514604         0.14976E-03
    -84.257472116629    -84.257472116629         0.16937E-03
    -84.257489663682    -84.257489663682         0.47292E-04
    -84.257479758065    -84.257479758065         0.11716E-03
    -84.257473043876    -84.257473043876         0.93899E-04
    -84.257663299064    -84.257663299064         0.14661E-03
    -84.257432650249    -84.257432650249         0.17693E-03
    -84.257463922768    -84.257463922768         0.78985E-04
    -84.257437641633    -84.257437641633         0.48592E-04
    -84.257483462712    -84.257483462712         0.16551E-03
    -84.257453872180    -84.257453872180         0.11975E-03
    -84.257471828217    -84.257471828217         0.10811E-03
    -84.257453009383    -84.257453009383         0.30100E-04
    -84.257486106766    -84.257486106766         0.15566E-03
    -84.257455474293    -84.257455474293         0.14437E-03
    -84.257445601372    -84.257445601372         0.14393E-03
    -84.257481265183    -84.257481265183         0.61392E-04
    -84.257440595970    -84.257440595970         0.44442E-04
    -84.257456989577    -84.257456989577         0.44285E-04
    -84.257429634579    -84.257429634579         0.17805E-03
    -84.257424619420    -84.257424619420         0.12870E-03
    -84.257456244448    -84.257456244448         0.37571E-04
    -84.257420813120    -84.257420813120         0.12232E-03
    -84.257419145613    -84.257419145613         0.15911E-03
    -84.257452513663    -84.257452513663         0.32268E-04
    -84.257413954994    -84.257413954994         0.18197E-03
    -84.257454905761    -84.257454905761         0.73861E-04
    -84.257458610020    -84.257458610020         0.39629E-04
    -84.257437922419    -84.257437922419         0.49103E-04
    -84.257472790787    -84.257472790787         0.19656E-03
    -84.257429649378    -84.257429649378         0.16455E-03
    -84.257429108034    -84.257429108034         0.14514E-03
    -84.257410148408    -84.257410148408         0.12044E-03
    -84.257417908248    -84.257417908248         0.15937E-03
    -84.257423013534    -84.257423013534         0.12520E-03
    -84.257457786231    -84.257457786231         0.70287E-04
    -84.257409986205    -84.257409986205         0.16043E-03
    -84.257429209538    -84.257429209538         0.13769E-03
    -84.257409784939    -84.257409784939         0.18187E-03
    -84.257414617235    -84.257414617235         0.18452E-03
    -84.257485707816    -84.257485707816         0.15812E-03
    -84.257452081640    -84.257452081640         0.39014E-04
    -84.257423001935    -84.257423001935         0.19348E-03
    -84.257420150139    -84.257420150139         0.39790E-04
    -84.257409543635    -84.257409543635         0.13236E-03
    -84.257409592081    -84.257409592081         0.17862E-03
    -84.257407958123    -84.257407958123         0.15041E-03
    -84.257485179066    -84.257485179066         0.19509E-03
    -84.257411126539    -84.257411126539         0.11928E-03
    -84.257412602986    -84.257412602986         0.84900E-04
    -84.257439171495    -84.257439171495         0.53193E-04
    -84.257410696389    -84.257410696389         0.16778E-03
    -84.257430069838    -84.257430069838         0.14081E-03
    -84.257409724484    -84.257409724484         0.13620E-03
    -84.257411733296    -84.257411733296         0.18527E-03
    -84.257424179544    -84.257424179544         0.10057E-03
    -84.257404349059    -84.257404349059         0.11527E-03
    -84.257408623419    -84.257408623419         0.11206E-03
    -84.257410444490    -84.257410444490         0.11904E-03
    -84.257419784297    -84.257419784297         0.15238E-03
    -84.257410675404    -84.257410675404         0.17621E-03
    -84.257420138974    -84.257420138974         0.28692E-04
    -84.257396630862    -84.257396630862         0.11219E-03
    -84.257397548077    -84.257397548077         0.11045E-03
    -84.257395779806    -84.257395779806         0.17309E-03
    -84.257400662672    -84.257400662672         0.14254E-03
    -84.257407871338    -84.257407871338         0.18639E-03
    -84.257401501993    -84.257401501993         0.11334E-03
    -84.257422125439    -84.257422125439         0.19688E-03
    -84.257392176678    -84.257392176678         0.16053E-03
    -84.257401189621    -84.257401189621         0.16859E-03
    -84.257418170443    -84.257418170443         0.17177E-03
    -84.257393258843    -84.257393258843         0.73955E-04
    -84.257440701278    -84.257440701278         0.34678E-04
    -84.257409003248    -84.257409003248         0.19300E-03
    -84.257401073372    -84.257401073372         0.18607E-03
    -84.257375251319    -84.257375251319         0.19885E-03
    -84.257375561096    -84.257375561096         0.13544E-03
    -84.257384319743    -84.257384319743         0.10317E-03
    -84.257448960040    -84.257448960040         0.45112E-04
    -84.257376607544    -84.257376607544         0.18642E-03
    -84.257407792910    -84.257407792910         0.17325E-03
    -84.257484530649    -84.257484530649         0.18475E-03
    -84.257381104109    -84.257381104109         0.18235E-03
    -84.257407492285    -84.257407492285         0.19788E-03
    -84.257393180364    -84.257393180364         0.41736E-04
    -84.257394852214    -84.257394852214         0.11826E-03
    -84.257420427771    -84.257420427771         0.17330E-03
    -84.257373743180    -84.257373743180         0.15993E-03
    -84.257411815273    -84.257411815273         0.15405E-03
    -84.257377096338    -84.257377096338         0.12227E-03
    -84.257391781850    -84.257391781850         0.51994E-04
    -84.257396833994    -84.257396833994         0.13628E-03
    -84.257374689996    -84.257374689996         0.88991E-04
    -84.257392543366    -84.257392543366         0.37165E-04
    -84.257416078076    -84.257416078076         0.19328E-03
    -84.257428469764    -84.257428469764         0.13796E-03
    -84.257377347216    -84.257377347216         0.12328E-03
    -84.257409369189    -84.257409369189         0.17371E-03
    -84.257422402838    -84.257422402838         0.12844E-03
    -84.257375217244    -84.257375217244         0.12516E-03
    -84.257379002343    -84.257379002343         0.13501E-03
    -84.257406526093    -84.257406526093         0.17402E-03
    -84.257358170167    -84.257358170167         0.14099E-03
    -84.257366560851    -84.257366560851         0.13058E-03
    -84.257422625081    -84.257422625081         0.49296E-04
    -84.257353496688    -84.257353496688         0.16651E-03
    -84.257405180466    -84.257405180466         0.17915E-03
    -84.257363567039    -84.257363567039         0.92856E-04
    -84.257359641082    -84.257359641082         0.16509E-03
    -84.257392277482    -84.257392277482         0.17906E-03
    -84.257367773615    -84.257367773615         0.10039E-03
    -84.257394602831    -84.257394602831         0.21022E-04
    -84.257353942057    -84.257353942057         0.11849E-03
    -84.257352873000    -84.257352873000         0.18493E-03
    -84.257352733334    -84.257352733334         0.16340E-03
    -84.257353923020    -84.257353923020         0.90939E-04
    -84.257356608392    -84.257356608392         0.60330E-04
    -84.257376127655    -84.257376127655         0.68399E-04
    -84.257366749676    -84.257366749676         0.14345E-03
    -84.257407427272    -84.257407427272         0.13959E-03
    -84.257374548478    -84.257374548478         0.17465E-03
    -84.257369595965    -84.257369595965         0.19854E-03
    -84.257421958473    -84.257421958473         0.12568E-03
    -84.257359293884    -84.257359293884         0.53379E-04
    -84.257349877401    -84.257349877401         0.19098E-03
    -84.257373432410    -84.257373432410         0.17958E-03
    -84.257382454968    -84.257382454968         0.31546E-04
    -84.257363925822    -84.257363925822         0.68090E-04
    -84.257372483791    -84.257372483791         0.15309E-03
    -84.257352849769    -84.257352849769         0.11198E-03
    -84.257374861607    -84.257374861607         0.17294E-03
    -84.257352714077    -84.257352714077         0.77683E-04
    -84.257345997463    -84.257345997463         0.18164E-03
    -84.257382492797    -84.257382492797         0.60022E-04
    -84.257408160113    -84.257408160113         0.19011E-03
    -84.257342951161    -84.257342951161         0.13635E-03
    -84.257356023796    -84.257356023796         0.14968E-03
    -84.257350849261    -84.257350849261         0.17781E-03
    -84.257358186273    -84.257358186273         0.58673E-04
    -84.257350429319    -84.257350429319         0.19848E-03
    -84.257352551041    -84.257352551041         0.12190E-03
    -84.257352273340    -84.257352273340         0.12834E-03
    -84.257340692398    -84.257340692398         0.17936E-03
    -84.257368029109    -84.257368029109         0.18911E-03
    -84.257395558631    -84.257395558631         0.13168E-03
    -84.257353039949    -84.257353039949         0.11702E-03
    -84.257347677665    -84.257347677665         0.18839E-03
    -84.257366571010    -84.257366571010         0.13374E-03
    -84.257339456147    -84.257339456147         0.95344E-04
    -84.257349229437    -84.257349229437         0.13594E-03
    -84.257366459506    -84.257366459506         0.10867E-03
    -84.257352912549    -84.257352912549         0.12095E-03
    -84.257367775950    -84.257367775950         0.17791E-03
    -84.257372666324    -84.257372666324         0.19542E-03
    -84.257404553032    -84.257404553032         0.61562E-04
    -84.257393861903    -84.257393861903         0.18613E-03
    -84.257414055430    -84.257414055430         0.65727E-04
    -84.257372780771    -84.257372780771         0.13453E-03
    -84.257403873253    -84.257403873253         0.16614E-03
    -84.257350778936    -84.257350778936         0.19102E-03
    -84.257331942491    -84.257331942491         0.13136E-03
    -84.257358041488    -84.257358041488         0.16323E-03
    -84.257335065425    -84.257335065425         0.18951E-03
    -84.257341683080    -84.257341683080         0.14293E-03
    -84.257337129916    -84.257337129916         0.14868E-03
    -84.257381320238    -84.257381320238         0.11436E-03
    -84.257341654407    -84.257341654407         0.19915E-03
    -84.257341159748    -84.257341159748         0.10434E-03
    -84.257353506272    -84.257353506272         0.46955E-04
    -84.257336349626    -84.257336349626         0.13791E-03
    -84.257353028234    -84.257353028234         0.16157E-03
    -84.257347357434    -84.257347357434         0.18277E-03
    -84.257336236383    -84.257336236383         0.92651E-04
    -84.257359594963    -84.257359594963         0.11542E-03
    -84.257357122546    -84.257357122546         0.12496E-03
    -84.257338491714    -84.257338491714         0.18373E-03
    -84.257374651826    -84.257374651826         0.59725E-04
    -84.257366958263    -84.257366958263         0.54484E-04
    -84.257338819702    -84.257338819702         0.11798E-03
    -84.257331571878    -84.257331571878         0.11269E-03
    -84.257318945263    -84.257318945263         0.17612E-03
    -84.257320592918    -84.257320592918         0.13831E-03
    -84.257336192337    -84.257336192337         0.48923E-04
    -84.257324020479    -84.257324020479         0.12330E-03
    -84.257338168863    -84.257338168863         0.16290E-03
    -84.257410208029    -84.257410208029         0.13761E-03
    -84.257308063324    -84.257308063324         0.12766E-03
    -84.257334927056    -84.257334927056         0.14760E-03
    -84.257329599499    -84.257329599499         0.18781E-03
    -84.257320046028    -84.257320046028         0.17826E-03
    -84.257322829323    -84.257322829323         0.17227E-03
    -84.257336177429    -84.257336177429         0.18262E-03
    -84.257376250448    -84.257376250448         0.57346E-04
    -84.257361926396    -84.257361926396         0.77175E-04
    -84.257321306315    -84.257321306315         0.92024E-04
    -84.257409612960    -84.257409612960         0.68903E-04
    -84.257319180207    -84.257319180207         0.18213E-03
    -84.257301582177    -84.257301582177         0.68620E-04
    -84.257301525043    -84.257301525043         0.17050E-03
    -84.257320933730    -84.257320933730         0.10779E-03
    -84.257328626534    -84.257328626534         0.12214E-03
    -84.257356239084    -84.257356239084         0.18470E-03
    -84.257337299117    -84.257337299117         0.90250E-04
    -84.257378047543    -84.257378047543         0.16289E-03
    -84.257362091152    -84.257362091152         0.16417E-03
    -84.257411084344    -84.257411084344         0.18756E-03
    -84.257325972030    -84.257325972030         0.55002E-04
    -84.257332020226    -84.257332020226         0.85257E-04
    -84.257347392297    -84.257347392297         0.73046E-04
    -84.257355675614    -84.257355675614         0.19557E-03
    -84.257332838946    -84.257332838946         0.68017E-04
    -84.257356222779    -84.257356222779         0.27379E-04
    -84.257336688242    -84.257336688242         0.18642E-03
    -84.257337510115    -84.257337510115         0.47989E-04
    -84.257348072416    -84.257348072416         0.13274E-03
    -84.257383655672    -84.257383655672         0.16455E-03
    -84.257345301784    -84.257345301784         0.18719E-03
    -84.257299409777    -84.257299409777         0.15103E-03
    -84.257332982856    -84.257332982856         0.17185E-03
    -84.257331236156    -84.257331236156         0.16717E-03
    -84.257320391593    -84.257320391593         0.38658E-04
    -84.257599344412    -84.257599344412         0.25732E-04
    -84.257352388370    -84.257352388370         0.11788E-03
    -84.257302209164    -84.257302209164         0.10703E-03
    -84.257322355068    -84.257322355068         0.16566E-03
    -84.257319098099    -84.257319098099         0.13806E-03
    -84.257343111834    -84.257343111834         0.17365E-03
    -84.257337627618    -84.257337627618         0.86646E-04
    -84.257309741873    -84.257309741873         0.10776E-03
    -84.257333386324    -84.257333386324         0.10858E-03
    -84.257300756195    -84.257300756195         0.15550E-03
    -84.257330370347    -84.257330370347         0.95895E-04
    -84.257300403185    -84.257300403185         0.11565E-03
    -84.257345293109    -84.257345293109         0.13497E-03
    -84.257298928921    -84.257298928921         0.13570E-03
    -84.257332690874    -84.257332690874         0.84137E-04
    -84.257282483881    -84.257282483881         0.18876E-03
    -84.257327487712    -84.257327487712         0.99483E-04
    -84.257322270562    -84.257322270562         0.19270E-03
    -84.257299431604    -84.257299431604         0.12557E-03
    -84.257326093367    -84.257326093367         0.14871E-03
    -84.257309513001    -84.257309513001         0.44781E-04
    -84.257290367818    -84.257290367818         0.83884E-04
    -84.257335888199    -84.257335888199         0.17517E-03
    -84.257276207701    -84.257276207701         0.11827E-03
    -84.257294705794    -84.257294705794         0.26960E-04
    -84.257294616443    -84.257294616443         0.15186E-03
    -84.257342162200    -84.257342162200         0.15050E-03
    -84.257279574978    -84.257279574978         0.14871E-03
    -84.257310850183    -84.257310850183         0.57719E-04
    -84.257305871120    -84.257305871120         0.42071E-04
    -84.257320964639    -84.257320964639         0.19444E-03
    -84.257353080963    -84.257353080963         0.18353E-03
    -84.257374813606    -84.257374813606         0.13156E-03
    -84.257277962815    -84.257277962815         0.16793E-03
    -84.257331481615    -84.257331481615         0.50432E-04
    -84.257265770342    -84.257265770342         0.12234E-03
    -84.257263426867    -84.257263426867         0.18355E-03
    -84.257314468936    -84.257314468936         0.37622E-04
    -84.257291271119    -84.257291271119         0.74278E-04
    -84.257276752716    -84.257276752716         0.18878E-03
    -84.257264199701    -84.257264199701         0.75505E-04
    -84.257276290008    -84.257276290008         0.12247E-03
    -84.257260604439    -84.257260604439         0.15745E-03
    -84.257410441509    -84.257410441509         0.18862E-03
    -84.260003007933    -84.260003007933         0.19209E-03
    -84.257280953864    -84.257280953864         0.12392E-03
    -84.257321827664    -84.257321827664         0.22988E-04
    -84.257329445392    -84.257329445392         0.15320E-03
    -84.257366422694    -84.257366422694         0.12545E-03
    -84.257366258474    -84.257366258474         0.13004E-03
    -84.257317345365    -84.257317345365         0.55858E-04
    -84.257326558431    -84.257326558431         0.15791E-03
    -84.257284607278    -84.257284607278         0.19459E-03
    -84.257287818520    -84.257287818520         0.10322E-03
    -84.257280566849    -84.257280566849         0.91493E-04
    -84.257333320960    -84.257333320960         0.16609E-03
    -84.257280707050    -84.257280707050         0.13997E-03
    -84.257345930384    -84.257345930384         0.13251E-03
    -84.257314028635    -84.257314028635         0.43367E-04
    -84.257279999797    -84.257279999797         0.15212E-03
    -84.257259707525    -84.257259707525         0.18416E-03
    -84.257259876552    -84.257259876552         0.78494E-04
    -84.257257715694    -84.257257715694         0.13378E-03
    -84.257280555108    -84.257280555108         0.87956E-04
    -84.257333970861    -84.257333970861         0.14987E-03
    -84.257264940290    -84.257264940290         0.88332E-04
    -84.257270649729    -84.257270649729         0.62142E-04
    -84.257293430948    -84.257293430948         0.12283E-03
    -84.257282774661    -84.257282774661         0.12498E-03
    -84.259216549725    -84.259216549725         0.30270E-04
    -84.257278634494    -84.257278634494         0.17419E-03
    -84.257291187308    -84.257291187308         0.75615E-04
    -84.257347654463    -84.257347654463         0.17124E-03
    -84.257260868981    -84.257260868981         0.12431E-03
    -84.257330168216    -84.257330168216         0.18899E-03
    -84.257333989265    -84.257333989265         0.16000E-03
    -84.257348311107    -84.257348311107         0.13551E-03
    -84.257267727992    -84.257267727992         0.13624E-03
    -84.257261274756    -84.257261274756         0.80211E-04
    -84.257541939974    -84.257541939974         0.25194E-04
    -84.257312039651    -84.257312039651         0.84408E-04
    -84.257287398857    -84.257287398857         0.12554E-03
    -84.257311486686    -84.257311486686         0.51929E-04
    -84.257258577449    -84.257258577449         0.17416E-03
    -84.257271858498    -84.257271858498         0.70776E-04
    -84.257256071849    -84.257256071849         0.18225E-03
    -84.257266269983    -84.257266269983         0.17541E-03
    -84.257323830569    -84.257323830569         0.16181E-03
    -84.257257196700    -84.257257196700         0.13282E-03
    -84.257341119325    -84.257341119325         0.19477E-03
    -84.257285624510    -84.257285624510         0.15723E-03
    -84.257332415937    -84.257332415937         0.17559E-03
    -84.257262574724    -84.257262574724         0.85954E-04
    -84.257365142245    -84.257365142245         0.19673E-03
    -84.257297976883    -84.257297976883         0.66526E-04
    -84.257260314727    -84.257260314727         0.15690E-03
    -84.257261939352    -84.257261939352         0.12787E-03
    -84.257287667077    -84.257287667077         0.70048E-04
    -84.257277994105    -84.257277994105         0.14617E-03
    -84.257247375162    -84.257247375162         0.15644E-03
    -84.257271455182    -84.257271455182         0.44928E-04
    -84.257252263556    -84.257252263556         0.10641E-03
    -84.257306611727    -84.257306611727         0.14533E-03
    -84.257260304946    -84.257260304946         0.15601E-03
    -84.257264190860    -84.257264190860         0.14979E-03
    -84.257245201845    -84.257245201845         0.18354E-03
    -84.257282775756    -84.257282775756         0.19120E-03
    -84.257284012979    -84.257284012979         0.11078E-03
    -84.257272914294    -84.257272914294         0.29111E-04
    -84.257277525348    -84.257277525348         0.71760E-04
    -84.257325671891    -84.257325671891         0.11311E-03
    -84.257322365184    -84.257322365184         0.32109E-04
    -84.257264862300    -84.257264862300         0.16355E-03
    -84.257280170271    -84.257280170271         0.51360E-04
    -84.257247275858    -84.257247275858         0.13164E-03
    -84.257286779173    -84.257286779173         0.42534E-04
    -84.257334299294    -84.257334299294         0.77355E-04
    -84.257334080055    -84.257334080055         0.17544E-03
    -84.257335598063    -84.257335598063         0.14878E-03
    -84.257249164750    -84.257249164750         0.63889E-04
    -84.257268667256    -84.257268667256         0.17919E-03
    -84.257285720225    -84.257285720225         0.17506E-03
    -84.257253801411    -84.257253801411         0.12171E-03
    -84.257238699581    -84.257238699581         0.37099E-04
    -84.257286978671    -84.257286978671         0.71598E-04
    -84.257307281059    -84.257307281059         0.49316E-04
    -84.257265354818    -84.257265354818         0.13565E-03
    -84.257237551759    -84.257237551759         0.13838E-03
    -84.257237021031    -84.257237021031         0.79566E-04
    -84.257266024342    -84.257266024342         0.18434E-03
    -84.257284830107    -84.257284830107         0.14793E-03
    -84.257260542362    -84.257260542362         0.16708E-03
    -84.257241376669    -84.257241376669         0.14762E-03
    -84.257306824633    -84.257306824633         0.77226E-04
    -84.257322573629    -84.257322573629         0.49242E-04
    -84.257340190213    -84.257340190213         0.12251E-03
    -84.257331233066    -84.257331233066         0.18147E-03
    -84.257260539459    -84.257260539459         0.10922E-03
    -84.257249113723    -84.257249113723         0.15044E-03
    -84.257247959011    -84.257247959011         0.19653E-04
    -84.257277669167    -84.257277669167         0.16148E-03
    -84.257227367327    -84.257227367327         0.14386E-03
    -84.257316489726    -84.257316489726         0.89471E-04
    -84.257310948007    -84.257310948007         0.19838E-03
    -84.257229725050    -84.257229725050         0.12248E-03
    -84.257230917378    -84.257230917378         0.11979E-03
    -84.257256565168    -84.257256565168         0.19006E-03
    -84.257223464720    -84.257223464720         0.15810E-03
    -84.257283099748    -84.257283099748         0.16413E-03
    -84.257224096677    -84.257224096677         0.18006E-03
    -84.257223432548    -84.257223432548         0.13319E-03
    -84.257286028288    -84.257286028288         0.19848E-03
    -84.260225333555    -84.260225333555         0.60042E-04
    -84.257240973502    -84.257240973502         0.67613E-04
    -84.257335560658    -84.257335560658         0.16686E-03
    -84.257222908502    -84.257222908502         0.14150E-03
    -84.257346985123    -84.257346985123         0.71271E-04
    -84.257236793781    -84.257236793781         0.13503E-03
    -84.257339599432    -84.257339599432         0.15850E-03
    -84.257278536245    -84.257278536245         0.40302E-04
    -84.257229575206    -84.257229575206         0.12275E-03
    -84.257334726964    -84.257334726964         0.19643E-03
    -84.257229233725    -84.257229233725         0.16792E-03
    -84.257266185975    -84.257266185975         0.12927E-03
    -84.257329363354    -84.257329363354         0.87540E-04
    -84.257306084279    -84.257306084279         0.10512E-03
    -84.257346660318    -84.257346660318         0.19796E-03
    -84.257224979941    -84.257224979941         0.17342E-03
    -84.257224407317    -84.257224407317         0.16841E-03
    -84.257247213917    -84.257247213917         0.50665E-04
    -84.257217292534    -84.257217292534         0.18932E-03
    -84.257332911960    -84.257332911960         0.14917E-03
    -84.257224602068    -84.257224602068         0.10261E-03
    -84.257230785201    -84.257230785201         0.18192E-03
    -84.257220735923    -84.257220735923         0.19727E-03
    -84.257213300616    -84.257213300616         0.18162E-03
    -84.257337634360    -84.257337634360         0.83290E-04
    -84.257251019553    -84.257251019553         0.50782E-04
    -84.257206372202    -84.257206372202         0.88142E-04
    -84.257241505961    -84.257241505961         0.47288E-04
    -84.257215948357    -84.257215948357         0.80324E-04
    -84.257216648636    -84.257216648636         0.17389E-03
    -84.257228395931    -84.257228395931         0.17466E-03
    -84.257265293645    -84.257265293645         0.12212E-03
    -84.257326998816    -84.257326998816         0.10741E-03
    -84.257265276091    -84.257265276091         0.16579E-03
    -84.257241209473    -84.257241209473         0.14701E-03
    -84.257202486657    -84.257202486657         0.12246E-03
    -84.257201150817    -84.257201150817         0.17635E-03
    -84.257210198642    -84.257210198642         0.48826E-04
    -84.259148408618    -84.259148408618         0.16814E-03
    -84.257201779452    -84.257201779452         0.98990E-04
    -84.257230992197    -84.257230992197         0.10650E-03
    -84.257220648904    -84.257220648904         0.41085E-04
    -84.257295112783    -84.257295112783         0.60340E-04
    -84.257344045951    -84.257344045951         0.14210E-03
    -84.257195898273    -84.257195898273         0.12697E-03
    -84.257377578031    -84.257377578031         0.10705E-03
    -84.257198481620    -84.257198481620         0.19591E-03
    -84.257212589398    -84.257212589398         0.52651E-04
    -84.257192339018    -84.257192339018         0.14296E-03
    -84.257208142013    -84.257208142013         0.65927E-04
    -84.257187704599    -84.257187704599         0.18476E-03
    -84.257219356316    -84.257219356316         0.69525E-04
    -84.257200154905    -84.257200154905         0.18105E-03
    -84.257190481398    -84.257190481398         0.63833E-04
    -84.257185059550    -84.257185059550         0.13105E-03
    -84.257180761728    -84.257180761728         0.17505E-03
    -84.257185092914    -84.257185092914         0.14973E-03
    -84.257212112580    -84.257212112580         0.15077E-03
    -84.257238801313    -84.257238801313         0.49476E-04
    -84.257179991886    -84.257179991886         0.92138E-04
    -84.257200534802    -84.257200534802         0.12528E-03
    -84.257199960259    -84.257199960259         0.18801E-03
    -84.257200580836    -84.257200580836         0.32000E-04
    -84.257188674419    -84.257188674419         0.13638E-03
    -84.257176203930    -84.257176203930         0.12744E-03
    -84.257192422013    -84.257192422013         0.16820E-03
    -84.257178366522    -84.257178366522         0.11618E-03
    -84.257193936611    -84.257193936611         0.19009E-03
    -84.257191483239    -84.257191483239         0.76371E-04
    -84.257200901190    -84.257200901190         0.18655E-03
    -84.257217502713    -84.257217502713         0.51129E-04
    -84.257197533258    -84.257197533258         0.45969E-04
    -84.257175930819    -84.257175930819         0.11236E-03
    -84.257183489768    -84.257183489768         0.19754E-03
    -84.257178891439    -84.257178891439         0.16745E-03
    -84.257173379174    -84.257173379174         0.13522E-03
    -84.257175340027    -84.257175340027         0.18545E-03
    -84.257178382414    -84.257178382414         0.99280E-04
    -84.257175497749    -84.257175497749         0.87129E-04
    -84.257181049778    -84.257181049778         0.18465E-03
    -84.257160582214    -84.257160582214         0.19495E-03
    -84.257180388168    -84.257180388168         0.16227E-03
    -84.257163345123    -84.257163345123         0.14225E-03
    -84.257161197424    -84.257161197424         0.10358E-03
    -84.257202882868    -84.257202882868         0.17761E-03
    -84.257176770920    -84.257176770920         0.44493E-04
    -84.257191509780    -84.257191509780         0.14118E-03
    -84.257168683163    -84.257168683163         0.17413E-03
    -84.257200233009    -84.257200233009         0.17578E-03
    -84.257166741068    -84.257166741068         0.19178E-03
    -84.257184698739    -84.257184698739         0.51800E-04
    -84.257173331530    -84.257173331530         0.17703E-03
    -84.257197804351    -84.257197804351         0.14391E-03
    -84.257184683899    -84.257184683899         0.14253E-03
    -84.257187562020    -84.257187562020         0.37030E-04
    -84.257179125959    -84.257179125959         0.56808E-04
    -84.257161053596    -84.257161053596         0.19590E-03
    -84.257192231758    -84.257192231758         0.13949E-03
    -84.257176526584    -84.257176526584         0.19279E-03
    -84.257175123612    -84.257175123612         0.15453E-03
    -84.257151741225    -84.257151741225         0.15430E-03
    -84.257191802394    -84.257191802394         0.67266E-04
    -84.257172225840    -84.257172225840         0.39358E-04
    -84.257172469364    -84.257172469364         0.12350E-03
    -84.257183379367    -84.257183379367         0.18043E-03
    -84.257150651165    -84.257150651165         0.14480E-03
    -84.257179865387    -84.257179865387         0.71910E-04
    -84.257169706191    -84.257169706191         0.12530E-03
    -84.257161685385    -84.257161685385         0.16931E-03
    -84.257152036515    -84.257152036515         0.91720E-04
    -84.257982903057    -84.257982903057         0.52277E-04
    -84.257153460479    -84.257153460479         0.99762E-04
    -84.257170593846    -84.257170593846         0.19753E-03
    -84.257150705598    -84.257150705598         0.11847E-03
    -84.257149485571    -84.257149485571         0.16146E-03
    -84.257202701787    -84.257202701787         0.19928E-03
    -84.257146926072    -84.257146926072         0.18731E-03
    -84.257179553272    -84.257179553272         0.10624E-03
    -84.257179057478    -84.257179057478         0.68105E-04
    -84.257167830327    -84.257167830327         0.18757E-03
    -84.257197307851    -84.257197307851         0.13747E-03
    -84.257232232354    -84.257232232354         0.73493E-04
    -84.257130880372    -84.257130880372         0.98956E-04
    -84.257151212481    -84.257151212481         0.18540E-03
    -84.257168229085    -84.257168229085         0.10933E-03
    -84.257153275277    -84.257153275277         0.87986E-04
    -84.257222368308    -84.257222368308         0.53773E-04
    -84.257122849423    -84.257122849423         0.19850E-03
    -84.257173915314    -84.257173915314         0.18273E-03
    -84.257154741351    -84.257154741351         0.25781E-04
    -84.257129597033    -84.257129597033         0.19141E-03
    -84.257138617301    -84.257138617301         0.55971E-04
    -84.257157726364    -84.257157726364         0.57743E-04
    -84.257124524226    -84.257124524226         0.17913E-03
    -84.257209540928    -84.257209540928         0.15382E-03
    -84.257268876209    -84.257268876209         0.62715E-04
    -84.257153765778    -84.257153765778         0.13527E-03
    -84.257192310688    -84.257192310688         0.12495E-03
    -84.257172648431    -84.257172648431         0.15085E-03
    -84.257136507234    -84.257136507234         0.34088E-04
    -84.257138493347    -84.257138493347         0.14841E-03
    -84.257149592797    -84.257149592797         0.14298E-03
    -84.257161036116    -84.257161036116         0.47732E-04
    -84.257173239340    -84.257173239340         0.15828E-03
    -84.257133369012    -84.257133369012         0.55032E-04
    -84.257121286644    -84.257121286644         0.18091E-03
    -84.257138847497    -84.257138847497         0.68592E-04
    -84.257254068746    -84.257254068746         0.58058E-04
    -84.257167360181    -84.257167360181         0.73545E-04
    -84.257169201584    -84.257169201584         0.27962E-04
    -84.257114500755    -84.257114500755         0.11498E-03
    -84.257171482827    -84.257171482827         0.14023E-03
    -84.257170887211    -84.257170887211         0.12258E-03
    -84.257172854916    -84.257172854916         0.10792E-03
    -84.257483957233    -84.257483957233         0.48672E-04
    -84.257109808455    -84.257109808455         0.90528E-04
    -84.257120380932    -84.257120380932         0.19879E-03
    -84.257151658067    -84.257151658067         0.10616E-03
    -84.257111425622    -84.257111425622         0.18951E-03
    -84.257154286397    -84.257154286397         0.12636E-03
    -84.257173197801    -84.257173197801         0.11370E-03
    -84.257127582444    -84.257127582444         0.10489E-03
    -84.257162521294    -84.257162521294         0.79999E-04
    -84.257170426173    -84.257170426173         0.12391E-03
    -84.257105110736    -84.257105110736         0.17687E-03
    -84.257117540852    -84.257117540852         0.88919E-04
    -84.257109220024    -84.257109220024         0.97767E-04
    -84.257489054605    -84.257489054605         0.81557E-04
    -84.257122561963    -84.257122561963         0.22167E-04
    -84.257117459587    -84.257117459587         0.76156E-04
    -84.257099102087    -84.257099102087         0.13970E-03
    -84.257104420009    -84.257104420009         0.10144E-03
    -84.257158866555    -84.257158866555         0.19661E-04
    -84.257104963267    -84.257104963267         0.16281E-03
    -84.257096301163    -84.257096301163         0.16917E-03
    -84.257108373603    -84.257108373603         0.12756E-03
    -84.257099741065    -84.257099741065         0.18429E-03
    -84.257167502967    -84.257167502967         0.14647E-03
    -84.257158942722    -84.257158942722         0.27604E-04
    -84.257157230626    -84.257157230626         0.81620E-04
    -84.257165107904    -84.257165107904         0.15246E-03
    -84.257086524606    -84.257086524606         0.10009E-03
    -84.257276959825    -84.257276959825         0.72113E-04
    -84.257162794614    -84.257162794614         0.17168E-03
    -84.257095809392    -84.257095809392         0.15605E-03
    -84.257098071959    -84.257098071959         0.18712E-03
    -84.257099029722    -84.257099029722         0.99767E-04
    -84.257102304192    -84.257102304192         0.15703E-03
    -84.257175010414    -84.257175010414         0.19156E-03
    -84.257105592309    -84.257105592309         0.10611E-03
    -84.257104759707    -84.257104759707         0.11850E-03
    -84.257113526249    -84.257113526249         0.19623E-03
    -84.257101614527    -84.257101614527         0.15830E-03
    -84.257102330603    -84.257102330603         0.12612E-03
    -84.257086308525    -84.257086308525         0.17543E-03
    -84.257098847075    -84.257098847075         0.19781E-03
    -84.257097054902    -84.257097054902         0.13566E-03
    -84.257113188549    -84.257113188549         0.19088E-03
    -84.257169744743    -84.257169744743         0.19073E-03
    -84.257158821974    -84.257158821974         0.48135E-04
    -84.257115453376    -84.257115453376         0.28113E-04
    -84.257062568781    -84.257062568781         0.17668E-03
    -84.257106251541    -84.257106251541         0.21672E-04
    -84.257105004736    -84.257105004736         0.10599E-03
    -84.257096364920    -84.257096364920         0.14731E-03
    -84.257107133173    -84.257107133173         0.13760E-03
    -84.257080230468    -84.257080230468         0.82273E-04
    -84.257098550110    -84.257098550110         0.17047E-03
    -84.257366171334    -84.257366171334         0.12861E-03
    -84.257080964174    -84.257080964174         0.99399E-04
    -84.257108125639    -84.257108125639         0.11374E-03
    -84.257104619885    -84.257104619885         0.43717E-04
    -84.257171313402    -84.257171313402         0.84166E-04
    -84.257102660753    -84.257102660753         0.18371E-03
    -84.257083714732    -84.257083714732         0.44255E-04
    -84.257169153631    -84.257169153631         0.51474E-04
    -84.257056291397    -84.257056291397         0.12953E-03
    -84.257104022883    -84.257104022883         0.17089E-03
    -84.257060477835    -84.257060477835         0.16030E-03
    -84.257105068476    -84.257105068476         0.48655E-04
    -84.257989629853    -84.257989629853         0.53283E-04
    -84.257099437198    -84.257099437198         0.89486E-04
    -84.257035752547    -84.257035752547         0.15925E-03
    -84.257092646836    -84.257092646836         0.45635E-04
    -84.257107693998    -84.257107693998         0.19567E-03
    -84.257036053175    -84.257036053175         0.12738E-03
    -84.257097751155    -84.257097751155         0.16012E-03
    -84.257103344413    -84.257103344413         0.10308E-03
    -84.259477865264    -84.259477865264         0.13992E-03
    -84.257036614135    -84.257036614135         0.43741E-04
    -84.257065421025    -84.257065421025         0.18438E-03
    -84.257037444545    -84.257037444545         0.18221E-03
    -84.257023740546    -84.257023740546         0.15620E-03
    -84.257116077092    -84.257116077092         0.55740E-04
    -84.257035864350    -84.257035864350         0.12442E-03
    -84.257022292881    -84.257022292881         0.92562E-04
    -84.257075272023    -84.257075272023         0.37830E-04
    -84.257027723303    -84.257027723303         0.18449E-03
    -84.257030307784    -84.257030307784         0.10931E-03
    -84.257063423017    -84.257063423017         0.14241E-03
    -84.257018403012    -84.257018403012         0.13047E-03
    -84.257085045506    -84.257085045506         0.15351E-03
    -84.257027394596    -84.257027394596         0.53316E-04
    -84.257065696002    -84.257065696002         0.90166E-04
    -84.257017435133    -84.257017435133         0.18671E-03
    -84.257012628265    -84.257012628265         0.18505E-03
    -84.257053246257    -84.257053246257         0.26434E-04
    -84.257107319707    -84.257107319707         0.66500E-04
    -84.257091779726    -84.257091779726         0.32846E-04
    -84.259071779489    -84.259071779489         0.90577E-04
    -84.257013599925    -84.257013599925         0.13826E-03
    -84.257020638061    -84.257020638061         0.77355E-04
    -84.257010863539    -84.257010863539         0.15574E-03
    -84.257106342444    -84.257106342444         0.14687E-03
    -84.257073142397    -84.257073142397         0.17211E-03
    -84.257000257911    -84.257000257911         0.15760E-03
    -84.259218886804    -84.259218886804         0.16644E-03
    -84.257082547489    -84.257082547489         0.19388E-03
    -84.257011235976    -84.257011235976         0.11564E-03
    -84.257110628815    -84.257110628815         0.45512E-04
    -84.257005133689    -84.257005133689         0.17390E-03
    -84.257022444436    -84.257022444436         0.24115E-04
    -84.257104842400    -84.257104842400         0.15975E-03
    -84.256995099793    -84.256995099793         0.10968E-03
    -84.257107922973    -84.257107922973         0.11826E-03
    -84.257016417815    -84.257016417815         0.54596E-04
    -84.256996785444    -84.256996785444         0.12170E-03
    -84.257100942110    -84.257100942110         0.25886E-04
    -84.257273948091    -84.257273948091         0.61012E-04
    -84.257105148006    -84.257105148006         0.98937E-04
    -84.257020254891    -84.257020254891         0.56625E-04
    -84.257092795535    -84.257092795535         0.19139E-03
    -84.257001411860    -84.257001411860         0.15385E-03
    -84.257088237965    -84.257088237965         0.14759E-03
    -84.256981947723    -84.256981947723         0.92854E-04
    -84.256980854050    -84.256980854050         0.17522E-03
    -84.256992518157    -84.256992518157         0.17469E-03
    -84.256986420898    -84.256986420898         0.12690E-03
    -84.257014238772    -84.257014238772         0.75015E-04
    -84.256982320275    -84.256982320275         0.19060E-03
    -84.257017465698    -84.257017465698         0.30561E-04
    -84.257072773261    -84.257072773261         0.17506E-03
    -84.256990780278    -84.256990780278         0.18224E-03
    -84.256997270550    -84.256997270550         0.13739E-03
    -84.256992041465    -84.256992041465         0.12257E-03
    -84.256987877661    -84.256987877661         0.77889E-04
    -84.256965255386    -84.256965255386         0.96261E-04
    -84.256993152669    -84.256993152669         0.19851E-03
    -84.256984772740    -84.256984772740         0.57824E-04
    -84.256984277462    -84.256984277462         0.15052E-03
    -84.256975496233    -84.256975496233         0.13749E-03
    -84.256956426899    -84.256956426899         0.14304E-03
    -84.256984935659    -84.256984935659         0.39445E-04
    -84.256956275977    -84.256956275977         0.15402E-03
    -84.259475269756    -84.259475269756         0.14978E-03
    -84.256952425415    -84.256952425415         0.16556E-03
    -84.256955233328    -84.256955233328         0.12605E-03
    -84.257021664198    -84.257021664198         0.32346E-04
    -84.256952425726    -84.256952425726         0.10090E-03
    -84.256940484252    -84.256940484252         0.19137E-03
    -84.256951281007    -84.256951281007         0.14940E-03
    -84.256948461412    -84.256948461412         0.16567E-03
    -84.256948171403    -84.256948171403         0.13160E-03
    -84.256952603183    -84.256952603183         0.10035E-03
    -84.256954722033    -84.256954722033         0.11107E-03
    -84.256949324278    -84.256949324278         0.15421E-03
    -84.256943386021    -84.256943386021         0.13354E-03
    -84.256952781206    -84.256952781206         0.13277E-03
    -84.256973053662    -84.256973053662         0.49016E-04
    -84.256971140831    -84.256971140831         0.18570E-04
    -84.256940882490    -84.256940882490         0.10521E-03
    -84.256951210898    -84.256951210898         0.19271E-03
    -84.256978648796    -84.256978648796         0.18102E-03
    -84.256941092255    -84.256941092255         0.14004E-03
    -84.256932774111    -84.256932774111         0.17423E-03
    -84.256934580787    -84.256934580787         0.18277E-03
    -84.256948067963    -84.256948067963         0.94065E-04
    -84.256939774821    -84.256939774821         0.17930E-03
    -84.256950617413    -84.256950617413         0.76732E-04
    -84.256947546163    -84.256947546163         0.15560E-03
    -84.258991302693    -84.258991302693         0.12054E-03
    -84.259477263893    -84.259477263893         0.11630E-03
    -84.256939807227    -84.256939807227         0.16432E-03
    -84.256956526494    -84.256956526494         0.15678E-03
    -84.256939686486    -84.256939686486         0.18010E-03
    -84.256994002126    -84.256994002126         0.18586E-03
    -84.256953573691    -84.256953573691         0.17430E-03
    -84.256936485905    -84.256936485905         0.14376E-03
    -84.256970186122    -84.256970186122         0.61920E-04
    -84.256985608403    -84.256985608403         0.92399E-04
    -84.256968115853    -84.256968115853         0.11102E-03
    -84.256933821785    -84.256933821785         0.19361E-03
    -84.256926808670    -84.256926808670         0.76433E-04
    -84.256950315652    -84.256950315652         0.38733E-04
    -84.256937525126    -84.256937525126         0.24979E-04
    -84.256938807373    -84.256938807373         0.19899E-03
    -84.256936006105    -84.256936006105         0.28455E-04
    -84.256904053830    -84.256904053830         0.15992E-03
    -84.257614917093    -84.257614917093         0.28391E-04
    -84.256910494795    -84.256910494795         0.12552E-03
    -84.257029279254    -84.257029279254         0.11461E-03
    -84.256946071016    -84.256946071016         0.61876E-04
    -84.256906399878    -84.256906399878         0.14783E-03
    -84.256939981633    -84.256939981633         0.11943E-03
    -84.257059708248    -84.257059708248         0.17515E-03
    -84.256932190675    -84.256932190675         0.32287E-04
    -84.256948632471    -84.256948632471         0.10429E-03
    -84.256932570030    -84.256932570030         0.16278E-03
    -84.256916583883    -84.256916583883         0.17790E-03
    -84.256940905709    -84.256940905709         0.11697E-03
    -84.256934898743    -84.256934898743         0.17009E-03
    -84.256937142522    -84.256937142522         0.17295E-03
    -84.256903970135    -84.256903970135         0.16010E-03
    -84.256886205924    -84.256886205924         0.13507E-03
    -84.256944446173    -84.256944446173         0.17296E-03
    -84.257073429023    -84.257073429023         0.15288E-03
    -84.256927313795    -84.256927313795         0.69041E-04
    -84.256890270039    -84.256890270039         0.15537E-03
    -84.256961739225    -84.256961739225         0.78890E-04
    -84.256901560368    -84.256901560368         0.17304E-03
    -84.256929055801    -84.256929055801         0.68922E-04
    -84.256888719082    -84.256888719082         0.18131E-03
    -84.256883746965    -84.256883746965         0.18462E-03
    -84.256880423565    -84.256880423565         0.13698E-03
    -84.256915895923    -84.256915895923         0.15387E-03
    -84.256872313464    -84.256872313464         0.65796E-04
    -84.256871996226    -84.256871996226         0.11747E-03
    -84.256924154004    -84.256924154004         0.15536E-03
    -84.256885514471    -84.256885514471         0.18503E-03
    -84.256871799149    -84.256871799149         0.14850E-03
    -84.256871222881    -84.256871222881         0.16636E-03
    -84.256870072360    -84.256870072360         0.15272E-03
    -84.256925913717    -84.256925913717         0.61768E-04
    -84.256907566839    -84.256907566839         0.12816E-03
    -84.256888314021    -84.256888314021         0.63442E-04
    -84.256858589766    -84.256858589766         0.11382E-03
    -84.256860933062    -84.256860933062         0.13390E-03
    -84.256886910051    -84.256886910051         0.17542E-03
    -84.256858795705    -84.256858795705         0.10024E-03
    -84.256919045694    -84.256919045694         0.35268E-04
    -84.256871362550    -84.256871362550         0.10475E-03
    -84.256855007791    -84.256855007791         0.14657E-03
    -84.256941297445    -84.256941297445         0.16301E-03
    -84.256870931719    -84.256870931719         0.19757E-03
    -84.256907587494    -84.256907587494         0.88077E-04
    -84.256946578825    -84.256946578825         0.26383E-04
    -84.256860819987    -84.256860819987         0.19616E-03
    -84.256853944998    -84.256853944998         0.13496E-03
    -84.256855821027    -84.256855821027         0.16882E-03
    -84.256843472437    -84.256843472437         0.19243E-03
    -84.256851889177    -84.256851889177         0.37607E-04
    -84.256839424466    -84.256839424466         0.19524E-03
    -84.259465978502    -84.259465978502         0.14956E-03
    -84.256864309830    -84.256864309830         0.14882E-03
    -84.256840075243    -84.256840075243         0.17144E-03
    -84.256841318107    -84.256841318107         0.18164E-03
    -84.256834923047    -84.256834923047         0.11901E-03
    -84.256862897252    -84.256862897252         0.18892E-03
    -84.256836486552    -84.256836486552         0.13713E-03
    -84.256909059560    -84.256909059560         0.18817E-03
    -84.256833589007    -84.256833589007         0.92453E-04
    -84.256857040429    -84.256857040429         0.74660E-04
    -84.256890574843    -84.256890574843         0.29327E-04
    -84.256832650918    -84.256832650918         0.38986E-04
    -84.256845310772    -84.256845310772         0.40402E-04
    -84.256839925320    -84.256839925320         0.14430E-03
    -84.256889323231    -84.256889323231         0.57206E-04
    -84.256854021351    -84.256854021351         0.18962E-03
    -84.256840030250    -84.256840030250         0.18369E-03
    -84.256878123594    -84.256878123594         0.13331E-03
    -84.259155636738    -84.259155636738         0.14603E-03
    -84.256846496171    -84.256846496171         0.71362E-04
    -84.256820903871    -84.256820903871         0.19137E-03
    -84.256834701753    -84.256834701753         0.17033E-03
    -84.256856304000    -84.256856304000         0.18021E-04
    -84.256885107217    -84.256885107217         0.15936E-03
    -84.256825219858    -84.256825219858         0.52971E-04
    -84.256837241721    -84.256837241721         0.18668E-03
    -84.258571205893    -84.258571205893         0.53660E-04
    -84.256868410825    -84.256868410825         0.15378E-03
    -84.256861890179    -84.256861890179         0.86688E-04
    -84.256833647109    -84.256833647109         0.92630E-04
    -84.256807951909    -84.256807951909         0.17687E-03
    -84.256833486594    -84.256833486594         0.15511E-03
    -84.256835433977    -84.256835433977         0.88643E-04
    -84.256853701003    -84.256853701003         0.38541E-04
    -84.256815441690    -84.256815441690         0.63133E-04
    -84.256845538275    -84.256845538275         0.75936E-04
    -84.256863298319    -84.256863298319         0.14738E-03
    -84.256819199433    -84.256819199433         0.12427E-03
    -84.256908305094    -84.256908305094         0.17803E-03
    -84.256833583106    -84.256833583106         0.14100E-03
    -84.256785558164    -84.256785558164         0.14916E-03
    -84.256781789185    -84.256781789185         0.77285E-04
    -84.256775476123    -84.256775476123         0.17874E-03
    -84.256846574373    -84.256846574373         0.41032E-04
    -84.256779654947    -84.256779654947         0.23992E-04
    -84.256775188295    -84.256775188295         0.16578E-03
    -84.256774518261    -84.256774518261         0.15865E-03
    -84.256774486400    -84.256774486400         0.18264E-03
    -84.256773579699    -84.256773579699         0.18922E-03
    -84.256766806382    -84.256766806382         0.11795E-03
    -84.256771441642    -84.256771441642         0.11891E-03
    -84.256784611427    -84.256784611427         0.19004E-03
    -84.256774608753    -84.256774608753         0.13957E-03
    -84.256770627120    -84.256770627120         0.16469E-03
    -84.256795924138    -84.256795924138         0.37552E-04
    -84.256770126422    -84.256770126422         0.41084E-04
    -84.256774454996    -84.256774454996         0.17346E-03
    -84.256781469866    -84.256781469866         0.18268E-03
    -84.256908073204    -84.256908073204         0.14575E-03
    -84.256773728048    -84.256773728048         0.17630E-03
    -84.256828933389    -84.256828933389         0.11877E-03
    -84.256906903416    -84.256906903416         0.16401E-03
    -84.256776145148    -84.256776145148         0.16865E-03
    -84.256771467143    -84.256771467143         0.15026E-03
    -84.256769173985    -84.256769173985         0.19700E-03
    -84.256772223821    -84.256772223821         0.17123E-03
    -84.256784422276    -84.256784422276         0.17080E-03
    -84.256776994897    -84.256776994897         0.14294E-03
    -84.256765726860    -84.256765726860         0.66525E-04
    -84.256747379578    -84.256747379578         0.72761E-04
    -84.256744854437    -84.256744854437         0.47390E-04
    -84.256774548473    -84.256774548473         0.13422E-03
    -84.256746386457    -84.256746386457         0.15616E-03
    -84.256751200561    -84.256751200561         0.13002E-03
    -84.256746626641    -84.256746626641         0.12313E-03
    -84.256777602338    -84.256777602338         0.17860E-03
    -84.256746286746    -84.256746286746         0.97472E-04
    -84.256743550648    -84.256743550648         0.16575E-03
    -84.256779867160    -84.256779867160         0.11120E-03
    -84.256748841618    -84.256748841618         0.18543E-03
    -84.256747333841    -84.256747333841         0.14374E-03
    -84.256970428932    -84.256970428932         0.45525E-04
    -84.256743677957    -84.256743677957         0.19779E-03
    -84.256729686351    -84.256729686351         0.90023E-04
    -84.256758151167    -84.256758151167         0.15130E-03
    -84.256747843620    -84.256747843620         0.13236E-03
    -84.256778995687    -84.256778995687         0.14802E-03
    -84.256759426699    -84.256759426699         0.84387E-04
    -84.256785999439    -84.256785999439         0.57115E-04
    -84.256726614744    -84.256726614744         0.18545E-03
    -84.258849519958    -84.258849519958         0.85803E-04
    -84.256757540186    -84.256757540186         0.89100E-04
    -84.256757307463    -84.256757307463         0.29402E-04
    -84.256784288457    -84.256784288457         0.89412E-04
    -84.256814743675    -84.256814743675         0.57266E-04
    -84.256708331020    -84.256708331020         0.19869E-03
    -84.256708132075    -84.256708132075         0.10347E-03
    -84.259653249391    -84.259653249391         0.43647E-04
    -84.256708704036    -84.256708704036         0.14647E-03
    -84.256707990578    -84.256707990578         0.14628E-03
    -84.256711600750    -84.256711600750         0.16936E-03
    -84.256698129606    -84.256698129606         0.15795E-03
    -84.256701091460    -84.256701091460         0.10148E-03
    -84.256698166913    -84.256698166913         0.51266E-04
    -84.256693908230    -84.256693908230         0.14177E-03
    -84.256774677726    -84.256774677726         0.92105E-04
    -84.256691096325    -84.256691096325         0.17043E-03
    -84.256697836853    -84.256697836853         0.96372E-04
    -84.256689581018    -84.256689581018         0.97416E-04
    -84.256693489618    -84.256693489618         0.15388E-03
    -84.256689059203    -84.256689059203         0.12211E-03
    -84.256772347097    -84.256772347097         0.16063E-03
    -84.256750815332    -84.256750815332         0.63187E-04
    -84.256701062886    -84.256701062886         0.74474E-04
    -84.256692268185    -84.256692268185         0.10258E-03
    -84.256695676351    -84.256695676351         0.17129E-03
    -84.256691614732    -84.256691614732         0.17975E-03
    -84.256691897757    -84.256691897757         0.17532E-03
    -84.256687725373    -84.256687725373         0.14816E-03
    -84.256704075150    -84.256704075150         0.18516E-03
    -84.256692242259    -84.256692242259         0.10429E-03
    -84.256692066316    -84.256692066316         0.19579E-03
    -84.256696301233    -84.256696301233         0.11517E-03
    -84.256692023279    -84.256692023279         0.12469E-03
    -84.256779671062    -84.256779671062         0.10686E-03
    -84.256691645363    -84.256691645363         0.12624E-03
    -84.256684530181    -84.256684530181         0.19602E-03
    -84.256680479587    -84.256680479587         0.15583E-03
    -84.256696284729    -84.256696284729         0.14255E-03
    -84.256689056798    -84.256689056798         0.18121E-03
    -84.256688015611    -84.256688015611         0.27059E-04
    -84.256679631009    -84.256679631009         0.18058E-03
    -84.256680629291    -84.256680629291         0.90277E-04
    -84.256775512902    -84.256775512902         0.18372E-03
    -84.256698104133    -84.256698104133         0.50197E-04
    -84.256673178922    -84.256673178922         0.15854E-03
    -84.256666445367    -84.256666445367         0.19209E-03
    -84.256672836193    -84.256672836193         0.18322E-03
    -84.256691849117    -84.256691849117         0.16890E-03
    -84.256692020347    -84.256692020347         0.12973E-03
    -84.256704931061    -84.256704931061         0.20248E-04
    -84.256698668339    -84.256698668339         0.16073E-03
    -84.256679796564    -84.256679796564         0.12130E-03
    -84.256730292777    -84.256730292777         0.14007E-03
    -84.256777016031    -84.256777016031         0.15325E-03
    -84.256688877286    -84.256688877286         0.57356E-04
    -84.256778174717    -84.256778174717         0.18964E-03
    -84.256673208542    -84.256673208542         0.94603E-04
    -84.256684003909    -84.256684003909         0.13783E-03
    -84.256693400943    -84.256693400943         0.32721E-04
    -84.256695664033    -84.256695664033         0.15220E-03
    -84.256697184475    -84.256697184475         0.15902E-03
    -84.256760803042    -84.256760803042         0.55598E-04
    -84.256694130275    -84.256694130275         0.17407E-03
    -84.256700865076    -84.256700865076         0.12165E-03
    -84.256673302840    -84.256673302840         0.36805E-04
    -84.256673171369    -84.256673171369         0.12314E-03
    -84.256742720019    -84.256742720019         0.76529E-04
    -84.256660996616    -84.256660996616         0.15180E-03
    -84.256666609091    -84.256666609091         0.16703E-03
    -84.256668090836    -84.256668090836         0.10319E-03
    -84.256695204463    -84.256695204463         0.25104E-04
    -84.256671283250    -84.256671283250         0.18632E-03
    -84.256683957276    -84.256683957276         0.18111E-03
    -84.256690216026    -84.256690216026         0.13976E-03
    -84.256754262984    -84.256754262984         0.54456E-04
    -84.256681277256    -84.256681277256         0.13973E-03
    -84.256674288282    -84.256674288282         0.15072E-03
    -84.256690591715    -84.256690591715         0.90366E-04
    -84.256686298616    -84.256686298616         0.19554E-03
    -84.256701518004    -84.256701518004         0.19240E-03
    -84.256680014208    -84.256680014208         0.46424E-04
    -84.256664777990    -84.256664777990         0.16868E-03
    -84.256696300655    -84.256696300655         0.17557E-03
    -84.256667430806    -84.256667430806         0.12400E-03
    -84.256688513768    -84.256688513768         0.70897E-04
    -84.256695961567    -84.256695961567         0.13742E-03
    -84.256667528799    -84.256667528799         0.19743E-03
    -84.256734840292    -84.256734840292         0.65556E-04
    -84.256909790555    -84.256909790555         0.18042E-03
    -84.256681880163    -84.256681880163         0.68377E-04
    -84.256655357742    -84.256655357742         0.17816E-03
    -84.256671048908    -84.256671048908         0.17909E-03
    -84.256769300753    -84.256769300753         0.37400E-04
    -84.256696719692    -84.256696719692         0.10511E-03
    -84.256681154288    -84.256681154288         0.16273E-03
    -84.257496243684    -84.257496243684         0.16472E-03
    -84.256655969904    -84.256655969904         0.18810E-03
    -84.256649480132    -84.256649480132         0.99684E-04
    -84.256650480047    -84.256650480047         0.16626E-03
    -84.256697124172    -84.256697124172         0.17187E-03
    -84.256648261416    -84.256648261416         0.18005E-03
    -84.256651554682    -84.256651554682         0.87804E-04
    -84.256649611406    -84.256649611406         0.96595E-04
    -84.256697573718    -84.256697573718         0.10345E-03
    -84.256651099304    -84.256651099304         0.17613E-03
    -84.256651026358    -84.256651026358         0.19861E-03
    -84.256673017023    -84.256673017023         0.81688E-04
    -84.256634803078    -84.256634803078         0.10701E-03
    -84.256644580919    -84.256644580919         0.13541E-03
    -84.256640203750    -84.256640203750         0.19592E-03
    -84.256655468579    -84.256655468579         0.32094E-04
    -84.256666231740    -84.256666231740         0.12333E-03
    -84.256686687225    -84.256686687225         0.13543E-03
    -84.258879326496    -84.258879326496         0.61682E-04
    -84.256634187512    -84.256634187512         0.15998E-03
    -84.256642834966    -84.256642834966         0.19292E-03
    -84.256647896776    -84.256647896776         0.18637E-03
    -84.256656535849    -84.256656535849         0.19636E-03
    -84.256636939865    -84.256636939865         0.17282E-03
    -84.256647747242    -84.256647747242         0.99479E-04
    -84.256640583394    -84.256640583394         0.19294E-03
    -84.256651556807    -84.256651556807         0.93864E-04
    -84.256695225191    -84.256695225191         0.12608E-03
    -84.256778184587    -84.256778184587         0.10893E-03
    -84.256641427515    -84.256641427515         0.19990E-03
    -84.256628300152    -84.256628300152         0.13398E-03
    -84.256650312128    -84.256650312128         0.14955E-03
    -84.256650892466    -84.256650892466         0.12134E-03
    -84.256618381447    -84.256618381447         0.91958E-04
    -84.256694401458    -84.256694401458         0.20063E-04
    -84.256625466307    -84.256625466307         0.15743E-03
    -84.256649859913    -84.256649859913         0.16875E-03
    -84.256642939091    -84.256642939091         0.15077E-03
    -84.256612520760    -84.256612520760         0.14136E-03
    -84.256625560827    -84.256625560827         0.67896E-04
    -84.256646230216    -84.256646230216         0.64667E-04
    -84.256622722491    -84.256622722491         0.11152E-03
    -84.256621733230    -84.256621733230         0.10765E-03
    -84.256610706697    -84.256610706697         0.10930E-03
    -84.256608928776    -84.256608928776         0.10010E-03
    -84.256609669863    -84.256609669863         0.18185E-03
    -84.256620853131    -84.256620853131         0.19354E-03
    -84.256610117178    -84.256610117178         0.12734E-03
    -84.256618069243    -84.256618069243         0.13742E-03
    -84.256607055487    -84.256607055487         0.15058E-03
    -84.256602390607    -84.256602390607         0.15968E-03
    -84.256613082595    -84.256613082595         0.18775E-03
    -84.256602613187    -84.256602613187         0.15498E-03
    -84.256600160439    -84.256600160439         0.17529E-03
    -84.256645245566    -84.256645245566         0.86464E-04
    -84.256649325407    -84.256649325407         0.36644E-04
    -84.256610064571    -84.256610064571         0.17525E-03
    -84.256688966369    -84.256688966369         0.12959E-03
    -84.256620918131    -84.256620918131         0.11430E-03
    -84.256598080927    -84.256598080927         0.18055E-03
    -84.256611927871    -84.256611927871         0.16639E-03
    -84.256621151919    -84.256621151919         0.12872E-03
    -84.256688434228    -84.256688434228         0.17695E-03
    -84.256599861691    -84.256599861691         0.68712E-04
    -84.256610421350    -84.256610421350         0.12378E-03
    -84.256618649762    -84.256618649762         0.11940E-03
    -84.256649004452    -84.256649004452         0.67920E-04
    -84.256621255174    -84.256621255174         0.78579E-04
    -84.256610177022    -84.256610177022         0.19137E-03
    -84.256626612154    -84.256626612154         0.15793E-03
    -84.256621111002    -84.256621111002         0.16016E-03
    -84.256696792381    -84.256696792381         0.82860E-04
    -84.256610308686    -84.256610308686         0.39022E-04
    -84.256605055930    -84.256605055930         0.17063E-03
    -84.256667009630    -84.256667009630         0.44748E-04
    -84.256623470817    -84.256623470817         0.94183E-04
    -84.256614179484    -84.256614179484         0.12855E-03
    -84.256622756912    -84.256622756912         0.19356E-03
    -84.256619852203    -84.256619852203         0.19133E-03
    -84.256597321220    -84.256597321220         0.39451E-04
    -84.256607233018    -84.256607233018         0.13585E-03
    -84.256596322364    -84.256596322364         0.14953E-03
    -84.256617238042    -84.256617238042         0.17583E-03
    -84.256618946364    -84.256618946364         0.16368E-03
    -84.256625261260    -84.256625261260         0.15321E-03
    -84.256608221629    -84.256608221629         0.19488E-03
    -84.256595976052    -84.256595976052         0.72868E-04
    -84.256613499654    -84.256613499654         0.12236E-03
    -84.256604812923    -84.256604812923         0.19459E-03
    -84.256598431748    -84.256598431748         0.14347E-03
    -84.256629811521    -84.256629811521         0.13490E-03
    -84.256636289372    -84.256636289372         0.84406E-04
    -84.256598818367    -84.256598818367         0.12978E-03
    -84.256605007954    -84.256605007954         0.19218E-03
    -84.256607082289    -84.256607082289         0.25318E-04
    -84.256608428790    -84.256608428790         0.79927E-04
    -84.256583727636    -84.256583727636         0.12748E-03
    -84.256583454185    -84.256583454185         0.66647E-04
    -84.256609256482    -84.256609256482         0.97265E-04
    -84.256605185123    -84.256605185123         0.19632E-03
    -84.256596101970    -84.256596101970         0.19196E-03
    -84.256625658328    -84.256625658328         0.19937E-03
    -84.256596967054    -84.256596967054         0.11933E-03
    -84.256599249290    -84.256599249290         0.17477E-03
    -84.256579362511    -84.256579362511         0.19323E-03
    -84.256579855762    -84.256579855762         0.16968E-03
    -84.256583610697    -84.256583610697         0.17772E-03
    -84.256603619663    -84.256603619663         0.63025E-04
    -84.256599314300    -84.256599314300         0.13045E-03
    -84.256582617479    -84.256582617479         0.18717E-03
    -84.256589604476    -84.256589604476         0.93628E-04
    -84.256623954020    -84.256623954020         0.56878E-04
    -84.256598899057    -84.256598899057         0.11756E-03
    -84.256582603857    -84.256582603857         0.17092E-03
    -84.256607651094    -84.256607651094         0.18504E-03
    -84.256583739927    -84.256583739927         0.16070E-03
    -84.256617603987    -84.256617603987         0.23629E-04
    -84.256580404193    -84.256580404193         0.11492E-03
    -84.256583790714    -84.256583790714         0.17530E-03
    -84.256605343436    -84.256605343436         0.10773E-03
    -84.256587326966    -84.256587326966         0.38495E-04
    -84.256599586161    -84.256599586161         0.36657E-04
    -84.256581600732    -84.256581600732         0.19555E-03
    -84.256630581883    -84.256630581883         0.13991E-03
    -84.256586103598    -84.256586103598         0.11250E-03
    -84.256570220829    -84.256570220829         0.15407E-03
    -84.256802225692    -84.256802225692         0.19136E-03
    -84.256570394071    -84.256570394071         0.19385E-03
    -84.256599436258    -84.256599436258         0.29167E-04
    -84.256569143853    -84.256569143853         0.51898E-04
    -84.256572393694    -84.256572393694         0.81195E-04
    -84.256556215792    -84.256556215792         0.90270E-04
    -84.256594988478    -84.256594988478         0.11490E-03
    -84.256563142421    -84.256563142421         0.16625E-03
    -84.256633700141    -84.256633700141         0.16726E-03
    -84.256561136086    -84.256561136086         0.78776E-04
    -84.256558770527    -84.256558770527         0.13491E-03
    -84.256559279802    -84.256559279802         0.11943E-03
    -84.256568809762    -84.256568809762         0.11341E-03
    -84.256563973259    -84.256563973259         0.78695E-04
    -84.256567342638    -84.256567342638         0.15910E-03
    -84.256556328629    -84.256556328629         0.15237E-03
    -84.256547144869    -84.256547144869         0.13895E-03
    -84.256563084451    -84.256563084451         0.44175E-04
    -84.256543276480    -84.256543276480         0.10242E-03
    -84.256566093465    -84.256566093465         0.87431E-04
    -84.256569674989    -84.256569674989         0.31765E-04
    -84.256539853633    -84.256539853633         0.12502E-03
    -84.256548510797    -84.256548510797         0.16583E-03
    -84.256604083690    -84.256604083690         0.17679E-03
    -84.256568902751    -84.256568902751         0.12612E-03
    -84.256557422999    -84.256557422999         0.16372E-03
    -84.256561235387    -84.256561235387         0.98197E-04
    -84.256535935786    -84.256535935786         0.11870E-03
    -84.256568928974    -84.256568928974         0.64074E-04
    -84.256540957153    -84.256540957153         0.15789E-03
    -84.256555475565    -84.256555475565         0.32664E-04
    -84.258136104597    -84.258136104597         0.76093E-04
    -84.256561240158    -84.256561240158         0.70418E-04
    -84.256547985420    -84.256547985420         0.16121E-03
    -84.256568358968    -84.256568358968         0.14590E-03
    -84.256568824915    -84.256568824915         0.16905E-03
    -84.256557181300    -84.256557181300         0.18468E-03
    -84.256532667792    -84.256532667792         0.11814E-03
    -84.256543482367    -84.256543482367         0.14275E-03
    -84.256570647256    -84.256570647256         0.77676E-04
    -84.256543819406    -84.256543819406         0.37956E-04
    -84.256597875472    -84.256597875472         0.17919E-03
    -84.256534264090    -84.256534264090         0.83255E-04
    -84.256554175526    -84.256554175526         0.98418E-04
    -84.256596123230    -84.256596123230         0.21978E-04
    -84.256535562739    -84.256535562739         0.44415E-04
    -84.256542767257    -84.256542767257         0.15116E-03
    -84.256548224300    -84.256548224300         0.11605E-03
    -84.256542790759    -84.256542790759         0.14608E-03
    -84.256548324044    -84.256548324044         0.18978E-03
    -84.256548898880    -84.256548898880         0.14781E-03
    -84.256698610224    -84.256698610224         0.10413E-03
    -84.256547802654    -84.256547802654         0.96914E-04
    -84.259224007739    -84.259224007739         0.93035E-04
    -84.256537987585    -84.256537987585         0.13737E-03
    -84.256516618310    -84.256516618310         0.14776E-03
    -84.256530196955    -84.256530196955         0.80639E-04
    -84.256532144048    -84.256532144048         0.14556E-03
    -84.256530673400    -84.256530673400         0.93724E-04
    -84.256537238353    -84.256537238353         0.13840E-03
    -84.256515146997    -84.256515146997         0.12464E-03
    -84.256568230560    -84.256568230560         0.22813E-04
    -84.256533918649    -84.256533918649         0.18101E-03
    -84.256518755087    -84.256518755087         0.11630E-03
    -84.256566660875    -84.256566660875         0.62272E-04
    -84.256550085001    -84.256550085001         0.44101E-04
    -84.256525194863    -84.256525194863         0.11100E-03
    -84.256523506815    -84.256523506815         0.18023E-03
    -84.256525726591    -84.256525726591         0.10943E-03
    -84.256525146693    -84.256525146693         0.19402E-03
    -84.256519102889    -84.256519102889         0.16155E-03
    -84.256565067215    -84.256565067215         0.17597E-03
    -84.256514065108    -84.256514065108         0.14820E-03
    -84.256541080770    -84.256541080770         0.10483E-03
    -84.256697529583    -84.256697529583         0.10008E-03
    -84.256571111770    -84.256571111770         0.18428E-03
    -84.256502854550    -84.256502854550         0.13337E-03
    -84.256549555104    -84.256549555104         0.16905E-03
    -84.256538848323    -84.256538848323         0.19926E-03
    -84.256496820358    -84.256496820358         0.14176E-03
    -84.256499317306    -84.256499317306         0.87335E-04
    -84.256546525895    -84.256546525895         0.15320E-03
    -84.256697999841    -84.256697999841         0.13211E-03
    -84.256504870578    -84.256504870578         0.18698E-03
    -84.256492251259    -84.256492251259         0.15764E-03
    -84.256539616493    -84.256539616493         0.18767E-03
    -84.256525542202    -84.256525542202         0.18617E-03
    -84.256548038733    -84.256548038733         0.12044E-03
    -84.256506717301    -84.256506717301         0.71639E-04
    -84.256491985050    -84.256491985050         0.18976E-03
    -84.256537347215    -84.256537347215         0.12385E-03
    -84.256556652749    -84.256556652749         0.55137E-04
    -84.256544211061    -84.256544211061         0.14408E-03
    -84.256527753347    -84.256527753347         0.11925E-03
    -84.256497582866    -84.256497582866         0.15653E-03
    -84.256483650996    -84.256483650996         0.87084E-04
    -84.256538618887    -84.256538618887         0.16928E-03
    -84.256519119390    -84.256519119390         0.19035E-03
    -84.256507924256    -84.256507924256         0.19427E-03
    -84.258706878364    -84.258706878364         0.86383E-04
    -84.256531288721    -84.256531288721         0.13957E-03
    -84.256540499506    -84.256540499506         0.10685E-03
    -84.256532884087    -84.256532884087         0.19436E-03
    -84.256538930292    -84.256538930292         0.16293E-03
    -84.256541350516    -84.256541350516         0.85883E-04
    -84.256482667872    -84.256482667872         0.19114E-03
    -84.256549078731    -84.256549078731         0.19304E-03
    -84.256537567403    -84.256537567403         0.19321E-03
    -84.256556823935    -84.256556823935         0.19873E-03
    -84.256533720663    -84.256533720663         0.71132E-04
    -84.256490920420    -84.256490920420         0.14185E-03
    -84.256478002961    -84.256478002961         0.16002E-03
    -84.256548127660    -84.256548127660         0.16691E-03
    -84.256538421931    -84.256538421931         0.69438E-04
    -84.256505449137    -84.256505449137         0.69553E-04
    -84.256552196603    -84.256552196603         0.16867E-03
    -84.256517441096    -84.256517441096         0.19741E-03
    -84.256491643822    -84.256491643822         0.16424E-03
    -84.256551486812    -84.256551486812         0.16779E-03
    -84.256478308492    -84.256478308492         0.14828E-03
    -84.256547821687    -84.256547821687         0.14158E-03
    -84.256532461207    -84.256532461207         0.15880E-03
    -84.256538373015    -84.256538373015         0.10384E-03
    -84.256529561884    -84.256529561884         0.12699E-03
    -84.256474755242    -84.256474755242         0.90752E-04
    -84.256550542087    -84.256550542087         0.42785E-04
    -84.259765951120    -84.259765951120         0.16699E-03
    -84.256540004614    -84.256540004614         0.10157E-03
    -84.256472156050    -84.256472156050         0.11556E-03
    -84.256524689834    -84.256524689834         0.30193E-04
    -84.256496639133    -84.256496639133         0.19449E-03
    -84.256550505250    -84.256550505250         0.77381E-04
    -84.256509457273    -84.256509457273         0.78119E-04
    -84.256469690125    -84.256469690125         0.12791E-03
    -84.256474155840    -84.256474155840         0.17908E-03
    -84.256470862729    -84.256470862729         0.11766E-03
    -84.256478351242    -84.256478351242         0.15033E-03
    -84.256552221733    -84.256552221733         0.18769E-03
    -84.256541504049    -84.256541504049         0.18477E-03
    -84.256532989854    -84.256532989854         0.11005E-03
    -84.256472875751    -84.256472875751         0.14358E-03
    -84.256548350353    -84.256548350353         0.18762E-03
    -84.256479373901    -84.256479373901         0.10783E-03
    -84.256474035661    -84.256474035661         0.18277E-03
    -84.256469909606    -84.256469909606         0.18387E-03
    -84.256524149251    -84.256524149251         0.94487E-04
    -84.256500990630    -84.256500990630         0.28335E-04
    -84.256475447100    -84.256475447100         0.14416E-03
    -84.256540638698    -84.256540638698         0.15987E-03
    -84.256470614682    -84.256470614682         0.11251E-03
    -84.256698109429    -84.256698109429         0.18709E-03
    -84.256481428681    -84.256481428681         0.15635E-03
    -84.256470571411    -84.256470571411         0.13729E-03
    -84.256476036418    -84.256476036418         0.14903E-03
    -84.256469984945    -84.256469984945         0.13545E-03
    -84.256529141910    -84.256529141910         0.33741E-04
    -84.256528364015    -84.256528364015         0.68219E-04
    -84.256566590736    -84.256566590736         0.43558E-04
    -84.256470066475    -84.256470066475         0.19951E-03
    -84.256474436654    -84.256474436654         0.10962E-03
    -84.256466099747    -84.256466099747         0.18367E-03
    -84.256456280908    -84.256456280908         0.11576E-03
    -84.256512656150    -84.256512656150         0.78611E-04
    -84.256471003130    -84.256471003130         0.71457E-04
    -84.256492480042    -84.256492480042         0.38675E-04
    -84.256547432237    -84.256547432237         0.17694E-03
    -84.256534063058    -84.256534063058         0.93768E-04
    -84.256697803802    -84.256697803802         0.97175E-04
    -84.256530418319    -84.256530418319         0.13001E-03
    -84.256540993004    -84.256540993004         0.82886E-04
    -84.256461402540    -84.256461402540         0.82010E-04
    -84.257940512183    -84.257940512183         0.17369E-03
    -84.256521162218    -84.256521162218         0.19750E-03
    -84.256461326426    -84.256461326426         0.27162E-04
    -84.256503620540    -84.256503620540         0.54685E-04
    -84.256489988128    -84.256489988128         0.16889E-03
    -84.256475806751    -84.256475806751         0.11716E-03
    -84.256460416403    -84.256460416403         0.15306E-03
    -84.256545180104    -84.256545180104         0.15602E-03
    -84.256466697468    -84.256466697468         0.74178E-04
    -84.256446855791    -84.256446855791         0.13026E-03
    -84.256465068810    -84.256465068810         0.14060E-03
    -84.256547907067    -84.256547907067         0.15809E-03
    -84.256464601491    -84.256464601491         0.11257E-03
    -84.256535614469    -84.256535614469         0.19731E-03
    -84.256464983282    -84.256464983282         0.58443E-04
    -84.256497193407    -84.256497193407         0.14540E-03
    -84.256478384430    -84.256478384430         0.17687E-03
    -84.256461842275    -84.256461842275         0.19394E-03
    -84.256480005980    -84.256480005980         0.60816E-04
    -84.258905564797    -84.258905564797         0.10678E-03
    -84.256550580959    -84.256550580959         0.17718E-03
    -84.256479483700    -84.256479483700         0.15149E-03
    -84.256488682348    -84.256488682348         0.12845E-03
    -84.256469024104    -84.256469024104         0.33462E-04
    -84.256514407702    -84.256514407702         0.74804E-04
    -84.256446903699    -84.256446903699         0.14472E-03
    -84.256479202759    -84.256479202759         0.16031E-03
    -84.256465452087    -84.256465452087         0.39726E-04
    -84.256441451483    -84.256441451483         0.18062E-03
    -84.256438625975    -84.256438625975         0.14966E-03
    -84.256474388601    -84.256474388601         0.76892E-04
    -84.256473196051    -84.256473196051         0.18200E-03
    -84.256466365672    -84.256466365672         0.19226E-03
    -84.256440726603    -84.256440726603         0.12033E-03
    -84.256452928278    -84.256452928278         0.16845E-03
    -84.256438715352    -84.256438715352         0.19440E-03
    -84.256460243530    -84.256460243530         0.43268E-04
    -84.256459280526    -84.256459280526         0.19222E-03
    -84.256426642344    -84.256426642344         0.93733E-04
    -84.256438318489    -84.256438318489         0.61483E-04
    -84.256477872247    -84.256477872247         0.13965E-03
    -84.256443452670    -84.256443452670         0.19733E-03
    -84.256428022451    -84.256428022451         0.15819E-03
    -84.256429441758    -84.256429441758         0.78802E-04
    -84.256498287335    -84.256498287335         0.64160E-04
    -84.256480415821    -84.256480415821         0.14115E-03
    -84.256432925542    -84.256432925542         0.10954E-03
    -84.256451802576    -84.256451802576         0.14840E-03
    -84.256423251709    -84.256423251709         0.17690E-03
    -84.256429516366    -84.256429516366         0.11109E-03
    -84.256433939642    -84.256433939642         0.18572E-03
    -84.256552346145    -84.256552346145         0.17406E-03
    -84.256431829348    -84.256431829348         0.18580E-03
    -84.256438976713    -84.256438976713         0.57579E-04
    -84.256453514948    -84.256453514948         0.65037E-04
    -84.256472898655    -84.256472898655         0.19361E-03
    -84.256424480909    -84.256424480909         0.18838E-03
    -84.256456180572    -84.256456180572         0.46490E-04
    -84.256553146303    -84.256553146303         0.16452E-03
    -84.256455929141    -84.256455929141         0.72565E-04
    -84.256469286760    -84.256469286760         0.64790E-04
    -84.256423931425    -84.256423931425         0.17649E-03
    -84.256434712423    -84.256434712423         0.10973E-03
    -84.256422649075    -84.256422649075         0.16265E-03
    -84.256479065769    -84.256479065769         0.12958E-03
    -84.256427580565    -84.256427580565         0.10586E-03
    -84.260042411449    -84.260042411449         0.16557E-03
    -84.256552079919    -84.256552079919         0.15014E-03
    -84.256442855262    -84.256442855262         0.18688E-03
    -84.256483209158    -84.256483209158         0.74051E-04
    -84.256482565993    -84.256482565993         0.72272E-04
    -84.256411997625    -84.256411997625         0.89632E-04
    -84.256430460775    -84.256430460775         0.19908E-03
    -84.256406090159    -84.256406090159         0.18039E-03
    -84.256424174920    -84.256424174920         0.17238E-03
    -84.256410251580    -84.256410251580         0.87335E-04
    -84.256444663979    -84.256444663979         0.16883E-03
    -84.256467386989    -84.256467386989         0.12667E-03
    -84.256405724683    -84.256405724683         0.60328E-04
    -84.256424173635    -84.256424173635         0.18340E-03
    -84.256408848073    -84.256408848073         0.12614E-03
    -84.256411734708    -84.256411734708         0.62515E-04
    -84.256399666478    -84.256399666478         0.10398E-03
    -84.256432582313    -84.256432582313         0.49160E-04
    -84.256465531116    -84.256465531116         0.17661E-03
    -84.256472350923    -84.256472350923         0.10565E-03
    -84.256402167828    -84.256402167828         0.61237E-04
    -84.256398057686    -84.256398057686         0.12613E-03
    -84.256405822482    -84.256405822482         0.10708E-03
    -84.256398295830    -84.256398295830         0.11475E-03
    -84.256531163796    -84.256531163796         0.19160E-03
    -84.256397802723    -84.256397802723         0.18207E-03
    -84.256402450491    -84.256402450491         0.19040E-03
    -84.256391893896    -84.256391893896         0.94213E-04
    -84.256391891046    -84.256391891046         0.10716E-03
    -84.256390896121    -84.256390896121         0.15911E-03
    -84.256416062766    -84.256416062766         0.14037E-03
    -84.256407895185    -84.256407895185         0.56441E-04
    -84.258586890227    -84.258586890227         0.12570E-03
    -84.256409127040    -84.256409127040         0.16759E-03
    -84.256397483673    -84.256397483673         0.95530E-04
    -84.256399337116    -84.256399337116         0.18183E-03
    -84.256401291383    -84.256401291383         0.73173E-04
    -84.256405254939    -84.256405254939         0.97336E-04
    -84.256424504339    -84.256424504339         0.18844E-03
    -84.256545095956    -84.256545095956         0.17662E-03
    -84.256432801171    -84.256432801171         0.15486E-03
    -84.256397111619    -84.256397111619         0.14520E-03
    -84.256407132291    -84.256407132291         0.12567E-03
    -84.256409655251    -84.256409655251         0.16591E-03
    -84.256386332032    -84.256386332032         0.16066E-03
    -84.256436868371    -84.256436868371         0.69442E-04
    -84.256429877567    -84.256429877567         0.18323E-03
    -84.256403764056    -84.256403764056         0.13817E-03
    -84.256384503081    -84.256384503081         0.10114E-03
    -84.256375884942    -84.256375884942         0.77082E-04
    -84.256411298012    -84.256411298012         0.19546E-03
    -84.259961611308    -84.259961611308         0.78185E-04
    -84.256378172603    -84.256378172603         0.10471E-03
    -84.260037525915    -84.260037525915         0.11131E-03
    -84.256384503572    -84.256384503572         0.10058E-03
    -84.256386150217    -84.256386150217         0.85013E-04
    -84.256373663138    -84.256373663138         0.17663E-03
    -84.256398598055    -84.256398598055         0.18289E-03
    -84.256373801265    -84.256373801265         0.12333E-03
    -84.256386269064    -84.256386269064         0.14835E-03
    -84.256370018858    -84.256370018858         0.93816E-04
    -84.256361551118    -84.256361551118         0.94811E-04
    -84.256374861520    -84.256374861520         0.81846E-04
    -84.256367441154    -84.256367441154         0.10250E-03
    -84.256358533802    -84.256358533802         0.18271E-03
    -84.256380741681    -84.256380741681         0.11345E-03
    -84.256430116148    -84.256430116148         0.15604E-03
    -84.256358009348    -84.256358009348         0.17727E-03
    -84.256377684063    -84.256377684063         0.12039E-03
    -84.256372369956    -84.256372369956         0.14056E-03
    -84.256380206311    -84.256380206311         0.92654E-04
    -84.256396247249    -84.256396247249         0.62878E-04
    -84.256356010984    -84.256356010984         0.18602E-03
    -84.256418762847    -84.256418762847         0.57193E-04
    -84.256396896063    -84.256396896063         0.65043E-04
    -84.256382559108    -84.256382559108         0.14711E-03
    -84.256373235871    -84.256373235871         0.18277E-03
    -84.256380226605    -84.256380226605         0.41819E-04
    -84.256381199195    -84.256381199195         0.89573E-04
    -84.256431569637    -84.256431569637         0.19373E-03
    -84.256356576324    -84.256356576324         0.15751E-03
    -84.258832144295    -84.258832144295         0.10218E-03
    -84.256377226003    -84.256377226003         0.10816E-03
    -84.256355595441    -84.256355595441         0.72748E-04
    -84.256397743206    -84.256397743206         0.70391E-04
    -84.256394486649    -84.256394486649         0.13694E-03
    -84.256396887701    -84.256396887701         0.37654E-04
    -84.256403615692    -84.256403615692         0.10230E-03
    -84.256387188054    -84.256387188054         0.66410E-04
    -84.256366797139    -84.256366797139         0.15429E-03
    -84.256394024140    -84.256394024140         0.44295E-04
    -84.256340535501    -84.256340535501         0.17059E-03
    -84.256345040947    -84.256345040947         0.10341E-03
    -84.256385806414    -84.256385806414         0.10775E-03
    -84.256347132655    -84.256347132655         0.36539E-04
    -84.256365090925    -84.256365090925         0.14023E-03
    -84.256383599928    -84.256383599928         0.10909E-03
    -84.256341564771    -84.256341564771         0.78282E-04
    -84.256378514743    -84.256378514743         0.45981E-04
    -84.256399631689    -84.256399631689         0.16313E-03
    -84.256431632329    -84.256431632329         0.16285E-03
    -84.256377391691    -84.256377391691         0.66299E-04
    -84.256423155220    -84.256423155220         0.15469E-03
    -84.256323791483    -84.256323791483         0.10889E-03
    -84.256402216519    -84.256402216519         0.22025E-04
    -84.256350321933    -84.256350321933         0.67060E-04
    -84.256352916937    -84.256352916937         0.19747E-03
    -84.256322459823    -84.256322459823         0.15865E-03
    -84.256323691398    -84.256323691398         0.12362E-03
    -84.256385936176    -84.256385936176         0.16418E-03
    -84.256324843638    -84.256324843638         0.68832E-04
    -84.256356215160    -84.256356215160         0.11069E-03
    -84.256320395113    -84.256320395113         0.19122E-03
    -84.258677889275    -84.258677889275         0.28882E-04
    -84.256380537348    -84.256380537348         0.10089E-03
    -84.256325126173    -84.256325126173         0.63946E-04
    -84.256427824216    -84.256427824216         0.14791E-03
    -84.256321930970    -84.256321930970         0.81737E-04
    -84.256363299759    -84.256363299759         0.10701E-03
    -84.256391238219    -84.256391238219         0.18634E-03
    -84.256322931981    -84.256322931981         0.10201E-03
    -84.256322881757    -84.256322881757         0.94608E-04
    -84.256334794068    -84.256334794068         0.19354E-03
    -84.256321070798    -84.256321070798         0.16649E-03
    -84.256320791187    -84.256320791187         0.16731E-03
    -84.256332752306    -84.256332752306         0.18986E-03
    -84.256322956226    -84.256322956226         0.16027E-03
    -84.256323890052    -84.256323890052         0.16283E-03
    -84.256352262789    -84.256352262789         0.12866E-03
    -84.256323915857    -84.256323915857         0.19619E-03
    -84.256320329796    -84.256320329796         0.54814E-04
    -84.256334060586    -84.256334060586         0.37763E-04
    -84.256371969729    -84.256371969729         0.50985E-04
    -84.256431521164    -84.256431521164         0.19815E-03
    -84.256322284877    -84.256322284877         0.58119E-04
    -84.256312740450    -84.256312740450         0.10266E-03
    -84.256321045846    -84.256321045846         0.18317E-03
    -84.256323677767    -84.256323677767         0.19083E-03
    -84.256416759038    -84.256416759038         0.10817E-03
    -84.256315546746    -84.256315546746         0.17956E-03
    -84.256322321515    -84.256322321515         0.17054E-03
    -84.256320225242    -84.256320225242         0.18498E-03
    -84.256363126903    -84.256363126903         0.14827E-03
    -84.256310346333    -84.256310346333         0.13691E-03
    -84.256310632827    -84.256310632827         0.12747E-03
    -84.256312468452    -84.256312468452         0.14983E-03
    -84.256305130919    -84.256305130919         0.14037E-03
    -84.256328163159    -84.256328163159         0.36249E-04
    -84.256329232695    -84.256329232695         0.17917E-03
    -84.256308129065    -84.256308129065         0.11754E-03
    -84.256310104037    -84.256310104037         0.14808E-03
    -84.256320576052    -84.256320576052         0.13870E-03
    -84.256315838498    -84.256315838498         0.35847E-04
    -84.256284115150    -84.256284115150         0.19416E-03
    -84.256302162607    -84.256302162607         0.12032E-03
    -84.256332492948    -84.256332492948         0.64177E-04
    -84.256292100551    -84.256292100551         0.12412E-03
    -84.256365453296    -84.256365453296         0.14662E-03
    -84.256347058723    -84.256347058723         0.33011E-04
    -84.256305548121    -84.256305548121         0.95137E-04
    -84.256273041018    -84.256273041018         0.18041E-03
    -84.256308439267    -84.256308439267         0.66269E-04
    -84.256313149694    -84.256313149694         0.14279E-03
    -84.256356215001    -84.256356215001         0.78968E-04
    -84.256273893137    -84.256273893137         0.18620E-03
    -84.256297638083    -84.256297638083         0.19548E-03
    -84.256331450910    -84.256331450910         0.74492E-04
    -84.256328046636    -84.256328046636         0.30924E-04
    -84.256314226986    -84.256314226986         0.48480E-04
    -84.256273916838    -84.256273916838         0.10560E-03
    -84.256271409573    -84.256271409573         0.84544E-04
    -84.256309751001    -84.256309751001         0.17175E-03
    -84.256274088090    -84.256274088090         0.17598E-03
    -84.256297165760    -84.256297165760         0.15063E-03
    -84.256321330681    -84.256321330681         0.12248E-03
    -84.256310120822    -84.256310120822         0.11724E-03
    -84.256318601845    -84.256318601845         0.25439E-04
    -84.256316158687    -84.256316158687         0.80426E-04
    -84.256293906198    -84.256293906198         0.13374E-03
    -84.256291136390    -84.256291136390         0.53168E-04
    -84.256855689072    -84.256855689072         0.19733E-03
    -84.256309018587    -84.256309018587         0.13934E-03
    -84.256305475821    -84.256305475821         0.16931E-03
    -84.256310185546    -84.256310185546         0.15735E-03
    -84.256265781040    -84.256265781040         0.16225E-03
    -84.256314835142    -84.256314835142         0.76635E-04
    -84.256264955336    -84.256264955336         0.15258E-03
    -84.256294776890    -84.256294776890         0.28919E-04
    -84.256295609798    -84.256295609798         0.17989E-03
    -84.256288299564    -84.256288299564         0.12426E-03
    -84.256263858936    -84.256263858936         0.19222E-03
    -84.256294544942    -84.256294544942         0.19244E-03
    -84.256315571869    -84.256315571869         0.17399E-03
    -84.256264653938    -84.256264653938         0.15732E-03
    -84.256308945982    -84.256308945982         0.28516E-04
    -84.256286547901    -84.256286547901         0.59528E-04
    -84.256300923647    -84.256300923647         0.17817E-03
    -84.256262969366    -84.256262969366         0.13354E-03
    -84.256298657413    -84.256298657413         0.17357E-03
    -84.256297790023    -84.256297790023         0.11215E-03
    -84.256308842853    -84.256308842853         0.49942E-04
    -84.260147589409    -84.260147589409         0.19526E-03
    -84.256337438999    -84.256337438999         0.60892E-04
    -84.256304393043    -84.256304393043         0.17524E-03
    -84.256304462992    -84.256304462992         0.10347E-03
    -84.256261341056    -84.256261341056         0.42516E-04
    -84.259958626417    -84.259958626417         0.18291E-03
    -84.256305298390    -84.256305298390         0.13025E-03
    -84.256292972834    -84.256292972834         0.19069E-03
    -84.256320601065    -84.256320601065         0.15928E-03
    -84.256295309681    -84.256295309681         0.13708E-03
    -84.256309483223    -84.256309483223         0.87184E-04
    -84.256248877592    -84.256248877592         0.16340E-03
    -84.256296532933    -84.256296532933         0.16825E-03
    -84.256311188900    -84.256311188900         0.12747E-03
    -84.256368170436    -84.256368170436         0.31651E-04
    -84.256241545818    -84.256241545818         0.16831E-03
    -84.256313314526    -84.256313314526         0.45117E-04
    -84.256254252213    -84.256254252213         0.18510E-03
    -84.258587267345    -84.258587267345         0.12448E-03
    -84.258584105704    -84.258584105704         0.14292E-03
    -84.256242325386    -84.256242325386         0.66178E-04
    -84.256295149459    -84.256295149459         0.13338E-03
    -84.256312788089    -84.256312788089         0.18272E-03
    -84.256240699258    -84.256240699258         0.13327E-03
    -84.256240920601    -84.256240920601         0.15097E-03
    -84.256285043662    -84.256285043662         0.12094E-03
    -84.256320159945    -84.256320159945         0.51472E-04
    -84.256311390918    -84.256311390918         0.28772E-04
    -84.256235496987    -84.256235496987         0.13983E-03
    -84.256247113765    -84.256247113765         0.19358E-03
    -84.256261050965    -84.256261050965         0.25307E-04
    -84.256244802957    -84.256244802957         0.73614E-04
    -84.256242777859    -84.256242777859         0.16590E-03
    -84.256286258986    -84.256286258986         0.87106E-04
    -84.256266488214    -84.256266488214         0.77011E-04
    -84.256240896235    -84.256240896235         0.13734E-03
    -84.256224110429    -84.256224110429         0.17076E-03
    -84.258475453459    -84.258475453459         0.10713E-03
    -84.256266594397    -84.256266594397         0.12528E-03
    -84.256228984552    -84.256228984552         0.11867E-03
    -84.256223995370    -84.256223995370         0.19933E-03
    -84.256236631353    -84.256236631353         0.16433E-03
    -84.256220942254    -84.256220942254         0.11778E-03
    -84.256210995111    -84.256210995111         0.11527E-03
    -84.256218078761    -84.256218078761         0.14293E-03
    -84.256198276849    -84.256198276849         0.15730E-03
    -84.256210788390    -84.256210788390         0.19916E-03
    -84.258475130597    -84.258475130597         0.16280E-03
    -84.256219626919    -84.256219626919         0.17331E-03
    -84.256315006541    -84.256315006541         0.16159E-03
    -84.256199493361    -84.256199493361         0.15764E-03
    -84.256213178461    -84.256213178461         0.63775E-04
    -84.256227257156    -84.256227257156         0.91708E-04
    -84.256265023435    -84.256265023435         0.19215E-03
    -84.256251189463    -84.256251189463         0.11173E-03
    -84.256192540562    -84.256192540562         0.18833E-03
    -84.256199948364    -84.256199948364         0.19423E-03
    -84.256194437435    -84.256194437435         0.13322E-03
    -84.256189074059    -84.256189074059         0.10361E-03
    -84.256187943001    -84.256187943001         0.16709E-03
    -84.256181108378    -84.256181108378         0.64631E-04
    -84.256247919307    -84.256247919307         0.53729E-04
    -84.256179848216    -84.256179848216         0.11517E-03
    -84.256192896710    -84.256192896710         0.53592E-04
    -84.256237762234    -84.256237762234         0.57845E-04
    -84.256189216926    -84.256189216926         0.16407E-03
    -84.256200359793    -84.256200359793         0.91618E-04
    -84.256193908945    -84.256193908945         0.40803E-04
    -84.256213804467    -84.256213804467         0.19134E-03
    -84.256214835349    -84.256214835349         0.59409E-04
    -84.256169493376    -84.256169493376         0.18123E-03
    -84.256169299089    -84.256169299089         0.17539E-03
    -84.256172917303    -84.256172917303         0.18747E-03
    -84.258362624650    -84.258362624650         0.11275E-03
    -84.256213744529    -84.256213744529         0.14484E-03
    -84.256169653578    -84.256169653578         0.18697E-03
    -84.256165456592    -84.256165456592         0.12207E-03
    -84.256183238139    -84.256183238139         0.42493E-04
    -84.256176934294    -84.256176934294         0.19824E-03
    -84.256311568611    -84.256311568611         0.11767E-03
    -84.256169162589    -84.256169162589         0.16439E-03
    -84.256197848616    -84.256197848616         0.31097E-04
    -84.256191808149    -84.256191808149         0.10174E-03
    -84.256181958921    -84.256181958921         0.19759E-03
    -84.256163736064    -84.256163736064         0.17385E-03
    -84.256153118201    -84.256153118201         0.17838E-03
    -84.256181710898    -84.256181710898         0.66155E-04
    -84.256182894547    -84.256182894547         0.88561E-04
    -84.256141808112    -84.256141808112         0.11221E-03
    -84.256156880094    -84.256156880094         0.14568E-03
    -84.256177663827    -84.256177663827         0.35592E-04
    -84.256188096367    -84.256188096367         0.19594E-04
    -84.256169552623    -84.256169552623         0.16315E-03
    -84.256139786010    -84.256139786010         0.15310E-03
    -84.256159263182    -84.256159263182         0.11988E-03
    -84.256139330979    -84.256139330979         0.88796E-04
    -84.256174188149    -84.256174188149         0.91436E-04
    -84.256207703499    -84.256207703499         0.16815E-03
    -84.256248162732    -84.256248162732         0.50615E-04
    -84.256199516686    -84.256199516686         0.72821E-04
    -84.256175922269    -84.256175922269         0.32956E-04
    -84.256146281425    -84.256146281425         0.74989E-04
    -84.256177740841    -84.256177740841         0.14084E-03
    -84.256137345537    -84.256137345537         0.10853E-03
    -84.256156846041    -84.256156846041         0.59406E-04
    -84.256155115730    -84.256155115730         0.86336E-04
    -84.258362122366    -84.258362122366         0.99757E-04
    -84.256155132682    -84.256155132682         0.17682E-03
    -84.256137412341    -84.256137412341         0.19815E-03
    -84.256184459231    -84.256184459231         0.19562E-03
    -84.256155291634    -84.256155291634         0.19428E-03
    -84.256180638217    -84.256180638217         0.11697E-03
    -84.256124825995    -84.256124825995         0.19535E-03
    -84.256125633149    -84.256125633149         0.18543E-03
    -84.256124824070    -84.256124824070         0.16626E-03
    -84.258199462210    -84.258199462210         0.88262E-04
    -84.256118236404    -84.256118236404         0.17009E-03
    -84.256129511674    -84.256129511674         0.12211E-03
    -84.256118630841    -84.256118630841         0.13513E-03
    -84.256123910445    -84.256123910445         0.10639E-03
    -84.256159459655    -84.256159459655         0.22964E-04
    -84.256131891507    -84.256131891507         0.18198E-03
    -84.256111895066    -84.256111895066         0.17446E-03
    -84.256110829945    -84.256110829945         0.34423E-04
    -84.256158385975    -84.256158385975         0.11601E-03
    -84.256091523178    -84.256091523178         0.66047E-04
    -84.256104359754    -84.256104359754         0.34679E-04
    -84.256099412632    -84.256099412632         0.13709E-03
    -84.256133858883    -84.256133858883         0.15444E-03
    -84.256100733880    -84.256100733880         0.77078E-04
    -84.256096886451    -84.256096886451         0.17178E-03
    -84.256096255951    -84.256096255951         0.15623E-03
    -84.256100056879    -84.256100056879         0.18815E-03
    -84.256100423394    -84.256100423394         0.19215E-03
    -84.256143794797    -84.256143794797         0.50090E-04
    -84.256084555626    -84.256084555626         0.10202E-03
    -84.256213309405    -84.256213309405         0.15541E-03
    -84.258228884451    -84.258228884451         0.14965E-03
    -84.256091581106    -84.256091581106         0.80359E-04
    -84.256080952684    -84.256080952684         0.17356E-03
    -84.256083205136    -84.256083205136         0.16489E-03
    -84.256234262538    -84.256234262538         0.78677E-04
    -84.256097555411    -84.256097555411         0.10476E-03
    -84.256083696524    -84.256083696524         0.18434E-03
    -84.256124541661    -84.256124541661         0.57767E-04
    -84.256103749367    -84.256103749367         0.43271E-04
    -84.256076803654    -84.256076803654         0.12439E-03
    -84.256093428505    -84.256093428505         0.32361E-04
    -84.258199450544    -84.258199450544         0.18162E-03
    -84.256066492981    -84.256066492981         0.12990E-03
    -84.256073645465    -84.256073645465         0.19568E-03
    -84.256092702306    -84.256092702306         0.34835E-04
    -84.256063832171    -84.256063832171         0.82779E-04
    -84.256131995134    -84.256131995134         0.29704E-04
    -84.256091379912    -84.256091379912         0.55262E-04
    -84.256104287092    -84.256104287092         0.25418E-04
    -84.256048423286    -84.256048423286         0.14442E-03
    -84.256064643426    -84.256064643426         0.19941E-03
    -84.256069520016    -84.256069520016         0.32193E-04
    -84.256044898202    -84.256044898202         0.19401E-03
    -84.256045525724    -84.256045525724         0.15709E-03
    -84.256060240796    -84.256060240796         0.18836E-03
    -84.256060060369    -84.256060060369         0.18837E-03
    -84.256046551526    -84.256046551526         0.19440E-03
    -84.256058598566    -84.256058598566         0.19314E-03
    -84.256044247634    -84.256044247634         0.16603E-03
    -84.256055003459    -84.256055003459         0.92752E-04
    -84.256081345530    -84.256081345530         0.26988E-04
    -84.256033646928    -84.256033646928         0.13709E-03
    -84.256043667337    -84.256043667337         0.49958E-04
    -84.256042501797    -84.256042501797         0.13235E-03
    -84.256033932545    -84.256033932545         0.13692E-03
    -84.256050293432    -84.256050293432         0.11559E-03
    -84.256030051013    -84.256030051013         0.14770E-03
    -84.256068045792    -84.256068045792         0.16045E-03
    -84.256070627747    -84.256070627747         0.45112E-04
    -84.256031417299    -84.256031417299         0.17438E-03
    -84.256061260368    -84.256061260368         0.11856E-03
    -84.256031419357    -84.256031419357         0.16509E-03
    -84.256016144798    -84.256016144798         0.17776E-03
    -84.256035383503    -84.256035383503         0.14082E-03
    -84.256009752909    -84.256009752909         0.14991E-03
    -84.256018555858    -84.256018555858         0.17957E-03
    -84.256007997006    -84.256007997006         0.61463E-04
    -84.256018869761    -84.256018869761         0.13423E-03
    -84.255996338163    -84.255996338163         0.18979E-03
    -84.256010790677    -84.256010790677         0.12659E-03
    -84.255980564731    -84.255980564731         0.98605E-04
    -84.255975962122    -84.255975962122         0.14018E-03
    -84.255975791680    -84.255975791680         0.15732E-03
    -84.255985068246    -84.255985068246         0.15175E-03
    -84.256866101989    -84.256866101989         0.97551E-04
    -84.255959880995    -84.255959880995         0.10197E-03
    -84.255956048901    -84.255956048901         0.19925E-03
    -84.255984775911    -84.255984775911         0.65080E-04
    -84.255951253066    -84.255951253066         0.17990E-03
    -84.255958161381    -84.255958161381         0.13722E-03
    -84.255958719799    -84.255958719799         0.13917E-03
    -84.255954042424    -84.255954042424         0.14408E-03
    -84.255958287758    -84.255958287758         0.75219E-04
    -84.256072352159    -84.256072352159         0.10283E-03
    -84.255946047511    -84.255946047511         0.19713E-03
    -84.255996873611    -84.255996873611         0.55257E-04
    -84.255960189700    -84.255960189700         0.15562E-03
    -84.255949496392    -84.255949496392         0.16106E-03
    -84.255951263185    -84.255951263185         0.11431E-03
    -84.255948158321    -84.255948158321         0.19031E-03
    -84.255956090773    -84.255956090773         0.17106E-03
    -84.255947990895    -84.255947990895         0.88013E-04
    -84.255951435898    -84.255951435898         0.72704E-04
    -84.255947480577    -84.255947480577         0.16571E-03
    -84.255935763752    -84.255935763752         0.89734E-04
    -84.255928158743    -84.255928158743         0.11951E-03
    -84.256062688863    -84.256062688863         0.10595E-03
    -84.255935636453    -84.255935636453         0.16350E-03
    -84.255918692586    -84.255918692586         0.12939E-03
    -84.255916685950    -84.255916685950         0.12163E-03
    -84.255911770114    -84.255911770114         0.13648E-03
    -84.255917279683    -84.255917279683         0.15140E-03
    -84.255930336703    -84.255930336703         0.43807E-04
    -84.255909251483    -84.255909251483         0.19762E-03
    -84.255913282744    -84.255913282744         0.18479E-03
    -84.255903697084    -84.255903697084         0.19664E-03
    -84.255902428032    -84.255902428032         0.13436E-03
    -84.255902342643    -84.255902342643         0.14706E-03
    -84.255912753000    -84.255912753000         0.13365E-03
    -84.255904424880    -84.255904424880         0.16625E-03
    -84.255926507662    -84.255926507662         0.14938E-03
    -84.255899154062    -84.255899154062         0.17352E-03
    -84.255902021688    -84.255902021688         0.16011E-03
    -84.255907294142    -84.255907294142         0.15893E-03
    -84.255908986113    -84.255908986113         0.18887E-03
    -84.255947364510    -84.255947364510         0.52983E-04
    -84.255899413693    -84.255899413693         0.10129E-03
    -84.255896080531    -84.255896080531         0.17131E-03
    -84.256008940103    -84.256008940103         0.13229E-03
    -84.255903153127    -84.255903153127         0.13008E-03
    -84.255898285914    -84.255898285914         0.11785E-03
    -84.255888404514    -84.255888404514         0.79761E-04
    -84.255884984776    -84.255884984776         0.19253E-03
    -84.255881728745    -84.255881728745         0.15352E-03
    -84.255876049274    -84.255876049274         0.18015E-03
    -84.255880315750    -84.255880315750         0.14579E-03
    -84.255928833348    -84.255928833348         0.16638E-03
    -84.255887621443    -84.255887621443         0.10103E-03
    -84.255887032169    -84.255887032169         0.17857E-03
    -84.255916181626    -84.255916181626         0.12074E-03
    -84.255896258602    -84.255896258602         0.73068E-04
    -84.255878897828    -84.255878897828         0.13666E-03
    -84.255877311690    -84.255877311690         0.10231E-03
    -84.255877601135    -84.255877601135         0.17994E-03
    -84.255878932180    -84.255878932180         0.11604E-03
    -84.255876248033    -84.255876248033         0.16520E-03
    -84.255911502795    -84.255911502795         0.92850E-04
    -84.255864202542    -84.255864202542         0.15869E-03
    -84.255882844073    -84.255882844073         0.17343E-03
    -84.255884713093    -84.255884713093         0.57980E-04
    -84.255877472736    -84.255877472736         0.19328E-03
    -84.255897424130    -84.255897424130         0.50745E-04
    -84.255879763613    -84.255879763613         0.89320E-04
    -84.257018193039    -84.257018193039         0.32448E-04
    -84.255942956271    -84.255942956271         0.14684E-03
    -84.257150530867    -84.257150530867         0.10186E-03
    -84.255854837771    -84.255854837771         0.16513E-03
    -84.255883011255    -84.255883011255         0.17515E-03
    -84.255856213575    -84.255856213575         0.12804E-03
    -84.255883130289    -84.255883130289         0.42750E-04
    -84.255882469153    -84.255882469153         0.52701E-04
    -84.255877280829    -84.255877280829         0.18275E-03
    -84.255846916689    -84.255846916689         0.11774E-03
    -84.255841774117    -84.255841774117         0.16132E-03
    -84.255869639440    -84.255869639440         0.75923E-04
    -84.255852421643    -84.255852421643         0.82480E-04
    -84.255843968358    -84.255843968358         0.13394E-03
    -84.255840221154    -84.255840221154         0.11019E-03
    -84.255840944984    -84.255840944984         0.67949E-04
    -84.255829100377    -84.255829100377         0.13126E-03
    -84.255854962242    -84.255854962242         0.13400E-03
    -84.255837823075    -84.255837823075         0.16826E-03
    -84.255839437396    -84.255839437396         0.28740E-04
    -84.255821843931    -84.255821843931         0.17670E-03
    -84.255828777109    -84.255828777109         0.13120E-03
    -84.255819988917    -84.255819988917         0.60826E-04
    -84.255839060819    -84.255839060819         0.60052E-04
    -84.255825531960    -84.255825531960         0.15734E-03
    -84.255870158946    -84.255870158946         0.90558E-04
    -84.255872758365    -84.255872758365         0.52971E-04
    -84.255819904039    -84.255819904039         0.16167E-03
    -84.255811539887    -84.255811539887         0.18223E-03
    -84.255806202011    -84.255806202011         0.15624E-03
    -84.255807114500    -84.255807114500         0.19369E-03
    -84.255816200354    -84.255816200354         0.19836E-03
    -84.258602942474    -84.258602942474         0.12047E-03
    -84.255814970304    -84.255814970304         0.31750E-04
    -84.255817296411    -84.255817296411         0.17390E-03
    -84.255814263288    -84.255814263288         0.19416E-03
    -84.255821431792    -84.255821431792         0.14505E-03
    -84.255810863461    -84.255810863461         0.19660E-03
    -84.255806204329    -84.255806204329         0.19832E-03
    -84.255806971713    -84.255806971713         0.19290E-03
    -84.255816717798    -84.255816717798         0.69213E-04
    -84.255797279683    -84.255797279683         0.11490E-03
    -84.255812049646    -84.255812049646         0.71435E-04
    -84.255805790853    -84.255805790853         0.19037E-03
    -84.255815252497    -84.255815252497         0.18725E-03
    -84.255821939272    -84.255821939272         0.19775E-03
    -84.255788535656    -84.255788535656         0.14393E-03
    -84.257172497078    -84.257172497078         0.98436E-04
    -84.255788385316    -84.255788385316         0.13306E-03
    -84.255815781659    -84.255815781659         0.15256E-03
    -84.255788290408    -84.255788290408         0.11383E-03
    -84.255824167703    -84.255824167703         0.18977E-03
    -84.255788175107    -84.255788175107         0.67941E-04
    -84.255817316884    -84.255817316884         0.24004E-04
    -84.255784944150    -84.255784944150         0.12617E-03
    -84.255884415755    -84.255884415755         0.49652E-04
    -84.255809286524    -84.255809286524         0.17646E-03
    -84.255819362154    -84.255819362154         0.38274E-04
    -84.255770914989    -84.255770914989         0.16343E-03
    -84.255788912312    -84.255788912312         0.15814E-03
    -84.255764100098    -84.255764100098         0.17147E-03
    -84.255814658189    -84.255814658189         0.19511E-03
    -84.255813861587    -84.255813861587         0.47355E-04
    -84.255804381576    -84.255804381576         0.57862E-04
    -84.255793884614    -84.255793884614         0.17993E-03
    -84.255762641616    -84.255762641616         0.16355E-03
    -84.255788753925    -84.255788753925         0.12704E-03
    -84.255784312908    -84.255784312908         0.16336E-03
    -84.255764640293    -84.255764640293         0.17090E-03
    -84.255791439091    -84.255791439091         0.81095E-04
    -84.255766716127    -84.255766716127         0.14781E-03
    -84.255769776684    -84.255769776684         0.76450E-04
    -84.255782835108    -84.255782835108         0.15844E-03
    -84.255785887346    -84.255785887346         0.33105E-04
    -84.255761475209    -84.255761475209         0.19551E-03
    -84.255786674632    -84.255786674632         0.11233E-03
    -84.255768734752    -84.255768734752         0.19374E-03
    -84.255753155403    -84.255753155403         0.12461E-03
    -84.255817992606    -84.255817992606         0.15474E-03
    -84.255790610630    -84.255790610630         0.10930E-03
    -84.255752570188    -84.255752570188         0.82275E-04
    -84.255764683127    -84.255764683127         0.47712E-04
    -84.255759131614    -84.255759131614         0.18576E-03
    -84.255762473165    -84.255762473165         0.55206E-04
    -84.255745288547    -84.255745288547         0.70273E-04
    -84.255732930590    -84.255732930590         0.10755E-03
    -84.255765191208    -84.255765191208         0.44653E-04
    -84.255743403494    -84.255743403494         0.13334E-03
    -84.255763324597    -84.255763324597         0.74169E-04
    -84.255771829740    -84.255771829740         0.45660E-04
    -84.255802828288    -84.255802828288         0.15332E-03
    -84.255768930527    -84.255768930527         0.44754E-04
    -84.259409637333    -84.259409637333         0.17541E-03
    -84.255774169929    -84.255774169929         0.78586E-04
    -84.255723624407    -84.255723624407         0.11915E-03
    -84.255761884157    -84.255761884157         0.79293E-04
    -84.255729818879    -84.255729818879         0.18878E-03
    -84.255788339160    -84.255788339160         0.16989E-03
    -84.255764350683    -84.255764350683         0.59972E-04
    -84.255743681222    -84.255743681222         0.50072E-04
    -84.255730850249    -84.255730850249         0.15149E-03
    -84.255718023674    -84.255718023674         0.52679E-04
    -84.255728247353    -84.255728247353         0.17074E-03
    -84.255714864864    -84.255714864864         0.11659E-03
    -84.255759326348    -84.255759326348         0.16023E-03
    -84.255768036506    -84.255768036506         0.34388E-04
    -84.255724491245    -84.255724491245         0.16866E-03
    -84.255752924420    -84.255752924420         0.29557E-04
    -84.255725916289    -84.255725916289         0.15631E-03
    -84.255754882347    -84.255754882347         0.79395E-04
    -84.255739940786    -84.255739940786         0.71420E-04
    -84.255752328454    -84.255752328454         0.19843E-03
    -84.255725814354    -84.255725814354         0.19003E-03
    -84.255805143235    -84.255805143235         0.19917E-03
    -84.255809562345    -84.255809562345         0.10383E-03
    -84.255726727544    -84.255726727544         0.67752E-04
    -84.255712920855    -84.255712920855         0.14032E-03
    -84.255704706751    -84.255704706751         0.15575E-03
    -84.255712377161    -84.255712377161         0.16648E-03
    -84.255702276056    -84.255702276056         0.12641E-03
    -84.255717501927    -84.255717501927         0.19013E-03
    -84.255708910928    -84.255708910928         0.17524E-03
    -84.255759745335    -84.255759745335         0.18846E-03
    -84.255701368960    -84.255701368960         0.13921E-03
    -84.255696940194    -84.255696940194         0.13860E-03
    -84.255710118858    -84.255710118858         0.15202E-03
    -84.255693418410    -84.255693418410         0.15247E-03
    -84.255745060831    -84.255745060831         0.15231E-03
    -84.255705610419    -84.255705610419         0.18030E-03
    -84.255678567411    -84.255678567411         0.15741E-03
    -84.255677932775    -84.255677932775         0.19954E-03
    -84.255782529999    -84.255782529999         0.36472E-04
    -84.255691709576    -84.255691709576         0.19662E-03
    -84.255674078759    -84.255674078759         0.13660E-03
    -84.255693535330    -84.255693535330         0.19281E-03
    -84.255681920433    -84.255681920433         0.75431E-04
    -84.255677207768    -84.255677207768         0.17043E-03
    -84.255669555028    -84.255669555028         0.98190E-04
    -84.255691080308    -84.255691080308         0.99139E-04
    -84.255671440949    -84.255671440949         0.12527E-03
    -84.255669403989    -84.255669403989         0.49198E-04
    -84.255670569356    -84.255670569356         0.12729E-03
    -84.255665508462    -84.255665508462         0.17901E-03
    -84.255663748841    -84.255663748841         0.17307E-03
    -84.255700322459    -84.255700322459         0.14221E-03
    -84.255693622507    -84.255693622507         0.18035E-03
    -84.255651288599    -84.255651288599         0.49023E-04
    -84.255655150959    -84.255655150959         0.12477E-03
    -84.255694059367    -84.255694059367         0.74525E-04
    -84.255650600138    -84.255650600138         0.14170E-03
    -84.255694233181    -84.255694233181         0.91572E-04
    -84.255652343327    -84.255652343327         0.17269E-03
    -84.255652768944    -84.255652768944         0.11590E-03
    -84.255653634546    -84.255653634546         0.15735E-03
    -84.255644442477    -84.255644442477         0.12008E-03
    -84.255644392059    -84.255644392059         0.18230E-03
    -84.255643993371    -84.255643993371         0.17766E-03
    -84.255694461016    -84.255694461016         0.67591E-04
    -84.255649536562    -84.255649536562         0.10443E-03
    -84.255660642046    -84.255660642046         0.19583E-03
    -84.255708822310    -84.255708822310         0.76593E-04
    -84.255758762888    -84.255758762888         0.72362E-04
    -84.255678380793    -84.255678380793         0.15929E-03
    -84.255645007306    -84.255645007306         0.11927E-03
    -84.255624280957    -84.255624280957         0.16836E-03
    -84.255662440749    -84.255662440749         0.13572E-03
    -84.255671026205    -84.255671026205         0.15682E-03
    -84.255645120273    -84.255645120273         0.38974E-04
    -84.255724114185    -84.255724114185         0.92204E-04
    -84.255640998266    -84.255640998266         0.65250E-04
    -84.255679117009    -84.255679117009         0.17346E-03
    -84.255753947176    -84.255753947176         0.18868E-03
    -84.255670234948    -84.255670234948         0.13401E-03
    -84.255629731870    -84.255629731870         0.33105E-04
    -84.255720281086    -84.255720281086         0.86068E-04
    -84.255643721294    -84.255643721294         0.16318E-03
    -84.255620352692    -84.255620352692         0.73159E-04
    -84.255651843287    -84.255651843287         0.16027E-03
    -84.255632297829    -84.255632297829         0.59124E-04
    -84.255644936364    -84.255644936364         0.14870E-03
    -84.255686451174    -84.255686451174         0.67538E-04
    -84.255673934196    -84.255673934196         0.10851E-03
    -84.255644613713    -84.255644613713         0.18029E-03
    -84.255610278780    -84.255610278780         0.16582E-03
    -84.255636627574    -84.255636627574         0.11293E-03
    -84.255609450026    -84.255609450026         0.12049E-03
    -84.255606403372    -84.255606403372         0.15367E-03
    -84.255604213337    -84.255604213337         0.17324E-03
    -84.255582035467    -84.255582035467         0.18697E-03
    -84.255613437927    -84.255613437927         0.10540E-03
    -84.255580332652    -84.255580332652         0.13614E-03
    -84.255583758730    -84.255583758730         0.91685E-04
    -84.255640697375    -84.255640697375         0.84448E-04
    -84.255603423492    -84.255603423492         0.48553E-04
    -84.255614347792    -84.255614347792         0.13068E-03
    -84.255576484536    -84.255576484536         0.14317E-03
    -84.255637561786    -84.255637561786         0.10004E-03
    -84.255585412207    -84.255585412207         0.75789E-04
    -84.255576668781    -84.255576668781         0.15909E-03
    -84.255576994546    -84.255576994546         0.15787E-03
    -84.255583447430    -84.255583447430         0.18199E-03
    -84.255589813928    -84.255589813928         0.50633E-04
    -84.255607332717    -84.255607332717         0.42319E-04
    -84.255560415791    -84.255560415791         0.19855E-03
    -84.255581578715    -84.255581578715         0.15819E-03
    -84.255559204276    -84.255559204276         0.15940E-03
    -84.255561618941    -84.255561618941         0.19177E-03
    -84.255571476817    -84.255571476817         0.19131E-03
    -84.255574962249    -84.255574962249         0.39763E-04
    -84.255562409207    -84.255562409207         0.69671E-04
    -84.255623842094    -84.255623842094         0.47953E-04
    -84.255558663191    -84.255558663191         0.77866E-04
    -84.255567959443    -84.255567959443         0.50674E-04
    -84.255572347972    -84.255572347972         0.15130E-03
    -84.255586710998    -84.255586710998         0.73210E-04
    -84.255579747974    -84.255579747974         0.10506E-03
    -84.255569707787    -84.255569707787         0.18629E-03
    -84.255564925816    -84.255564925816         0.67790E-04
    -84.255557740411    -84.255557740411         0.18358E-03
    -84.255543986361    -84.255543986361         0.10549E-03
    -84.255542421541    -84.255542421541         0.91020E-04
    -84.255582171048    -84.255582171048         0.73434E-04
    -84.255548057166    -84.255548057166         0.11884E-03
    -84.255559112698    -84.255559112698         0.17609E-03
    -84.255542638056    -84.255542638056         0.17970E-03
    -84.255543212063    -84.255543212063         0.11842E-03
    -84.255540421973    -84.255540421973         0.15011E-03
    -84.255543776376    -84.255543776376         0.15940E-03
    -84.255559634078    -84.255559634078         0.67340E-04
    -84.255541041650    -84.255541041650         0.88565E-04
    -84.255551721055    -84.255551721055         0.19077E-03
    -84.255582234248    -84.255582234248         0.14709E-03
    -84.255540164121    -84.255540164121         0.12988E-03
    -84.255532323393    -84.255532323393         0.17557E-03
    -84.255553840334    -84.255553840334         0.18736E-03
    -84.255549427558    -84.255549427558         0.93754E-04
    -84.255560279644    -84.255560279644         0.13389E-03
    -84.255530736340    -84.255530736340         0.90535E-04
    -84.255539399275    -84.255539399275         0.17941E-03
    -84.255554753725    -84.255554753725         0.85836E-04
    -84.255529601156    -84.255529601156         0.96213E-04
    -84.255526672005    -84.255526672005         0.14556E-03
    -84.255528531624    -84.255528531624         0.16251E-03
    -84.255559737592    -84.255559737592         0.16716E-03
    -84.255566838894    -84.255566838894         0.14797E-03
    -84.255529738564    -84.255529738564         0.17169E-03
    -84.255523286939    -84.255523286939         0.15567E-03
    -84.255579975202    -84.255579975202         0.19651E-03
    -84.255522113632    -84.255522113632         0.14015E-03
    -84.255521853719    -84.255521853719         0.19846E-03
    -84.255517936010    -84.255517936010         0.11665E-03
    -84.255522934657    -84.255522934657         0.97864E-04
    -84.255518779733    -84.255518779733         0.91157E-04
    -84.255530190802    -84.255530190802         0.16744E-03
    -84.255527945521    -84.255527945521         0.79076E-04
    -84.255531194135    -84.255531194135         0.12921E-03
    -84.255578165162    -84.255578165162         0.10866E-03
    -84.255542710872    -84.255542710872         0.17958E-03
    -84.255510667038    -84.255510667038         0.19160E-03
    -84.255544683081    -84.255544683081         0.66891E-04
    -84.255530752426    -84.255530752426         0.87266E-04
    -84.255555628133    -84.255555628133         0.71007E-04
    -84.255531021866    -84.255531021866         0.17695E-03
    -84.255543151811    -84.255543151811         0.38874E-04
    -84.255560859114    -84.255560859114         0.41300E-04
    -84.255529040062    -84.255529040062         0.94986E-04
    -84.255530935729    -84.255530935729         0.12933E-03
    -84.255558979119    -84.255558979119         0.90100E-04
    -84.255522581898    -84.255522581898         0.11752E-03
    -84.255505145910    -84.255505145910         0.13699E-03
    -84.255519732294    -84.255519732294         0.12357E-03
    -84.255518871093    -84.255518871093         0.13968E-03
    -84.255582122831    -84.255582122831         0.46865E-04
    -84.255512168935    -84.255512168935         0.17883E-03
    -84.255505404839    -84.255505404839         0.63734E-04
    -84.255548595946    -84.255548595946         0.13647E-03
    -84.255506509397    -84.255506509397         0.81215E-04
    -84.255594052996    -84.255594052996         0.49603E-04
    -84.255517484964    -84.255517484964         0.10922E-03
    -84.255557257173    -84.255557257173         0.53804E-04
    -84.257113156637    -84.257113156637         0.11113E-03
    -84.255520573954    -84.255520573954         0.26490E-04
    -84.255551822182    -84.255551822182         0.68708E-04
    -84.255599253488    -84.255599253488         0.69712E-04
    -84.255499600427    -84.255499600427         0.11635E-03
    -84.255515815844    -84.255515815844         0.10971E-03
    -84.255496538646    -84.255496538646         0.16668E-03
    -84.255503357422    -84.255503357422         0.17819E-03
    -84.257732539785    -84.257732539785         0.12650E-03
    -84.255503173612    -84.255503173612         0.12459E-03
    -84.255511547893    -84.255511547893         0.15497E-03
    -84.255500300489    -84.255500300489         0.12298E-03
    -84.255499460675    -84.255499460675         0.14429E-03
    -84.255498882087    -84.255498882087         0.12043E-03
    -84.255511705561    -84.255511705561         0.10835E-03
    -84.255483740991    -84.255483740991         0.52657E-04
    -84.255505492713    -84.255505492713         0.18630E-03
    -84.255511141696    -84.255511141696         0.29997E-04
    -84.255476362003    -84.255476362003         0.11141E-03
    -84.255506074533    -84.255506074533         0.89435E-04
    -84.255498428038    -84.255498428038         0.16692E-03
    -84.255504122714    -84.255504122714         0.11261E-03
    -84.255484521379    -84.255484521379         0.13512E-03
    -84.255511809879    -84.255511809879         0.67766E-04
    -84.255512746687    -84.255512746687         0.12717E-03
    -84.255498945229    -84.255498945229         0.17745E-03
    -84.255527703537    -84.255527703537         0.78793E-04
    -84.255476542720    -84.255476542720         0.15692E-03
    -84.255489107914    -84.255489107914         0.13355E-03
    -84.255469406731    -84.255469406731         0.65372E-04
    -84.255507766839    -84.255507766839         0.48135E-04
    -84.255493199168    -84.255493199168         0.13668E-03
    -84.255487077767    -84.255487077767         0.94476E-04
    -84.255517176680    -84.255517176680         0.13579E-03
    -84.255520418156    -84.255520418156         0.20000E-03
    -84.255484980293    -84.255484980293         0.13386E-03
    -84.255463558868    -84.255463558868         0.17795E-03
    -84.255463590706    -84.255463590706         0.11687E-03
    -84.255553340224    -84.255553340224         0.59297E-04
    -84.255512172111    -84.255512172111         0.94332E-04
    -84.255473417907    -84.255473417907         0.12188E-03
    -84.255475622736    -84.255475622736         0.17929E-03
    -84.255495648550    -84.255495648550         0.12798E-03
    -84.255491163015    -84.255491163015         0.97298E-04
    -84.255472559284    -84.255472559284         0.16376E-03
    -84.255470484880    -84.255470484880         0.78669E-04
    -84.256374522490    -84.256374522490         0.75492E-04
    -84.255496281950    -84.255496281950         0.10694E-03
    -84.255458091961    -84.255458091961         0.18090E-03
    -84.255467017056    -84.255467017056         0.18962E-03
    -84.255511099391    -84.255511099391         0.11288E-03
    -84.255454851661    -84.255454851661         0.15930E-03
    -84.255487908335    -84.255487908335         0.93035E-04
    -84.255478109199    -84.255478109199         0.81397E-04
    -84.255475461642    -84.255475461642         0.16937E-03
    -84.255491964106    -84.255491964106         0.15372E-03
    -84.255464360092    -84.255464360092         0.64751E-04
    -84.255454099498    -84.255454099498         0.17501E-03
    -84.257652803737    -84.257652803737         0.12952E-03
    -84.255455182348    -84.255455182348         0.17394E-03
    -84.255448296894    -84.255448296894         0.17319E-03
    -84.255445061784    -84.255445061784         0.19364E-03
    -84.255488491601    -84.255488491601         0.14862E-03
    -84.255449715746    -84.255449715746         0.19775E-03
    -84.255521975728    -84.255521975728         0.16715E-03
    -84.255467895268    -84.255467895268         0.46117E-04
    -84.255440505125    -84.255440505125         0.11729E-03
    -84.255447924207    -84.255447924207         0.17973E-03
    -84.255442605186    -84.255442605186         0.90801E-04
    -84.255462239031    -84.255462239031         0.18909E-03
    -84.255439437783    -84.255439437783         0.17012E-03
    -84.255471744499    -84.255471744499         0.18754E-03
    -84.255456648496    -84.255456648496         0.15151E-03
    -84.255441838925    -84.255441838925         0.79838E-04
    -84.255453506750    -84.255453506750         0.15532E-03
    -84.255440567918    -84.255440567918         0.11965E-03
    -84.255443366121    -84.255443366121         0.10221E-03
    -84.255440043004    -84.255440043004         0.18926E-03
    -84.255444008382    -84.255444008382         0.11913E-03
    -84.255427198603    -84.255427198603         0.14904E-03
    -84.255559776741    -84.255559776741         0.26315E-04
    -84.255445792626    -84.255445792626         0.19929E-03
    -84.255426266779    -84.255426266779         0.10245E-03
    -84.255440451460    -84.255440451460         0.17348E-03
    -84.257652791018    -84.257652791018         0.65301E-04
    -84.255546238407    -84.255546238407         0.44446E-04
    -84.255442631366    -84.255442631366         0.14489E-03
    -84.255490455986    -84.255490455986         0.27901E-04
    -84.255431239837    -84.255431239837         0.10995E-03
    -84.255446948432    -84.255446948432         0.17200E-03
    -84.256116959597    -84.256116959597         0.17423E-03
    -84.255475604299    -84.255475604299         0.39875E-04
    -84.255525699976    -84.255525699976         0.19626E-03
    -84.255442643122    -84.255442643122         0.12300E-03
    -84.255440953305    -84.255440953305         0.84532E-04
    -84.255426418402    -84.255426418402         0.11710E-03
    -84.255485988099    -84.255485988099         0.18996E-03
    -84.255420991424    -84.255420991424         0.17075E-03
    -84.255425621756    -84.255425621756         0.18118E-03
    -84.255441095132    -84.255441095132         0.68967E-04
    -84.255440859021    -84.255440859021         0.10598E-03
    -84.255424594306    -84.255424594306         0.13475E-03
    -84.255440399386    -84.255440399386         0.15405E-03
    -84.255429896804    -84.255429896804         0.12777E-03
    -84.255419793107    -84.255419793107         0.12302E-03
    -84.255421317560    -84.255421317560         0.92166E-04
    -84.255459270366    -84.255459270366         0.44785E-04
    -84.255421596071    -84.255421596071         0.98642E-04
    -84.255435299603    -84.255435299603         0.43964E-04
    -84.255450870428    -84.255450870428         0.17562E-03
    -84.255559528966    -84.255559528966         0.16230E-03
    -84.256440379860    -84.256440379860         0.50230E-04
    -84.255410819675    -84.255410819675         0.13917E-03
    -84.255408420384    -84.255408420384         0.19187E-03
    -84.255410816145    -84.255410816145         0.11185E-03
    -84.255424084388    -84.255424084388         0.48882E-04
    -84.255404925329    -84.255404925329         0.83677E-04
    -84.255442055992    -84.255442055992         0.13313E-03
    -84.255509253298    -84.255509253298         0.89953E-04
    -84.255400607117    -84.255400607117         0.19201E-03
    -84.255400721141    -84.255400721141         0.13216E-03
    -84.255400204175    -84.255400204175         0.19432E-03
    -84.255442253811    -84.255442253811         0.19337E-03
    -84.255404142162    -84.255404142162         0.16729E-03
    -84.255403067281    -84.255403067281         0.10408E-03
    -84.255409976977    -84.255409976977         0.13840E-03
    -84.255468127053    -84.255468127053         0.54557E-04
    -84.255495544555    -84.255495544555         0.19909E-03
    -84.255401563777    -84.255401563777         0.14298E-03
    -84.255433383161    -84.255433383161         0.10344E-03
    -84.255433579923    -84.255433579923         0.10445E-03
    -84.255523650561    -84.255523650561         0.56285E-04
    -84.255508545944    -84.255508545944         0.18578E-03
    -84.255497606355    -84.255497606355         0.79273E-04
    -84.255524022901    -84.255524022901         0.13683E-03
    -84.255403161358    -84.255403161358         0.19108E-03
    -84.255387226974    -84.255387226974         0.19897E-03
    -84.255383478946    -84.255383478946         0.19370E-03
    -84.255380560998    -84.255380560998         0.12945E-03
    -84.255401629290    -84.255401629290         0.15674E-03
    -84.255511322133    -84.255511322133         0.19285E-03
    -84.255419539372    -84.255419539372         0.47608E-04
    -84.255458394813    -84.255458394813         0.40025E-04
    -84.255374408327    -84.255374408327         0.70720E-04
    -84.255383634771    -84.255383634771         0.15569E-03
    -84.255427251336    -84.255427251336         0.59932E-04
    -84.255405258976    -84.255405258976         0.58365E-04
    -84.255431775541    -84.255431775541         0.11824E-03
    -84.255405329897    -84.255405329897         0.19066E-03
    -84.255431962812    -84.255431962812         0.12354E-03
    -84.255367559431    -84.255367559431         0.12971E-03
    -84.257570136888    -84.257570136888         0.16981E-03
    -84.255407630934    -84.255407630934         0.18260E-03
    -84.255385144409    -84.255385144409         0.16827E-03
    -84.255362686259    -84.255362686259         0.18557E-03
    -84.255364682397    -84.255364682397         0.58543E-04
    -84.255367026516    -84.255367026516         0.10883E-03
    -84.255365138927    -84.255365138927         0.16821E-03
    -84.255367269015    -84.255367269015         0.19320E-03
    -84.255346346634    -84.255346346634         0.16988E-03
    -84.255340631876    -84.255340631876         0.16443E-03
    -84.255359491047    -84.255359491047         0.17223E-03
    -84.255353811081    -84.255353811081         0.18320E-03
    -84.255374372694    -84.255374372694         0.54262E-04
    -84.255368781753    -84.255368781753         0.84017E-04
    -84.255354131640    -84.255354131640         0.12949E-03
    -84.255340608269    -84.255340608269         0.11066E-03
    -84.255350103927    -84.255350103927         0.14311E-03
    -84.255341265699    -84.255341265699         0.13989E-03
    -84.256042620632    -84.256042620632         0.16907E-03
    -84.255356555688    -84.255356555688         0.45751E-04
    -84.255362658846    -84.255362658846         0.28753E-04
    -84.255335271729    -84.255335271729         0.14514E-03
    -84.255360162222    -84.255360162222         0.12563E-03
    -84.255341067733    -84.255341067733         0.15632E-03
    -84.255340020741    -84.255340020741         0.14948E-03
    -84.255378199229    -84.255378199229         0.12683E-03
    -84.255338588475    -84.255338588475         0.12070E-03
    -84.255340718133    -84.255340718133         0.79638E-04
    -84.255333708406    -84.255333708406         0.18516E-03
    -84.255340772852    -84.255340772852         0.74176E-04
    -84.255347870196    -84.255347870196         0.18383E-03
    -84.255332967202    -84.255332967202         0.14684E-03
    -84.255341049920    -84.255341049920         0.12299E-03
    -84.255328817025    -84.255328817025         0.17093E-03
    -84.255450813282    -84.255450813282         0.11340E-03
    -84.255328141641    -84.255328141641         0.18182E-03
    -84.255400634029    -84.255400634029         0.18964E-03
    -84.255352914413    -84.255352914413         0.69355E-04
    -84.255331512728    -84.255331512728         0.13825E-03
    -84.255446645587    -84.255446645587         0.14548E-03
    -84.257569620390    -84.257569620390         0.13880E-03
    -84.255395325637    -84.255395325637         0.13042E-03
    -84.255353835858    -84.255353835858         0.10967E-03
    -84.255490169751    -84.255490169751         0.74606E-04
    -84.255333345801    -84.255333345801         0.17801E-03
    -84.255319552519    -84.255319552519         0.12848E-03
    -84.255336912568    -84.255336912568         0.11431E-03
    -84.255334082998    -84.255334082998         0.16802E-03
    -84.255333445807    -84.255333445807         0.19801E-03
    -84.255316278260    -84.255316278260         0.46456E-04
    -84.255327414069    -84.255327414069         0.26646E-04
    -84.255315045497    -84.255315045497         0.10429E-03
    -84.257569594645    -84.257569594645         0.17997E-03
    -84.255329994159    -84.255329994159         0.10398E-03
    -84.255350321540    -84.255350321540         0.15952E-03
    -84.255322238561    -84.255322238561         0.17111E-03
    -84.255334531628    -84.255334531628         0.12341E-03
    -84.255308862045    -84.255308862045         0.16371E-03
    -84.255326202057    -84.255326202057         0.11594E-03
    -84.255338947162    -84.255338947162         0.18852E-03
    -84.255357840346    -84.255357840346         0.24876E-04
    -84.255322286609    -84.255322286609         0.13984E-03
    -84.255318537714    -84.255318537714         0.92744E-04
    -84.255328556974    -84.255328556974         0.11142E-03
    -84.255307066823    -84.255307066823         0.17428E-03
    -84.255309909774    -84.255309909774         0.83434E-04
    -84.255337508666    -84.255337508666         0.19917E-03
    -84.255334704985    -84.255334704985         0.48152E-04
    -84.255368348493    -84.255368348493         0.83608E-04
    -84.255308335858    -84.255308335858         0.84539E-04
    -84.255310183431    -84.255310183431         0.14936E-03
    -84.255345026258    -84.255345026258         0.74903E-04
    -84.255322589974    -84.255322589974         0.19682E-03
    -84.255325939829    -84.255325939829         0.18330E-03
    -84.255386555306    -84.255386555306         0.14431E-03
    -84.255348010017    -84.255348010017         0.13797E-03
    -84.255318663235    -84.255318663235         0.11051E-03
    -84.255321104881    -84.255321104881         0.66300E-04
    -84.255331183975    -84.255331183975         0.16234E-03
    -84.255336663960    -84.255336663960         0.16799E-03
    -84.255333766332    -84.255333766332         0.18369E-03
    -84.255333097348    -84.255333097348         0.17412E-03
    -84.255338417972    -84.255338417972         0.69618E-04
    -84.255349939596    -84.255349939596         0.11115E-03
    -84.255326950269    -84.255326950269         0.16424E-03
    -84.257568694651    -84.257568694651         0.17468E-03
    -84.255339227089    -84.255339227089         0.10348E-03
    -84.256301370708    -84.256301370708         0.37399E-04
    -84.255331261473    -84.255331261473         0.14803E-03
    -84.255308789869    -84.255308789869         0.18854E-03
    -84.255376985168    -84.255376985168         0.80009E-04
    -84.255297366988    -84.255297366988         0.13486E-03
    -84.255330458019    -84.255330458019         0.11067E-03
    -84.255295705466    -84.255295705466         0.13195E-03
    -84.255297973317    -84.255297973317         0.14757E-03
    -84.255296555524    -84.255296555524         0.96649E-04
    -84.255305411141    -84.255305411141         0.19619E-04
    -84.255332301224    -84.255332301224         0.10087E-03
    -84.255330723017    -84.255330723017         0.19303E-03
    -84.255316810027    -84.255316810027         0.80759E-04
    -84.255329613759    -84.255329613759         0.67440E-04
    -84.255328508609    -84.255328508609         0.18331E-03
    -84.255324647670    -84.255324647670         0.10392E-03
    -84.255321987893    -84.255321987893         0.49825E-04
    -84.255329326666    -84.255329326666         0.12151E-03
    -84.255287154265    -84.255287154265         0.15491E-03
    -84.255291266954    -84.255291266954         0.13744E-03
    -84.255271154099    -84.255271154099         0.18196E-03
    -84.255280469937    -84.255280469937         0.92452E-04
    -84.255327637584    -84.255327637584         0.82286E-04
    -84.255269286397    -84.255269286397         0.19714E-03
    -84.255261481010    -84.255261481010         0.65886E-04
    -84.255274211375    -84.255274211375         0.17101E-03
    -84.255266406939    -84.255266406939         0.16983E-03
    -84.255273480299    -84.255273480299         0.63497E-04
    -84.255274619765    -84.255274619765         0.17720E-03
    -84.255328451830    -84.255328451830         0.85232E-04
    -84.255349504457    -84.255349504457         0.14807E-03
    -84.255290773912    -84.255290773912         0.16739E-03
    -84.255252179093    -84.255252179093         0.18447E-03
    -84.255257775170    -84.255257775170         0.11198E-03
    -84.255288245670    -84.255288245670         0.46898E-04
    -84.255251273139    -84.255251273139         0.16737E-03
    -84.255252118230    -84.255252118230         0.15722E-03
    -84.255250408917    -84.255250408917         0.13247E-03
    -84.255251335240    -84.255251335240         0.12662E-03
    -84.255261775036    -84.255261775036         0.14537E-03
    -84.255269169373    -84.255269169373         0.10061E-03
    -84.255271663392    -84.255271663392         0.11097E-03
    -84.255257922366    -84.255257922366         0.18813E-03
    -84.255241291908    -84.255241291908         0.19249E-03
    -84.255240437059    -84.255240437059         0.97417E-04
    -84.255303703194    -84.255303703194         0.18749E-03
    -84.255238000209    -84.255238000209         0.12494E-03
    -84.255254734019    -84.255254734019         0.19371E-03
    -84.255286471826    -84.255286471826         0.72358E-04
    -84.255260022975    -84.255260022975         0.17238E-03
    -84.255253403084    -84.255253403084         0.97452E-04
    -84.255239762993    -84.255239762993         0.18369E-03
    -84.255235453803    -84.255235453803         0.17542E-03
    -84.255232030013    -84.255232030013         0.11829E-03
    -84.255228461973    -84.255228461973         0.94614E-04
    -84.255243215352    -84.255243215352         0.19206E-03
    -84.257290578885    -84.257290578885         0.13263E-03
    -84.255228217561    -84.255228217561         0.19684E-03
    -84.255236321420    -84.255236321420         0.11885E-03
    -84.255246083741    -84.255246083741         0.42116E-04
    -84.255236494750    -84.255236494750         0.75068E-04
    -84.255273393912    -84.255273393912         0.15501E-03
    -84.255364214917    -84.255364214917         0.19838E-03
    -84.255219796530    -84.255219796530         0.10523E-03
    -84.255214932952    -84.255214932952         0.12362E-03
    -84.255199238660    -84.255199238660         0.18643E-03
    -84.255232240330    -84.255232240330         0.17958E-03
    -84.255208527002    -84.255208527002         0.14521E-03
    -84.255222744833    -84.255222744833         0.18072E-03
    -84.255208772829    -84.255208772829         0.12142E-03
    -84.255229600189    -84.255229600189         0.93437E-04
    -84.255199228441    -84.255199228441         0.76164E-04
    -84.255187618689    -84.255187618689         0.92835E-04
    -84.255247985105    -84.255247985105         0.17257E-03
    -84.255244345679    -84.255244345679         0.19524E-03
    -84.255184953277    -84.255184953277         0.17907E-03
    -84.255241344814    -84.255241344814         0.71522E-04
    -84.255251755106    -84.255251755106         0.61135E-04
    -84.255184748789    -84.255184748789         0.11337E-03
    -84.255181196720    -84.255181196720         0.11987E-03
    -84.257662592824    -84.257662592824         0.17510E-03
    -84.255178984934    -84.255178984934         0.19980E-03
    -84.255176947513    -84.255176947513         0.19523E-03
    -84.255234784284    -84.255234784284         0.48608E-04
    -84.255178547993    -84.255178547993         0.13941E-03
    -84.255178570105    -84.255178570105         0.15144E-03
    -84.255208162442    -84.255208162442         0.94581E-04
    -84.255179048282    -84.255179048282         0.14864E-03
    -84.255178325992    -84.255178325992         0.17974E-03
    -84.255176777425    -84.255176777425         0.18244E-03
    -84.255172262598    -84.255172262598         0.88303E-04
    -84.255175075238    -84.255175075238         0.19468E-03
    -84.255177077562    -84.255177077562         0.19364E-03
    -84.255177995525    -84.255177995525         0.19576E-03
    -84.255315031946    -84.255315031946         0.16518E-03
    -84.255164201330    -84.255164201330         0.10683E-03
    -84.255376430322    -84.255376430322         0.38642E-04
    -84.255351396151    -84.255351396151         0.70533E-04
    -84.255181058376    -84.255181058376         0.18078E-03
    -84.255172145019    -84.255172145019         0.10360E-03
    -84.255152147482    -84.255152147482         0.16642E-03
    -84.255155447294    -84.255155447294         0.15392E-03
    -84.255203940152    -84.255203940152         0.27797E-04
    -84.255184574508    -84.255184574508         0.16834E-03
    -84.255171199709    -84.255171199709         0.11464E-03
    -84.255147990027    -84.255147990027         0.18113E-03
    -84.255161108579    -84.255161108579         0.16701E-03
    -84.255145704300    -84.255145704300         0.16101E-03
    -84.255171868616    -84.255171868616         0.49880E-04
    -84.255133089592    -84.255133089592         0.13219E-03
    -84.255135116824    -84.255135116824         0.12978E-03
    -84.255135733565    -84.255135733565         0.18124E-03
    -84.255169468480    -84.255169468480         0.34335E-04
    -84.255137667575    -84.255137667575         0.77352E-04
    -84.255134861037    -84.255134861037         0.94609E-04
    -84.255166940263    -84.255166940263         0.78626E-04
    -84.255264918707    -84.255264918707         0.97732E-04
    -84.256406064446    -84.256406064446         0.12844E-03
    -84.255135085517    -84.255135085517         0.92380E-04
    -84.255137244118    -84.255137244118         0.14899E-03
    -84.255120022428    -84.255120022428         0.16767E-03
    -84.255105733089    -84.255105733089         0.19263E-03
    -84.255124811923    -84.255124811923         0.90392E-04
    -84.255106847142    -84.255106847142         0.70404E-04
    -84.255194750299    -84.255194750299         0.57815E-04
    -84.255104762521    -84.255104762521         0.13176E-03
    -84.255106793523    -84.255106793523         0.94270E-04
    -84.255109386276    -84.255109386276         0.12373E-03
    -84.255094225977    -84.255094225977         0.82969E-04
    -84.255107080095    -84.255107080095         0.14886E-03
    -84.255108652296    -84.255108652296         0.19516E-03
    -84.260813012244    -84.260813012244         0.18835E-03
    -84.255107124098    -84.255107124098         0.17919E-03
    -84.255099768161    -84.255099768161         0.16972E-03
    -84.255094599851    -84.255094599851         0.31609E-04
    -84.255102690678    -84.255102690678         0.16358E-03
    -84.255094832328    -84.255094832328         0.37000E-04
    -84.255094544023    -84.255094544023         0.10740E-03
    -84.255081311550    -84.255081311550         0.17818E-03
    -84.255082384520    -84.255082384520         0.15498E-03
    -84.255071257308    -84.255071257308         0.18434E-03
    -84.255194395678    -84.255194395678         0.18340E-03
    -84.255069234401    -84.255069234401         0.18338E-03
    -84.255067487746    -84.255067487746         0.19747E-03
    -84.255074252537    -84.255074252537         0.37447E-04
    -84.255069959273    -84.255069959273         0.15631E-03
    -84.255068555859    -84.255068555859         0.19805E-03
    -84.255066100860    -84.255066100860         0.89627E-04
    -84.255070102312    -84.255070102312         0.18693E-03
    -84.255075853340    -84.255075853340         0.39537E-04
    -84.255052086732    -84.255052086732         0.14225E-03
    -84.255050134502    -84.255050134502         0.70155E-04
    -84.255046372797    -84.255046372797         0.17681E-03
    -84.255048994426    -84.255048994426         0.15137E-03
    -84.255070603989    -84.255070603989         0.86232E-04
    -84.255065045479    -84.255065045479         0.17892E-03
    -84.255049448466    -84.255049448466         0.58800E-04
    -84.255049838619    -84.255049838619         0.16021E-03
    -84.255077816461    -84.255077816461         0.18750E-03
    -84.255073483537    -84.255073483537         0.39520E-04
    -84.255047329849    -84.255047329849         0.17237E-03
    -84.256731593202    -84.256731593202         0.41324E-04
    -84.255044388885    -84.255044388885         0.12611E-03
    -84.255047191308    -84.255047191308         0.68536E-04
    -84.255050264613    -84.255050264613         0.49870E-04
    -84.255009342641    -84.255009342641         0.19075E-03
    -84.255002816665    -84.255002816665         0.98599E-04
    -84.255009031105    -84.255009031105         0.17833E-03
    -84.255000052619    -84.255000052619         0.19513E-03
    -84.255011196872    -84.255011196872         0.44882E-04
    -84.254991692277    -84.254991692277         0.44751E-04
    -84.255006604656    -84.255006604656         0.17141E-03
    -84.254971048808    -84.254971048808         0.16537E-03
    -84.254970780092    -84.254970780092         0.19216E-03
    -84.254978651250    -84.254978651250         0.13053E-03
    -84.254967569162    -84.254967569162         0.11703E-03
    -84.254970539110    -84.254970539110         0.18659E-03
    -84.254975512211    -84.254975512211         0.13532E-03
    -84.254968657925    -84.254968657925         0.11652E-03
    -84.254970317933    -84.254970317933         0.19983E-03
    -84.254968785848    -84.254968785848         0.13819E-03
    -84.254972596930    -84.254972596930         0.18523E-03
    -84.254972562807    -84.254972562807         0.17234E-03
    -84.254970946013    -84.254970946013         0.11344E-03
    -84.254947960443    -84.254947960443         0.19203E-03
    -84.254946470890    -84.254946470890         0.76867E-04
    -84.254941965518    -84.254941965518         0.10435E-03
    -84.254950388087    -84.254950388087         0.12226E-03
    -84.255000203441    -84.255000203441         0.17872E-03
    -84.254963732523    -84.254963732523         0.15695E-03
    -84.254936300663    -84.254936300663         0.70097E-04
    -84.254953145767    -84.254953145767         0.12514E-03
    -84.254990355448    -84.254990355448         0.80168E-04
    -84.254939519689    -84.254939519689         0.10208E-03
    -84.254957124562    -84.254957124562         0.68671E-04
    -84.254944775600    -84.254944775600         0.16335E-03
    -84.254942667161    -84.254942667161         0.11030E-03
    -84.254929042471    -84.254929042471         0.18119E-03
    -84.254972731168    -84.254972731168         0.47776E-04
    -84.254943958595    -84.254943958595         0.68635E-04
    -84.254967038574    -84.254967038574         0.17454E-04
    -84.254951016593    -84.254951016593         0.10403E-03
    -84.254951652012    -84.254951652012         0.15653E-03
    -84.254943685170    -84.254943685170         0.16059E-03
    -84.259622325613    -84.259622325613         0.11425E-03
    -84.254929784566    -84.254929784566         0.11573E-03
    -84.254925287135    -84.254925287135         0.17752E-03
    -84.254940184541    -84.254940184541         0.57188E-04
    -84.254930741505    -84.254930741505         0.17461E-03
    -84.254935903529    -84.254935903529         0.19966E-04
    -84.254915564445    -84.254915564445         0.92503E-04
    -84.254914188271    -84.254914188271         0.16602E-03
    -84.254910381630    -84.254910381630         0.15426E-03
    -84.254926543713    -84.254926543713         0.14477E-03
    -84.254915735997    -84.254915735997         0.14245E-03
    -84.255018945147    -84.255018945147         0.16559E-03
    -84.254924630545    -84.254924630545         0.14727E-03
    -84.254930918438    -84.254930918438         0.15341E-03
    -84.254906879279    -84.254906879279         0.14969E-03
    -84.254907348896    -84.254907348896         0.19104E-03
    -84.254902995726    -84.254902995726         0.19775E-03
    -84.254905880993    -84.254905880993         0.16141E-03
    -84.254923662614    -84.254923662614         0.16351E-03
    -84.254888049324    -84.254888049324         0.16731E-03
    -84.254922908233    -84.254922908233         0.24539E-04
    -84.254927497085    -84.254927497085         0.99154E-04
    -84.254924944317    -84.254924944317         0.10308E-03
    -84.254941055422    -84.254941055422         0.19596E-03
    -84.254953042632    -84.254953042632         0.24065E-04
    -84.254879430536    -84.254879430536         0.16349E-03
    -84.254882636785    -84.254882636785         0.18378E-03
    -84.254884531431    -84.254884531431         0.14428E-03
    -84.254876730461    -84.254876730461         0.14265E-03
    -84.254879392717    -84.254879392717         0.96066E-04
    -84.254875947155    -84.254875947155         0.10186E-03
    -84.254941155788    -84.254941155788         0.77071E-04
    -84.254860237133    -84.254860237133         0.15155E-03
    -84.254869037172    -84.254869037172         0.59801E-04
    -84.254882228005    -84.254882228005         0.90651E-04
    -84.254875334939    -84.254875334939         0.36546E-04
    -84.254886915117    -84.254886915117         0.11885E-03
    -84.254851903516    -84.254851903516         0.19913E-03
    -84.254878435540    -84.254878435540         0.59051E-04
    -84.254852566241    -84.254852566241         0.14980E-03
    -84.254858513220    -84.254858513220         0.12182E-03
    -84.254908999192    -84.254908999192         0.17778E-03
    -84.254850601615    -84.254850601615         0.10221E-03
    -84.254868450978    -84.254868450978         0.93640E-04
    -84.254858904929    -84.254858904929         0.15166E-03
    -84.254879244842    -84.254879244842         0.50343E-04
    -84.254862676140    -84.254862676140         0.91452E-04
    -84.254851482400    -84.254851482400         0.76328E-04
    -84.254890914023    -84.254890914023         0.19216E-03
    -84.254847843580    -84.254847843580         0.17604E-03
    -84.254856627634    -84.254856627634         0.14387E-03
    -84.254861597077    -84.254861597077         0.15303E-03
    -84.254946258831    -84.254946258831         0.28263E-04
    -84.254836465915    -84.254836465915         0.19345E-03
    -84.254887255729    -84.254887255729         0.92942E-04
    -84.254837703032    -84.254837703032         0.11701E-03
    -84.254912895728    -84.254912895728         0.25417E-04
    -84.254844604072    -84.254844604072         0.17057E-03
    -84.254823167265    -84.254823167265         0.16910E-03
    -84.254921116449    -84.254921116449         0.13510E-03
    -84.254827078727    -84.254827078727         0.17090E-03
    -84.254823848462    -84.254823848462         0.12060E-03
    -84.254822013863    -84.254822013863         0.15681E-03
    -84.254914839291    -84.254914839291         0.99682E-04
    -84.254885056563    -84.254885056563         0.12452E-03
    -84.254837142327    -84.254837142327         0.14312E-03
    -84.254823271716    -84.254823271716         0.11529E-03
    -84.254828846183    -84.254828846183         0.19596E-03
    -84.254819291576    -84.254819291576         0.18520E-03
    -84.254886698915    -84.254886698915         0.12905E-03
    -84.255247143475    -84.255247143475         0.16663E-03
    -84.254828272866    -84.254828272866         0.51753E-04
