
       ╔════════════════════════════════════════════╗
       ║            ___ ___ ___ ___ _____           ║
       ║           / __| _ \ __/ __|_   _|          ║
       ║          | (__|   / _|\__ \ | |            ║
       ║           \___|_|_\___|___/ |_|            ║
       ║                                            ║
       ║  Conformer-Rotamer Ensemble Sampling Tool  ║
       ║          based on the xTB methods          ║
       ║                                            ║
       ╚════════════════════════════════════════════╝
       Version 3.0.2, Tue, 05 August 16:25:20, 08/05/2025
       commit (6914a25) compiled by 'usr@b54ea9d7c43e'

   Cite work conducted with this code as

   • P.Pracht, F.Bohle, S.Grimme, PCCP, 2020, 22, 7169-7192.
   • S.Grimme, JCTC, 2019, 15, 2847-2862.
   • P.Pracht, S.Grimme, C.Bannwarth, F.Bohle, S.Ehlert,
     G.Feldmann, J.Gorges, M.Müller, T.Neudecker, C.Plett,
     S.Spicher, P.Steinbach, P.Wesołowski, F.Zeller,
     J. Chem. Phys., 2024, 160, 114110.

   for works involving QCG cite

   • S.Spicher, C.Plett, P.Pracht, A.Hansen, S.Grimme,
     JCTC, 2022, 18 (5), 3174-3189.
   • C.Plett, S. Grimme,
     Angew. Chem. Int. Ed. 2023, 62, e202214477.

   for works involving MECP screening cite

   • P.Pracht, C.Bannwarth, JCTC, 2022, 18 (10), 6370-6385.

   Original code
     P.Pracht, S.Grimme, Universität Bonn, MCTC
   with help from (alphabetical order):
     C.Bannwarth, F.Bohle, S.Ehlert, G.Feldmann, J.Gorges,
     S.Grimme, C.Plett, P.Pracht, S.Spicher, P.Steinbach,
     P.Wesolowski, F.Zeller

   Online documentation is available at
   https://crest-lab.github.io/crest-docs/

   This program is distributed in the hope that it will be useful,
   but WITHOUT ANY WARRANTY; without even the implied warranty of
   MERCHANTABILITY or FITNESS FOR A PARTICULAR PURPOSE. See the
   GNU Lesser General Public License (LGPL) for more details.

 Command line input:
 $ crest /home/crest/shared_files/sources/ligands/cannabinoids_inib/HU210/HU210.xyz --gfn2 --ewin 5.0 -T 2

  --gfn2               : Use of GFN2-xTB requested.
  --ewin 5.0
  -T 2 (CPUs/Threads selected)

> Setting up backup calculator ... done.
 ----------------
 Calculation info
 ----------------
> User-defined calculation level:
 : xTB calculation via tblite lib
 : GFN2-xTB level
 :   Molecular charge    : 0
 :   Fermi temperature   : 300.00000
 :   Accuracy            : 1.00000
 :   max SCC cycles      : 500


 -----------------------------
 Initial Geometry Optimization
 -----------------------------
 Geometry successfully optimized.

          ┍━━━━━━━━━━━━━━━━━━━━━━━━━━━━━━━━━━━━━━━━━━━━━━━━━┑
          │              CREST iMTD-GC SAMPLING             │
          ┕━━━━━━━━━━━━━━━━━━━━━━━━━━━━━━━━━━━━━━━━━━━━━━━━━┙

 Input structure:
  68

 C          7.9189555951        0.2904443829       -1.2821536647
 C          7.9116297689        0.4805359897        0.2302577394
 C          7.0371007577        1.6495572779        0.6877694956
 C          5.5397897733        1.4761952545        0.4250944969
 C          4.9077596109        0.3687125602        1.2680235158
 C          3.3889614911        0.2567282024        1.0716484540
 C          2.8952390774       -0.8382972584        0.0975715638
 C          3.5763771170       -0.7452369131       -1.2740026360
 C          3.2008900043       -2.2194751718        0.6836448850
 C          1.3982473427       -0.6230466359       -0.0852688857
 C          0.4476143279       -1.5472030699        0.3058929549
 C         -0.9118509642       -1.2937926970        0.1447753696
 C         -1.3706564680       -0.0776553936       -0.3652502392
 C         -2.8534840401        0.2129765858       -0.3785501271
 C         -3.2106600326        1.5013430339        0.3739296320
 C         -4.6992629457        1.6648397680        0.4891610317
 C         -5.1585399929        3.0567408478        0.8335570577
 O         -4.6846795353        3.9577097287       -0.1516105350
 C         -5.5521635667        0.6733209201        0.2772416204
 C         -5.1281216180       -0.7325090748       -0.0206108651
 C         -3.6472241276       -0.9120796802        0.2987984837
 C         -3.0600613099       -2.2913086242       -0.0324089955
 C         -3.8046818914       -3.4136385573        0.6924715913
 C         -3.0093939503       -2.5878051280       -1.5349191962
 O         -1.7351685624       -2.3217462678        0.5023654756
 C         -0.4131063372        0.8172575636       -0.8518132814
 C         -0.7792919178        2.0806565631       -1.5785945024
 C          0.9361175365        0.5368754734       -0.6982008708
 H          8.6193347234       -0.4941260714       -1.5606215035
 H          6.9353343333        0.0090072048       -1.6488745125
 H          8.2196994382        1.2103628138       -1.7794005206
 H          7.5811359683       -0.4411153698        0.7121146451
 H          8.9348974608        0.6706930052        0.5641284237
 H          7.1888870040        1.7997528812        1.7599855188
 H          7.3779069520        2.5548191367        0.1783730474
 H          5.3753233504        1.2828393529       -0.6337537494
 H          5.0428894846        2.4203343960        0.6648561630
 H          5.1123389864        0.5875161369        2.3190680087
 H          5.3865885986       -0.5824021969        1.0416819697
 H          2.9167533282        0.0521500021        2.0356679620
 H          3.0118718488        1.2240010955        0.7362539217
 H          3.4867108198        0.2504185702       -1.6980824519
 H          4.6311893427       -0.9955257707       -1.1943567469
 H          3.1112116081       -1.4496204599       -1.9612223744
 H          4.2748237415       -2.3589731462        0.7813850485
 H          2.7570336978       -2.3326688505        1.6695546508
 H          2.8233910542       -3.0032023915        0.0311795087
 H          0.7075319394       -2.4994976351        0.7349970105
 H         -3.2017030876        0.3202227508       -1.4136751552
 H         -2.7614596887        1.4802763245        1.3727171100
 H         -2.8287808934        2.3819714462       -0.1372439623
 H         -4.7544508580        3.3362875204        1.8204352390
 H         -6.2553509637        3.0863553202        0.8881152980
 H         -4.9999082249        4.8420524004        0.0578680730
 H         -6.6188950381        0.8457582694        0.3301747712
 H         -5.7344586224       -1.4195469195        0.5739689515
 H         -5.3253613075       -0.9513881606       -1.0746802809
 H         -3.5239230869       -0.7942416997        1.3832549106
 H         -4.7784094368       -3.5811706503        0.2429471213
 H         -3.9288684361       -3.1671527471        1.7437788616
 H         -3.2210850547       -4.3278974896        0.6225908693
 H         -2.5830093309       -3.5763827123       -1.6901657596
 H         -2.3840206071       -1.8633458100       -2.0501060445
 H         -4.0070984141       -2.5672935830       -1.9633089807
 H         -0.0130525622        2.3120918198       -2.3165913764
 H         -1.7323276866        1.9882468416       -2.0921252042
 H         -0.8358461191        2.9242578985       -0.8910338390
 H          1.6422929097        1.2610993396       -1.0763538965

 ------------------------------------------------
 Generating MTD length from a flexibility measure
 ------------------------------------------------
 Calculating GFN0-xTB WBOs   ... done.
 Calculating NCI flexibility ... done.
     covalent flexibility measure :   0.392
 non-covalent flexibility measure :   0.712
 flexibility measure :   0.419
 t(MTD) / ps    :    37.0
 Σ(t(MTD)) / ps :   518.0 (14 MTDs)

 -----------------------------------
 Starting trial MTD to test settings
 -----------------------------------
 Trial MTD 1 runtime (1.0 ps) ...        0 min, 29.445 sec
 Estimated runtime for one MTD (37.0 ps) on a single thread: 18 min 9 sec
 Estimated runtime for a batch of 14 MTDs on 2 threads: 2 h 7 min 6 sec

******************************************************************************************
**                         N E W   I T E R A T I O N  C Y C L E                         **
******************************************************************************************

 ------------------------------
 Meta-Dynamics Iteration 1
 ------------------------------
 list of applied metadynamics Vbias parameters:
$metadyn    0.20400   1.300
$metadyn    0.10200   1.300
$metadyn    0.05100   1.300
$metadyn    0.20400   0.780
$metadyn    0.10200   0.780
$metadyn    0.05100   0.780
$metadyn    0.20400   0.468
$metadyn    0.10200   0.468
$metadyn    0.05100   0.468
$metadyn    0.20400   0.281
$metadyn    0.10200   0.281
$metadyn    0.05100   0.281
$metadyn    0.06800   0.100
$metadyn    0.34000   0.800

  ::::::::::::: starting MTD    1 :::::::::::::
  |   MD simulation time   :    37.0 ps       |
  |   target T             :   300.0 K        |
  |   timestep dt          :     5.0 fs       |
  |   dump interval(trj)   :   100.0 fs       |
  |   SHAKE algorithm      : true (all bonds) |
  |   dump interval(Vbias) :    1.00 ps       |
  |   Vbias prefactor (k)  :  0.2040 Eh       |
  |   Vbias exponent (α)   :  1.3000 bohr⁻²   |
  ::::::::::::: starting MTD    8 :::::::::::::
  |   MD simulation time   :    37.0 ps       |
  |   target T             :   300.0 K        |
  |   timestep dt          :     5.0 fs       |
  |   dump interval(trj)   :   100.0 fs       |
  |   SHAKE algorithm      : true (all bonds) |
  |   dump interval(Vbias) :    1.00 ps       |
  |   Vbias prefactor (k)  :  0.1020 Eh       |
  |   Vbias exponent (α)   :  0.4680 bohr⁻²   |
*MTD   8 completed successfully ...       20 min,  2.631 sec
  ::::::::::::: starting MTD    9 :::::::::::::
  |   MD simulation time   :    37.0 ps       |
  |   target T             :   300.0 K        |
  |   timestep dt          :     5.0 fs       |
  |   dump interval(trj)   :   100.0 fs       |
  |   SHAKE algorithm      : true (all bonds) |
  |   dump interval(Vbias) :    1.00 ps       |
  |   Vbias prefactor (k)  :  0.0510 Eh       |
  |   Vbias exponent (α)   :  0.4680 bohr⁻²   |
*MTD   1 completed successfully ...       20 min, 10.774 sec
  ::::::::::::: starting MTD    2 :::::::::::::
  |   MD simulation time   :    37.0 ps       |
  |   target T             :   300.0 K        |
  |   timestep dt          :     5.0 fs       |
  |   dump interval(trj)   :   100.0 fs       |
  |   SHAKE algorithm      : true (all bonds) |
  |   dump interval(Vbias) :    1.00 ps       |
  |   Vbias prefactor (k)  :  0.1020 Eh       |
  |   Vbias exponent (α)   :  1.3000 bohr⁻²   |
*MTD   9 completed successfully ...       20 min,  8.693 sec
  ::::::::::::: starting MTD   10 :::::::::::::
  |   MD simulation time   :    37.0 ps       |
  |   target T             :   300.0 K        |
  |   timestep dt          :     5.0 fs       |
  |   dump interval(trj)   :   100.0 fs       |
  |   SHAKE algorithm      : true (all bonds) |
  |   dump interval(Vbias) :    1.00 ps       |
  |   Vbias prefactor (k)  :  0.2040 Eh       |
  |   Vbias exponent (α)   :  0.2808 bohr⁻²   |
*MTD   2 completed successfully ...       20 min, 13.201 sec
  ::::::::::::: starting MTD    3 :::::::::::::
  |   MD simulation time   :    37.0 ps       |
  |   target T             :   300.0 K        |
  |   timestep dt          :     5.0 fs       |
  |   dump interval(trj)   :   100.0 fs       |
  |   SHAKE algorithm      : true (all bonds) |
  |   dump interval(Vbias) :    1.00 ps       |
  |   Vbias prefactor (k)  :  0.0510 Eh       |
  |   Vbias exponent (α)   :  1.3000 bohr⁻²   |
*MTD  10 completed successfully ...       20 min, 11.859 sec
  ::::::::::::: starting MTD   11 :::::::::::::
  |   MD simulation time   :    37.0 ps       |
  |   target T             :   300.0 K        |
  |   timestep dt          :     5.0 fs       |
  |   dump interval(trj)   :   100.0 fs       |
  |   SHAKE algorithm      : true (all bonds) |
  |   dump interval(Vbias) :    1.00 ps       |
  |   Vbias prefactor (k)  :  0.1020 Eh       |
  |   Vbias exponent (α)   :  0.2808 bohr⁻²   |
*MTD   3 completed successfully ...       20 min,  8.991 sec
  ::::::::::::: starting MTD    4 :::::::::::::
  |   MD simulation time   :    37.0 ps       |
  |   target T             :   300.0 K        |
  |   timestep dt          :     5.0 fs       |
  |   dump interval(trj)   :   100.0 fs       |
  |   SHAKE algorithm      : true (all bonds) |
  |   dump interval(Vbias) :    1.00 ps       |
  |   Vbias prefactor (k)  :  0.2040 Eh       |
  |   Vbias exponent (α)   :  0.7800 bohr⁻²   |
*MTD  11 completed successfully ...       15 min, 54.268 sec
  ::::::::::::: starting MTD   12 :::::::::::::
  |   MD simulation time   :    37.0 ps       |
  |   target T             :   300.0 K        |
  |   timestep dt          :     5.0 fs       |
  |   dump interval(trj)   :   100.0 fs       |
  |   SHAKE algorithm      : true (all bonds) |
  |   dump interval(Vbias) :    1.00 ps       |
  |   Vbias prefactor (k)  :  0.0510 Eh       |
  |   Vbias exponent (α)   :  0.2808 bohr⁻²   |
*MTD   4 completed successfully ...       15 min, 50.911 sec
  ::::::::::::: starting MTD    5 :::::::::::::
  |   MD simulation time   :    37.0 ps       |
  |   target T             :   300.0 K        |
  |   timestep dt          :     5.0 fs       |
  |   dump interval(trj)   :   100.0 fs       |
  |   SHAKE algorithm      : true (all bonds) |
  |   dump interval(Vbias) :    1.00 ps       |
  |   Vbias prefactor (k)  :  0.1020 Eh       |
  |   Vbias exponent (α)   :  0.7800 bohr⁻²   |
*MTD  12 completed successfully ...       15 min, 42.073 sec
  ::::::::::::: starting MTD   13 :::::::::::::
  |   MD simulation time   :    37.0 ps       |
  |   target T             :   300.0 K        |
  |   timestep dt          :     5.0 fs       |
  |   dump interval(trj)   :   100.0 fs       |
  |   SHAKE algorithm      : true (all bonds) |
  |   dump interval(Vbias) :    1.00 ps       |
  |   Vbias prefactor (k)  :  0.0680 Eh       |
  |   Vbias exponent (α)   :  0.1000 bohr⁻²   |
*MTD   5 completed successfully ...       15 min, 48.560 sec
  ::::::::::::: starting MTD    6 :::::::::::::
  |   MD simulation time   :    37.0 ps       |
  |   target T             :   300.0 K        |
  |   timestep dt          :     5.0 fs       |
  |   dump interval(trj)   :   100.0 fs       |
  |   SHAKE algorithm      : true (all bonds) |
  |   dump interval(Vbias) :    1.00 ps       |
  |   Vbias prefactor (k)  :  0.0510 Eh       |
  |   Vbias exponent (α)   :  0.7800 bohr⁻²   |
*MTD  13 completed successfully ...       15 min, 49.103 sec
  ::::::::::::: starting MTD   14 :::::::::::::
  |   MD simulation time   :    37.0 ps       |
  |   target T             :   300.0 K        |
  |   timestep dt          :     5.0 fs       |
  |   dump interval(trj)   :   100.0 fs       |
  |   SHAKE algorithm      : true (all bonds) |
  |   dump interval(Vbias) :    1.00 ps       |
  |   Vbias prefactor (k)  :  0.3400 Eh       |
  |   Vbias exponent (α)   :  0.8000 bohr⁻²   |
*MTD   6 completed successfully ...       15 min, 49.470 sec
  ::::::::::::: starting MTD    7 :::::::::::::
  |   MD simulation time   :    37.0 ps       |
  |   target T             :   300.0 K        |
  |   timestep dt          :     5.0 fs       |
  |   dump interval(trj)   :   100.0 fs       |
  |   SHAKE algorithm      : true (all bonds) |
  |   dump interval(Vbias) :    1.00 ps       |
  |   Vbias prefactor (k)  :  0.2040 Eh       |
  |   Vbias exponent (α)   :  0.4680 bohr⁻²   |
*MTD  14 completed successfully ...       15 min, 38.092 sec
*MTD   7 completed successfully ...       15 min, 42.549 sec

 ======================================
 |  Multilevel Ensemble Optimization  |
 ======================================
 Optimizing all 5166 structures from file "crest_dynamics.trj" ...
 ----------------------
 crude pre-optimization
 ----------------------
 Optimization engine: ANCOPT
 Hessian update type: BFGS
 E/G convergence criteria:  0.500E-03 Eh, 0.100E-01 Eh/a0
 maximum optimization steps: 200
 |>0.0% |>5.0% |>10.0% |>15.0% |>20.0% |>25.0% |>30.0% |>35.0% |>40.0% |>45.0% |>50.0% |>55.0% |>60.0% |>65.0% |>70.0% |>75.0% |>80.0% |>85.0% |>90.0% |>95.0% |>100.0%
 done.
> 5166 of 5166 structures successfully optimized (100.0% success)
> Total runtime for 5166 optimizations:
 * wall-time:     0 d,  1 h, 49 min,  5.999 sec
 *  cpu-time:     0 d,  3 h, 38 min,  8.392 sec
 * ratio c/w:     1.999 speedup
> Corresponding to approximately 1.267 sec per processed structure

CREGEN> running RMSDs ... done.
CREGEN> E lowest :   -84.26037
 4383 structures remain within    10.00 kcal/mol window
 ----------------------------------
 optimization with tight thresholds
 ----------------------------------
 Optimization engine: ANCOPT
 Hessian update type: BFGS
 E/G convergence criteria:  0.100E-05 Eh, 0.800E-03 Eh/a0
 maximum optimization steps: 200
 |>0.0% |>7.5% |>15.0% |>22.5% |>30.0% |>37.5% |>45.0% |>52.5% |>60.0% |>67.5% |>75.0% |>82.5% |>90.0% |>97.5% |>100.0%
 done.
> 4190 of 4383 structures successfully optimized (95.6% success)
> Total runtime for 4383 optimizations:
 * wall-time:     0 d,  5 h, 32 min,  9.436 sec
 *  cpu-time:     0 d, 11 h,  4 min,  2.336 sec
 * ratio c/w:     1.999 speedup
> Corresponding to approximately 4.547 sec per processed structure

CREGEN> running RMSDs ... done.
CREGEN> E lowest :   -84.26278
 2404 structures remain within     5.00 kcal/mol window

 ------------------------------
 Meta-Dynamics Iteration 2
 ------------------------------
 list of applied metadynamics Vbias parameters:
$metadyn    0.20400   1.300
$metadyn    0.10200   1.300
$metadyn    0.05100   1.300
$metadyn    0.20400   0.780
$metadyn    0.10200   0.780
$metadyn    0.05100   0.780
$metadyn    0.20400   0.468
$metadyn    0.10200   0.468
$metadyn    0.05100   0.468
$metadyn    0.20400   0.281
$metadyn    0.10200   0.281
$metadyn    0.05100   0.281
$metadyn    0.06800   0.100
$metadyn    0.34000   0.800

  ::::::::::::: starting MTD    1 :::::::::::::
  |   MD simulation time   :    37.0 ps       |
  |   target T             :   300.0 K        |
  |   timestep dt          :     5.0 fs       |
  |   dump interval(trj)   :   100.0 fs       |
  |   SHAKE algorithm      : true (all bonds) |
  |   dump interval(Vbias) :    1.00 ps       |
  |   Vbias prefactor (k)  :  0.2040 Eh       |
  |   Vbias exponent (α)   :  1.3000 bohr⁻²   |
  ::::::::::::: starting MTD    8 :::::::::::::
  |   MD simulation time   :    37.0 ps       |
  |   target T             :   300.0 K        |
  |   timestep dt          :     5.0 fs       |
  |   dump interval(trj)   :   100.0 fs       |
  |   SHAKE algorithm      : true (all bonds) |
  |   dump interval(Vbias) :    1.00 ps       |
  |   Vbias prefactor (k)  :  0.1020 Eh       |
  |   Vbias exponent (α)   :  0.4680 bohr⁻²   |
*MTD   1 completed successfully ...       16 min, 15.012 sec
  ::::::::::::: starting MTD    2 :::::::::::::
  |   MD simulation time   :    37.0 ps       |
  |   target T             :   300.0 K        |
  |   timestep dt          :     5.0 fs       |
  |   dump interval(trj)   :   100.0 fs       |
  |   SHAKE algorithm      : true (all bonds) |
  |   dump interval(Vbias) :    1.00 ps       |
  |   Vbias prefactor (k)  :  0.1020 Eh       |
  |   Vbias exponent (α)   :  1.3000 bohr⁻²   |
*MTD   8 completed successfully ...       16 min, 15.503 sec
  ::::::::::::: starting MTD    9 :::::::::::::
  |   MD simulation time   :    37.0 ps       |
  |   target T             :   300.0 K        |
  |   timestep dt          :     5.0 fs       |
  |   dump interval(trj)   :   100.0 fs       |
  |   SHAKE algorithm      : true (all bonds) |
  |   dump interval(Vbias) :    1.00 ps       |
  |   Vbias prefactor (k)  :  0.0510 Eh       |
  |   Vbias exponent (α)   :  0.4680 bohr⁻²   |
*MTD   2 completed successfully ...       15 min, 41.387 sec
  ::::::::::::: starting MTD    3 :::::::::::::
  |   MD simulation time   :    37.0 ps       |
  |   target T             :   300.0 K        |
  |   timestep dt          :     5.0 fs       |
  |   dump interval(trj)   :   100.0 fs       |
  |   SHAKE algorithm      : true (all bonds) |
  |   dump interval(Vbias) :    1.00 ps       |
  |   Vbias prefactor (k)  :  0.0510 Eh       |
  |   Vbias exponent (α)   :  1.3000 bohr⁻²   |
*MTD   9 completed successfully ...       15 min, 42.554 sec
  ::::::::::::: starting MTD   10 :::::::::::::
  |   MD simulation time   :    37.0 ps       |
  |   target T             :   300.0 K        |
  |   timestep dt          :     5.0 fs       |
  |   dump interval(trj)   :   100.0 fs       |
  |   SHAKE algorithm      : true (all bonds) |
  |   dump interval(Vbias) :    1.00 ps       |
  |   Vbias prefactor (k)  :  0.2040 Eh       |
  |   Vbias exponent (α)   :  0.2808 bohr⁻²   |
*MTD   3 completed successfully ...       15 min, 36.335 sec
  ::::::::::::: starting MTD    4 :::::::::::::
  |   MD simulation time   :    37.0 ps       |
  |   target T             :   300.0 K        |
  |   timestep dt          :     5.0 fs       |
  |   dump interval(trj)   :   100.0 fs       |
  |   SHAKE algorithm      : true (all bonds) |
  |   dump interval(Vbias) :    1.00 ps       |
  |   Vbias prefactor (k)  :  0.2040 Eh       |
  |   Vbias exponent (α)   :  0.7800 bohr⁻²   |
*MTD  10 completed successfully ...       15 min, 44.844 sec
  ::::::::::::: starting MTD   11 :::::::::::::
  |   MD simulation time   :    37.0 ps       |
  |   target T             :   300.0 K        |
  |   timestep dt          :     5.0 fs       |
  |   dump interval(trj)   :   100.0 fs       |
  |   SHAKE algorithm      : true (all bonds) |
  |   dump interval(Vbias) :    1.00 ps       |
  |   Vbias prefactor (k)  :  0.1020 Eh       |
  |   Vbias exponent (α)   :  0.2808 bohr⁻²   |
*MTD   4 completed successfully ...       15 min, 30.734 sec
  ::::::::::::: starting MTD    5 :::::::::::::
  |   MD simulation time   :    37.0 ps       |
  |   target T             :   300.0 K        |
  |   timestep dt          :     5.0 fs       |
  |   dump interval(trj)   :   100.0 fs       |
  |   SHAKE algorithm      : true (all bonds) |
  |   dump interval(Vbias) :    1.00 ps       |
  |   Vbias prefactor (k)  :  0.1020 Eh       |
  |   Vbias exponent (α)   :  0.7800 bohr⁻²   |
*MTD  11 completed successfully ...       15 min, 35.596 sec
  ::::::::::::: starting MTD   12 :::::::::::::
  |   MD simulation time   :    37.0 ps       |
  |   target T             :   300.0 K        |
  |   timestep dt          :     5.0 fs       |
  |   dump interval(trj)   :   100.0 fs       |
  |   SHAKE algorithm      : true (all bonds) |
  |   dump interval(Vbias) :    1.00 ps       |
  |   Vbias prefactor (k)  :  0.0510 Eh       |
  |   Vbias exponent (α)   :  0.2808 bohr⁻²   |
*MTD   5 completed successfully ...       15 min, 31.966 sec
  ::::::::::::: starting MTD    6 :::::::::::::
  |   MD simulation time   :    37.0 ps       |
  |   target T             :   300.0 K        |
  |   timestep dt          :     5.0 fs       |
  |   dump interval(trj)   :   100.0 fs       |
  |   SHAKE algorithm      : true (all bonds) |
  |   dump interval(Vbias) :    1.00 ps       |
  |   Vbias prefactor (k)  :  0.0510 Eh       |
  |   Vbias exponent (α)   :  0.7800 bohr⁻²   |
*MTD  12 completed successfully ...       15 min, 35.318 sec
  ::::::::::::: starting MTD   13 :::::::::::::
  |   MD simulation time   :    37.0 ps       |
  |   target T             :   300.0 K        |
  |   timestep dt          :     5.0 fs       |
  |   dump interval(trj)   :   100.0 fs       |
  |   SHAKE algorithm      : true (all bonds) |
  |   dump interval(Vbias) :    1.00 ps       |
  |   Vbias prefactor (k)  :  0.0680 Eh       |
  |   Vbias exponent (α)   :  0.1000 bohr⁻²   |
*MTD   6 completed successfully ...       15 min, 31.080 sec
  ::::::::::::: starting MTD    7 :::::::::::::
  |   MD simulation time   :    37.0 ps       |
  |   target T             :   300.0 K        |
  |   timestep dt          :     5.0 fs       |
  |   dump interval(trj)   :   100.0 fs       |
  |   SHAKE algorithm      : true (all bonds) |
  |   dump interval(Vbias) :    1.00 ps       |
  |   Vbias prefactor (k)  :  0.2040 Eh       |
  |   Vbias exponent (α)   :  0.4680 bohr⁻²   |
*MTD  13 completed successfully ...       15 min, 52.402 sec
  ::::::::::::: starting MTD   14 :::::::::::::
  |   MD simulation time   :    37.0 ps       |
  |   target T             :   300.0 K        |
  |   timestep dt          :     5.0 fs       |
  |   dump interval(trj)   :   100.0 fs       |
  |   SHAKE algorithm      : true (all bonds) |
  |   dump interval(Vbias) :    1.00 ps       |
  |   Vbias prefactor (k)  :  0.3400 Eh       |
  |   Vbias exponent (α)   :  0.8000 bohr⁻²   |
*MTD   7 completed successfully ...       15 min, 31.187 sec
*MTD  14 completed successfully ...       15 min, 31.434 sec

 ======================================
 |  Multilevel Ensemble Optimization  |
 ======================================
 Optimizing all 5166 structures from file "crest_dynamics.trj" ...
 ----------------------
 crude pre-optimization
 ----------------------
 Optimization engine: ANCOPT
 Hessian update type: BFGS
 E/G convergence criteria:  0.500E-03 Eh, 0.100E-01 Eh/a0
 maximum optimization steps: 200
 |>0.0% |>5.0% |>10.0% |>15.0% |>20.0% |>25.0% |>30.0% |>35.0% |>40.0% |>45.0% |>50.0% |>55.0% |>60.0% |>65.0% |>70.0% |>75.0% |>80.0% |>85.0% |>90.0% |>95.0% |>100.0%
 done.
> 5166 of 5166 structures successfully optimized (100.0% success)
> Total runtime for 5166 optimizations:
 * wall-time:     0 d,  1 h, 49 min,  2.809 sec
 *  cpu-time:     0 d,  3 h, 38 min,  0.607 sec
 * ratio c/w:     1.999 speedup
> Corresponding to approximately 1.267 sec per processed structure

CREGEN> running RMSDs ... done.
CREGEN> E lowest :   -84.26010
 4328 structures remain within    10.00 kcal/mol window
 ----------------------------------
 optimization with tight thresholds
 ----------------------------------
 Optimization engine: ANCOPT
 Hessian update type: BFGS
 E/G convergence criteria:  0.100E-05 Eh, 0.800E-03 Eh/a0
 maximum optimization steps: 200
 |>0.0% |>7.5% |>15.0% |>22.5% |>30.0% |>37.5% |>45.0% |>52.5% |>60.0% |>67.5% |>75.0% |>82.5% |>90.0% |>97.5% |>100.0%
 done.
> 4087 of 4328 structures successfully optimized (94.4% success)
> Total runtime for 4328 optimizations:
 * wall-time:     0 d,  5 h, 41 min, 13.826 sec
 *  cpu-time:     0 d, 11 h, 22 min,  0.815 sec
 * ratio c/w:     1.999 speedup
> Corresponding to approximately 4.731 sec per processed structure

CREGEN> running RMSDs ... done.
CREGEN> E lowest :   -84.26275
 2498 structures remain within     5.00 kcal/mol window

========================================
           MTD Simulations done         
========================================
 Collecting ensmbles.
CREGEN> running RMSDs ... done.
CREGEN> E lowest :   -84.26278
 4886 structures remain within     5.00 kcal/mol window


 ===============================================
 Additional regular MDs on lowest 4 conformer(s)
 ===============================================
  :::::::::::::: starting MD   8 ::::::::::::::
  |   MD simulation time   :    18.5 ps       |
  |   target T             :   500.0 K        |
  |   timestep dt          :     5.0 fs       |
  |   dump interval(trj)   :   100.0 fs       |
  |   SHAKE algorithm      : true (all bonds) |
  :::::::::::::: starting MD   1 ::::::::::::::
  |   MD simulation time   :    18.5 ps       |
  |   target T             :   400.0 K        |
  |   timestep dt          :     5.0 fs       |
  |   dump interval(trj)   :   100.0 fs       |
  |   SHAKE algorithm      : true (all bonds) |
*MD   8 completed successfully ...        7 min, 51.795 sec
  :::::::::::::: starting MD   7 ::::::::::::::
  |   MD simulation time   :    18.5 ps       |
  |   target T             :   500.0 K        |
  |   timestep dt          :     5.0 fs       |
  |   dump interval(trj)   :   100.0 fs       |
  |   SHAKE algorithm      : true (all bonds) |
*MD   1 completed successfully ...        7 min, 58.472 sec
  :::::::::::::: starting MD   2 ::::::::::::::
  |   MD simulation time   :    18.5 ps       |
  |   target T             :   400.0 K        |
  |   timestep dt          :     5.0 fs       |
  |   dump interval(trj)   :   100.0 fs       |
  |   SHAKE algorithm      : true (all bonds) |
*MD   2 completed successfully ...        7 min, 50.548 sec
  :::::::::::::: starting MD   3 ::::::::::::::
  |   MD simulation time   :    18.5 ps       |
  |   target T             :   400.0 K        |
  |   timestep dt          :     5.0 fs       |
  |   dump interval(trj)   :   100.0 fs       |
  |   SHAKE algorithm      : true (all bonds) |
*MD   7 completed successfully ...        7 min, 58.594 sec
  :::::::::::::: starting MD   6 ::::::::::::::
  |   MD simulation time   :    18.5 ps       |
  |   target T             :   500.0 K        |
  |   timestep dt          :     5.0 fs       |
  |   dump interval(trj)   :   100.0 fs       |
  |   SHAKE algorithm      : true (all bonds) |
*MD   3 completed successfully ...        7 min, 56.832 sec
  :::::::::::::: starting MD   4 ::::::::::::::
  |   MD simulation time   :    18.5 ps       |
  |   target T             :   400.0 K        |
  |   timestep dt          :     5.0 fs       |
  |   dump interval(trj)   :   100.0 fs       |
  |   SHAKE algorithm      : true (all bonds) |
*MD   6 completed successfully ...        7 min, 58.413 sec
  :::::::::::::: starting MD   5 ::::::::::::::
  |   MD simulation time   :    18.5 ps       |
  |   target T             :   500.0 K        |
  |   timestep dt          :     5.0 fs       |
  |   dump interval(trj)   :   100.0 fs       |
  |   SHAKE algorithm      : true (all bonds) |
*MD   5 completed successfully ...        7 min, 55.132 sec
*MD   4 completed successfully ...        8 min,  0.340 sec
 Appending file crest_rotamers_1.xyz with new structures
 Optimizing all 6358 structures from file "crest_rotamers_1.xyz" ...
 ----------------------------------
 optimization with tight thresholds
 ----------------------------------
 Optimization engine: ANCOPT
 Hessian update type: BFGS
 E/G convergence criteria:  0.100E-05 Eh, 0.800E-03 Eh/a0
 maximum optimization steps: 200
 |>0.0% |>5.0% |>10.0% |>15.0% |>20.0% |>25.0% |>30.0% |>35.0% |>40.0% |>45.0% |>50.0% |>55.0% |>60.0% |>65.0% |>70.0% |>75.0% |>80.0% |>85.0% |>90.0% |>95.0% |>100.0%
 done.
> 6337 of 6358 structures successfully optimized (99.7% success)
> Total runtime for 6358 optimizations:
 * wall-time:     0 d,  2 h, 23 min, 35.455 sec
 *  cpu-time:     0 d,  4 h, 47 min,  5.546 sec
 * ratio c/w:     1.999 speedup
> Corresponding to approximately 1.355 sec per processed structure

CREGEN> running RMSDs ... done.
CREGEN> E lowest :   -84.26278
 5408 structures remain within     5.00 kcal/mol window

     ========================================
     |        Structure Crossing (GC)       |
     ========================================

 =============================
  # threads =           2
 =============================
input  file name : crest_rotamers_2.xyz
number of atoms                :      68
number of points on xyz files  :    5408
max. # of parent structures    : 1.2E+07
adjusted energy window  /kcal  :    4.53
CN per atom difference cut-off :  0.3000
RMSD threshold (Ang, Bohr)     :  0.2500  0.4724
max. # of generated structures :     1850
 # in E window        4896
  10.3 % done
  35.1 % done
  60.3 % done
  85.5 % done
 finished.
 average rmsd w.r.t input     :     4.05267
 number of clash discarded    :        1554
 removed identical structures :         788

 1850 structures written to confcross.xyz


 ======================================
 |  Multilevel Ensemble Optimization  |
 ======================================
 Optimizing all 1850 structures from file "confcross.xyz" ...
 ----------------------
 crude pre-optimization
 ----------------------
 Optimization engine: ANCOPT
 Hessian update type: BFGS
 E/G convergence criteria:  0.500E-03 Eh, 0.100E-01 Eh/a0
 maximum optimization steps: 200
 |>0.1% |>7.5% |>15.0% |>22.5% |>30.0% |>37.5% |>45.0% |>52.5% |>60.0% |>67.5% |>75.0% |>82.5% |>90.1% |>97.5% |>100.0%
 done.
> 1850 of 1850 structures successfully optimized (100.0% success)
> Total runtime for 1850 optimizations:
 * wall-time:     0 d,  0 h, 10 min, 32.660 sec
 *  cpu-time:     0 d,  0 h, 21 min,  5.043 sec
 * ratio c/w:     2.000 speedup
> Corresponding to approximately 0.342 sec per processed structure

CREGEN> running RMSDs ... done.
CREGEN> E lowest :   -84.26278
 1120 structures remain within    10.00 kcal/mol window
 ----------------------------------
 optimization with tight thresholds
 ----------------------------------
 Optimization engine: ANCOPT
 Hessian update type: BFGS
 E/G convergence criteria:  0.100E-05 Eh, 0.800E-03 Eh/a0
 maximum optimization steps: 200
 |>0.1% |>7.5% |>15.0% |>22.6% |>30.0% |>37.5% |>45.1% |>52.6% |>60.0% |>67.5% |>75.0% |>82.6% |>90.1% |>97.5% |>100.0%
 done.
> 1116 of 1120 structures successfully optimized (99.6% success)
> Total runtime for 1120 optimizations:
 * wall-time:     0 d,  0 h, 48 min, 21.822 sec
 *  cpu-time:     0 d,  1 h, 36 min, 40.722 sec
 * ratio c/w:     1.999 speedup
> Corresponding to approximately 2.591 sec per processed structure

CREGEN> running RMSDs ... done.
CREGEN> E lowest :   -84.26278
 971 structures remain within     5.00 kcal/mol window
appending new structures to crest_rotamers_2.xyz
CREGEN> running RMSDs ... done.
CREGEN> E lowest :   -84.26278


   ================================================
   |           Final Geometry Optimization        |
   ================================================
 Optimizing all 6375 structures from file "crest_rotamers_3.xyz" ...
 ---------------------------------------
 optimization with very tight thresholds
 ---------------------------------------
 Optimization engine: ANCOPT
 Hessian update type: BFGS
 E/G convergence criteria:  0.100E-06 Eh, 0.200E-03 Eh/a0
 maximum optimization steps: 200
 |>0.0% |>5.0% |>10.0% |>15.0% |>20.0% |>25.0% |>30.0% |>35.0% |>40.0% |>45.0% |>50.0% |>55.0% |>60.0% |>65.0% |>70.0% |>75.0% |>80.0% |>85.0% |>90.0% |>95.0% |>100.0%
 done.
> 6334 of 6375 structures successfully optimized (99.4% success)
> Total runtime for 6375 optimizations:
 * wall-time:     0 d,  3 h, 32 min, 27.758 sec
 *  cpu-time:     0 d,  7 h,  4 min, 45.622 sec
 * ratio c/w:     1.999 speedup
> Corresponding to approximately 2.000 sec per processed structure

CREGEN> running RMSDs ... done.
CREGEN> E lowest :   -84.26278
 6171 structures remain within     5.00 kcal/mol window


 --------------------------
 Final Ensemble Information
 --------------------------
 input  file name : crest_rotamers_3.xyz
 output file name : crest_rotamers_4.xyz
 number of atoms                :   68
 number of points on xyz files  :   6334
 RMSD threshold                 :   0.1250
 Bconst threshold               :   0.0100
 population threshold           :   0.0500
 # fragment in coord            :     1
 # bonds in reference structure :    70
 number of reliable points      :  6334
 sorting energy window (EWIN)   :    5.0000 / kcal*mol⁻¹
 reference state Etot           :  -84.262781899999993
 number of doubles removed by rot/RMSD         :         163
 total number unique points considered further :        6171
       Erel/kcal        Etot weight/tot  conformer     set   degen     origin
       1   0.000   -84.26278    0.00407    0.25179       1      62
       2   0.000   -84.26278    0.00407
       3   0.000   -84.26278    0.00407
       4   0.000   -84.26278    0.00407
       5   0.000   -84.26278    0.00407
       6   0.000   -84.26278    0.00407
       7   0.000   -84.26278    0.00407
       8   0.000   -84.26278    0.00407
       9   0.000   -84.26278    0.00407
      10   0.000   -84.26278    0.00407
      11   0.000   -84.26278    0.00407
      12   0.000   -84.26278    0.00407
      13   0.000   -84.26278    0.00407
      14   0.000   -84.26278    0.00407
      15   0.000   -84.26278    0.00407
      16   0.000   -84.26278    0.00407
      17   0.000   -84.26278    0.00406
      18   0.000   -84.26278    0.00406
      19   0.000   -84.26278    0.00406
      20   0.000   -84.26278    0.00406
      21   0.000   -84.26278    0.00406
      22   0.000   -84.26278    0.00406
      23   0.000   -84.26278    0.00406
      24   0.000   -84.26278    0.00406
      25   0.000   -84.26278    0.00406
      26   0.000   -84.26278    0.00406
      27   0.000   -84.26278    0.00406
      28   0.000   -84.26278    0.00406
      29   0.000   -84.26278    0.00406
      30   0.000   -84.26278    0.00406
      31   0.000   -84.26278    0.00406
      32   0.000   -84.26278    0.00406
      33   0.000   -84.26278    0.00406
      34   0.000   -84.26278    0.00406
      35   0.000   -84.26278    0.00406
      36   0.000   -84.26278    0.00406
      37   0.000   -84.26278    0.00406
      38   0.001   -84.26278    0.00406
      39   0.001   -84.26278    0.00406
      40   0.001   -84.26278    0.00406
      41   0.001   -84.26278    0.00406
      42   0.001   -84.26278    0.00406
      43   0.001   -84.26278    0.00406
      44   0.001   -84.26278    0.00406
      45   0.001   -84.26278    0.00406
      46   0.001   -84.26278    0.00406
      47   0.001   -84.26278    0.00406
      48   0.001   -84.26278    0.00406
      49   0.001   -84.26278    0.00406
      50   0.001   -84.26278    0.00406
      51   0.001   -84.26278    0.00406
      52   0.001   -84.26278    0.00406
      53   0.001   -84.26278    0.00406
      54   0.001   -84.26278    0.00406
      55   0.001   -84.26278    0.00406
      56   0.002   -84.26278    0.00405
      57   0.002   -84.26278    0.00405
      58   0.002   -84.26278    0.00405
      59   0.003   -84.26278    0.00405
      60   0.004   -84.26278    0.00404
      61   0.004   -84.26278    0.00404
      62   0.006   -84.26277    0.00403
      63   0.058   -84.26269    0.00369    0.06252       2      17
      64   0.058   -84.26269    0.00369
      65   0.058   -84.26269    0.00368
      66   0.058   -84.26269    0.00368
      67   0.059   -84.26269    0.00368
      68   0.059   -84.26269    0.00368
      69   0.059   -84.26269    0.00368
      70   0.059   -84.26269    0.00368
      71   0.059   -84.26269    0.00368
      72   0.059   -84.26269    0.00368
      73   0.059   -84.26269    0.00368
      74   0.059   -84.26269    0.00368
      75   0.059   -84.26269    0.00368
      76   0.059   -84.26269    0.00368
      77   0.059   -84.26269    0.00368
      78   0.060   -84.26269    0.00367
      79   0.070   -84.26267    0.00361
      80   0.120   -84.26259    0.00332    0.06616       3      20
      81   0.121   -84.26259    0.00332
      82   0.122   -84.26259    0.00331
      83   0.122   -84.26259    0.00331
      84   0.122   -84.26259    0.00331
      85   0.122   -84.26259    0.00331
      86   0.122   -84.26259    0.00331
      87   0.122   -84.26259    0.00331
      88   0.122   -84.26259    0.00331
      89   0.122   -84.26259    0.00331
      90   0.122   -84.26259    0.00331
      91   0.122   -84.26259    0.00331
      92   0.122   -84.26259    0.00331
      93   0.122   -84.26259    0.00331
      94   0.122   -84.26259    0.00331
      95   0.122   -84.26259    0.00331
      96   0.123   -84.26259    0.00330
      97   0.123   -84.26259    0.00330
      98   0.124   -84.26258    0.00330
      99   0.127   -84.26258    0.00328
     100   0.164   -84.26252    0.00308    0.03681       4      12
     101   0.164   -84.26252    0.00308
     102   0.165   -84.26252    0.00308
     103   0.166   -84.26252    0.00307
     104   0.166   -84.26252    0.00307
     105   0.166   -84.26252    0.00307
     106   0.167   -84.26252    0.00307
     107   0.168   -84.26251    0.00306
     108   0.168   -84.26251    0.00306
     109   0.168   -84.26251    0.00306
     110   0.170   -84.26251    0.00305
     111   0.174   -84.26251    0.00303
     112   0.394   -84.26215    0.00209    0.03137       5      15
     113   0.394   -84.26215    0.00209
     114   0.394   -84.26215    0.00209
     115   0.394   -84.26215    0.00209
     116   0.394   -84.26215    0.00209
     117   0.394   -84.26215    0.00209
     118   0.394   -84.26215    0.00209
     119   0.394   -84.26215    0.00209
     120   0.394   -84.26215    0.00209
     121   0.394   -84.26215    0.00209
     122   0.394   -84.26215    0.00209
     123   0.395   -84.26215    0.00209
     124   0.395   -84.26215    0.00209
     125   0.395   -84.26215    0.00209
     126   0.396   -84.26215    0.00209
     127   0.506   -84.26198    0.00173    0.01558       6       9
     128   0.507   -84.26197    0.00173
     129   0.506   -84.26198    0.00173
     130   0.506   -84.26198    0.00173
     131   0.506   -84.26197    0.00173
     132   0.507   -84.26197    0.00173
     133   0.507   -84.26197    0.00173
     134   0.507   -84.26197    0.00173
     135   0.507   -84.26197    0.00173
     136   0.507   -84.26197    0.00173    0.01210       7       7
     137   0.507   -84.26197    0.00173
     138   0.507   -84.26197    0.00173
     139   0.507   -84.26197    0.00173
     140   0.507   -84.26197    0.00173
     141   0.508   -84.26197    0.00173
     142   0.508   -84.26197    0.00173
     143   0.561   -84.26189    0.00158    0.01261       8       8
     144   0.561   -84.26189    0.00158
     145   0.562   -84.26189    0.00158
     146   0.562   -84.26189    0.00158
     147   0.562   -84.26189    0.00158
     148   0.562   -84.26189    0.00158
     149   0.562   -84.26189    0.00158
     150   0.563   -84.26188    0.00157
     151   0.581   -84.26186    0.00153    0.00153       9       1
     152   0.590   -84.26184    0.00150    0.00902      10       6
     153   0.590   -84.26184    0.00150
     154   0.590   -84.26184    0.00150
     155   0.590   -84.26184    0.00150
     156   0.590   -84.26184    0.00150
     157   0.590   -84.26184    0.00150
     158   0.591   -84.26184    0.00150    0.00599      11       4
     159   0.591   -84.26184    0.00150
     160   0.593   -84.26184    0.00150
     161   0.593   -84.26184    0.00150
     162   0.647   -84.26175    0.00137    0.00546      12       4
     163   0.647   -84.26175    0.00137
     164   0.647   -84.26175    0.00137
     165   0.647   -84.26175    0.00136
     166   0.677   -84.26170    0.00130    0.00648      13       5
     167   0.678   -84.26170    0.00130
     168   0.678   -84.26170    0.00130
     169   0.679   -84.26170    0.00129
     170   0.681   -84.26170    0.00129
     171   0.696   -84.26167    0.00126    0.00502      14       4
     172   0.697   -84.26167    0.00126
     173   0.697   -84.26167    0.00126
     174   0.697   -84.26167    0.00125
     175   0.791   -84.26152    0.00107    0.00963      15       9
     176   0.791   -84.26152    0.00107
     177   0.791   -84.26152    0.00107
     178   0.791   -84.26152    0.00107
     179   0.791   -84.26152    0.00107
     180   0.791   -84.26152    0.00107
     181   0.791   -84.26152    0.00107
     182   0.791   -84.26152    0.00107
     183   0.792   -84.26152    0.00107
     184   0.907   -84.26134    0.00088    0.00176      16       2
     185   0.908   -84.26133    0.00088
     186   0.940   -84.26128    0.00083    0.00083      17       1
     187   0.967   -84.26124    0.00080    0.00080      18       1
     188   0.999   -84.26119    0.00075    0.00528      19       7
     189   0.999   -84.26119    0.00075
     190   0.999   -84.26119    0.00075
     191   0.999   -84.26119    0.00075
     192   0.999   -84.26119    0.00075
     193   1.000   -84.26119    0.00075
     194   1.000   -84.26119    0.00075
     195   1.015   -84.26116    0.00073    0.00734      20      10
     196   1.015   -84.26116    0.00073
     197   1.015   -84.26116    0.00073
     198   1.015   -84.26116    0.00073
     199   1.015   -84.26116    0.00073
     200   1.015   -84.26116    0.00073
     201   1.015   -84.26116    0.00073
     202   1.016   -84.26116    0.00073
     203   1.016   -84.26116    0.00073
     204   1.016   -84.26116    0.00073
     205   1.037   -84.26113    0.00071    0.00283      21       4
     206   1.037   -84.26113    0.00071
     207   1.038   -84.26113    0.00071
     208   1.039   -84.26113    0.00070
     209   1.076   -84.26107    0.00066    0.00396      22       6
     210   1.077   -84.26107    0.00066
     211   1.077   -84.26107    0.00066
     212   1.077   -84.26107    0.00066
     213   1.078   -84.26106    0.00066
     214   1.081   -84.26106    0.00066
     215   1.091   -84.26104    0.00065    0.00065      23       1
     216   1.111   -84.26101    0.00062    0.00062      24       1
     217   1.124   -84.26099    0.00061    0.00366      25       6
     218   1.124   -84.26099    0.00061
     219   1.124   -84.26099    0.00061
     220   1.124   -84.26099    0.00061
     221   1.125   -84.26099    0.00061
     222   1.125   -84.26099    0.00061
     223   1.132   -84.26098    0.00060    0.00783      26      13
     224   1.132   -84.26098    0.00060
     225   1.132   -84.26098    0.00060
     226   1.132   -84.26098    0.00060
     227   1.132   -84.26098    0.00060
     228   1.132   -84.26098    0.00060
     229   1.132   -84.26098    0.00060
     230   1.133   -84.26098    0.00060
     231   1.133   -84.26098    0.00060
     232   1.133   -84.26098    0.00060
     233   1.133   -84.26098    0.00060
     234   1.133   -84.26098    0.00060
     235   1.133   -84.26098    0.00060
     236   1.133   -84.26098    0.00060    0.00241      27       4
     237   1.134   -84.26097    0.00060
     238   1.133   -84.26098    0.00060
     239   1.133   -84.26098    0.00060
     240   1.147   -84.26095    0.00059    0.00118      28       2
     241   1.147   -84.26095    0.00059
     242   1.178   -84.26091    0.00056    0.00332      29       6
     243   1.179   -84.26090    0.00056
     244   1.180   -84.26090    0.00056
     245   1.185   -84.26089    0.00055
     246   1.187   -84.26089    0.00055
     247   1.189   -84.26089    0.00055
     248   1.180   -84.26090    0.00056    0.00056      30       1
     249   1.182   -84.26090    0.00055    0.00110      31       2
     250   1.189   -84.26089    0.00055
     251   1.194   -84.26088    0.00054    0.00108      32       2
     252   1.195   -84.26088    0.00054
     253   1.195   -84.26088    0.00054    0.00434      33       8
     254   1.183   -84.26090    0.00055
     255   1.195   -84.26088    0.00054
     256   1.195   -84.26088    0.00054
     257   1.196   -84.26088    0.00054
     258   1.195   -84.26088    0.00054
     259   1.198   -84.26087    0.00054
     260   1.195   -84.26088    0.00054
     261   1.196   -84.26088    0.00054    0.00216      34       4
     262   1.195   -84.26088    0.00054
     263   1.197   -84.26087    0.00054
     264   1.201   -84.26087    0.00054
     265   1.196   -84.26088    0.00054    0.00054      35       1
     266   1.197   -84.26087    0.00054    0.00054      36       1
     267   1.227   -84.26083    0.00051    0.00613      37      12
     268   1.228   -84.26083    0.00051
     269   1.228   -84.26082    0.00051
     270   1.232   -84.26082    0.00051
     271   1.229   -84.26082    0.00051
     272   1.229   -84.26082    0.00051
     273   1.233   -84.26082    0.00051
     274   1.230   -84.26082    0.00051
     275   1.231   -84.26082    0.00051
     276   1.231   -84.26082    0.00051
     277   1.233   -84.26082    0.00051
     278   1.234   -84.26082    0.00051
     279   1.234   -84.26082    0.00051    0.00051      38       1
     280   1.234   -84.26081    0.00051    0.00354      39       7
     281   1.235   -84.26081    0.00051
     282   1.236   -84.26081    0.00051
     283   1.237   -84.26081    0.00051
     284   1.231   -84.26082    0.00051
     285   1.237   -84.26081    0.00050
     286   1.239   -84.26081    0.00050
     287   1.240   -84.26081    0.00050    0.00151      40       3
     288   1.241   -84.26080    0.00050
     289   1.241   -84.26080    0.00050
     290   1.249   -84.26079    0.00049    0.00151      41       3
     291   1.232   -84.26082    0.00051
     292   1.232   -84.26082    0.00051
     293   1.232   -84.26082    0.00051    0.00051      42       1
     294   1.250   -84.26079    0.00049    0.00049      43       1
     295   1.252   -84.26079    0.00049    0.00197      44       4
     296   1.251   -84.26079    0.00049
     297   1.251   -84.26079    0.00049
     298   1.252   -84.26079    0.00049
     299   1.251   -84.26079    0.00049    0.00049      45       1
     300   1.238   -84.26081    0.00050    0.00100      46       2
     301   1.253   -84.26079    0.00049
     302   1.266   -84.26076    0.00048    0.00190      47       4
     303   1.279   -84.26074    0.00047
     304   1.269   -84.26076    0.00048
     305   1.283   -84.26074    0.00047
     306   1.283   -84.26074    0.00047    0.00047      48       1
     307   1.286   -84.26073    0.00047    0.00093      49       2
     308   1.286   -84.26073    0.00046
     309   1.275   -84.26075    0.00047    0.00095      50       2
     310   1.277   -84.26075    0.00047
     311   1.288   -84.26073    0.00046    0.00139      51       3
     312   1.289   -84.26073    0.00046
     313   1.290   -84.26073    0.00046
     314   1.291   -84.26072    0.00046    0.00046      52       1
     315   1.299   -84.26071    0.00046    0.00181      53       4
     316   1.299   -84.26071    0.00045
     317   1.303   -84.26071    0.00045
     318   1.305   -84.26070    0.00045
     319   1.310   -84.26069    0.00045    0.00134      54       3
     320   1.310   -84.26069    0.00045
     321   1.312   -84.26069    0.00045
     322   1.311   -84.26069    0.00045    0.00045      55       1
     323   1.315   -84.26069    0.00044    0.00044      56       1
     324   1.317   -84.26068    0.00044    0.00131      57       3
     325   1.318   -84.26068    0.00044
     326   1.328   -84.26067    0.00043
     327   1.330   -84.26066    0.00043    0.00043      58       1
     328   1.339   -84.26065    0.00042    0.00296      59       7
     329   1.340   -84.26065    0.00042
     330   1.341   -84.26065    0.00042
     331   1.342   -84.26064    0.00042
     332   1.344   -84.26064    0.00042
     333   1.344   -84.26064    0.00042
     334   1.345   -84.26064    0.00042
     335   1.397   -84.26056    0.00039    0.00154      60       4
     336   1.397   -84.26056    0.00039
     337   1.397   -84.26056    0.00039
     338   1.397   -84.26056    0.00039
     339   1.399   -84.26055    0.00038    0.00077      61       2
     340   1.399   -84.26055    0.00038
     341   1.401   -84.26055    0.00038    0.00038      62       1
     342   1.405   -84.26054    0.00038    0.00114      63       3
     343   1.407   -84.26054    0.00038
     344   1.408   -84.26054    0.00038
     345   1.410   -84.26053    0.00038    0.00150      64       4
     346   1.410   -84.26053    0.00038
     347   1.416   -84.26053    0.00037
     348   1.413   -84.26053    0.00038
     349   1.417   -84.26052    0.00037    0.00037      65       1
     350   1.413   -84.26053    0.00038    0.00038      66       1
     351   1.437   -84.26049    0.00036    0.00036      67       1
     352   1.442   -84.26048    0.00036    0.00036      68       1
     353   1.451   -84.26047    0.00035    0.00070      69       2
     354   1.456   -84.26046    0.00035
     355   1.465   -84.26045    0.00034    0.00034      70       1
     356   1.472   -84.26044    0.00034    0.00102      71       3
     357   1.472   -84.26044    0.00034
     358   1.472   -84.26044    0.00034
     359   1.484   -84.26042    0.00033    0.00266      72       8
     360   1.485   -84.26042    0.00033
     361   1.485   -84.26042    0.00033
     362   1.485   -84.26042    0.00033
     363   1.485   -84.26042    0.00033
     364   1.485   -84.26041    0.00033
     365   1.486   -84.26041    0.00033
     366   1.486   -84.26041    0.00033
     367   1.489   -84.26041    0.00033    0.00165      73       5
     368   1.489   -84.26041    0.00033
     369   1.490   -84.26041    0.00033
     370   1.491   -84.26041    0.00033
     371   1.492   -84.26040    0.00033
     372   1.492   -84.26040    0.00033    0.00164      74       5
     373   1.492   -84.26040    0.00033
     374   1.492   -84.26040    0.00033
     375   1.495   -84.26040    0.00033
     376   1.491   -84.26041    0.00033
     377   1.502   -84.26039    0.00032    0.00032      75       1
     378   1.504   -84.26039    0.00032    0.00192      76       6
     379   1.504   -84.26039    0.00032
     380   1.504   -84.26039    0.00032
     381   1.504   -84.26038    0.00032
     382   1.512   -84.26037    0.00032
     383   1.512   -84.26037    0.00032
     384   1.513   -84.26037    0.00032    0.00127      77       4
     385   1.514   -84.26037    0.00032
     386   1.514   -84.26037    0.00032
     387   1.511   -84.26037    0.00032
     388   1.515   -84.26037    0.00032    0.00063      78       2
     389   1.515   -84.26037    0.00032
     390   1.515   -84.26037    0.00032    0.00032      79       1
     391   1.516   -84.26037    0.00032    0.00345      80      11
     392   1.517   -84.26036    0.00031
     393   1.517   -84.26036    0.00031
     394   1.518   -84.26036    0.00031
     395   1.519   -84.26036    0.00031
     396   1.521   -84.26036    0.00031
     397   1.522   -84.26036    0.00031
     398   1.522   -84.26036    0.00031
     399   1.511   -84.26037    0.00032
     400   1.523   -84.26035    0.00031
     401   1.524   -84.26035    0.00031
     402   1.524   -84.26035    0.00031    0.00094      81       3
     403   1.515   -84.26037    0.00032
     404   1.523   -84.26036    0.00031
     405   1.527   -84.26035    0.00031    0.00062      82       2
     406   1.528   -84.26035    0.00031
     407   1.529   -84.26035    0.00031    0.00031      83       1
     408   1.530   -84.26034    0.00031    0.00031      84       1
     409   1.537   -84.26033    0.00030    0.00121      85       4
     410   1.540   -84.26033    0.00030
     411   1.540   -84.26033    0.00030
     412   1.540   -84.26033    0.00030
     413   1.540   -84.26033    0.00030    0.00212      86       7
     414   1.539   -84.26033    0.00030
     415   1.540   -84.26033    0.00030
     416   1.541   -84.26033    0.00030
     417   1.541   -84.26033    0.00030
     418   1.542   -84.26032    0.00030
     419   1.540   -84.26033    0.00030
     420   1.543   -84.26032    0.00030    0.00090      87       3
     421   1.543   -84.26032    0.00030
     422   1.544   -84.26032    0.00030
     423   1.547   -84.26032    0.00030    0.00060      88       2
     424   1.549   -84.26031    0.00030
     425   1.552   -84.26031    0.00030    0.00356      89      12
     426   1.552   -84.26031    0.00030
     427   1.552   -84.26031    0.00030
     428   1.552   -84.26031    0.00030
     429   1.553   -84.26031    0.00030
     430   1.553   -84.26031    0.00030
     431   1.553   -84.26031    0.00030
     432   1.553   -84.26031    0.00030
     433   1.553   -84.26031    0.00030
     434   1.554   -84.26031    0.00030
     435   1.554   -84.26031    0.00030
     436   1.554   -84.26030    0.00030
     437   1.555   -84.26030    0.00030    0.00118      90       4
     438   1.553   -84.26031    0.00030
     439   1.553   -84.26031    0.00030
     440   1.554   -84.26031    0.00030
     441   1.558   -84.26030    0.00029    0.00117      91       4
     442   1.558   -84.26030    0.00029
     443   1.559   -84.26030    0.00029
     444   1.561   -84.26029    0.00029
     445   1.567   -84.26028    0.00029    0.00087      92       3
     446   1.561   -84.26029    0.00029
     447   1.563   -84.26029    0.00029
     448   1.567   -84.26028    0.00029    0.00029      93       1
     449   1.568   -84.26028    0.00029    0.00058      94       2
     450   1.568   -84.26028    0.00029
     451   1.568   -84.26028    0.00029    0.00029      95       1
     452   1.569   -84.26028    0.00029    0.00029      96       1
     453   1.574   -84.26027    0.00029    0.00057      97       2
     454   1.574   -84.26027    0.00029
     455   1.576   -84.26027    0.00029    0.00370      98      13
     456   1.577   -84.26027    0.00028
     457   1.582   -84.26026    0.00028
     458   1.576   -84.26027    0.00029
     459   1.583   -84.26026    0.00028
     460   1.576   -84.26027    0.00029
     461   1.576   -84.26027    0.00028
     462   1.576   -84.26027    0.00028
     463   1.576   -84.26027    0.00028
     464   1.577   -84.26027    0.00028
     465   1.582   -84.26026    0.00028
     466   1.577   -84.26027    0.00028
     467   1.577   -84.26027    0.00028
     468   1.577   -84.26027    0.00028    0.00284      99      10
     469   1.583   -84.26026    0.00028
     470   1.577   -84.26027    0.00028
     471   1.578   -84.26027    0.00028
     472   1.577   -84.26027    0.00028
     473   1.584   -84.26026    0.00028
     474   1.584   -84.26026    0.00028
     475   1.577   -84.26027    0.00028
     476   1.561   -84.26029    0.00029
     477   1.585   -84.26026    0.00028
     478   1.578   -84.26027    0.00028    0.00057     100       2
     479   1.579   -84.26027    0.00028
     480   1.586   -84.26025    0.00028    0.00056     101       2
     481   1.587   -84.26025    0.00028
     482   1.587   -84.26025    0.00028    0.00140     102       5
     483   1.588   -84.26025    0.00028
     484   1.587   -84.26025    0.00028
     485   1.586   -84.26026    0.00028
     486   1.588   -84.26025    0.00028
     487   1.588   -84.26025    0.00028    0.00084     103       3
     488   1.588   -84.26025    0.00028
     489   1.588   -84.26025    0.00028
     490   1.580   -84.26026    0.00028    0.00028     104       1
     491   1.581   -84.26026    0.00028    0.00056     105       2
     492   1.588   -84.26025    0.00028
     493   1.589   -84.26025    0.00028    0.00028     106       1
     494   1.581   -84.26026    0.00028    0.00028     107       1
     495   1.589   -84.26025    0.00028    0.00028     108       1
     496   1.590   -84.26025    0.00028    0.00140     109       5
     497   1.581   -84.26026    0.00028
     498   1.588   -84.26025    0.00028
     499   1.591   -84.26025    0.00028
     500   1.581   -84.26026    0.00028
     501   1.586   -84.26025    0.00028    0.00028     110       1
     502   1.593   -84.26024    0.00028    0.00055     111       2
     503   1.595   -84.26024    0.00028
     504   1.596   -84.26024    0.00028    0.00165     112       6
     505   1.598   -84.26024    0.00027
     506   1.598   -84.26023    0.00027
     507   1.597   -84.26024    0.00028
     508   1.601   -84.26023    0.00027
     509   1.597   -84.26024    0.00028
     510   1.601   -84.26023    0.00027    0.00027     113       1
     511   1.597   -84.26024    0.00028    0.00055     114       2
     512   1.601   -84.26023    0.00027
     513   1.602   -84.26023    0.00027    0.00027     115       1
     514   1.604   -84.26023    0.00027    0.00055     116       2
     515   1.597   -84.26024    0.00028
     516   1.603   -84.26023    0.00027    0.00218     117       8
     517   1.603   -84.26023    0.00027
     518   1.594   -84.26024    0.00028
     519   1.604   -84.26023    0.00027
     520   1.605   -84.26022    0.00027
     521   1.604   -84.26023    0.00027
     522   1.605   -84.26022    0.00027
     523   1.602   -84.26023    0.00027
     524   1.606   -84.26022    0.00027    0.00027     118       1
     525   1.607   -84.26022    0.00027    0.00054     119       2
     526   1.606   -84.26022    0.00027
     527   1.603   -84.26023    0.00027    0.00108     120       4
     528   1.607   -84.26022    0.00027
     529   1.607   -84.26022    0.00027
     530   1.609   -84.26022    0.00027
     531   1.603   -84.26023    0.00027    0.00081     121       3
     532   1.609   -84.26022    0.00027
     533   1.609   -84.26022    0.00027
     534   1.606   -84.26022    0.00027    0.00108     122       4
     535   1.603   -84.26023    0.00027
     536   1.611   -84.26022    0.00027
     537   1.604   -84.26023    0.00027
     538   1.611   -84.26022    0.00027    0.00135     123       5
     539   1.611   -84.26021    0.00027
     540   1.613   -84.26021    0.00027
     541   1.613   -84.26021    0.00027
     542   1.604   -84.26023    0.00027
     543   1.614   -84.26021    0.00027    0.00293     124      11
     544   1.614   -84.26021    0.00027
     545   1.614   -84.26021    0.00027
     546   1.617   -84.26021    0.00027
     547   1.614   -84.26021    0.00027
     548   1.615   -84.26021    0.00027
     549   1.615   -84.26021    0.00027
     550   1.617   -84.26021    0.00027
     551   1.615   -84.26021    0.00027
     552   1.618   -84.26020    0.00027
     553   1.616   -84.26021    0.00027
     554   1.616   -84.26021    0.00027    0.00027     125       1
     555   1.616   -84.26021    0.00027    0.00027     126       1
     556   1.618   -84.26020    0.00027    0.00080     127       3
     557   1.618   -84.26020    0.00027
     558   1.618   -84.26020    0.00027
     559   1.620   -84.26020    0.00026    0.00159     128       6
     560   1.618   -84.26020    0.00027
     561   1.618   -84.26020    0.00027
     562   1.619   -84.26020    0.00027
     563   1.620   -84.26020    0.00026
     564   1.617   -84.26021    0.00027
     565   1.620   -84.26020    0.00026    0.00026     129       1
     566   1.622   -84.26020    0.00026    0.00132     130       5
     567   1.620   -84.26020    0.00026
     568   1.620   -84.26020    0.00026
     569   1.618   -84.26020    0.00027
     570   1.622   -84.26020    0.00026
     571   1.622   -84.26020    0.00026    0.00026     131       1
     572   1.622   -84.26020    0.00026    0.00342     132      13
     573   1.622   -84.26020    0.00026
     574   1.622   -84.26020    0.00026
     575   1.623   -84.26020    0.00026
     576   1.623   -84.26020    0.00026
     577   1.626   -84.26019    0.00026
     578   1.623   -84.26020    0.00026
     579   1.624   -84.26019    0.00026
     580   1.624   -84.26019    0.00026
     581   1.624   -84.26019    0.00026
     582   1.625   -84.26019    0.00026
     583   1.626   -84.26019    0.00026
     584   1.627   -84.26019    0.00026
     585   1.628   -84.26019    0.00026    0.00026     133       1
     586   1.629   -84.26019    0.00026    0.00104     134       4
     587   1.627   -84.26019    0.00026
     588   1.630   -84.26018    0.00026
     589   1.630   -84.26018    0.00026
     590   1.630   -84.26018    0.00026    0.00104     135       4
     591   1.631   -84.26018    0.00026
     592   1.627   -84.26019    0.00026
     593   1.629   -84.26019    0.00026
     594   1.625   -84.26019    0.00026    0.00026     136       1
     595   1.632   -84.26018    0.00026    0.00026     137       1
     596   1.627   -84.26019    0.00026    0.00104     138       4
     597   1.632   -84.26018    0.00026
     598   1.633   -84.26018    0.00026
     599   1.631   -84.26018    0.00026
     600   1.634   -84.26018    0.00026    0.00026     139       1
     601   1.635   -84.26018    0.00026    0.00026     140       1
     602   1.635   -84.26018    0.00026    0.00052     141       2
     603   1.635   -84.26018    0.00026
     604   1.632   -84.26018    0.00026    0.00078     142       3
     605   1.634   -84.26018    0.00026
     606   1.636   -84.26018    0.00026
     607   1.637   -84.26017    0.00026    0.00052     143       2
     608   1.636   -84.26017    0.00026
     609   1.637   -84.26017    0.00026    0.00051     144       2
     610   1.637   -84.26017    0.00026
     611   1.636   -84.26017    0.00026    0.00077     145       3
     612   1.634   -84.26018    0.00026
     613   1.637   -84.26017    0.00026
     614   1.637   -84.26017    0.00026    0.00026     146       1
     615   1.637   -84.26017    0.00026    0.00077     147       3
     616   1.635   -84.26018    0.00026
     617   1.637   -84.26017    0.00026
     618   1.637   -84.26017    0.00026    0.00026     148       1
     619   1.638   -84.26017    0.00026    0.00026     149       1
     620   1.638   -84.26017    0.00026    0.00973     150      38
     621   1.638   -84.26017    0.00026
     622   1.638   -84.26017    0.00026
     623   1.638   -84.26017    0.00026
     624   1.638   -84.26017    0.00026
     625   1.638   -84.26017    0.00026
     626   1.638   -84.26017    0.00026
     627   1.638   -84.26017    0.00026
     628   1.638   -84.26017    0.00026
     629   1.638   -84.26017    0.00026
     630   1.639   -84.26017    0.00026
     631   1.639   -84.26017    0.00026
     632   1.639   -84.26017    0.00026
     633   1.639   -84.26017    0.00026
     634   1.639   -84.26017    0.00026
     635   1.639   -84.26017    0.00026
     636   1.639   -84.26017    0.00026
     637   1.639   -84.26017    0.00026
     638   1.639   -84.26017    0.00026
     639   1.639   -84.26017    0.00026
     640   1.637   -84.26017    0.00026
     641   1.640   -84.26017    0.00026
     642   1.640   -84.26017    0.00026
     643   1.640   -84.26017    0.00026
     644   1.640   -84.26017    0.00026
     645   1.640   -84.26017    0.00026
     646   1.640   -84.26017    0.00026
     647   1.641   -84.26017    0.00026
     648   1.641   -84.26017    0.00026
     649   1.643   -84.26016    0.00025
     650   1.641   -84.26017    0.00026
     651   1.641   -84.26017    0.00026
     652   1.642   -84.26016    0.00025
     653   1.642   -84.26016    0.00025
     654   1.642   -84.26016    0.00025
     655   1.644   -84.26016    0.00025
     656   1.645   -84.26016    0.00025
     657   1.644   -84.26016    0.00025
     658   1.634   -84.26018    0.00026    0.00127     151       5
     659   1.645   -84.26016    0.00025
     660   1.643   -84.26016    0.00025
     661   1.644   -84.26016    0.00025
     662   1.646   -84.26016    0.00025
     663   1.645   -84.26016    0.00025    0.00278     152      11
     664   1.646   -84.26016    0.00025
     665   1.647   -84.26016    0.00025
     666   1.648   -84.26016    0.00025
     667   1.645   -84.26016    0.00025
     668   1.649   -84.26015    0.00025
     669   1.645   -84.26016    0.00025
     670   1.649   -84.26015    0.00025
     671   1.643   -84.26016    0.00025
     672   1.648   -84.26016    0.00025
     673   1.649   -84.26015    0.00025
     674   1.645   -84.26016    0.00025    0.00152     153       6
     675   1.643   -84.26016    0.00025
     676   1.646   -84.26016    0.00025
     677   1.646   -84.26016    0.00025
     678   1.648   -84.26016    0.00025
     679   1.646   -84.26016    0.00025
     680   1.648   -84.26016    0.00025    0.00076     154       3
     681   1.651   -84.26015    0.00025
     682   1.643   -84.26016    0.00025
     683   1.645   -84.26016    0.00025    0.00177     155       7
     684   1.645   -84.26016    0.00025
     685   1.643   -84.26016    0.00025
     686   1.650   -84.26015    0.00025
     687   1.653   -84.26015    0.00025
     688   1.653   -84.26015    0.00025
     689   1.650   -84.26015    0.00025
     690   1.653   -84.26015    0.00025    0.00201     156       8
     691   1.654   -84.26015    0.00025
     692   1.646   -84.26016    0.00025
     693   1.645   -84.26016    0.00025
     694   1.645   -84.26016    0.00025
     695   1.650   -84.26015    0.00025
     696   1.653   -84.26015    0.00025
     697   1.654   -84.26015    0.00025
     698   1.656   -84.26014    0.00025    0.00025     157       1
     699   1.654   -84.26015    0.00025    0.00100     158       4
     700   1.657   -84.26014    0.00025
     701   1.657   -84.26014    0.00025
     702   1.657   -84.26014    0.00025
     703   1.657   -84.26014    0.00025    0.00050     159       2
     704   1.658   -84.26014    0.00025
     705   1.658   -84.26014    0.00025    0.00025     160       1
     706   1.648   -84.26015    0.00025    0.00050     161       2
     707   1.659   -84.26014    0.00025
     708   1.659   -84.26014    0.00025    0.00075     162       3
     709   1.650   -84.26015    0.00025
     710   1.662   -84.26013    0.00025
     711   1.660   -84.26014    0.00025    0.00124     163       5
     712   1.657   -84.26014    0.00025
     713   1.662   -84.26013    0.00025
     714   1.662   -84.26013    0.00025
     715   1.653   -84.26015    0.00025
     716   1.657   -84.26014    0.00025    0.00025     164       1
     717   1.656   -84.26014    0.00025    0.00025     165       1
     718   1.651   -84.26015    0.00025    0.00099     166       4
     719   1.664   -84.26013    0.00025
     720   1.648   -84.26015    0.00025
     721   1.667   -84.26013    0.00024
     722   1.667   -84.26013    0.00024    0.00024     167       1
     723   1.666   -84.26013    0.00024    0.00073     168       3
     724   1.667   -84.26013    0.00024
     725   1.667   -84.26013    0.00024
     726   1.667   -84.26013    0.00024    0.00024     169       1
     727   1.667   -84.26012    0.00024    0.00051     170       2
     728   1.621   -84.26020    0.00026
     729   1.668   -84.26012    0.00024    0.00024     171       1
     730   1.668   -84.26012    0.00024    0.00294     172      12
     731   1.668   -84.26012    0.00024
     732   1.622   -84.26020    0.00026
     733   1.670   -84.26012    0.00024
     734   1.670   -84.26012    0.00024
     735   1.670   -84.26012    0.00024
     736   1.670   -84.26012    0.00024
     737   1.672   -84.26012    0.00024
     738   1.672   -84.26012    0.00024
     739   1.673   -84.26012    0.00024
     740   1.667   -84.26013    0.00024
     741   1.675   -84.26011    0.00024
     742   1.671   -84.26012    0.00024    0.00024     173       1
     743   1.675   -84.26011    0.00024    0.00048     174       2
     744   1.671   -84.26012    0.00024
     745   1.675   -84.26011    0.00024    0.00048     175       2
     746   1.675   -84.26011    0.00024
     747   1.675   -84.26011    0.00024    0.01086     176      45
     748   1.675   -84.26011    0.00024
     749   1.675   -84.26011    0.00024
     750   1.675   -84.26011    0.00024
     751   1.675   -84.26011    0.00024
     752   1.675   -84.26011    0.00024
     753   1.675   -84.26011    0.00024
     754   1.675   -84.26011    0.00024
     755   1.675   -84.26011    0.00024
     756   1.675   -84.26011    0.00024
     757   1.675   -84.26011    0.00024
     758   1.675   -84.26011    0.00024
     759   1.675   -84.26011    0.00024
     760   1.675   -84.26011    0.00024
     761   1.675   -84.26011    0.00024
     762   1.675   -84.26011    0.00024
     763   1.675   -84.26011    0.00024
     764   1.675   -84.26011    0.00024
     765   1.675   -84.26011    0.00024
     766   1.675   -84.26011    0.00024
     767   1.675   -84.26011    0.00024
     768   1.675   -84.26011    0.00024
     769   1.675   -84.26011    0.00024
     770   1.675   -84.26011    0.00024
     771   1.675   -84.26011    0.00024
     772   1.675   -84.26011    0.00024
     773   1.675   -84.26011    0.00024
     774   1.675   -84.26011    0.00024
     775   1.675   -84.26011    0.00024
     776   1.675   -84.26011    0.00024
     777   1.675   -84.26011    0.00024
     778   1.676   -84.26011    0.00024
     779   1.676   -84.26011    0.00024
     780   1.676   -84.26011    0.00024
     781   1.676   -84.26011    0.00024
     782   1.676   -84.26011    0.00024
     783   1.676   -84.26011    0.00024
     784   1.676   -84.26011    0.00024
     785   1.677   -84.26011    0.00024
     786   1.677   -84.26011    0.00024
     787   1.677   -84.26011    0.00024
     788   1.677   -84.26011    0.00024
     789   1.679   -84.26011    0.00024
     790   1.649   -84.26015    0.00025
     791   1.679   -84.26011    0.00024
     792   1.679   -84.26011    0.00024    0.00239     177      10
     793   1.679   -84.26011    0.00024
     794   1.679   -84.26011    0.00024
     795   1.679   -84.26011    0.00024
     796   1.679   -84.26011    0.00024
     797   1.679   -84.26011    0.00024
     798   1.680   -84.26010    0.00024
     799   1.680   -84.26010    0.00024
     800   1.680   -84.26010    0.00024
     801   1.680   -84.26010    0.00024
     802   1.681   -84.26010    0.00024    0.00024     178       1
     803   1.685   -84.26010    0.00024    0.00667     179      28
     804   1.681   -84.26010    0.00024
     805   1.681   -84.26010    0.00024
     806   1.681   -84.26010    0.00024
     807   1.681   -84.26010    0.00024
     808   1.681   -84.26010    0.00024
     809   1.681   -84.26010    0.00024
     810   1.681   -84.26010    0.00024
     811   1.681   -84.26010    0.00024
     812   1.681   -84.26010    0.00024
     813   1.681   -84.26010    0.00024
     814   1.681   -84.26010    0.00024
     815   1.681   -84.26010    0.00024
     816   1.682   -84.26010    0.00024
     817   1.682   -84.26010    0.00024
     818   1.682   -84.26010    0.00024
     819   1.682   -84.26010    0.00024
     820   1.682   -84.26010    0.00024
     821   1.682   -84.26010    0.00024
     822   1.683   -84.26010    0.00024
     823   1.683   -84.26010    0.00024
     824   1.683   -84.26010    0.00024
     825   1.683   -84.26010    0.00024
     826   1.683   -84.26010    0.00024
     827   1.684   -84.26010    0.00024
     828   1.684   -84.26010    0.00024
     829   1.686   -84.26010    0.00024
     830   1.685   -84.26010    0.00024
     831   1.687   -84.26009    0.00024    0.00047     180       2
     832   1.688   -84.26009    0.00024
     833   1.690   -84.26009    0.00024    0.00141     181       6
     834   1.689   -84.26009    0.00024
     835   1.689   -84.26009    0.00024
     836   1.685   -84.26010    0.00024
     837   1.690   -84.26009    0.00024
     838   1.690   -84.26009    0.00024
     839   1.689   -84.26009    0.00024    0.00024     182       1
     840   1.693   -84.26008    0.00023    0.00094     183       4
     841   1.690   -84.26009    0.00024
     842   1.691   -84.26009    0.00023
     843   1.697   -84.26008    0.00023
     844   1.685   -84.26010    0.00024    0.00024     184       1
     845   1.667   -84.26013    0.00024    0.00024     185       1
     846   1.698   -84.26008    0.00023    0.00046     186       2
     847   1.698   -84.26008    0.00023
     848   1.698   -84.26008    0.00023    0.00046     187       2
     849   1.710   -84.26006    0.00023
     850   1.711   -84.26006    0.00023    0.00023     188       1
     851   1.716   -84.26005    0.00022    0.00045     189       2
     852   1.713   -84.26005    0.00023
     853   1.717   -84.26005    0.00022    0.00022     190       1
     854   1.699   -84.26008    0.00023    0.00023     191       1
     855   1.717   -84.26005    0.00022    0.00022     192       1
     856   1.717   -84.26004    0.00022    0.00201     193       9
     857   1.718   -84.26004    0.00022
     858   1.720   -84.26004    0.00022
     859   1.718   -84.26004    0.00022
     860   1.720   -84.26004    0.00022
     861   1.721   -84.26004    0.00022
     862   1.719   -84.26004    0.00022
     863   1.723   -84.26004    0.00022
     864   1.723   -84.26004    0.00022
     865   1.719   -84.26004    0.00022    0.00022     194       1
     866   1.719   -84.26004    0.00022    0.00045     195       2
     867   1.720   -84.26004    0.00022
     868   1.720   -84.26004    0.00022    0.00067     196       3
     869   1.723   -84.26004    0.00022
     870   1.722   -84.26004    0.00022
     871   1.722   -84.26004    0.00022    0.00111     197       5
     872   1.725   -84.26003    0.00022
     873   1.723   -84.26004    0.00022
     874   1.720   -84.26004    0.00022
     875   1.726   -84.26003    0.00022
     876   1.726   -84.26003    0.00022    0.00022     198       1
     877   1.727   -84.26003    0.00022    0.00066     199       3
     878   1.730   -84.26002    0.00022
     879   1.727   -84.26003    0.00022
     880   1.728   -84.26003    0.00022    0.00177     200       8
     881   1.728   -84.26003    0.00022
     882   1.728   -84.26003    0.00022
     883   1.724   -84.26003    0.00022
     884   1.729   -84.26003    0.00022
     885   1.729   -84.26003    0.00022
     886   1.720   -84.26004    0.00022
     887   1.730   -84.26003    0.00022
     888   1.733   -84.26002    0.00022    0.00044     201       2
     889   1.733   -84.26002    0.00022
     890   1.734   -84.26002    0.00022    0.00022     202       1
     891   1.734   -84.26002    0.00022    0.00044     203       2
     892   1.734   -84.26002    0.00022
     893   1.734   -84.26002    0.00022    0.00065     204       3
     894   1.734   -84.26002    0.00022
     895   1.735   -84.26002    0.00022
     896   1.734   -84.26002    0.00022    0.00022     205       1
     897   1.735   -84.26002    0.00022    0.00109     206       5
     898   1.735   -84.26002    0.00022
     899   1.736   -84.26002    0.00022
     900   1.734   -84.26002    0.00022
     901   1.735   -84.26002    0.00022
     902   1.737   -84.26001    0.00022    0.00022     207       1
     903   1.736   -84.26002    0.00022    0.00196     208       9
     904   1.736   -84.26002    0.00022
     905   1.737   -84.26001    0.00022
     906   1.735   -84.26002    0.00022
     907   1.730   -84.26002    0.00022
     908   1.737   -84.26001    0.00022
     909   1.738   -84.26001    0.00022
     910   1.739   -84.26001    0.00022
     911   1.740   -84.26001    0.00022
     912   1.740   -84.26001    0.00022    0.00022     209       1
     913   1.741   -84.26001    0.00022    0.00043     210       2
     914   1.740   -84.26001    0.00022
     915   1.741   -84.26001    0.00022    0.00065     211       3
     916   1.741   -84.26001    0.00022
     917   1.742   -84.26001    0.00022
     918   1.744   -84.26000    0.00021    0.00065     212       3
     919   1.742   -84.26001    0.00022
     920   1.742   -84.26001    0.00022
     921   1.742   -84.26001    0.00022    0.00022     213       1
     922   1.742   -84.26001    0.00022    0.00151     214       7
     923   1.744   -84.26000    0.00021
     924   1.740   -84.26001    0.00022
     925   1.733   -84.26002    0.00022
     926   1.743   -84.26000    0.00021
     927   1.740   -84.26001    0.00022
     928   1.744   -84.26000    0.00021
     929   1.744   -84.26000    0.00021    0.00021     215       1
     930   1.744   -84.26000    0.00021    0.00021     216       1
     931   1.745   -84.26000    0.00021    0.00129     217       6
     932   1.748   -84.26000    0.00021
     933   1.746   -84.26000    0.00021
     934   1.748   -84.26000    0.00021
     935   1.737   -84.26001    0.00022
     936   1.749   -84.26000    0.00021
     937   1.749   -84.25999    0.00021    0.00021     218       1
     938   1.749   -84.25999    0.00021    0.00234     219      11
     939   1.750   -84.25999    0.00021
     940   1.751   -84.25999    0.00021
     941   1.751   -84.25999    0.00021
     942   1.752   -84.25999    0.00021
     943   1.754   -84.25999    0.00021
     944   1.752   -84.25999    0.00021
     945   1.752   -84.25999    0.00021
     946   1.752   -84.25999    0.00021
     947   1.737   -84.26001    0.00022
     948   1.757   -84.25998    0.00021
     949   1.760   -84.25998    0.00021    0.00021     220       1
     950   1.763   -84.25997    0.00021    0.00021     221       1
     951   1.753   -84.25999    0.00021    0.00021     222       1
     952   1.763   -84.25997    0.00021    0.00021     223       1
     953   1.764   -84.25997    0.00021    0.00021     224       1
     954   1.766   -84.25997    0.00021    0.00144     225       7
     955   1.768   -84.25996    0.00021
     956   1.768   -84.25996    0.00021
     957   1.768   -84.25996    0.00021
     958   1.767   -84.25997    0.00021
     959   1.769   -84.25996    0.00021
     960   1.768   -84.25996    0.00021
     961   1.769   -84.25996    0.00021    0.00103     226       5
     962   1.769   -84.25996    0.00021
     963   1.769   -84.25996    0.00021
     964   1.767   -84.25997    0.00021
     965   1.768   -84.25996    0.00021
     966   1.769   -84.25996    0.00021    0.00021     227       1
     967   1.769   -84.25996    0.00021    0.00164     228       8
     968   1.770   -84.25996    0.00021
     969   1.770   -84.25996    0.00021
     970   1.770   -84.25996    0.00021
     971   1.768   -84.25996    0.00021
     972   1.772   -84.25996    0.00020
     973   1.770   -84.25996    0.00021
     974   1.770   -84.25996    0.00021
     975   1.772   -84.25996    0.00020    0.00125     229       6
     976   1.768   -84.25997    0.00021
     977   1.726   -84.26003    0.00022
     978   1.772   -84.25996    0.00020
     979   1.771   -84.25996    0.00021
     980   1.772   -84.25996    0.00020
     981   1.772   -84.25996    0.00020    0.00041     230       2
     982   1.772   -84.25996    0.00020
     983   1.772   -84.25996    0.00020    0.00205     231      10
     984   1.772   -84.25996    0.00020
     985   1.773   -84.25996    0.00020
     986   1.773   -84.25996    0.00020
     987   1.773   -84.25996    0.00020
     988   1.773   -84.25996    0.00020
     989   1.773   -84.25996    0.00020
     990   1.773   -84.25996    0.00020
     991   1.773   -84.25996    0.00020
     992   1.768   -84.25997    0.00021
     993   1.772   -84.25996    0.00020    0.00327     232      16
     994   1.774   -84.25996    0.00020
     995   1.774   -84.25996    0.00020
     996   1.772   -84.25996    0.00020
     997   1.774   -84.25995    0.00020
     998   1.774   -84.25995    0.00020
     999   1.772   -84.25996    0.00020
    1000   1.774   -84.25995    0.00020
    1001   1.774   -84.25995    0.00020
    1002   1.772   -84.25996    0.00020
    1003   1.774   -84.25995    0.00020
    1004   1.776   -84.25995    0.00020
    1005   1.776   -84.25995    0.00020
    1006   1.776   -84.25995    0.00020
    1007   1.772   -84.25996    0.00020
    1008   1.774   -84.25995    0.00020
    1009   1.775   -84.25995    0.00020    0.00061     233       3
    1010   1.777   -84.25995    0.00020
    1011   1.772   -84.25996    0.00020
    1012   1.777   -84.25995    0.00020    0.00020     234       1
    1013   1.778   -84.25995    0.00020    0.00101     235       5
    1014   1.778   -84.25995    0.00020
    1015   1.778   -84.25995    0.00020
    1016   1.780   -84.25995    0.00020
    1017   1.777   -84.25995    0.00020
    1018   1.772   -84.25996    0.00020    0.00061     236       3
    1019   1.780   -84.25995    0.00020
    1020   1.777   -84.25995    0.00020
    1021   1.781   -84.25994    0.00020    0.00041     237       2
    1022   1.768   -84.25996    0.00021
    1023   1.781   -84.25994    0.00020    0.00040     238       2
    1024   1.781   -84.25994    0.00020
    1025   1.783   -84.25994    0.00020    0.00060     239       3
    1026   1.785   -84.25994    0.00020
    1027   1.780   -84.25995    0.00020
    1028   1.785   -84.25994    0.00020    0.00020     240       1
    1029   1.786   -84.25994    0.00020    0.00040     241       2
    1030   1.779   -84.25995    0.00020
    1031   1.786   -84.25994    0.00020    0.00060     242       3
    1032   1.772   -84.25996    0.00020
    1033   1.786   -84.25994    0.00020
    1034   1.786   -84.25994    0.00020    0.00020     243       1
    1035   1.780   -84.25994    0.00020    0.00040     244       2
    1036   1.788   -84.25993    0.00020
    1037   1.789   -84.25993    0.00020    0.00020     245       1
    1038   1.774   -84.25995    0.00020    0.00020     246       1
    1039   1.789   -84.25993    0.00020    0.00100     247       5
    1040   1.788   -84.25993    0.00020
    1041   1.788   -84.25993    0.00020
    1042   1.789   -84.25993    0.00020
    1043   1.789   -84.25993    0.00020
    1044   1.789   -84.25993    0.00020    0.00020     248       1
    1045   1.789   -84.25993    0.00020    0.00040     249       2
    1046   1.789   -84.25993    0.00020
    1047   1.790   -84.25993    0.00020    0.00080     250       4
    1048   1.788   -84.25993    0.00020
    1049   1.789   -84.25993    0.00020
    1050   1.790   -84.25993    0.00020
    1051   1.790   -84.25993    0.00020    0.00179     251       9
    1052   1.791   -84.25993    0.00020
    1053   1.791   -84.25993    0.00020
    1054   1.791   -84.25993    0.00020
    1055   1.789   -84.25993    0.00020
    1056   1.793   -84.25993    0.00020
    1057   1.789   -84.25993    0.00020
    1058   1.786   -84.25994    0.00020
    1059   1.795   -84.25992    0.00020
    1060   1.795   -84.25992    0.00020    0.00020     252       1
    1061   1.796   -84.25992    0.00020    0.00020     253       1
    1062   1.796   -84.25992    0.00020    0.00040     254       2
    1063   1.781   -84.25994    0.00020
    1064   1.796   -84.25992    0.00020    0.00020     255       1
    1065   1.796   -84.25992    0.00020    0.00059     256       3
    1066   1.797   -84.25992    0.00020
    1067   1.797   -84.25992    0.00020
    1068   1.797   -84.25992    0.00020    0.00255     257      13
    1069   1.798   -84.25992    0.00020
    1070   1.798   -84.25992    0.00020
    1071   1.798   -84.25992    0.00020
    1072   1.798   -84.25992    0.00020
    1073   1.798   -84.25992    0.00020
    1074   1.798   -84.25992    0.00020
    1075   1.799   -84.25991    0.00020
    1076   1.799   -84.25991    0.00020
    1077   1.800   -84.25991    0.00020
    1078   1.799   -84.25992    0.00020
    1079   1.797   -84.25992    0.00020
    1080   1.799   -84.25992    0.00020
    1081   1.799   -84.25991    0.00020    0.00117     258       6
    1082   1.799   -84.25991    0.00020
    1083   1.800   -84.25991    0.00020
    1084   1.799   -84.25992    0.00020
    1085   1.800   -84.25991    0.00020
    1086   1.803   -84.25991    0.00019
    1087   1.800   -84.25991    0.00020    0.00039     259       2
    1088   1.804   -84.25991    0.00019
    1089   1.800   -84.25991    0.00020    0.00311     260      16
    1090   1.804   -84.25991    0.00019
    1091   1.801   -84.25991    0.00020
    1092   1.799   -84.25992    0.00020
    1093   1.801   -84.25991    0.00020
    1094   1.801   -84.25991    0.00020
    1095   1.803   -84.25991    0.00019
    1096   1.797   -84.25992    0.00020
    1097   1.801   -84.25991    0.00020
    1098   1.805   -84.25991    0.00019
    1099   1.806   -84.25990    0.00019
    1100   1.806   -84.25990    0.00019
    1101   1.810   -84.25990    0.00019
    1102   1.801   -84.25991    0.00020
    1103   1.802   -84.25991    0.00019
    1104   1.806   -84.25990    0.00019
    1105   1.807   -84.25990    0.00019    0.00077     261       4
    1106   1.802   -84.25991    0.00019
    1107   1.809   -84.25990    0.00019
    1108   1.802   -84.25991    0.00019
    1109   1.802   -84.25991    0.00019    0.00039     262       2
    1110   1.810   -84.25990    0.00019
    1111   1.803   -84.25991    0.00019    0.00019     263       1
    1112   1.811   -84.25990    0.00019    0.00115     264       6
    1113   1.803   -84.25991    0.00019
    1114   1.811   -84.25990    0.00019
    1115   1.802   -84.25991    0.00019
    1116   1.813   -84.25989    0.00019
    1117   1.816   -84.25989    0.00019
    1118   1.802   -84.25991    0.00019    0.00019     265       1
    1119   1.816   -84.25989    0.00019    0.00019     266       1
    1120   1.815   -84.25989    0.00019    0.00057     267       3
    1121   1.802   -84.25991    0.00019
    1122   1.818   -84.25988    0.00019
    1123   1.803   -84.25991    0.00019    0.00057     268       3
    1124   1.818   -84.25988    0.00019
    1125   1.819   -84.25988    0.00019
    1126   1.815   -84.25989    0.00019    0.00019     269       1
    1127   1.800   -84.25991    0.00020    0.00076     270       4
    1128   1.820   -84.25988    0.00019
    1129   1.818   -84.25988    0.00019
    1130   1.822   -84.25988    0.00019
    1131   1.823   -84.25988    0.00019    0.00038     271       2
    1132   1.824   -84.25988    0.00019
    1133   1.803   -84.25991    0.00019    0.00038     272       2
    1134   1.823   -84.25988    0.00019
    1135   1.817   -84.25989    0.00019    0.00094     273       5
    1136   1.824   -84.25988    0.00019
    1137   1.826   -84.25987    0.00019
    1138   1.817   -84.25989    0.00019
    1139   1.827   -84.25987    0.00019
    1140   1.832   -84.25986    0.00019    0.00056     274       3
    1141   1.833   -84.25986    0.00018
    1142   1.809   -84.25990    0.00019
    1143   1.818   -84.25988    0.00019    0.00019     275       1
    1144   1.821   -84.25988    0.00019    0.00037     276       2
    1145   1.833   -84.25986    0.00018
    1146   1.833   -84.25986    0.00018    0.00075     277       4
    1147   1.821   -84.25988    0.00019
    1148   1.812   -84.25989    0.00019
    1149   1.834   -84.25986    0.00018
    1150   1.835   -84.25986    0.00018    0.00055     278       3
    1151   1.837   -84.25985    0.00018
    1152   1.839   -84.25985    0.00018
    1153   1.839   -84.25985    0.00018    0.00110     279       6
    1154   1.842   -84.25985    0.00018
    1155   1.844   -84.25984    0.00018
    1156   1.818   -84.25988    0.00019
    1157   1.844   -84.25984    0.00018
    1158   1.834   -84.25986    0.00018
    1159   1.846   -84.25984    0.00018    0.00018     280       1
    1160   1.847   -84.25984    0.00018    0.00037     281       2
    1161   1.825   -84.25987    0.00019
    1162   1.821   -84.25988    0.00019    0.00109     282       6
    1163   1.849   -84.25983    0.00018
    1164   1.852   -84.25983    0.00018
    1165   1.847   -84.25984    0.00018
    1166   1.853   -84.25983    0.00018
    1167   1.847   -84.25984    0.00018
    1168   1.853   -84.25983    0.00018    0.00036     283       2
    1169   1.854   -84.25983    0.00018
    1170   1.854   -84.25983    0.00018    0.00036     284       2
    1171   1.854   -84.25983    0.00018
    1172   1.854   -84.25983    0.00018    0.00036     285       2
    1173   1.849   -84.25984    0.00018
    1174   1.854   -84.25983    0.00018    0.00053     286       3
    1175   1.854   -84.25983    0.00018
    1176   1.855   -84.25983    0.00018
    1177   1.855   -84.25983    0.00018    0.00178     287      10
    1178   1.855   -84.25983    0.00018
    1179   1.855   -84.25983    0.00018
    1180   1.855   -84.25983    0.00018
    1181   1.855   -84.25983    0.00018
    1182   1.855   -84.25983    0.00018
    1183   1.856   -84.25982    0.00018
    1184   1.856   -84.25982    0.00018
    1185   1.856   -84.25982    0.00018
    1186   1.857   -84.25982    0.00018
    1187   1.863   -84.25981    0.00018    0.00088     288       5
    1188   1.864   -84.25981    0.00018
    1189   1.854   -84.25983    0.00018
    1190   1.865   -84.25981    0.00018
    1191   1.849   -84.25984    0.00018
    1192   1.866   -84.25981    0.00017    0.00017     289       1
    1193   1.871   -84.25980    0.00017    0.00035     290       2
    1194   1.845   -84.25984    0.00018
    1195   1.874   -84.25980    0.00017    0.00017     291       1
    1196   1.877   -84.25979    0.00017    0.00017     292       1
    1197   1.878   -84.25979    0.00017    0.00017     293       1
    1198   1.879   -84.25979    0.00017    0.00017     294       1
    1199   1.882   -84.25978    0.00017    0.00017     295       1
    1200   1.885   -84.25978    0.00017    0.00085     296       5
    1201   1.885   -84.25978    0.00017
    1202   1.885   -84.25978    0.00017
    1203   1.886   -84.25978    0.00017
    1204   1.888   -84.25977    0.00017
    1205   1.890   -84.25977    0.00017    0.00017     297       1
    1206   1.892   -84.25977    0.00017    0.00050     298       3
    1207   1.892   -84.25977    0.00017
    1208   1.892   -84.25977    0.00017
    1209   1.892   -84.25977    0.00017    0.00150     299       9
    1210   1.893   -84.25977    0.00017
    1211   1.893   -84.25977    0.00017
    1212   1.893   -84.25977    0.00017
    1213   1.893   -84.25976    0.00017
    1214   1.892   -84.25977    0.00017
    1215   1.894   -84.25976    0.00017
    1216   1.895   -84.25976    0.00017
    1217   1.895   -84.25976    0.00017
    1218   1.896   -84.25976    0.00017    0.00083     300       5
    1219   1.896   -84.25976    0.00017
    1220   1.896   -84.25976    0.00017
    1221   1.896   -84.25976    0.00017
    1222   1.897   -84.25976    0.00017
    1223   1.904   -84.25975    0.00016    0.00016     301       1
    1224   1.905   -84.25975    0.00016    0.00033     302       2
    1225   1.906   -84.25974    0.00016
    1226   1.911   -84.25974    0.00016    0.00032     303       2
    1227   1.911   -84.25974    0.00016
    1228   1.912   -84.25974    0.00016    0.00032     304       2
    1229   1.913   -84.25973    0.00016
    1230   1.912   -84.25974    0.00016    0.00032     305       2
    1231   1.914   -84.25973    0.00016
    1232   1.916   -84.25973    0.00016    0.00032     306       2
    1233   1.914   -84.25973    0.00016
    1234   1.917   -84.25973    0.00016    0.00016     307       1
    1235   1.920   -84.25972    0.00016    0.00016     308       1
    1236   1.921   -84.25972    0.00016    0.00016     309       1
    1237   1.922   -84.25972    0.00016    0.00016     310       1
    1238   1.923   -84.25972    0.00016    0.00095     311       6
    1239   1.923   -84.25972    0.00016
    1240   1.923   -84.25972    0.00016
    1241   1.923   -84.25972    0.00016
    1242   1.924   -84.25972    0.00016
    1243   1.925   -84.25971    0.00016
    1244   1.925   -84.25971    0.00016    0.00032     312       2
    1245   1.924   -84.25972    0.00016
    1246   1.933   -84.25970    0.00016    0.00062     313       4
    1247   1.933   -84.25970    0.00016
    1248   1.933   -84.25970    0.00016
    1249   1.933   -84.25970    0.00016
    1250   1.933   -84.25970    0.00016    0.00062     314       4
    1251   1.934   -84.25970    0.00016
    1252   1.934   -84.25970    0.00016
    1253   1.934   -84.25970    0.00016
    1254   1.938   -84.25969    0.00015    0.00077     315       5
    1255   1.938   -84.25969    0.00015
    1256   1.940   -84.25969    0.00015
    1257   1.938   -84.25969    0.00015
    1258   1.939   -84.25969    0.00015
    1259   1.941   -84.25969    0.00015    0.00031     316       2
    1260   1.939   -84.25969    0.00015
    1261   1.942   -84.25969    0.00015    0.00015     317       1
    1262   1.942   -84.25969    0.00015    0.00031     318       2
    1263   1.940   -84.25969    0.00015
    1264   1.943   -84.25969    0.00015    0.00046     319       3
    1265   1.946   -84.25968    0.00015
    1266   1.942   -84.25969    0.00015
    1267   1.946   -84.25968    0.00015    0.00015     320       1
    1268   1.951   -84.25967    0.00015    0.00030     321       2
    1269   1.952   -84.25967    0.00015
    1270   1.956   -84.25967    0.00015    0.00015     322       1
    1271   1.957   -84.25966    0.00015    0.00015     323       1
    1272   1.958   -84.25966    0.00015    0.00015     324       1
    1273   1.961   -84.25966    0.00015    0.00030     325       2
    1274   1.961   -84.25966    0.00015
    1275   1.961   -84.25966    0.00015    0.00045     326       3
    1276   1.965   -84.25965    0.00015
    1277   1.962   -84.25966    0.00015
    1278   1.962   -84.25966    0.00015    0.00015     327       1
    1279   1.967   -84.25965    0.00015    0.00015     328       1
    1280   1.967   -84.25965    0.00015    0.00015     329       1
    1281   1.970   -84.25964    0.00015    0.00117     330       8
    1282   1.970   -84.25964    0.00015
    1283   1.971   -84.25964    0.00015
    1284   1.972   -84.25964    0.00015
    1285   1.972   -84.25964    0.00015
    1286   1.976   -84.25963    0.00015
    1287   1.977   -84.25963    0.00014
    1288   1.973   -84.25964    0.00015
    1289   1.973   -84.25964    0.00015    0.00044     331       3
    1290   1.977   -84.25963    0.00014
    1291   1.977   -84.25963    0.00014
    1292   1.975   -84.25963    0.00015    0.00015     332       1
    1293   1.978   -84.25963    0.00014    0.00058     333       4
    1294   1.978   -84.25963    0.00014
    1295   1.979   -84.25963    0.00014
    1296   1.980   -84.25963    0.00014
    1297   1.979   -84.25963    0.00014    0.00014     334       1
    1298   1.983   -84.25962    0.00014    0.00115     335       8
    1299   1.983   -84.25962    0.00014
    1300   1.983   -84.25962    0.00014
    1301   1.984   -84.25962    0.00014
    1302   1.983   -84.25962    0.00014
    1303   1.983   -84.25962    0.00014
    1304   1.984   -84.25962    0.00014
    1305   1.984   -84.25962    0.00014
    1306   1.984   -84.25962    0.00014    0.00014     336       1
    1307   1.984   -84.25962    0.00014    0.00029     337       2
    1308   1.985   -84.25962    0.00014
    1309   1.986   -84.25962    0.00014    0.00014     338       1
    1310   1.986   -84.25962    0.00014    0.00014     339       1
    1311   1.991   -84.25961    0.00014    0.00014     340       1
    1312   1.994   -84.25960    0.00014    0.00014     341       1
    1313   1.995   -84.25960    0.00014    0.00014     342       1
    1314   1.995   -84.25960    0.00014    0.00014     343       1
    1315   1.997   -84.25960    0.00014    0.00028     344       2
    1316   1.984   -84.25962    0.00014
    1317   1.997   -84.25960    0.00014    0.00042     345       3
    1318   1.999   -84.25960    0.00014
    1319   1.999   -84.25960    0.00014
    1320   2.002   -84.25959    0.00014    0.00014     346       1
    1321   1.999   -84.25960    0.00014    0.00014     347       1
    1322   2.004   -84.25959    0.00014    0.00014     348       1
    1323   2.005   -84.25959    0.00014    0.00055     349       4
    1324   2.011   -84.25958    0.00014
    1325   2.007   -84.25958    0.00014
    1326   2.014   -84.25957    0.00014
    1327   2.015   -84.25957    0.00014    0.00014     350       1
    1328   2.018   -84.25957    0.00014    0.00040     351       3
    1329   2.020   -84.25956    0.00013
    1330   2.020   -84.25956    0.00013
    1331   2.022   -84.25956    0.00013    0.00013     352       1
    1332   2.023   -84.25956    0.00013    0.00041     353       3
    1333   2.007   -84.25958    0.00014
    1334   2.023   -84.25956    0.00013
    1335   2.011   -84.25958    0.00014    0.00040     354       3
    1336   2.024   -84.25956    0.00013
    1337   2.025   -84.25955    0.00013
    1338   2.026   -84.25955    0.00013    0.00093     355       7
    1339   2.026   -84.25955    0.00013
    1340   2.026   -84.25955    0.00013
    1341   2.027   -84.25955    0.00013
    1342   2.027   -84.25955    0.00013
    1343   2.027   -84.25955    0.00013
    1344   2.028   -84.25955    0.00013
    1345   2.028   -84.25955    0.00013    0.00013     356       1
    1346   2.031   -84.25954    0.00013    0.00013     357       1
    1347   2.033   -84.25954    0.00013    0.00026     358       2
    1348   2.033   -84.25954    0.00013
    1349   2.034   -84.25954    0.00013    0.00040     359       3
    1350   2.035   -84.25954    0.00013
    1351   2.033   -84.25954    0.00013
    1352   2.035   -84.25954    0.00013    0.00223     360      17
    1353   2.035   -84.25954    0.00013
    1354   2.035   -84.25954    0.00013
    1355   2.036   -84.25954    0.00013
    1356   2.036   -84.25954    0.00013
    1357   2.036   -84.25954    0.00013
    1358   2.037   -84.25954    0.00013
    1359   2.036   -84.25954    0.00013
    1360   2.036   -84.25954    0.00013
    1361   2.036   -84.25954    0.00013
    1362   2.036   -84.25954    0.00013
    1363   2.037   -84.25954    0.00013
    1364   2.037   -84.25954    0.00013
    1365   2.037   -84.25953    0.00013
    1366   2.037   -84.25954    0.00013
    1367   2.037   -84.25954    0.00013
    1368   2.038   -84.25953    0.00013
    1369   2.037   -84.25954    0.00013    0.00013     361       1
    1370   2.038   -84.25953    0.00013    0.00026     362       2
    1371   2.037   -84.25954    0.00013
    1372   2.038   -84.25953    0.00013    0.00013     363       1
    1373   2.039   -84.25953    0.00013    0.00013     364       1
    1374   2.040   -84.25953    0.00013    0.00013     365       1
    1375   2.040   -84.25953    0.00013    0.00013     366       1
    1376   2.040   -84.25953    0.00013    0.00104     367       8
    1377   2.041   -84.25953    0.00013
    1378   2.041   -84.25953    0.00013
    1379   2.041   -84.25953    0.00013
    1380   2.041   -84.25953    0.00013
    1381   2.041   -84.25953    0.00013
    1382   2.041   -84.25953    0.00013
    1383   2.037   -84.25954    0.00013
    1384   2.043   -84.25953    0.00013    0.00026     368       2
    1385   2.045   -84.25952    0.00013
    1386   2.044   -84.25952    0.00013    0.00052     369       4
    1387   2.045   -84.25952    0.00013
    1388   2.046   -84.25952    0.00013
    1389   2.049   -84.25952    0.00013
    1390   2.049   -84.25952    0.00013    0.00026     370       2
    1391   2.049   -84.25952    0.00013
    1392   2.050   -84.25951    0.00013    0.00051     371       4
    1393   2.049   -84.25952    0.00013
    1394   2.051   -84.25951    0.00013
    1395   2.049   -84.25952    0.00013
    1396   2.051   -84.25951    0.00013    0.00013     372       1
    1397   2.052   -84.25951    0.00013    0.00038     373       3
    1398   2.056   -84.25951    0.00013
    1399   2.053   -84.25951    0.00013
    1400   2.054   -84.25951    0.00013    0.00013     374       1
    1401   2.057   -84.25950    0.00013    0.00025     375       2
    1402   2.058   -84.25950    0.00013
    1403   2.059   -84.25950    0.00013    0.00038     376       3
    1404   2.060   -84.25950    0.00013
    1405   2.059   -84.25950    0.00013
    1406   2.061   -84.25950    0.00013    0.00013     377       1
    1407   2.062   -84.25950    0.00013    0.00013     378       1
    1408   2.064   -84.25949    0.00013    0.00013     379       1
    1409   2.064   -84.25949    0.00013    0.00013     380       1
    1410   2.060   -84.25950    0.00013    0.00025     381       2
    1411   2.065   -84.25949    0.00013
    1412   2.065   -84.25949    0.00012    0.00050     382       4
    1413   2.066   -84.25949    0.00012
    1414   2.067   -84.25949    0.00012
    1415   2.071   -84.25948    0.00012
    1416   2.074   -84.25948    0.00012    0.00086     383       7
    1417   2.074   -84.25948    0.00012
    1418   2.074   -84.25948    0.00012
    1419   2.074   -84.25948    0.00012
    1420   2.075   -84.25948    0.00012
    1421   2.075   -84.25948    0.00012
    1422   2.071   -84.25948    0.00012
    1423   2.072   -84.25948    0.00012    0.00025     384       2
    1424   2.074   -84.25948    0.00012
    1425   2.075   -84.25948    0.00012    0.00012     385       1
    1426   2.072   -84.25948    0.00012    0.00037     386       3
    1427   2.075   -84.25947    0.00012
    1428   2.077   -84.25947    0.00012
    1429   2.077   -84.25947    0.00012    0.00012     387       1
    1430   2.075   -84.25948    0.00012    0.00025     388       2
    1431   2.073   -84.25948    0.00012
    1432   2.073   -84.25948    0.00012    0.00037     389       3
    1433   2.078   -84.25947    0.00012
    1434   2.079   -84.25947    0.00012
    1435   2.079   -84.25947    0.00012    0.00061     390       5
    1436   2.075   -84.25947    0.00012
    1437   2.079   -84.25947    0.00012
    1438   2.071   -84.25948    0.00012
    1439   2.080   -84.25947    0.00012
    1440   2.080   -84.25947    0.00012    0.00012     391       1
    1441   2.081   -84.25947    0.00012    0.00012     392       1
    1442   2.081   -84.25947    0.00012    0.00012     393       1
    1443   2.074   -84.25948    0.00012    0.00012     394       1
    1444   2.078   -84.25947    0.00012    0.00024     395       2
    1445   2.081   -84.25947    0.00012
    1446   2.081   -84.25947    0.00012    0.00012     396       1
    1447   2.081   -84.25947    0.00012    0.00146     397      12
    1448   2.081   -84.25947    0.00012
    1449   2.081   -84.25946    0.00012
    1450   2.082   -84.25946    0.00012
    1451   2.082   -84.25946    0.00012
    1452   2.076   -84.25947    0.00012
    1453   2.082   -84.25946    0.00012
    1454   2.082   -84.25946    0.00012
    1455   2.083   -84.25946    0.00012
    1456   2.083   -84.25946    0.00012
    1457   2.083   -84.25946    0.00012
    1458   2.083   -84.25946    0.00012
    1459   2.084   -84.25946    0.00012    0.00036     398       3
    1460   2.084   -84.25946    0.00012
    1461   2.084   -84.25946    0.00012
    1462   2.084   -84.25946    0.00012    0.00048     399       4
    1463   2.084   -84.25946    0.00012
    1464   2.086   -84.25946    0.00012
    1465   2.086   -84.25946    0.00012
    1466   2.084   -84.25946    0.00012    0.00073     400       6
    1467   2.084   -84.25946    0.00012
    1468   2.084   -84.25946    0.00012
    1469   2.085   -84.25946    0.00012
    1470   2.085   -84.25946    0.00012
    1471   2.087   -84.25946    0.00012
    1472   2.088   -84.25946    0.00012    0.00012     401       1
    1473   2.086   -84.25946    0.00012    0.00036     402       3
    1474   2.088   -84.25945    0.00012
    1475   2.087   -84.25946    0.00012
    1476   2.089   -84.25945    0.00012    0.00012     403       1
    1477   2.091   -84.25945    0.00012    0.00012     404       1
    1478   2.092   -84.25945    0.00012    0.00048     405       4
    1479   2.094   -84.25944    0.00012
    1480   2.083   -84.25946    0.00012
    1481   2.089   -84.25945    0.00012
    1482   2.093   -84.25945    0.00012    0.00012     406       1
    1483   2.094   -84.25944    0.00012    0.00024     407       2
    1484   2.090   -84.25945    0.00012
    1485   2.094   -84.25944    0.00012    0.00012     408       1
    1486   2.095   -84.25944    0.00012    0.00012     409       1
    1487   2.094   -84.25944    0.00012    0.00036     410       3
    1488   2.094   -84.25944    0.00012
    1489   2.095   -84.25944    0.00012
    1490   2.096   -84.25944    0.00012    0.00036     411       3
    1491   2.097   -84.25944    0.00012
    1492   2.091   -84.25945    0.00012
    1493   2.097   -84.25944    0.00012    0.00012     412       1
    1494   2.097   -84.25944    0.00012    0.00012     413       1
    1495   2.098   -84.25944    0.00012    0.00024     414       2
    1496   2.098   -84.25944    0.00012
    1497   2.098   -84.25944    0.00012    0.00047     415       4
    1498   2.098   -84.25944    0.00012
    1499   2.101   -84.25943    0.00012
    1500   2.099   -84.25944    0.00012
    1501   2.101   -84.25943    0.00012    0.00012     416       1
    1502   2.101   -84.25943    0.00012    0.00035     417       3
    1503   2.103   -84.25943    0.00012
    1504   2.105   -84.25943    0.00012
    1505   2.079   -84.25947    0.00012    0.00012     418       1
    1506   2.105   -84.25943    0.00012    0.00012     419       1
    1507   2.107   -84.25942    0.00012    0.00012     420       1
    1508   2.107   -84.25942    0.00012    0.00081     421       7
    1509   2.107   -84.25942    0.00012
    1510   2.107   -84.25942    0.00012
    1511   2.108   -84.25942    0.00012
    1512   2.108   -84.25942    0.00012
    1513   2.110   -84.25942    0.00012
    1514   2.112   -84.25942    0.00012
    1515   2.110   -84.25942    0.00012    0.00046     422       4
    1516   2.110   -84.25942    0.00012
    1517   2.109   -84.25942    0.00012
    1518   2.111   -84.25942    0.00012
    1519   2.112   -84.25942    0.00012    0.00012     423       1
    1520   2.109   -84.25942    0.00012    0.00046     424       4
    1521   2.114   -84.25941    0.00012
    1522   2.116   -84.25941    0.00011
    1523   2.114   -84.25941    0.00012
    1524   2.116   -84.25941    0.00011    0.00034     425       3
    1525   2.116   -84.25941    0.00011
    1526   2.118   -84.25941    0.00011
    1527   2.118   -84.25941    0.00011    0.00011     426       1
    1528   2.118   -84.25941    0.00011    0.00046     427       4
    1529   2.117   -84.25941    0.00011
    1530   2.117   -84.25941    0.00011
    1531   2.119   -84.25940    0.00011
    1532   2.120   -84.25940    0.00011    0.00057     428       5
    1533   2.114   -84.25941    0.00012
    1534   2.114   -84.25941    0.00012
    1535   2.115   -84.25941    0.00011
    1536   2.122   -84.25940    0.00011
    1537   2.122   -84.25940    0.00011    0.00011     429       1
    1538   2.123   -84.25940    0.00011    0.00011     430       1
    1539   2.123   -84.25940    0.00011    0.00023     431       2
    1540   2.124   -84.25940    0.00011
    1541   2.124   -84.25940    0.00011    0.00011     432       1
    1542   2.124   -84.25940    0.00011    0.00011     433       1
    1543   2.125   -84.25940    0.00011    0.00011     434       1
    1544   2.126   -84.25939    0.00011    0.00034     435       3
    1545   2.127   -84.25939    0.00011
    1546   2.119   -84.25941    0.00011
    1547   2.124   -84.25940    0.00011    0.00034     436       3
    1548   2.124   -84.25940    0.00011
    1549   2.125   -84.25940    0.00011
    1550   2.127   -84.25939    0.00011    0.00079     437       7
    1551   2.114   -84.25941    0.00012
    1552   2.127   -84.25939    0.00011
    1553   2.125   -84.25939    0.00011
    1554   2.127   -84.25939    0.00011
    1555   2.128   -84.25939    0.00011
    1556   2.124   -84.25940    0.00011
    1557   2.125   -84.25939    0.00011    0.00045     438       4
    1558   2.125   -84.25940    0.00011
    1559   2.127   -84.25939    0.00011
    1560   2.126   -84.25939    0.00011
    1561   2.126   -84.25939    0.00011    0.00011     439       1
    1562   2.119   -84.25940    0.00011    0.00011     440       1
    1563   2.128   -84.25939    0.00011    0.00056     441       5
    1564   2.130   -84.25939    0.00011
    1565   2.130   -84.25939    0.00011
    1566   2.128   -84.25939    0.00011
    1567   2.130   -84.25939    0.00011
    1568   2.130   -84.25939    0.00011    0.00045     442       4
    1569   2.131   -84.25939    0.00011
    1570   2.131   -84.25939    0.00011
    1571   2.129   -84.25939    0.00011
    1572   2.131   -84.25939    0.00011    0.00045     443       4
    1573   2.131   -84.25939    0.00011
    1574   2.131   -84.25939    0.00011
    1575   2.131   -84.25939    0.00011
    1576   2.130   -84.25939    0.00011    0.00022     444       2
    1577   2.130   -84.25939    0.00011
    1578   2.131   -84.25939    0.00011    0.00112     445      10
    1579   2.129   -84.25939    0.00011
    1580   2.131   -84.25939    0.00011
    1581   2.130   -84.25939    0.00011
    1582   2.132   -84.25938    0.00011
    1583   2.132   -84.25938    0.00011
    1584   2.133   -84.25938    0.00011
    1585   2.133   -84.25938    0.00011
    1586   2.132   -84.25938    0.00011
    1587   2.133   -84.25938    0.00011
    1588   2.134   -84.25938    0.00011    0.00033     446       3
    1589   2.130   -84.25939    0.00011
    1590   2.135   -84.25938    0.00011
    1591   2.132   -84.25938    0.00011    0.00045     447       4
    1592   2.135   -84.25938    0.00011
    1593   2.130   -84.25939    0.00011
    1594   2.135   -84.25938    0.00011
    1595   2.135   -84.25938    0.00011    0.00066     448       6
    1596   2.136   -84.25938    0.00011
    1597   2.137   -84.25938    0.00011
    1598   2.139   -84.25937    0.00011
    1599   2.140   -84.25937    0.00011
    1600   2.136   -84.25938    0.00011
    1601   2.136   -84.25938    0.00011    0.00022     449       2
    1602   2.126   -84.25939    0.00011
    1603   2.141   -84.25937    0.00011    0.00022     450       2
    1604   2.141   -84.25937    0.00011
    1605   2.142   -84.25937    0.00011    0.00022     451       2
    1606   2.143   -84.25937    0.00011
    1607   2.143   -84.25937    0.00011    0.00011     452       1
    1608   2.143   -84.25937    0.00011    0.00011     453       1
    1609   2.143   -84.25937    0.00011    0.00033     454       3
    1610   2.143   -84.25937    0.00011
    1611   2.143   -84.25937    0.00011
    1612   2.143   -84.25937    0.00011    0.00011     455       1
    1613   2.146   -84.25936    0.00011    0.00109     456      10
    1614   2.149   -84.25936    0.00011
    1615   2.144   -84.25937    0.00011
    1616   2.141   -84.25937    0.00011
    1617   2.147   -84.25936    0.00011
    1618   2.144   -84.25937    0.00011
    1619   2.144   -84.25937    0.00011
    1620   2.144   -84.25936    0.00011
    1621   2.144   -84.25936    0.00011
    1622   2.149   -84.25936    0.00011
    1623   2.149   -84.25936    0.00011    0.00022     457       2
    1624   2.149   -84.25936    0.00011
    1625   2.139   -84.25937    0.00011    0.00022     458       2
    1626   2.139   -84.25937    0.00011
    1627   2.136   -84.25938    0.00011    0.00011     459       1
    1628   2.145   -84.25936    0.00011    0.00011     460       1
    1629   2.149   -84.25936    0.00011    0.00011     461       1
    1630   2.150   -84.25936    0.00011    0.00032     462       3
    1631   2.151   -84.25935    0.00011
    1632   2.152   -84.25935    0.00011
    1633   2.152   -84.25935    0.00011    0.00032     463       3
    1634   2.150   -84.25936    0.00011
    1635   2.152   -84.25935    0.00011
    1636   2.153   -84.25935    0.00011    0.00032     464       3
    1637   2.153   -84.25935    0.00011
    1638   2.153   -84.25935    0.00011
    1639   2.156   -84.25935    0.00011    0.00022     465       2
    1640   2.151   -84.25935    0.00011
    1641   2.159   -84.25934    0.00011    0.00054     466       5
    1642   2.157   -84.25934    0.00011
    1643   2.160   -84.25934    0.00011
    1644   2.152   -84.25935    0.00011
    1645   2.151   -84.25935    0.00011
    1646   2.163   -84.25933    0.00011    0.00011     467       1
    1647   2.158   -84.25934    0.00011    0.00011     468       1
    1648   2.153   -84.25935    0.00011    0.00011     469       1
    1649   2.167   -84.25933    0.00011    0.00084     470       8
    1650   2.167   -84.25933    0.00011
    1651   2.169   -84.25932    0.00010
    1652   2.169   -84.25932    0.00010
    1653   2.169   -84.25932    0.00010
    1654   2.170   -84.25932    0.00010
    1655   2.170   -84.25932    0.00010
    1656   2.167   -84.25933    0.00011
    1657   2.171   -84.25932    0.00010    0.00063     471       6
    1658   2.171   -84.25932    0.00010
    1659   2.172   -84.25932    0.00010
    1660   2.167   -84.25933    0.00011
    1661   2.173   -84.25932    0.00010
    1662   2.174   -84.25932    0.00010
    1663   2.173   -84.25932    0.00010    0.00010     472       1
    1664   2.177   -84.25931    0.00010    0.00021     473       2
    1665   2.172   -84.25932    0.00010
    1666   2.177   -84.25931    0.00010    0.00031     474       3
    1667   2.177   -84.25931    0.00010
    1668   2.168   -84.25933    0.00011
    1669   2.168   -84.25933    0.00011    0.00031     475       3
    1670   2.174   -84.25932    0.00010
    1671   2.177   -84.25931    0.00010
    1672   2.178   -84.25931    0.00010    0.00021     476       2
    1673   2.179   -84.25931    0.00010
    1674   2.178   -84.25931    0.00010    0.00010     477       1
    1675   2.178   -84.25931    0.00010    0.00093     478       9
    1676   2.178   -84.25931    0.00010
    1677   2.181   -84.25931    0.00010
    1678   2.178   -84.25931    0.00010
    1679   2.178   -84.25931    0.00010
    1680   2.178   -84.25931    0.00010
    1681   2.181   -84.25931    0.00010
    1682   2.182   -84.25930    0.00010
    1683   2.182   -84.25930    0.00010
    1684   2.182   -84.25931    0.00010    0.00041     479       4
    1685   2.168   -84.25933    0.00011
    1686   2.178   -84.25931    0.00010
    1687   2.182   -84.25930    0.00010
    1688   2.175   -84.25932    0.00010    0.00021     480       2
    1689   2.183   -84.25930    0.00010
    1690   2.184   -84.25930    0.00010    0.00020     481       2
    1691   2.182   -84.25930    0.00010
    1692   2.184   -84.25930    0.00010    0.00031     482       3
    1693   2.181   -84.25931    0.00010
    1694   2.177   -84.25931    0.00010
    1695   2.185   -84.25930    0.00010    0.00010     483       1
    1696   2.185   -84.25930    0.00010    0.00122     484      12
    1697   2.187   -84.25930    0.00010
    1698   2.189   -84.25929    0.00010
    1699   2.190   -84.25929    0.00010
    1700   2.190   -84.25929    0.00010
    1701   2.185   -84.25930    0.00010
    1702   2.187   -84.25930    0.00010
    1703   2.191   -84.25929    0.00010
    1704   2.193   -84.25929    0.00010
    1705   2.185   -84.25930    0.00010
    1706   2.187   -84.25930    0.00010
    1707   2.192   -84.25929    0.00010
    1708   2.187   -84.25930    0.00010    0.00041     485       4
    1709   2.186   -84.25930    0.00010
    1710   2.186   -84.25930    0.00010
    1711   2.196   -84.25928    0.00010
    1712   2.196   -84.25928    0.00010    0.00051     486       5
    1713   2.169   -84.25932    0.00010
    1714   2.186   -84.25930    0.00010
    1715   2.187   -84.25930    0.00010
    1716   2.196   -84.25928    0.00010
    1717   2.182   -84.25930    0.00010    0.00040     487       4
    1718   2.197   -84.25928    0.00010
    1719   2.199   -84.25928    0.00010
    1720   2.197   -84.25928    0.00010
    1721   2.197   -84.25928    0.00010    0.00010     488       1
    1722   2.197   -84.25928    0.00010    0.00090     489       9
    1723   2.199   -84.25928    0.00010
    1724   2.197   -84.25928    0.00010
    1725   2.198   -84.25928    0.00010
    1726   2.199   -84.25928    0.00010
    1727   2.199   -84.25928    0.00010
    1728   2.199   -84.25928    0.00010
    1729   2.200   -84.25928    0.00010
    1730   2.200   -84.25928    0.00010
    1731   2.200   -84.25928    0.00010    0.00010     490       1
    1732   2.200   -84.25928    0.00010    0.00010     491       1
    1733   2.201   -84.25928    0.00010    0.00020     492       2
    1734   2.200   -84.25928    0.00010
    1735   2.201   -84.25927    0.00010    0.00030     493       3
    1736   2.201   -84.25927    0.00010
    1737   2.200   -84.25928    0.00010
    1738   2.201   -84.25927    0.00010    0.00119     494      12
    1739   2.200   -84.25928    0.00010
    1740   2.200   -84.25928    0.00010
    1741   2.201   -84.25927    0.00010
    1742   2.201   -84.25927    0.00010
    1743   2.201   -84.25927    0.00010
    1744   2.201   -84.25927    0.00010
    1745   2.202   -84.25927    0.00010
    1746   2.202   -84.25927    0.00010
    1747   2.200   -84.25928    0.00010
    1748   2.202   -84.25927    0.00010
    1749   2.203   -84.25927    0.00010
    1750   2.204   -84.25927    0.00010    0.00179     495      18
    1751   2.204   -84.25927    0.00010
    1752   2.204   -84.25927    0.00010
    1753   2.205   -84.25927    0.00010
    1754   2.206   -84.25927    0.00010
    1755   2.205   -84.25927    0.00010
    1756   2.207   -84.25926    0.00010
    1757   2.200   -84.25928    0.00010
    1758   2.200   -84.25928    0.00010
    1759   2.200   -84.25928    0.00010
    1760   2.205   -84.25927    0.00010
    1761   2.200   -84.25928    0.00010
    1762   2.196   -84.25928    0.00010
    1763   2.213   -84.25926    0.00010
    1764   2.201   -84.25928    0.00010
    1765   2.180   -84.25931    0.00010
    1766   2.181   -84.25931    0.00010
    1767   2.181   -84.25931    0.00010
    1768   2.201   -84.25928    0.00010    0.00010     496       1
    1769   2.213   -84.25925    0.00010    0.00020     497       2
    1770   2.200   -84.25928    0.00010
    1771   2.214   -84.25925    0.00010    0.00010     498       1
    1772   2.214   -84.25925    0.00010    0.00010     499       1
    1773   2.215   -84.25925    0.00010    0.00019     500       2
    1774   2.216   -84.25925    0.00010
    1775   2.216   -84.25925    0.00010    0.00039     501       4
    1776   2.214   -84.25925    0.00010
    1777   2.217   -84.25925    0.00010
    1778   2.217   -84.25925    0.00010
    1779   2.218   -84.25925    0.00010    0.00010     502       1
    1780   2.218   -84.25925    0.00010    0.00019     503       2
    1781   2.218   -84.25925    0.00010
    1782   2.219   -84.25925    0.00010    0.00058     504       6
    1783   2.219   -84.25925    0.00010
    1784   2.218   -84.25925    0.00010
    1785   2.220   -84.25924    0.00010
    1786   2.201   -84.25928    0.00010
    1787   2.218   -84.25925    0.00010
    1788   2.221   -84.25924    0.00010    0.00010     505       1
    1789   2.221   -84.25924    0.00010    0.00019     506       2
    1790   2.222   -84.25924    0.00010
    1791   2.222   -84.25924    0.00010    0.00019     507       2
    1792   2.218   -84.25925    0.00010
    1793   2.223   -84.25924    0.00010    0.00029     508       3
    1794   2.217   -84.25925    0.00010
    1795   2.223   -84.25924    0.00010
    1796   2.222   -84.25924    0.00010    0.00019     509       2
    1797   2.219   -84.25925    0.00010
    1798   2.228   -84.25923    0.00009    0.00009     510       1
    1799   2.222   -84.25924    0.00010    0.00010     511       1
    1800   2.230   -84.25923    0.00009    0.00019     512       2
    1801   2.230   -84.25923    0.00009
    1802   2.230   -84.25923    0.00009    0.00009     513       1
    1803   2.231   -84.25923    0.00009    0.00009     514       1
    1804   2.232   -84.25922    0.00009    0.00047     515       5
    1805   2.232   -84.25923    0.00009
    1806   2.228   -84.25923    0.00009
    1807   2.232   -84.25922    0.00009
    1808   2.232   -84.25922    0.00009
    1809   2.233   -84.25922    0.00009    0.00019     516       2
    1810   2.232   -84.25922    0.00009
    1811   2.233   -84.25922    0.00009    0.00038     517       4
    1812   2.235   -84.25922    0.00009
    1813   2.233   -84.25922    0.00009
    1814   2.208   -84.25926    0.00010
    1815   2.233   -84.25922    0.00009    0.00075     518       8
    1816   2.233   -84.25922    0.00009
    1817   2.236   -84.25922    0.00009
    1818   2.235   -84.25922    0.00009
    1819   2.236   -84.25922    0.00009
    1820   2.232   -84.25922    0.00009
    1821   2.236   -84.25922    0.00009
    1822   2.236   -84.25922    0.00009
    1823   2.236   -84.25922    0.00009    0.00037     519       4
    1824   2.237   -84.25922    0.00009
    1825   2.237   -84.25922    0.00009
    1826   2.237   -84.25922    0.00009
    1827   2.240   -84.25921    0.00009    0.00019     520       2
    1828   2.235   -84.25922    0.00009
    1829   2.240   -84.25921    0.00009    0.00037     521       4
    1830   2.241   -84.25921    0.00009
    1831   2.237   -84.25922    0.00009
    1832   2.238   -84.25921    0.00009
    1833   2.232   -84.25922    0.00009    0.00019     522       2
    1834   2.235   -84.25922    0.00009
    1835   2.236   -84.25922    0.00009    0.00056     523       6
    1836   2.239   -84.25921    0.00009
    1837   2.239   -84.25921    0.00009
    1838   2.233   -84.25922    0.00009
    1839   2.236   -84.25922    0.00009
    1840   2.233   -84.25922    0.00009
    1841   2.237   -84.25922    0.00009    0.00028     524       3
    1842   2.239   -84.25921    0.00009
    1843   2.241   -84.25921    0.00009
    1844   2.241   -84.25921    0.00009    0.00056     525       6
    1845   2.241   -84.25921    0.00009
    1846   2.242   -84.25921    0.00009
    1847   2.242   -84.25921    0.00009
    1848   2.243   -84.25921    0.00009
    1849   2.245   -84.25920    0.00009
    1850   2.242   -84.25921    0.00009    0.00018     526       2
    1851   2.246   -84.25920    0.00009
    1852   2.248   -84.25920    0.00009    0.00019     527       2
    1853   2.236   -84.25922    0.00009
    1854   2.248   -84.25920    0.00009    0.00037     528       4
    1855   2.249   -84.25920    0.00009
    1856   2.250   -84.25920    0.00009
    1857   2.254   -84.25919    0.00009
    1858   2.254   -84.25919    0.00009    0.00009     529       1
    1859   2.258   -84.25918    0.00009    0.00009     530       1
    1860   2.261   -84.25918    0.00009    0.00009     531       1
    1861   2.263   -84.25917    0.00009    0.00107     532      12
    1862   2.264   -84.25917    0.00009
    1863   2.264   -84.25917    0.00009
    1864   2.264   -84.25917    0.00009
    1865   2.264   -84.25917    0.00009
    1866   2.265   -84.25917    0.00009
    1867   2.265   -84.25917    0.00009
    1868   2.266   -84.25917    0.00009
    1869   2.265   -84.25917    0.00009
    1870   2.265   -84.25917    0.00009
    1871   2.265   -84.25917    0.00009
    1872   2.267   -84.25917    0.00009
    1873   2.265   -84.25917    0.00009    0.00089     533      10
    1874   2.265   -84.25917    0.00009
    1875   2.267   -84.25917    0.00009
    1876   2.265   -84.25917    0.00009
    1877   2.267   -84.25917    0.00009
    1878   2.267   -84.25917    0.00009
    1879   2.268   -84.25917    0.00009
    1880   2.270   -84.25916    0.00009
    1881   2.271   -84.25916    0.00009
    1882   2.271   -84.25916    0.00009
    1883   2.272   -84.25916    0.00009    0.00018     534       2
    1884   2.272   -84.25916    0.00009
    1885   2.273   -84.25916    0.00009    0.00018     535       2
    1886   2.273   -84.25916    0.00009
    1887   2.271   -84.25916    0.00009    0.00018     536       2
    1888   2.272   -84.25916    0.00009
    1889   2.273   -84.25916    0.00009    0.00044     537       5
    1890   2.270   -84.25916    0.00009
    1891   2.273   -84.25916    0.00009
    1892   2.274   -84.25916    0.00009
    1893   2.274   -84.25916    0.00009
    1894   2.274   -84.25916    0.00009    0.00018     538       2
    1895   2.275   -84.25916    0.00009
    1896   2.275   -84.25916    0.00009    0.00018     539       2
    1897   2.273   -84.25916    0.00009
    1898   2.275   -84.25916    0.00009    0.00035     540       4
    1899   2.275   -84.25916    0.00009
    1900   2.274   -84.25916    0.00009
    1901   2.275   -84.25916    0.00009
    1902   2.274   -84.25916    0.00009    0.00018     541       2
    1903   2.269   -84.25917    0.00009
    1904   2.276   -84.25916    0.00009    0.00018     542       2
    1905   2.277   -84.25915    0.00009
    1906   2.272   -84.25916    0.00009    0.00026     543       3
    1907   2.277   -84.25915    0.00009
    1908   2.276   -84.25916    0.00009
    1909   2.276   -84.25915    0.00009    0.00009     544       1
    1910   2.277   -84.25915    0.00009    0.00009     545       1
    1911   2.277   -84.25915    0.00009    0.00052     546       6
    1912   2.277   -84.25915    0.00009
    1913   2.277   -84.25915    0.00009
    1914   2.277   -84.25915    0.00009
    1915   2.277   -84.25915    0.00009
    1916   2.277   -84.25915    0.00009
    1917   2.279   -84.25915    0.00009    0.00035     547       4
    1918   2.277   -84.25915    0.00009
    1919   2.277   -84.25915    0.00009
    1920   2.275   -84.25916    0.00009
    1921   2.277   -84.25915    0.00009    0.00017     548       2
    1922   2.278   -84.25915    0.00009
    1923   2.277   -84.25915    0.00009    0.00009     549       1
    1924   2.278   -84.25915    0.00009    0.00166     550      19
    1925   2.280   -84.25915    0.00009
    1926   2.278   -84.25915    0.00009
    1927   2.278   -84.25915    0.00009
    1928   2.278   -84.25915    0.00009
    1929   2.281   -84.25915    0.00009
    1930   2.281   -84.25915    0.00009
    1931   2.281   -84.25915    0.00009
    1932   2.281   -84.25915    0.00009
    1933   2.275   -84.25916    0.00009
    1934   2.282   -84.25915    0.00009
    1935   2.278   -84.25915    0.00009
    1936   2.278   -84.25915    0.00009
    1937   2.283   -84.25914    0.00009
    1938   2.277   -84.25915    0.00009
    1939   2.272   -84.25916    0.00009
    1940   2.278   -84.25915    0.00009
    1941   2.278   -84.25915    0.00009
    1942   2.282   -84.25915    0.00009
    1943   2.283   -84.25914    0.00009    0.00018     551       2
    1944   2.270   -84.25916    0.00009
    1945   2.283   -84.25914    0.00009    0.00009     552       1
    1946   2.283   -84.25914    0.00009    0.00061     553       7
    1947   2.283   -84.25914    0.00009
    1948   2.279   -84.25915    0.00009
    1949   2.279   -84.25915    0.00009
    1950   2.284   -84.25914    0.00009
    1951   2.279   -84.25915    0.00009
    1952   2.286   -84.25914    0.00009
    1953   2.286   -84.25914    0.00009    0.00009     554       1
    1954   2.280   -84.25915    0.00009    0.00009     555       1
    1955   2.286   -84.25914    0.00009    0.00009     556       1
    1956   2.289   -84.25913    0.00009    0.00009     557       1
    1957   2.286   -84.25914    0.00009    0.00026     558       3
    1958   2.289   -84.25913    0.00009
    1959   2.270   -84.25916    0.00009
    1960   2.271   -84.25916    0.00009    0.00026     559       3
    1961   2.279   -84.25915    0.00009
    1962   2.289   -84.25913    0.00009
    1963   2.289   -84.25913    0.00009    0.00017     560       2
    1964   2.290   -84.25913    0.00009
    1965   2.290   -84.25913    0.00009    0.00009     561       1
    1966   2.291   -84.25913    0.00009    0.00170     562      20
    1967   2.291   -84.25913    0.00009
    1968   2.291   -84.25913    0.00009
    1969   2.294   -84.25913    0.00008
    1970   2.294   -84.25913    0.00008
    1971   2.294   -84.25913    0.00008
    1972   2.295   -84.25912    0.00008
    1973   2.295   -84.25912    0.00008
    1974   2.295   -84.25912    0.00008
    1975   2.296   -84.25912    0.00008
    1976   2.291   -84.25913    0.00009
    1977   2.296   -84.25912    0.00008
    1978   2.291   -84.25913    0.00009
    1979   2.292   -84.25913    0.00009
    1980   2.292   -84.25913    0.00009
    1981   2.293   -84.25913    0.00009
    1982   2.296   -84.25912    0.00008
    1983   2.298   -84.25912    0.00008
    1984   2.297   -84.25912    0.00008
    1985   2.299   -84.25912    0.00008
    1986   2.298   -84.25912    0.00008    0.00017     563       2
    1987   2.293   -84.25913    0.00009
    1988   2.289   -84.25913    0.00009    0.00009     564       1
    1989   2.299   -84.25912    0.00008    0.00042     565       5
    1990   2.293   -84.25913    0.00009
    1991   2.293   -84.25913    0.00009
    1992   2.301   -84.25912    0.00008
    1993   2.301   -84.25911    0.00008
    1994   2.301   -84.25912    0.00008    0.00008     566       1
    1995   2.293   -84.25913    0.00009    0.00026     567       3
    1996   2.293   -84.25913    0.00009
    1997   2.294   -84.25913    0.00009
    1998   2.301   -84.25911    0.00008    0.00008     568       1
    1999   2.301   -84.25911    0.00008    0.00008     569       1
    2000   2.301   -84.25911    0.00008    0.00034     570       4
    2001   2.301   -84.25911    0.00008
    2002   2.301   -84.25911    0.00008
    2003   2.302   -84.25911    0.00008
    2004   2.302   -84.25911    0.00008    0.00017     571       2
    2005   2.302   -84.25911    0.00008
    2006   2.302   -84.25911    0.00008    0.00008     572       1
    2007   2.302   -84.25911    0.00008    0.00017     573       2
    2008   2.303   -84.25911    0.00008
    2009   2.304   -84.25911    0.00008    0.00008     574       1
    2010   2.304   -84.25911    0.00008    0.00133     575      16
    2011   2.305   -84.25911    0.00008
    2012   2.306   -84.25911    0.00008
    2013   2.306   -84.25911    0.00008
    2014   2.306   -84.25911    0.00008
    2015   2.306   -84.25911    0.00008
    2016   2.306   -84.25911    0.00008
    2017   2.301   -84.25911    0.00008
    2018   2.307   -84.25911    0.00008
    2019   2.301   -84.25911    0.00008
    2020   2.307   -84.25911    0.00008
    2021   2.307   -84.25911    0.00008
    2022   2.308   -84.25910    0.00008
    2023   2.310   -84.25910    0.00008
    2024   2.306   -84.25911    0.00008
    2025   2.310   -84.25910    0.00008
    2026   2.308   -84.25910    0.00008    0.00017     576       2
    2027   2.310   -84.25910    0.00008
    2028   2.309   -84.25910    0.00008    0.00091     577      11
    2029   2.307   -84.25911    0.00008
    2030   2.310   -84.25910    0.00008
    2031   2.309   -84.25910    0.00008
    2032   2.310   -84.25910    0.00008
    2033   2.312   -84.25910    0.00008
    2034   2.313   -84.25910    0.00008
    2035   2.310   -84.25910    0.00008
    2036   2.294   -84.25913    0.00009
    2037   2.310   -84.25910    0.00008
    2038   2.313   -84.25910    0.00008
    2039   2.310   -84.25910    0.00008    0.00008     578       1
    2040   2.289   -84.25913    0.00009    0.00033     579       4
    2041   2.310   -84.25910    0.00008
    2042   2.313   -84.25910    0.00008
    2043   2.310   -84.25910    0.00008
    2044   2.294   -84.25913    0.00008    0.00025     580       3
    2045   2.310   -84.25910    0.00008
    2046   2.315   -84.25909    0.00008
    2047   2.313   -84.25910    0.00008    0.00016     581       2
    2048   2.313   -84.25910    0.00008
    2049   2.315   -84.25909    0.00008    0.00057     582       7
    2050   2.316   -84.25909    0.00008
    2051   2.317   -84.25909    0.00008
    2052   2.317   -84.25909    0.00008
    2053   2.318   -84.25909    0.00008
    2054   2.318   -84.25909    0.00008
    2055   2.314   -84.25909    0.00008
    2056   2.319   -84.25909    0.00008    0.00008     583       1
    2057   2.310   -84.25910    0.00008    0.00041     584       5
    2058   2.319   -84.25909    0.00008
    2059   2.321   -84.25908    0.00008
    2060   2.314   -84.25909    0.00008
    2061   2.321   -84.25908    0.00008
    2062   2.294   -84.25913    0.00008    0.00008     585       1
    2063   2.322   -84.25908    0.00008    0.00008     586       1
    2064   2.310   -84.25910    0.00008    0.00033     587       4
    2065   2.322   -84.25908    0.00008
    2066   2.319   -84.25909    0.00008
    2067   2.322   -84.25908    0.00008
    2068   2.322   -84.25908    0.00008    0.00057     588       7
    2069   2.323   -84.25908    0.00008
    2070   2.320   -84.25909    0.00008
    2071   2.323   -84.25908    0.00008
    2072   2.323   -84.25908    0.00008
    2073   2.323   -84.25908    0.00008
    2074   2.322   -84.25908    0.00008
    2075   2.324   -84.25908    0.00008    0.00058     589       7
    2076   2.279   -84.25915    0.00009
    2077   2.321   -84.25908    0.00008
    2078   2.279   -84.25915    0.00009
    2079   2.324   -84.25908    0.00008
    2080   2.324   -84.25908    0.00008
    2081   2.324   -84.25908    0.00008
    2082   2.324   -84.25908    0.00008    0.00040     590       5
    2083   2.322   -84.25908    0.00008
    2084   2.325   -84.25908    0.00008
    2085   2.328   -84.25907    0.00008
    2086   2.331   -84.25907    0.00008
    2087   2.332   -84.25906    0.00008    0.00008     591       1
    2088   2.327   -84.25907    0.00008    0.00008     592       1
    2089   2.333   -84.25906    0.00008    0.00008     593       1
    2090   2.334   -84.25906    0.00008    0.00024     594       3
    2091   2.334   -84.25906    0.00008
    2092   2.336   -84.25906    0.00008
    2093   2.336   -84.25906    0.00008    0.00064     595       8
    2094   2.337   -84.25906    0.00008
    2095   2.333   -84.25906    0.00008
    2096   2.315   -84.25909    0.00008
    2097   2.335   -84.25906    0.00008
    2098   2.338   -84.25906    0.00008
    2099   2.335   -84.25906    0.00008
    2100   2.334   -84.25906    0.00008
    2101   2.337   -84.25906    0.00008    0.00039     596       5
    2102   2.335   -84.25906    0.00008
    2103   2.338   -84.25906    0.00008
    2104   2.336   -84.25906    0.00008
    2105   2.339   -84.25905    0.00008
    2106   2.340   -84.25905    0.00008    0.00032     597       4
    2107   2.340   -84.25905    0.00008
    2108   2.336   -84.25906    0.00008
    2109   2.340   -84.25905    0.00008
    2110   2.341   -84.25905    0.00008    0.00016     598       2
    2111   2.340   -84.25905    0.00008
    2112   2.340   -84.25905    0.00008    0.00047     599       6
    2113   2.341   -84.25905    0.00008
    2114   2.341   -84.25905    0.00008
    2115   2.341   -84.25905    0.00008
    2116   2.338   -84.25906    0.00008
    2117   2.341   -84.25905    0.00008
    2118   2.344   -84.25905    0.00008    0.00094     600      12
    2119   2.336   -84.25906    0.00008
    2120   2.344   -84.25905    0.00008
    2121   2.345   -84.25905    0.00008
    2122   2.341   -84.25905    0.00008
    2123   2.345   -84.25905    0.00008
    2124   2.340   -84.25905    0.00008
    2125   2.346   -84.25904    0.00008
    2126   2.345   -84.25904    0.00008
    2127   2.346   -84.25904    0.00008
    2128   2.349   -84.25904    0.00008
    2129   2.346   -84.25904    0.00008
    2130   2.337   -84.25906    0.00008    0.00047     601       6
    2131   2.350   -84.25904    0.00008
    2132   2.342   -84.25905    0.00008
    2133   2.350   -84.25904    0.00008
    2134   2.345   -84.25904    0.00008
    2135   2.350   -84.25904    0.00008
    2136   2.351   -84.25903    0.00008    0.00008     602       1
    2137   2.358   -84.25902    0.00008    0.00038     603       5
    2138   2.355   -84.25903    0.00008
    2139   2.364   -84.25901    0.00008
    2140   2.346   -84.25904    0.00008
    2141   2.343   -84.25905    0.00008
    2142   2.347   -84.25904    0.00008    0.00016     604       2
    2143   2.348   -84.25904    0.00008
    2144   2.343   -84.25905    0.00008    0.00008     605       1
    2145   2.338   -84.25906    0.00008    0.00008     606       1
    2146   2.343   -84.25905    0.00008    0.00024     607       3
    2147   2.340   -84.25905    0.00008
    2148   2.343   -84.25905    0.00008
    2149   2.343   -84.25905    0.00008    0.00016     608       2
    2150   2.349   -84.25904    0.00008
    2151   2.364   -84.25901    0.00008    0.00015     609       2
    2152   2.366   -84.25901    0.00008
    2153   2.366   -84.25901    0.00008    0.00015     610       2
    2154   2.366   -84.25901    0.00008
    2155   2.373   -84.25900    0.00007    0.00052     611       7
    2156   2.367   -84.25901    0.00008
    2157   2.367   -84.25901    0.00008
    2158   2.366   -84.25901    0.00008
    2159   2.374   -84.25900    0.00007
    2160   2.365   -84.25901    0.00008
    2161   2.367   -84.25901    0.00008
    2162   2.367   -84.25901    0.00008    0.00022     612       3
    2163   2.368   -84.25901    0.00007
    2164   2.376   -84.25900    0.00007
    2165   2.376   -84.25900    0.00007    0.00007     613       1
    2166   2.376   -84.25900    0.00007    0.00007     614       1
    2167   2.377   -84.25899    0.00007    0.00022     615       3
    2168   2.377   -84.25899    0.00007
    2169   2.377   -84.25899    0.00007
    2170   2.377   -84.25899    0.00007    0.00037     616       5
    2171   2.378   -84.25899    0.00007
    2172   2.378   -84.25899    0.00007
    2173   2.378   -84.25899    0.00007
    2174   2.378   -84.25899    0.00007
    2175   2.378   -84.25899    0.00007    0.00044     617       6
    2176   2.375   -84.25900    0.00007
    2177   2.377   -84.25899    0.00007
    2178   2.379   -84.25899    0.00007
    2179   2.378   -84.25899    0.00007
    2180   2.380   -84.25899    0.00007
    2181   2.380   -84.25899    0.00007    0.00022     618       3
    2182   2.381   -84.25899    0.00007
    2183   2.383   -84.25898    0.00007
    2184   2.384   -84.25898    0.00007    0.00015     619       2
    2185   2.380   -84.25899    0.00007
    2186   2.380   -84.25899    0.00007    0.00022     620       3
    2187   2.384   -84.25898    0.00007
    2188   2.377   -84.25899    0.00007
    2189   2.390   -84.25897    0.00007    0.00014     621       2
    2190   2.392   -84.25897    0.00007
    2191   2.393   -84.25897    0.00007    0.00007     622       1
    2192   2.381   -84.25899    0.00007    0.00014     623       2
    2193   2.395   -84.25897    0.00007
    2194   2.398   -84.25896    0.00007    0.00014     624       2
    2195   2.392   -84.25897    0.00007
    2196   2.393   -84.25897    0.00007    0.00007     625       1
    2197   2.405   -84.25895    0.00007    0.00007     626       1
    2198   2.378   -84.25899    0.00007    0.00007     627       1
    2199   2.410   -84.25894    0.00007    0.00007     628       1
    2200   2.421   -84.25892    0.00007    0.00007     629       1
    2201   2.422   -84.25892    0.00007    0.00007     630       1
    2202   2.422   -84.25892    0.00007    0.00007     631       1
    2203   2.423   -84.25892    0.00007    0.00014     632       2
    2204   2.382   -84.25899    0.00007
    2205   2.424   -84.25892    0.00007    0.00034     633       5
    2206   2.425   -84.25892    0.00007
    2207   2.424   -84.25892    0.00007
    2208   2.424   -84.25892    0.00007
    2209   2.424   -84.25892    0.00007
    2210   2.426   -84.25892    0.00007    0.00020     634       3
    2211   2.427   -84.25891    0.00007
    2212   2.428   -84.25891    0.00007
    2213   2.424   -84.25892    0.00007    0.00014     635       2
    2214   2.428   -84.25891    0.00007
    2215   2.431   -84.25891    0.00007    0.00020     636       3
    2216   2.431   -84.25891    0.00007
    2217   2.431   -84.25891    0.00007
    2218   2.432   -84.25891    0.00007    0.00034     637       5
    2219   2.434   -84.25890    0.00007
    2220   2.432   -84.25891    0.00007
    2221   2.434   -84.25890    0.00007
    2222   2.432   -84.25891    0.00007
    2223   2.434   -84.25890    0.00007    0.00013     638       2
    2224   2.436   -84.25890    0.00007
    2225   2.433   -84.25890    0.00007    0.00020     639       3
    2226   2.434   -84.25890    0.00007
    2227   2.437   -84.25890    0.00007
    2228   2.440   -84.25889    0.00007    0.00007     640       1
    2229   2.441   -84.25889    0.00007    0.00033     641       5
    2230   2.441   -84.25889    0.00007
    2231   2.441   -84.25889    0.00007
    2232   2.442   -84.25889    0.00007
    2233   2.442   -84.25889    0.00007
    2234   2.443   -84.25889    0.00007    0.00026     642       4
    2235   2.444   -84.25889    0.00007
    2236   2.444   -84.25889    0.00007
    2237   2.444   -84.25889    0.00007
    2238   2.445   -84.25889    0.00007    0.00007     643       1
    2239   2.442   -84.25889    0.00007    0.00013     644       2
    2240   2.445   -84.25889    0.00007
    2241   2.442   -84.25889    0.00007    0.00007     645       1
    2242   2.445   -84.25889    0.00007    0.00007     646       1
    2243   2.447   -84.25888    0.00007    0.00039     647       6
    2244   2.449   -84.25888    0.00007
    2245   2.447   -84.25888    0.00007
    2246   2.447   -84.25888    0.00007
    2247   2.448   -84.25888    0.00007
    2248   2.449   -84.25888    0.00007
    2249   2.448   -84.25888    0.00007    0.00007     648       1
    2250   2.448   -84.25888    0.00007    0.00007     649       1
    2251   2.452   -84.25887    0.00007    0.00013     650       2
    2252   2.455   -84.25887    0.00006
    2253   2.456   -84.25887    0.00006    0.00013     651       2
    2254   2.452   -84.25887    0.00007
    2255   2.458   -84.25887    0.00006    0.00013     652       2
    2256   2.462   -84.25886    0.00006
    2257   2.465   -84.25885    0.00006    0.00013     653       2
    2258   2.462   -84.25886    0.00006
    2259   2.467   -84.25885    0.00006    0.00006     654       1
    2260   2.469   -84.25885    0.00006    0.00019     655       3
    2261   2.470   -84.25885    0.00006
    2262   2.470   -84.25885    0.00006
    2263   2.467   -84.25885    0.00006    0.00006     656       1
    2264   2.468   -84.25885    0.00006    0.00013     657       2
    2265   2.463   -84.25886    0.00006
    2266   2.470   -84.25884    0.00006    0.00019     658       3
    2267   2.475   -84.25884    0.00006
    2268   2.471   -84.25884    0.00006
    2269   2.477   -84.25883    0.00006    0.00006     659       1
    2270   2.477   -84.25883    0.00006    0.00006     660       1
    2271   2.477   -84.25883    0.00006    0.00006     661       1
    2272   2.477   -84.25883    0.00006    0.00012     662       2
    2273   2.477   -84.25883    0.00006
    2274   2.471   -84.25884    0.00006    0.00006     663       1
    2275   2.478   -84.25883    0.00006    0.00031     664       5
    2276   2.478   -84.25883    0.00006
    2277   2.479   -84.25883    0.00006
    2278   2.479   -84.25883    0.00006
    2279   2.480   -84.25883    0.00006
    2280   2.479   -84.25883    0.00006    0.00050     665       8
    2281   2.479   -84.25883    0.00006
    2282   2.479   -84.25883    0.00006
    2283   2.479   -84.25883    0.00006
    2284   2.481   -84.25883    0.00006
    2285   2.481   -84.25883    0.00006
    2286   2.479   -84.25883    0.00006
    2287   2.479   -84.25883    0.00006
    2288   2.480   -84.25883    0.00006    0.00006     666       1
    2289   2.480   -84.25883    0.00006    0.00012     667       2
    2290   2.477   -84.25883    0.00006
    2291   2.484   -84.25882    0.00006    0.00006     668       1
    2292   2.484   -84.25882    0.00006    0.00018     669       3
    2293   2.484   -84.25882    0.00006
    2294   2.486   -84.25882    0.00006
    2295   2.484   -84.25882    0.00006    0.00018     670       3
    2296   2.484   -84.25882    0.00006
    2297   2.484   -84.25882    0.00006
    2298   2.485   -84.25882    0.00006    0.00012     671       2
    2299   2.488   -84.25882    0.00006
    2300   2.488   -84.25882    0.00006    0.00012     672       2
    2301   2.489   -84.25881    0.00006
    2302   2.491   -84.25881    0.00006    0.00012     673       2
    2303   2.491   -84.25881    0.00006
    2304   2.491   -84.25881    0.00006    0.00012     674       2
    2305   2.491   -84.25881    0.00006
    2306   2.496   -84.25880    0.00006    0.00006     675       1
    2307   2.498   -84.25880    0.00006    0.00006     676       1
    2308   2.499   -84.25880    0.00006    0.00006     677       1
    2309   2.501   -84.25880    0.00006    0.00006     678       1
    2310   2.503   -84.25879    0.00006    0.00012     679       2
    2311   2.503   -84.25879    0.00006
    2312   2.505   -84.25879    0.00006    0.00006     680       1
    2313   2.510   -84.25878    0.00006    0.00012     681       2
    2314   2.510   -84.25878    0.00006
    2315   2.512   -84.25878    0.00006    0.00006     682       1
    2316   2.513   -84.25878    0.00006    0.00012     683       2
    2317   2.513   -84.25878    0.00006
    2318   2.517   -84.25877    0.00006    0.00012     684       2
    2319   2.518   -84.25877    0.00006
    2320   2.520   -84.25877    0.00006    0.00006     685       1
    2321   2.521   -84.25876    0.00006    0.00017     686       3
    2322   2.521   -84.25876    0.00006
    2323   2.522   -84.25876    0.00006
    2324   2.532   -84.25875    0.00006    0.00006     687       1
    2325   2.533   -84.25875    0.00006    0.00011     688       2
    2326   2.535   -84.25874    0.00006
    2327   2.534   -84.25874    0.00006    0.00006     689       1
    2328   2.539   -84.25874    0.00006    0.00006     690       1
    2329   2.541   -84.25873    0.00006    0.00011     691       2
    2330   2.541   -84.25873    0.00006
    2331   2.541   -84.25873    0.00006    0.00022     692       4
    2332   2.541   -84.25873    0.00006
    2333   2.548   -84.25872    0.00006
    2334   2.542   -84.25873    0.00006
    2335   2.549   -84.25872    0.00006    0.00006     693       1
    2336   2.549   -84.25872    0.00006    0.00006     694       1
    2337   2.551   -84.25872    0.00006    0.00017     695       3
    2338   2.551   -84.25872    0.00006
    2339   2.552   -84.25871    0.00005
    2340   2.553   -84.25871    0.00005    0.00005     696       1
    2341   2.544   -84.25873    0.00006    0.00006     697       1
    2342   2.555   -84.25871    0.00005    0.00022     698       4
    2343   2.555   -84.25871    0.00005
    2344   2.556   -84.25871    0.00005
    2345   2.556   -84.25871    0.00005
    2346   2.557   -84.25871    0.00005    0.00011     699       2
    2347   2.557   -84.25871    0.00005
    2348   2.557   -84.25871    0.00005    0.00011     700       2
    2349   2.558   -84.25870    0.00005
    2350   2.559   -84.25870    0.00005    0.00016     701       3
    2351   2.561   -84.25870    0.00005
    2352   2.558   -84.25871    0.00005
    2353   2.562   -84.25870    0.00005    0.00005     702       1
    2354   2.565   -84.25869    0.00005    0.00005     703       1
    2355   2.565   -84.25869    0.00005    0.00011     704       2
    2356   2.567   -84.25869    0.00005
    2357   2.569   -84.25869    0.00005    0.00011     705       2
    2358   2.566   -84.25869    0.00005
    2359   2.570   -84.25869    0.00005    0.00005     706       1
    2360   2.570   -84.25869    0.00005    0.00005     707       1
    2361   2.570   -84.25869    0.00005    0.00027     708       5
    2362   2.570   -84.25869    0.00005
    2363   2.572   -84.25868    0.00005
    2364   2.568   -84.25869    0.00005
    2365   2.572   -84.25868    0.00005
    2366   2.573   -84.25868    0.00005    0.00005     709       1
    2367   2.573   -84.25868    0.00005    0.00037     710       7
    2368   2.574   -84.25868    0.00005
    2369   2.574   -84.25868    0.00005
    2370   2.574   -84.25868    0.00005
    2371   2.574   -84.25868    0.00005
    2372   2.572   -84.25868    0.00005
    2373   2.575   -84.25868    0.00005
    2374   2.574   -84.25868    0.00005    0.00005     711       1
    2375   2.575   -84.25868    0.00005    0.00005     712       1
    2376   2.574   -84.25868    0.00005    0.00005     713       1
    2377   2.576   -84.25868    0.00005    0.00005     714       1
    2378   2.583   -84.25867    0.00005    0.00010     715       2
    2379   2.583   -84.25867    0.00005
    2380   2.585   -84.25866    0.00005    0.00010     716       2
    2381   2.585   -84.25866    0.00005
    2382   2.588   -84.25866    0.00005    0.00005     717       1
    2383   2.590   -84.25865    0.00005    0.00005     718       1
    2384   2.591   -84.25865    0.00005    0.00010     719       2
    2385   2.592   -84.25865    0.00005
    2386   2.593   -84.25865    0.00005    0.00015     720       3
    2387   2.593   -84.25865    0.00005
    2388   2.592   -84.25865    0.00005
    2389   2.594   -84.25865    0.00005    0.00010     721       2
    2390   2.596   -84.25864    0.00005
    2391   2.595   -84.25865    0.00005    0.00020     722       4
    2392   2.595   -84.25865    0.00005
    2393   2.596   -84.25864    0.00005
    2394   2.593   -84.25865    0.00005
    2395   2.597   -84.25864    0.00005    0.00005     723       1
    2396   2.598   -84.25864    0.00005    0.00005     724       1
    2397   2.598   -84.25864    0.00005    0.00010     725       2
    2398   2.597   -84.25864    0.00005
    2399   2.598   -84.25864    0.00005    0.00005     726       1
    2400   2.601   -84.25864    0.00005    0.00010     727       2
    2401   2.592   -84.25865    0.00005
    2402   2.595   -84.25865    0.00005    0.00005     728       1
    2403   2.601   -84.25864    0.00005    0.00005     729       1
    2404   2.601   -84.25864    0.00005    0.00005     730       1
    2405   2.602   -84.25863    0.00005    0.00010     731       2
    2406   2.605   -84.25863    0.00005
    2407   2.608   -84.25863    0.00005    0.00010     732       2
    2408   2.610   -84.25862    0.00005
    2409   2.610   -84.25862    0.00005    0.00005     733       1
    2410   2.611   -84.25862    0.00005    0.00015     734       3
    2411   2.612   -84.25862    0.00005
    2412   2.612   -84.25862    0.00005
    2413   2.612   -84.25862    0.00005    0.00020     735       4
    2414   2.613   -84.25862    0.00005
    2415   2.611   -84.25862    0.00005
    2416   2.614   -84.25862    0.00005
    2417   2.612   -84.25862    0.00005    0.00010     736       2
    2418   2.617   -84.25861    0.00005
    2419   2.617   -84.25861    0.00005    0.00005     737       1
    2420   2.616   -84.25861    0.00005    0.00034     738       7
    2421   2.617   -84.25861    0.00005
    2422   2.617   -84.25861    0.00005
    2423   2.618   -84.25861    0.00005
    2424   2.618   -84.25861    0.00005
    2425   2.618   -84.25861    0.00005
    2426   2.618   -84.25861    0.00005
    2427   2.618   -84.25861    0.00005    0.00010     739       2
    2428   2.618   -84.25861    0.00005
    2429   2.618   -84.25861    0.00005    0.00020     740       4
    2430   2.619   -84.25861    0.00005
    2431   2.619   -84.25861    0.00005
    2432   2.618   -84.25861    0.00005
    2433   2.620   -84.25861    0.00005    0.00005     741       1
    2434   2.621   -84.25860    0.00005    0.00039     742       8
    2435   2.622   -84.25860    0.00005
    2436   2.623   -84.25860    0.00005
    2437   2.622   -84.25860    0.00005
    2438   2.623   -84.25860    0.00005
    2439   2.623   -84.25860    0.00005
    2440   2.622   -84.25860    0.00005
    2441   2.622   -84.25860    0.00005
    2442   2.623   -84.25860    0.00005    0.00005     743       1
    2443   2.622   -84.25860    0.00005    0.00010     744       2
    2444   2.623   -84.25860    0.00005
    2445   2.624   -84.25860    0.00005    0.00005     745       1
    2446   2.623   -84.25860    0.00005    0.00005     746       1
    2447   2.624   -84.25860    0.00005    0.00024     747       5
    2448   2.624   -84.25860    0.00005
    2449   2.625   -84.25860    0.00005
    2450   2.627   -84.25860    0.00005
    2451   2.628   -84.25859    0.00005
    2452   2.625   -84.25860    0.00005    0.00029     748       6
    2453   2.625   -84.25860    0.00005
    2454   2.625   -84.25860    0.00005
    2455   2.626   -84.25860    0.00005
    2456   2.628   -84.25859    0.00005
    2457   2.624   -84.25860    0.00005
    2458   2.625   -84.25860    0.00005    0.00005     749       1
    2459   2.625   -84.25860    0.00005    0.00005     750       1
    2460   2.628   -84.25859    0.00005    0.00010     751       2
    2461   2.629   -84.25859    0.00005
    2462   2.630   -84.25859    0.00005    0.00005     752       1
    2463   2.630   -84.25859    0.00005    0.00014     753       3
    2464   2.631   -84.25859    0.00005
    2465   2.631   -84.25859    0.00005
    2466   2.632   -84.25859    0.00005    0.00010     754       2
    2467   2.632   -84.25859    0.00005
    2468   2.633   -84.25859    0.00005    0.00019     755       4
    2469   2.633   -84.25859    0.00005
    2470   2.633   -84.25859    0.00005
    2471   2.638   -84.25858    0.00005
    2472   2.638   -84.25858    0.00005    0.00005     756       1
    2473   2.640   -84.25857    0.00005    0.00005     757       1
    2474   2.641   -84.25857    0.00005    0.00024     758       5
    2475   2.643   -84.25857    0.00005
    2476   2.641   -84.25857    0.00005
    2477   2.643   -84.25857    0.00005
    2478   2.643   -84.25857    0.00005
    2479   2.643   -84.25857    0.00005    0.00033     759       7
    2480   2.643   -84.25857    0.00005
    2481   2.645   -84.25857    0.00005
    2482   2.643   -84.25857    0.00005
    2483   2.642   -84.25857    0.00005
    2484   2.645   -84.25857    0.00005
    2485   2.643   -84.25857    0.00005
    2486   2.648   -84.25856    0.00005    0.00005     760       1
    2487   2.648   -84.25856    0.00005    0.00009     761       2
    2488   2.648   -84.25856    0.00005
    2489   2.648   -84.25856    0.00005    0.00033     762       7
    2490   2.648   -84.25856    0.00005
    2491   2.648   -84.25856    0.00005
    2492   2.648   -84.25856    0.00005
    2493   2.648   -84.25856    0.00005
    2494   2.649   -84.25856    0.00005
    2495   2.649   -84.25856    0.00005
    2496   2.649   -84.25856    0.00005    0.00009     763       2
    2497   2.648   -84.25856    0.00005
    2498   2.650   -84.25856    0.00005    0.00019     764       4
    2499   2.650   -84.25856    0.00005
    2500   2.650   -84.25856    0.00005
    2501   2.654   -84.25855    0.00005
    2502   2.648   -84.25856    0.00005    0.00005     765       1
    2503   2.655   -84.25855    0.00005    0.00014     766       3
    2504   2.657   -84.25855    0.00005
    2505   2.650   -84.25856    0.00005
    2506   2.650   -84.25856    0.00005    0.00014     767       3
    2507   2.657   -84.25855    0.00005
    2508   2.657   -84.25855    0.00005
    2509   2.657   -84.25855    0.00005    0.00005     768       1
    2510   2.651   -84.25856    0.00005    0.00014     769       3
    2511   2.658   -84.25855    0.00005
    2512   2.626   -84.25860    0.00005
    2513   2.661   -84.25854    0.00005    0.00005     770       1
    2514   2.662   -84.25854    0.00005    0.00018     771       4
    2515   2.665   -84.25854    0.00005
    2516   2.664   -84.25854    0.00005
    2517   2.665   -84.25854    0.00005
    2518   2.665   -84.25853    0.00005    0.00005     772       1
    2519   2.666   -84.25853    0.00005    0.00014     773       3
    2520   2.668   -84.25853    0.00005
    2521   2.668   -84.25853    0.00005
    2522   2.665   -84.25854    0.00005    0.00014     774       3
    2523   2.668   -84.25853    0.00005
    2524   2.670   -84.25853    0.00005
    2525   2.676   -84.25852    0.00004    0.00018     775       4
    2526   2.676   -84.25852    0.00004
    2527   2.677   -84.25852    0.00004
    2528   2.677   -84.25852    0.00004
    2529   2.681   -84.25851    0.00004    0.00027     776       6
    2530   2.681   -84.25851    0.00004
    2531   2.681   -84.25851    0.00004
    2532   2.681   -84.25851    0.00004
    2533   2.683   -84.25851    0.00004
    2534   2.683   -84.25851    0.00004
    2535   2.685   -84.25850    0.00004    0.00057     777      13
    2536   2.681   -84.25851    0.00004
    2537   2.683   -84.25851    0.00004
    2538   2.677   -84.25852    0.00004
    2539   2.681   -84.25851    0.00004
    2540   2.681   -84.25851    0.00004
    2541   2.682   -84.25851    0.00004
    2542   2.684   -84.25851    0.00004
    2543   2.684   -84.25851    0.00004
    2544   2.685   -84.25850    0.00004
    2545   2.682   -84.25851    0.00004
    2546   2.685   -84.25850    0.00004
    2547   2.682   -84.25851    0.00004
    2548   2.686   -84.25850    0.00004    0.00035     778       8
    2549   2.684   -84.25851    0.00004
    2550   2.684   -84.25850    0.00004
    2551   2.684   -84.25850    0.00004
    2552   2.682   -84.25851    0.00004
    2553   2.682   -84.25851    0.00004
    2554   2.687   -84.25850    0.00004
    2555   2.677   -84.25852    0.00004
    2556   2.683   -84.25851    0.00004    0.00004     779       1
    2557   2.687   -84.25850    0.00004    0.00009     780       2
    2558   2.681   -84.25851    0.00004
    2559   2.685   -84.25850    0.00004    0.00009     781       2
    2560   2.687   -84.25850    0.00004
    2561   2.683   -84.25851    0.00004    0.00022     782       5
    2562   2.688   -84.25850    0.00004
    2563   2.683   -84.25851    0.00004
    2564   2.688   -84.25850    0.00004
    2565   2.683   -84.25851    0.00004
    2566   2.689   -84.25850    0.00004    0.00048     783      11
    2567   2.689   -84.25850    0.00004
    2568   2.692   -84.25849    0.00004
    2569   2.693   -84.25849    0.00004
    2570   2.693   -84.25849    0.00004
    2571   2.695   -84.25849    0.00004
    2572   2.695   -84.25849    0.00004
    2573   2.690   -84.25850    0.00004
    2574   2.690   -84.25850    0.00004
    2575   2.695   -84.25849    0.00004
    2576   2.695   -84.25849    0.00004
    2577   2.688   -84.25850    0.00004    0.00004     784       1
    2578   2.695   -84.25849    0.00004    0.00022     785       5
    2579   2.695   -84.25849    0.00004
    2580   2.696   -84.25849    0.00004
    2581   2.690   -84.25849    0.00004
    2582   2.696   -84.25849    0.00004
    2583   2.690   -84.25849    0.00004    0.00004     786       1
    2584   2.696   -84.25849    0.00004    0.00004     787       1
    2585   2.697   -84.25848    0.00004    0.00009     788       2
    2586   2.700   -84.25848    0.00004
    2587   2.698   -84.25848    0.00004    0.00004     789       1
    2588   2.698   -84.25848    0.00004    0.00004     790       1
    2589   2.691   -84.25849    0.00004    0.00022     791       5
    2590   2.692   -84.25849    0.00004
    2591   2.692   -84.25849    0.00004
    2592   2.700   -84.25848    0.00004
    2593   2.696   -84.25849    0.00004
    2594   2.701   -84.25848    0.00004    0.00009     792       2
    2595   2.701   -84.25848    0.00004
    2596   2.702   -84.25848    0.00004    0.00004     793       1
    2597   2.703   -84.25848    0.00004    0.00009     794       2
    2598   2.702   -84.25848    0.00004
    2599   2.702   -84.25848    0.00004    0.00021     795       5
    2600   2.704   -84.25847    0.00004
    2601   2.702   -84.25848    0.00004
    2602   2.704   -84.25847    0.00004
    2603   2.705   -84.25847    0.00004
    2604   2.705   -84.25847    0.00004    0.00008     796       2
    2605   2.705   -84.25847    0.00004
    2606   2.692   -84.25849    0.00004    0.00009     797       2
    2607   2.702   -84.25848    0.00004
    2608   2.705   -84.25847    0.00004    0.00004     798       1
    2609   2.707   -84.25847    0.00004    0.00004     799       1
    2610   2.702   -84.25848    0.00004    0.00004     800       1
    2611   2.701   -84.25848    0.00004    0.00004     801       1
    2612   2.707   -84.25847    0.00004    0.00013     802       3
    2613   2.709   -84.25847    0.00004
    2614   2.712   -84.25846    0.00004
    2615   2.712   -84.25846    0.00004    0.00021     803       5
    2616   2.715   -84.25846    0.00004
    2617   2.712   -84.25846    0.00004
    2618   2.713   -84.25846    0.00004
    2619   2.713   -84.25846    0.00004
    2620   2.715   -84.25846    0.00004    0.00004     804       1
    2621   2.716   -84.25845    0.00004    0.00017     805       4
    2622   2.715   -84.25845    0.00004
    2623   2.717   -84.25845    0.00004
    2624   2.717   -84.25845    0.00004
    2625   2.717   -84.25845    0.00004    0.00021     806       5
    2626   2.718   -84.25845    0.00004
    2627   2.718   -84.25845    0.00004
    2628   2.719   -84.25845    0.00004
    2629   2.716   -84.25845    0.00004
    2630   2.721   -84.25845    0.00004    0.00008     807       2
    2631   2.722   -84.25844    0.00004
    2632   2.716   -84.25845    0.00004    0.00008     808       2
    2633   2.718   -84.25845    0.00004
    2634   2.714   -84.25846    0.00004    0.00004     809       1
    2635   2.722   -84.25844    0.00004    0.00004     810       1
    2636   2.718   -84.25845    0.00004    0.00004     811       1
    2637   2.722   -84.25844    0.00004    0.00016     812       4
    2638   2.723   -84.25844    0.00004
    2639   2.724   -84.25844    0.00004
    2640   2.724   -84.25844    0.00004
    2641   2.724   -84.25844    0.00004    0.00008     813       2
    2642   2.724   -84.25844    0.00004
    2643   2.725   -84.25844    0.00004    0.00004     814       1
    2644   2.725   -84.25844    0.00004    0.00004     815       1
    2645   2.725   -84.25844    0.00004    0.00012     816       3
    2646   2.726   -84.25844    0.00004
    2647   2.727   -84.25844    0.00004
    2648   2.727   -84.25844    0.00004    0.00004     817       1
    2649   2.729   -84.25843    0.00004    0.00016     818       4
    2650   2.731   -84.25843    0.00004
    2651   2.734   -84.25843    0.00004
    2652   2.734   -84.25842    0.00004
    2653   2.735   -84.25842    0.00004    0.00004     819       1
    2654   2.723   -84.25844    0.00004    0.00004     820       1
    2655   2.718   -84.25845    0.00004    0.00004     821       1
    2656   2.740   -84.25842    0.00004    0.00008     822       2
    2657   2.742   -84.25841    0.00004
    2658   2.742   -84.25841    0.00004    0.00016     823       4
    2659   2.743   -84.25841    0.00004
    2660   2.744   -84.25841    0.00004
    2661   2.742   -84.25841    0.00004
    2662   2.742   -84.25841    0.00004    0.00016     824       4
    2663   2.748   -84.25840    0.00004
    2664   2.749   -84.25840    0.00004
    2665   2.749   -84.25840    0.00004
    2666   2.745   -84.25841    0.00004    0.00008     825       2
    2667   2.745   -84.25841    0.00004
    2668   2.750   -84.25840    0.00004    0.00004     826       1
    2669   2.750   -84.25840    0.00004    0.00004     827       1
    2670   2.750   -84.25840    0.00004    0.00047     828      12
    2671   2.751   -84.25840    0.00004
    2672   2.741   -84.25841    0.00004
    2673   2.751   -84.25840    0.00004
    2674   2.751   -84.25840    0.00004
    2675   2.751   -84.25840    0.00004
    2676   2.753   -84.25840    0.00004
    2677   2.751   -84.25840    0.00004
    2678   2.751   -84.25840    0.00004
    2679   2.752   -84.25840    0.00004
    2680   2.752   -84.25840    0.00004
    2681   2.752   -84.25840    0.00004
    2682   2.753   -84.25840    0.00004    0.00008     829       2
    2683   2.754   -84.25839    0.00004
    2684   2.754   -84.25839    0.00004    0.00012     830       3
    2685   2.756   -84.25839    0.00004
    2686   2.757   -84.25839    0.00004
    2687   2.758   -84.25839    0.00004    0.00004     831       1
    2688   2.761   -84.25838    0.00004    0.00008     832       2
    2689   2.760   -84.25838    0.00004
    2690   2.754   -84.25839    0.00004    0.00008     833       2
    2691   2.761   -84.25838    0.00004
    2692   2.761   -84.25838    0.00004    0.00008     834       2
    2693   2.765   -84.25838    0.00004
    2694   2.766   -84.25837    0.00004    0.00004     835       1
    2695   2.767   -84.25837    0.00004    0.00008     836       2
    2696   2.763   -84.25838    0.00004
    2697   2.768   -84.25837    0.00004    0.00004     837       1
    2698   2.768   -84.25837    0.00004    0.00008     838       2
    2699   2.769   -84.25837    0.00004
    2700   2.770   -84.25837    0.00004    0.00011     839       3
    2701   2.769   -84.25837    0.00004
    2702   2.771   -84.25837    0.00004
    2703   2.772   -84.25836    0.00004    0.00015     840       4
    2704   2.769   -84.25837    0.00004
    2705   2.773   -84.25836    0.00004
    2706   2.774   -84.25836    0.00004
    2707   2.774   -84.25836    0.00004    0.00023     841       6
    2708   2.773   -84.25836    0.00004
    2709   2.774   -84.25836    0.00004
    2710   2.776   -84.25836    0.00004
    2711   2.773   -84.25836    0.00004
    2712   2.774   -84.25836    0.00004
    2713   2.775   -84.25836    0.00004    0.00011     842       3
    2714   2.773   -84.25836    0.00004
    2715   2.774   -84.25836    0.00004
    2716   2.774   -84.25836    0.00004    0.00023     843       6
    2717   2.773   -84.25836    0.00004
    2718   2.777   -84.25836    0.00004
    2719   2.775   -84.25836    0.00004
    2720   2.776   -84.25836    0.00004
    2721   2.773   -84.25836    0.00004
    2722   2.770   -84.25837    0.00004    0.00004     844       1
    2723   2.773   -84.25836    0.00004    0.00004     845       1
    2724   2.777   -84.25836    0.00004    0.00023     846       6
    2725   2.777   -84.25836    0.00004
    2726   2.778   -84.25835    0.00004
    2727   2.779   -84.25835    0.00004
    2728   2.777   -84.25836    0.00004
    2729   2.779   -84.25835    0.00004
    2730   2.779   -84.25835    0.00004    0.00011     847       3
    2731   2.779   -84.25835    0.00004
    2732   2.779   -84.25835    0.00004
    2733   2.777   -84.25836    0.00004    0.00004     848       1
    2734   2.779   -84.25835    0.00004    0.00034     849       9
    2735   2.779   -84.25835    0.00004
    2736   2.778   -84.25836    0.00004
    2737   2.783   -84.25835    0.00004
    2738   2.784   -84.25835    0.00004
    2739   2.780   -84.25835    0.00004
    2740   2.781   -84.25835    0.00004
    2741   2.781   -84.25835    0.00004
    2742   2.779   -84.25835    0.00004
    2743   2.783   -84.25835    0.00004    0.00004     850       1
    2744   2.778   -84.25835    0.00004    0.00004     851       1
    2745   2.786   -84.25834    0.00004    0.00004     852       1
    2746   2.786   -84.25834    0.00004    0.00007     853       2
    2747   2.787   -84.25834    0.00004
    2748   2.789   -84.25834    0.00004    0.00011     854       3
    2749   2.791   -84.25833    0.00004
    2750   2.792   -84.25833    0.00004
    2751   2.792   -84.25833    0.00004    0.00004     855       1
    2752   2.793   -84.25833    0.00004    0.00007     856       2
    2753   2.790   -84.25834    0.00004
    2754   2.798   -84.25832    0.00004    0.00007     857       2
    2755   2.798   -84.25832    0.00004
    2756   2.799   -84.25832    0.00004    0.00007     858       2
    2757   2.793   -84.25833    0.00004
    2758   2.799   -84.25832    0.00004    0.00004     859       1
    2759   2.800   -84.25832    0.00004    0.00007     860       2
    2760   2.791   -84.25833    0.00004
    2761   2.802   -84.25832    0.00004    0.00004     861       1
    2762   2.803   -84.25832    0.00004    0.00004     862       1
    2763   2.805   -84.25831    0.00004    0.00025     863       7
    2764   2.806   -84.25831    0.00004
    2765   2.806   -84.25831    0.00004
    2766   2.805   -84.25831    0.00004
    2767   2.808   -84.25831    0.00004
    2768   2.810   -84.25830    0.00004
    2769   2.806   -84.25831    0.00004
    2770   2.807   -84.25831    0.00004    0.00018     864       5
    2771   2.807   -84.25831    0.00004
    2772   2.809   -84.25831    0.00004
    2773   2.809   -84.25831    0.00004
    2774   2.806   -84.25831    0.00004
    2775   2.809   -84.25830    0.00004    0.00025     865       7
    2776   2.808   -84.25831    0.00004
    2777   2.810   -84.25830    0.00004
    2778   2.810   -84.25830    0.00004
    2779   2.810   -84.25830    0.00004
    2780   2.810   -84.25830    0.00004
    2781   2.810   -84.25830    0.00004
    2782   2.811   -84.25830    0.00004    0.00004     866       1
    2783   2.811   -84.25830    0.00004    0.00004     867       1
    2784   2.810   -84.25830    0.00004    0.00039     868      11
    2785   2.812   -84.25830    0.00004
    2786   2.812   -84.25830    0.00004
    2787   2.814   -84.25830    0.00004
    2788   2.812   -84.25830    0.00004
    2789   2.814   -84.25830    0.00004
    2790   2.815   -84.25830    0.00004
    2791   2.816   -84.25829    0.00004
    2792   2.806   -84.25831    0.00004
    2793   2.814   -84.25830    0.00004
    2794   2.810   -84.25830    0.00004
    2795   2.813   -84.25830    0.00004    0.00007     869       2
    2796   2.816   -84.25829    0.00004
    2797   2.817   -84.25829    0.00004    0.00004     870       1
    2798   2.817   -84.25829    0.00004    0.00007     871       2
    2799   2.814   -84.25830    0.00004
    2800   2.815   -84.25830    0.00004    0.00004     872       1
    2801   2.816   -84.25829    0.00004    0.00011     873       3
    2802   2.816   -84.25829    0.00004
    2803   2.806   -84.25831    0.00004
    2804   2.817   -84.25829    0.00004    0.00004     874       1
    2805   2.819   -84.25829    0.00004    0.00004     875       1
    2806   2.819   -84.25829    0.00004    0.00028     876       8
    2807   2.819   -84.25829    0.00004
    2808   2.818   -84.25829    0.00004
    2809   2.818   -84.25829    0.00004
    2810   2.819   -84.25829    0.00004
    2811   2.820   -84.25829    0.00004
    2812   2.820   -84.25829    0.00004
    2813   2.820   -84.25829    0.00004
    2814   2.818   -84.25829    0.00004    0.00007     877       2
    2815   2.819   -84.25829    0.00004
    2816   2.820   -84.25829    0.00003    0.00017     878       5
    2817   2.821   -84.25829    0.00003
    2818   2.821   -84.25829    0.00003
    2819   2.819   -84.25829    0.00004
    2820   2.821   -84.25829    0.00003
    2821   2.820   -84.25829    0.00003    0.00007     879       2
    2822   2.819   -84.25829    0.00004
    2823   2.819   -84.25829    0.00004    0.00014     880       4
    2824   2.822   -84.25829    0.00003
    2825   2.822   -84.25828    0.00003
    2826   2.819   -84.25829    0.00004
    2827   2.823   -84.25828    0.00003    0.00017     881       5
    2828   2.810   -84.25830    0.00004
    2829   2.820   -84.25829    0.00003
    2830   2.823   -84.25828    0.00003
    2831   2.823   -84.25828    0.00003
    2832   2.825   -84.25828    0.00003    0.00003     882       1
    2833   2.824   -84.25828    0.00003    0.00003     883       1
    2834   2.806   -84.25831    0.00004    0.00011     884       3
    2835   2.825   -84.25828    0.00003
    2836   2.825   -84.25828    0.00003
    2837   2.828   -84.25828    0.00003    0.00003     885       1
    2838   2.830   -84.25827    0.00003    0.00003     886       1
    2839   2.827   -84.25828    0.00003    0.00007     887       2
    2840   2.831   -84.25827    0.00003
    2841   2.819   -84.25829    0.00004    0.00004     888       1
    2842   2.833   -84.25827    0.00003    0.00007     889       2
    2843   2.836   -84.25826    0.00003
    2844   2.836   -84.25826    0.00003    0.00003     890       1
    2845   2.833   -84.25827    0.00003    0.00024     891       7
    2846   2.833   -84.25827    0.00003
    2847   2.836   -84.25826    0.00003
    2848   2.837   -84.25826    0.00003
    2849   2.819   -84.25829    0.00004
    2850   2.837   -84.25826    0.00003
    2851   2.833   -84.25827    0.00003
    2852   2.838   -84.25826    0.00003    0.00007     892       2
    2853   2.838   -84.25826    0.00003
    2854   2.839   -84.25826    0.00003    0.00014     893       4
    2855   2.838   -84.25826    0.00003
    2856   2.840   -84.25826    0.00003
    2857   2.839   -84.25826    0.00003
    2858   2.841   -84.25826    0.00003    0.00007     894       2
    2859   2.839   -84.25826    0.00003
    2860   2.830   -84.25827    0.00003    0.00010     895       3
    2861   2.833   -84.25827    0.00003
    2862   2.841   -84.25826    0.00003
    2863   2.841   -84.25825    0.00003    0.00003     896       1
    2864   2.841   -84.25825    0.00003    0.00003     897       1
    2865   2.841   -84.25825    0.00003    0.00013     898       4
    2866   2.841   -84.25825    0.00003
    2867   2.841   -84.25825    0.00003
    2868   2.845   -84.25825    0.00003
    2869   2.846   -84.25825    0.00003    0.00017     899       5
    2870   2.845   -84.25825    0.00003
    2871   2.846   -84.25825    0.00003
    2872   2.841   -84.25825    0.00003
    2873   2.843   -84.25825    0.00003
    2874   2.848   -84.25824    0.00003    0.00010     900       3
    2875   2.834   -84.25827    0.00003
    2876   2.835   -84.25826    0.00003
    2877   2.848   -84.25824    0.00003    0.00007     901       2
    2878   2.850   -84.25824    0.00003
    2879   2.850   -84.25824    0.00003    0.00007     902       2
    2880   2.843   -84.25825    0.00003
    2881   2.850   -84.25824    0.00003    0.00010     903       3
    2882   2.851   -84.25824    0.00003
    2883   2.851   -84.25824    0.00003
    2884   2.851   -84.25824    0.00003    0.00020     904       6
    2885   2.851   -84.25824    0.00003
    2886   2.856   -84.25823    0.00003
    2887   2.851   -84.25824    0.00003
    2888   2.851   -84.25824    0.00003
    2889   2.857   -84.25823    0.00003
    2890   2.852   -84.25824    0.00003    0.00003     905       1
    2891   2.852   -84.25824    0.00003    0.00066     906      20
    2892   2.850   -84.25824    0.00003
    2893   2.858   -84.25823    0.00003
    2894   2.853   -84.25824    0.00003
    2895   2.849   -84.25824    0.00003
    2896   2.854   -84.25823    0.00003
    2897   2.851   -84.25824    0.00003
    2898   2.859   -84.25823    0.00003
    2899   2.860   -84.25822    0.00003
    2900   2.854   -84.25823    0.00003
    2901   2.862   -84.25822    0.00003
    2902   2.854   -84.25823    0.00003
    2903   2.854   -84.25823    0.00003
    2904   2.860   -84.25822    0.00003
    2905   2.857   -84.25823    0.00003
    2906   2.851   -84.25824    0.00003
    2907   2.861   -84.25822    0.00003
    2908   2.862   -84.25822    0.00003
    2909   2.862   -84.25822    0.00003
    2910   2.854   -84.25823    0.00003
    2911   2.860   -84.25822    0.00003    0.00003     907       1
    2912   2.854   -84.25823    0.00003    0.00007     908       2
    2913   2.860   -84.25822    0.00003
    2914   2.855   -84.25823    0.00003    0.00003     909       1
    2915   2.862   -84.25822    0.00003    0.00010     910       3
    2916   2.855   -84.25823    0.00003
    2917   2.863   -84.25822    0.00003
    2918   2.863   -84.25822    0.00003    0.00013     911       4
    2919   2.819   -84.25829    0.00004
    2920   2.863   -84.25822    0.00003
    2921   2.863   -84.25822    0.00003
    2922   2.863   -84.25822    0.00003    0.00003     912       1
    2923   2.863   -84.25822    0.00003    0.00003     913       1
    2924   2.855   -84.25823    0.00003    0.00007     914       2
    2925   2.863   -84.25822    0.00003
    2926   2.864   -84.25822    0.00003    0.00003     915       1
    2927   2.867   -84.25821    0.00003    0.00013     916       4
    2928   2.864   -84.25822    0.00003
    2929   2.867   -84.25821    0.00003
    2930   2.867   -84.25821    0.00003
    2931   2.864   -84.25822    0.00003    0.00032     917      10
    2932   2.868   -84.25821    0.00003
    2933   2.855   -84.25823    0.00003
    2934   2.868   -84.25821    0.00003
    2935   2.865   -84.25822    0.00003
    2936   2.865   -84.25822    0.00003
    2937   2.865   -84.25822    0.00003
    2938   2.869   -84.25821    0.00003
    2939   2.855   -84.25823    0.00003
    2940   2.863   -84.25822    0.00003
    2941   2.871   -84.25821    0.00003    0.00016     918       5
    2942   2.873   -84.25820    0.00003
    2943   2.873   -84.25820    0.00003
    2944   2.866   -84.25822    0.00003
    2945   2.875   -84.25820    0.00003
    2946   2.855   -84.25823    0.00003    0.00003     919       1
    2947   2.875   -84.25820    0.00003    0.00006     920       2
    2948   2.855   -84.25823    0.00003
    2949   2.876   -84.25820    0.00003    0.00006     921       2
    2950   2.856   -84.25823    0.00003
    2951   2.866   -84.25821    0.00003    0.00003     922       1
    2952   2.876   -84.25820    0.00003    0.00003     923       1
    2953   2.876   -84.25820    0.00003    0.00010     924       3
    2954   2.876   -84.25820    0.00003
    2955   2.877   -84.25820    0.00003
    2956   2.877   -84.25820    0.00003    0.00003     925       1
    2957   2.877   -84.25820    0.00003    0.00003     926       1
    2958   2.877   -84.25820    0.00003    0.00051     927      16
    2959   2.878   -84.25820    0.00003
    2960   2.878   -84.25820    0.00003
    2961   2.878   -84.25820    0.00003
    2962   2.878   -84.25820    0.00003
    2963   2.880   -84.25819    0.00003
    2964   2.881   -84.25819    0.00003
    2965   2.878   -84.25820    0.00003
    2966   2.878   -84.25820    0.00003
    2967   2.878   -84.25819    0.00003
    2968   2.876   -84.25820    0.00003
    2969   2.879   -84.25819    0.00003
    2970   2.879   -84.25819    0.00003
    2971   2.881   -84.25819    0.00003
    2972   2.883   -84.25819    0.00003
    2973   2.885   -84.25818    0.00003
    2974   2.881   -84.25819    0.00003    0.00003     928       1
    2975   2.884   -84.25819    0.00003    0.00006     929       2
    2976   2.856   -84.25823    0.00003
    2977   2.880   -84.25819    0.00003    0.00028     930       9
    2978   2.881   -84.25819    0.00003
    2979   2.884   -84.25819    0.00003
    2980   2.880   -84.25819    0.00003
    2981   2.887   -84.25818    0.00003
    2982   2.880   -84.25819    0.00003
    2983   2.884   -84.25819    0.00003
    2984   2.881   -84.25819    0.00003
    2985   2.888   -84.25818    0.00003
    2986   2.882   -84.25819    0.00003    0.00019     931       6
    2987   2.882   -84.25819    0.00003
    2988   2.880   -84.25819    0.00003
    2989   2.884   -84.25819    0.00003
    2990   2.888   -84.25818    0.00003
    2991   2.885   -84.25818    0.00003
    2992   2.883   -84.25819    0.00003    0.00003     932       1
    2993   2.883   -84.25819    0.00003    0.00003     933       1
    2994   2.889   -84.25818    0.00003    0.00006     934       2
    2995   2.883   -84.25819    0.00003
    2996   2.889   -84.25818    0.00003    0.00003     935       1
    2997   2.883   -84.25819    0.00003    0.00003     936       1
    2998   2.890   -84.25818    0.00003    0.00003     937       1
    2999   2.891   -84.25818    0.00003    0.00003     938       1
    3000   2.891   -84.25818    0.00003    0.00003     939       1
    3001   2.891   -84.25817    0.00003    0.00003     940       1
    3002   2.893   -84.25817    0.00003    0.00003     941       1
    3003   2.893   -84.25817    0.00003    0.00031     942      10
    3004   2.894   -84.25817    0.00003
    3005   2.895   -84.25817    0.00003
    3006   2.893   -84.25817    0.00003
    3007   2.893   -84.25817    0.00003
    3008   2.893   -84.25817    0.00003
    3009   2.893   -84.25817    0.00003
    3010   2.893   -84.25817    0.00003
    3011   2.894   -84.25817    0.00003
    3012   2.895   -84.25817    0.00003
    3013   2.894   -84.25817    0.00003    0.00003     943       1
    3014   2.897   -84.25817    0.00003    0.00015     944       5
    3015   2.898   -84.25816    0.00003
    3016   2.895   -84.25817    0.00003
    3017   2.896   -84.25817    0.00003
    3018   2.894   -84.25817    0.00003
    3019   2.896   -84.25817    0.00003    0.00025     945       8
    3020   2.898   -84.25816    0.00003
    3021   2.899   -84.25816    0.00003
    3022   2.900   -84.25816    0.00003
    3023   2.900   -84.25816    0.00003
    3024   2.894   -84.25817    0.00003
    3025   2.901   -84.25816    0.00003
    3026   2.900   -84.25816    0.00003
    3027   2.897   -84.25817    0.00003    0.00021     946       7
    3028   2.897   -84.25817    0.00003
    3029   2.901   -84.25816    0.00003
    3030   2.897   -84.25817    0.00003
    3031   2.901   -84.25816    0.00003
    3032   2.898   -84.25816    0.00003
    3033   2.902   -84.25816    0.00003
    3034   2.901   -84.25816    0.00003    0.00003     947       1
    3035   2.904   -84.25815    0.00003    0.00006     948       2
    3036   2.897   -84.25816    0.00003
    3037   2.902   -84.25816    0.00003    0.00003     949       1
    3038   2.904   -84.25815    0.00003    0.00009     950       3
    3039   2.897   -84.25816    0.00003
    3040   2.904   -84.25815    0.00003
    3041   2.895   -84.25817    0.00003    0.00003     951       1
    3042   2.905   -84.25815    0.00003    0.00012     952       4
    3043   2.905   -84.25815    0.00003
    3044   2.897   -84.25816    0.00003
    3045   2.906   -84.25815    0.00003
    3046   2.906   -84.25815    0.00003    0.00015     953       5
    3047   2.897   -84.25816    0.00003
    3048   2.910   -84.25814    0.00003
    3049   2.909   -84.25815    0.00003
    3050   2.897   -84.25817    0.00003
    3051   2.895   -84.25817    0.00003    0.00003     954       1
    3052   2.910   -84.25814    0.00003    0.00006     955       2
    3053   2.895   -84.25817    0.00003
    3054   2.904   -84.25815    0.00003    0.00003     956       1
    3055   2.904   -84.25815    0.00003    0.00009     957       3
    3056   2.912   -84.25814    0.00003
    3057   2.912   -84.25814    0.00003
    3058   2.897   -84.25817    0.00003    0.00003     958       1
    3059   2.897   -84.25817    0.00003    0.00003     959       1
    3060   2.913   -84.25814    0.00003    0.00006     960       2
    3061   2.914   -84.25814    0.00003
    3062   2.895   -84.25817    0.00003    0.00003     961       1
    3063   2.914   -84.25814    0.00003    0.00003     962       1
    3064   2.915   -84.25814    0.00003    0.00006     963       2
    3065   2.916   -84.25814    0.00003
    3066   2.909   -84.25815    0.00003    0.00003     964       1
    3067   2.916   -84.25814    0.00003    0.00003     965       1
    3068   2.915   -84.25814    0.00003    0.00003     966       1
    3069   2.916   -84.25813    0.00003    0.00003     967       1
    3070   2.917   -84.25813    0.00003    0.00035     968      12
    3071   2.917   -84.25813    0.00003
    3072   2.918   -84.25813    0.00003
    3073   2.919   -84.25813    0.00003
    3074   2.924   -84.25812    0.00003
    3075   2.924   -84.25812    0.00003
    3076   2.925   -84.25812    0.00003
    3077   2.925   -84.25812    0.00003
    3078   2.925   -84.25812    0.00003
    3079   2.929   -84.25811    0.00003
    3080   2.930   -84.25811    0.00003
    3081   2.925   -84.25812    0.00003
    3082   2.925   -84.25812    0.00003    0.00006     969       2
    3083   2.926   -84.25812    0.00003
    3084   2.926   -84.25812    0.00003    0.00015     970       5
    3085   2.920   -84.25813    0.00003
    3086   2.926   -84.25812    0.00003
    3087   2.926   -84.25812    0.00003
    3088   2.926   -84.25812    0.00003
    3089   2.925   -84.25812    0.00003    0.00050     971      17
    3090   2.926   -84.25812    0.00003
    3091   2.927   -84.25812    0.00003
    3092   2.927   -84.25812    0.00003
    3093   2.927   -84.25812    0.00003
    3094   2.920   -84.25813    0.00003
    3095   2.927   -84.25812    0.00003
    3096   2.928   -84.25812    0.00003
    3097   2.928   -84.25812    0.00003
    3098   2.922   -84.25812    0.00003
    3099   2.923   -84.25812    0.00003
    3100   2.932   -84.25811    0.00003
    3101   2.928   -84.25812    0.00003
    3102   2.924   -84.25812    0.00003
    3103   2.924   -84.25812    0.00003
    3104   2.925   -84.25812    0.00003
    3105   2.924   -84.25812    0.00003
    3106   2.929   -84.25811    0.00003    0.00006     972       2
    3107   2.924   -84.25812    0.00003
    3108   2.933   -84.25811    0.00003    0.00003     973       1
    3109   2.934   -84.25811    0.00003    0.00017     974       6
    3110   2.933   -84.25811    0.00003
    3111   2.934   -84.25811    0.00003
    3112   2.934   -84.25811    0.00003
    3113   2.936   -84.25810    0.00003
    3114   2.936   -84.25810    0.00003
    3115   2.937   -84.25810    0.00003    0.00012     975       4
    3116   2.925   -84.25812    0.00003
    3117   2.933   -84.25811    0.00003
    3118   2.937   -84.25810    0.00003
    3119   2.937   -84.25810    0.00003    0.00003     976       1
    3120   2.938   -84.25810    0.00003    0.00003     977       1
    3121   2.933   -84.25811    0.00003    0.00020     978       7
    3122   2.940   -84.25810    0.00003
    3123   2.939   -84.25810    0.00003
    3124   2.939   -84.25810    0.00003
    3125   2.940   -84.25810    0.00003
    3126   2.941   -84.25810    0.00003
    3127   2.941   -84.25809    0.00003
    3128   2.941   -84.25810    0.00003    0.00003     979       1
    3129   2.941   -84.25809    0.00003    0.00011     980       4
    3130   2.943   -84.25809    0.00003
    3131   2.944   -84.25809    0.00003
    3132   2.945   -84.25809    0.00003
    3133   2.948   -84.25808    0.00003    0.00006     981       2
    3134   2.945   -84.25809    0.00003
    3135   2.941   -84.25809    0.00003    0.00003     982       1
    3136   2.944   -84.25809    0.00003    0.00006     983       2
    3137   2.942   -84.25809    0.00003
    3138   2.940   -84.25810    0.00003    0.00006     984       2
    3139   2.948   -84.25808    0.00003
    3140   2.948   -84.25808    0.00003    0.00003     985       1
    3141   2.949   -84.25808    0.00003    0.00003     986       1
    3142   2.949   -84.25808    0.00003    0.00003     987       1
    3143   2.950   -84.25808    0.00003    0.00003     988       1
    3144   2.950   -84.25808    0.00003    0.00003     989       1
    3145   2.950   -84.25808    0.00003    0.00003     990       1
    3146   2.950   -84.25808    0.00003    0.00003     991       1
    3147   2.950   -84.25808    0.00003    0.00003     992       1
    3148   2.951   -84.25808    0.00003    0.00011     993       4
    3149   2.953   -84.25808    0.00003
    3150   2.954   -84.25807    0.00003
    3151   2.954   -84.25807    0.00003
    3152   2.955   -84.25807    0.00003    0.00006     994       2
    3153   2.959   -84.25807    0.00003
    3154   2.954   -84.25807    0.00003    0.00008     995       3
    3155   2.956   -84.25807    0.00003
    3156   2.956   -84.25807    0.00003
    3157   2.955   -84.25807    0.00003    0.00011     996       4
    3158   2.959   -84.25807    0.00003
    3159   2.961   -84.25806    0.00003
    3160   2.962   -84.25806    0.00003
    3161   2.962   -84.25806    0.00003    0.00003     997       1
    3162   2.963   -84.25806    0.00003    0.00006     998       2
    3163   2.953   -84.25808    0.00003
    3164   2.963   -84.25806    0.00003    0.00003     999       1
    3165   2.963   -84.25806    0.00003    0.00003    1000       1
    3166   2.964   -84.25806    0.00003    0.00003    1001       1
    3167   2.964   -84.25806    0.00003    0.00008    1002       3
    3168   2.967   -84.25805    0.00003
    3169   2.964   -84.25806    0.00003
    3170   2.967   -84.25805    0.00003    0.00008    1003       3
    3171   2.966   -84.25806    0.00003
    3172   2.968   -84.25805    0.00003
    3173   2.967   -84.25805    0.00003    0.00003    1004       1
    3174   2.966   -84.25806    0.00003    0.00005    1005       2
    3175   2.969   -84.25805    0.00003
    3176   2.934   -84.25811    0.00003    0.00003    1006       1
    3177   2.934   -84.25811    0.00003    0.00014    1007       5
    3178   2.970   -84.25805    0.00003
    3179   2.973   -84.25804    0.00003
    3180   2.973   -84.25804    0.00003
    3181   2.971   -84.25805    0.00003
    3182   2.975   -84.25804    0.00003    0.00005    1008       2
    3183   2.975   -84.25804    0.00003
    3184   2.976   -84.25804    0.00003    0.00003    1009       1
    3185   2.972   -84.25805    0.00003    0.00008    1010       3
    3186   2.972   -84.25805    0.00003
    3187   2.973   -84.25804    0.00003
    3188   2.979   -84.25804    0.00003    0.00003    1011       1
    3189   2.979   -84.25804    0.00003    0.00003    1012       1
    3190   2.980   -84.25803    0.00003    0.00003    1013       1
    3191   2.981   -84.25803    0.00003    0.00003    1014       1
    3192   2.984   -84.25803    0.00003    0.00003    1015       1
    3193   2.984   -84.25803    0.00003    0.00011    1016       4
    3194   2.987   -84.25802    0.00003
    3195   2.987   -84.25802    0.00003
    3196   2.987   -84.25802    0.00003
    3197   2.988   -84.25802    0.00003    0.00005    1017       2
    3198   2.984   -84.25803    0.00003
    3199   2.988   -84.25802    0.00003    0.00005    1018       2
    3200   2.985   -84.25803    0.00003
    3201   2.988   -84.25802    0.00003    0.00003    1019       1
    3202   2.989   -84.25802    0.00003    0.00008    1020       3
    3203   2.990   -84.25802    0.00003
    3204   2.990   -84.25802    0.00003
    3205   2.989   -84.25802    0.00003    0.00005    1021       2
    3206   2.990   -84.25802    0.00003
    3207   2.990   -84.25802    0.00003    0.00013    1022       5
    3208   2.990   -84.25802    0.00003
    3209   2.991   -84.25802    0.00003
    3210   2.994   -84.25801    0.00003
    3211   2.987   -84.25802    0.00003
    3212   2.992   -84.25801    0.00003    0.00003    1023       1
    3213   2.996   -84.25801    0.00003    0.00003    1024       1
    3214   2.996   -84.25801    0.00003    0.00003    1025       1
    3215   3.001   -84.25800    0.00003    0.00010    1026       4
    3216   3.001   -84.25800    0.00003
    3217   3.001   -84.25800    0.00003
    3218   3.003   -84.25800    0.00003
    3219   3.004   -84.25800    0.00003    0.00005    1027       2
    3220   3.004   -84.25799    0.00003
    3221   3.006   -84.25799    0.00003    0.00005    1028       2
    3222   3.007   -84.25799    0.00003
    3223   3.007   -84.25799    0.00003    0.00003    1029       1
    3224   3.009   -84.25799    0.00003    0.00005    1030       2
    3225   3.010   -84.25799    0.00003
    3226   3.007   -84.25799    0.00003    0.00005    1031       2
    3227   3.010   -84.25799    0.00003
    3228   3.011   -84.25798    0.00003    0.00005    1032       2
    3229   3.008   -84.25799    0.00003
    3230   3.011   -84.25798    0.00003    0.00003    1033       1
    3231   3.012   -84.25798    0.00003    0.00003    1034       1
    3232   3.012   -84.25798    0.00003    0.00010    1035       4
    3233   3.013   -84.25798    0.00003
    3234   3.016   -84.25798    0.00003
    3235   3.015   -84.25798    0.00003
    3236   3.017   -84.25797    0.00003    0.00005    1036       2
    3237   3.016   -84.25798    0.00003
    3238   3.017   -84.25797    0.00003    0.00005    1037       2
    3239   3.017   -84.25797    0.00003
    3240   3.017   -84.25797    0.00003    0.00003    1038       1
    3241   3.017   -84.25797    0.00003    0.00010    1039       4
    3242   3.018   -84.25797    0.00003
    3243   3.017   -84.25797    0.00003
    3244   3.018   -84.25797    0.00003
    3245   3.017   -84.25797    0.00003    0.00018    1040       7
    3246   3.023   -84.25796    0.00002
    3247   3.018   -84.25797    0.00003
    3248   3.017   -84.25797    0.00003
    3249   3.018   -84.25797    0.00003
    3250   3.021   -84.25797    0.00002
    3251   3.015   -84.25798    0.00003
    3252   3.024   -84.25796    0.00002    0.00002    1041       1
    3253   3.027   -84.25796    0.00002    0.00002    1042       1
    3254   3.029   -84.25796    0.00002    0.00002    1043       1
    3255   3.032   -84.25795    0.00002    0.00005    1044       2
    3256   3.033   -84.25795    0.00002
    3257   3.031   -84.25795    0.00002    0.00005    1045       2
    3258   3.033   -84.25795    0.00002
    3259   3.033   -84.25795    0.00002    0.00002    1046       1
    3260   3.037   -84.25794    0.00002    0.00002    1047       1
    3261   3.038   -84.25794    0.00002    0.00002    1048       1
    3262   3.041   -84.25794    0.00002    0.00015    1049       6
    3263   3.041   -84.25794    0.00002
    3264   3.038   -84.25794    0.00002
    3265   3.038   -84.25794    0.00002
    3266   3.038   -84.25794    0.00002
    3267   3.039   -84.25794    0.00002
    3268   3.040   -84.25794    0.00002    0.00002    1050       1
    3269   3.041   -84.25794    0.00002    0.00002    1051       1
    3270   3.041   -84.25794    0.00002    0.00005    1052       2
    3271   3.017   -84.25797    0.00003
    3272   3.045   -84.25793    0.00002    0.00002    1053       1
    3273   3.050   -84.25792    0.00002    0.00007    1054       3
    3274   3.054   -84.25792    0.00002
    3275   3.052   -84.25792    0.00002
    3276   3.055   -84.25791    0.00002    0.00005    1055       2
    3277   3.053   -84.25792    0.00002
    3278   3.056   -84.25791    0.00002    0.00002    1056       1
    3279   3.057   -84.25791    0.00002    0.00007    1057       3
    3280   3.058   -84.25791    0.00002
    3281   3.058   -84.25791    0.00002
    3282   3.062   -84.25790    0.00002    0.00002    1058       1
    3283   3.062   -84.25790    0.00002    0.00002    1059       1
    3284   3.063   -84.25790    0.00002    0.00002    1060       1
    3285   3.067   -84.25789    0.00002    0.00005    1061       2
    3286   3.067   -84.25789    0.00002
    3287   3.068   -84.25789    0.00002    0.00005    1062       2
    3288   3.068   -84.25789    0.00002
    3289   3.072   -84.25789    0.00002    0.00002    1063       1
    3290   3.072   -84.25789    0.00002    0.00005    1064       2
    3291   3.073   -84.25788    0.00002
    3292   3.073   -84.25788    0.00002    0.00011    1065       5
    3293   3.074   -84.25788    0.00002
    3294   3.074   -84.25788    0.00002
    3295   3.077   -84.25788    0.00002
    3296   3.078   -84.25788    0.00002
    3297   3.079   -84.25787    0.00002    0.00009    1066       4
    3298   3.081   -84.25787    0.00002
    3299   3.081   -84.25787    0.00002
    3300   3.073   -84.25788    0.00002
    3301   3.082   -84.25787    0.00002    0.00004    1067       2
    3302   3.083   -84.25787    0.00002
    3303   3.084   -84.25787    0.00002    0.00002    1068       1
    3304   3.085   -84.25787    0.00002    0.00002    1069       1
    3305   3.087   -84.25786    0.00002    0.00004    1070       2
    3306   3.088   -84.25786    0.00002
    3307   3.089   -84.25786    0.00002    0.00002    1071       1
    3308   3.090   -84.25786    0.00002    0.00002    1072       1
    3309   3.091   -84.25786    0.00002    0.00002    1073       1
    3310   3.092   -84.25785    0.00002    0.00002    1074       1
    3311   3.092   -84.25785    0.00002    0.00002    1075       1
    3312   3.098   -84.25784    0.00002    0.00002    1076       1
    3313   3.098   -84.25784    0.00002    0.00007    1077       3
    3314   3.099   -84.25784    0.00002
    3315   3.102   -84.25784    0.00002
    3316   3.102   -84.25784    0.00002    0.00002    1078       1
    3317   3.102   -84.25784    0.00002    0.00002    1079       1
    3318   3.103   -84.25784    0.00002    0.00002    1080       1
    3319   3.105   -84.25783    0.00002    0.00002    1081       1
    3320   3.106   -84.25783    0.00002    0.00002    1082       1
    3321   3.107   -84.25783    0.00002    0.00002    1083       1
    3322   3.119   -84.25781    0.00002    0.00002    1084       1
    3323   3.121   -84.25781    0.00002    0.00006    1085       3
    3324   3.122   -84.25781    0.00002
    3325   3.123   -84.25781    0.00002
    3326   3.121   -84.25781    0.00002    0.00002    1086       1
    3327   3.122   -84.25781    0.00002    0.00002    1087       1
    3328   3.123   -84.25781    0.00002    0.00004    1088       2
    3329   3.123   -84.25780    0.00002
    3330   3.124   -84.25780    0.00002    0.00013    1089       6
    3331   3.124   -84.25780    0.00002
    3332   3.124   -84.25780    0.00002
    3333   3.124   -84.25780    0.00002
    3334   3.124   -84.25780    0.00002
    3335   3.123   -84.25780    0.00002
    3336   3.125   -84.25780    0.00002    0.00002    1090       1
    3337   3.126   -84.25780    0.00002    0.00021    1091      10
    3338   3.127   -84.25780    0.00002
    3339   3.127   -84.25780    0.00002
    3340   3.127   -84.25780    0.00002
    3341   3.127   -84.25780    0.00002
    3342   3.127   -84.25780    0.00002
    3343   3.127   -84.25780    0.00002
    3344   3.128   -84.25780    0.00002
    3345   3.128   -84.25780    0.00002
    3346   3.128   -84.25780    0.00002
    3347   3.134   -84.25779    0.00002    0.00002    1092       1
    3348   3.136   -84.25778    0.00002    0.00002    1093       1
    3349   3.137   -84.25778    0.00002    0.00002    1094       1
    3350   3.138   -84.25778    0.00002    0.00006    1095       3
    3351   3.140   -84.25778    0.00002
    3352   3.140   -84.25778    0.00002
    3353   3.142   -84.25777    0.00002    0.00010    1096       5
    3354   3.142   -84.25777    0.00002
    3355   3.142   -84.25777    0.00002
    3356   3.143   -84.25777    0.00002
    3357   3.143   -84.25777    0.00002
    3358   3.144   -84.25777    0.00002    0.00006    1097       3
    3359   3.146   -84.25777    0.00002
    3360   3.147   -84.25777    0.00002
    3361   3.147   -84.25777    0.00002    0.00002    1098       1
    3362   3.147   -84.25777    0.00002    0.00004    1099       2
    3363   3.147   -84.25777    0.00002
    3364   3.148   -84.25777    0.00002    0.00006    1100       3
    3365   3.148   -84.25777    0.00002
    3366   3.153   -84.25776    0.00002
    3367   3.148   -84.25776    0.00002    0.00002    1101       1
    3368   3.154   -84.25776    0.00002    0.00002    1102       1
    3369   3.154   -84.25776    0.00002    0.00002    1103       1
    3370   3.156   -84.25775    0.00002    0.00020    1104      10
    3371   3.156   -84.25775    0.00002
    3372   3.156   -84.25775    0.00002
    3373   3.156   -84.25775    0.00002
    3374   3.156   -84.25775    0.00002
    3375   3.156   -84.25775    0.00002
    3376   3.157   -84.25775    0.00002
    3377   3.158   -84.25775    0.00002
    3378   3.158   -84.25775    0.00002
    3379   3.158   -84.25775    0.00002
    3380   3.158   -84.25775    0.00002    0.00002    1105       1
    3381   3.167   -84.25773    0.00002    0.00002    1106       1
    3382   3.168   -84.25773    0.00002    0.00012    1107       6
    3383   3.168   -84.25773    0.00002
    3384   3.170   -84.25773    0.00002
    3385   3.168   -84.25773    0.00002
    3386   3.168   -84.25773    0.00002
    3387   3.170   -84.25773    0.00002
    3388   3.169   -84.25773    0.00002    0.00002    1108       1
    3389   3.171   -84.25773    0.00002    0.00004    1109       2
    3390   3.171   -84.25773    0.00002
    3391   3.172   -84.25773    0.00002    0.00004    1110       2
    3392   3.173   -84.25772    0.00002
    3393   3.174   -84.25772    0.00002    0.00002    1111       1
    3394   3.169   -84.25773    0.00002    0.00002    1112       1
    3395   3.176   -84.25772    0.00002    0.00006    1113       3
    3396   3.177   -84.25772    0.00002
    3397   3.176   -84.25772    0.00002
    3398   3.179   -84.25772    0.00002    0.00002    1114       1
    3399   3.181   -84.25771    0.00002    0.00002    1115       1
    3400   3.182   -84.25771    0.00002    0.00006    1116       3
    3401   3.182   -84.25771    0.00002
    3402   3.182   -84.25771    0.00002
    3403   3.183   -84.25771    0.00002    0.00011    1117       6
    3404   3.183   -84.25771    0.00002
    3405   3.184   -84.25771    0.00002
    3406   3.185   -84.25771    0.00002
    3407   3.184   -84.25771    0.00002
    3408   3.177   -84.25772    0.00002
    3409   3.185   -84.25771    0.00002    0.00002    1118       1
    3410   3.188   -84.25770    0.00002    0.00006    1119       3
    3411   3.189   -84.25770    0.00002
    3412   3.189   -84.25770    0.00002
    3413   3.189   -84.25770    0.00002    0.00002    1120       1
    3414   3.191   -84.25770    0.00002    0.00002    1121       1
    3415   3.192   -84.25770    0.00002    0.00004    1122       2
    3416   3.192   -84.25769    0.00002
    3417   3.193   -84.25769    0.00002    0.00006    1123       3
    3418   3.194   -84.25769    0.00002
    3419   3.194   -84.25769    0.00002
    3420   3.194   -84.25769    0.00002    0.00002    1124       1
    3421   3.195   -84.25769    0.00002    0.00006    1125       3
    3422   3.198   -84.25769    0.00002
    3423   3.199   -84.25768    0.00002
    3424   3.197   -84.25769    0.00002    0.00002    1126       1
    3425   3.199   -84.25768    0.00002    0.00002    1127       1
    3426   3.200   -84.25768    0.00002    0.00004    1128       2
    3427   3.200   -84.25768    0.00002
    3428   3.204   -84.25768    0.00002    0.00005    1129       3
    3429   3.202   -84.25768    0.00002
    3430   3.205   -84.25767    0.00002
    3431   3.207   -84.25767    0.00002    0.00002    1130       1
    3432   3.197   -84.25769    0.00002    0.00007    1131       4
    3433   3.210   -84.25767    0.00002
    3434   3.203   -84.25768    0.00002
    3435   3.212   -84.25766    0.00002
    3436   3.213   -84.25766    0.00002    0.00005    1132       3
    3437   3.212   -84.25766    0.00002
    3438   3.215   -84.25766    0.00002
    3439   3.212   -84.25766    0.00002    0.00004    1133       2
    3440   3.216   -84.25766    0.00002
    3441   3.216   -84.25766    0.00002    0.00005    1134       3
    3442   3.217   -84.25765    0.00002
    3443   3.219   -84.25765    0.00002
    3444   3.219   -84.25765    0.00002    0.00004    1135       2
    3445   3.216   -84.25766    0.00002
    3446   3.216   -84.25766    0.00002    0.00005    1136       3
    3447   3.221   -84.25765    0.00002
    3448   3.221   -84.25765    0.00002
    3449   3.216   -84.25766    0.00002    0.00009    1137       5
    3450   3.222   -84.25765    0.00002
    3451   3.212   -84.25766    0.00002
    3452   3.222   -84.25765    0.00002
    3453   3.222   -84.25765    0.00002
    3454   3.223   -84.25765    0.00002    0.00005    1138       3
    3455   3.226   -84.25764    0.00002
    3456   3.224   -84.25764    0.00002
    3457   3.226   -84.25764    0.00002    0.00002    1139       1
    3458   3.224   -84.25764    0.00002    0.00002    1140       1
    3459   3.228   -84.25764    0.00002    0.00002    1141       1
    3460   3.229   -84.25764    0.00002    0.00002    1142       1
    3461   3.232   -84.25763    0.00002    0.00002    1143       1
    3462   3.232   -84.25763    0.00002    0.00010    1144       6
    3463   3.233   -84.25763    0.00002
    3464   3.234   -84.25763    0.00002
    3465   3.237   -84.25762    0.00002
    3466   3.235   -84.25763    0.00002
    3467   3.235   -84.25763    0.00002
    3468   3.238   -84.25762    0.00002    0.00002    1145       1
    3469   3.238   -84.25762    0.00002    0.00002    1146       1
    3470   3.239   -84.25762    0.00002    0.00002    1147       1
    3471   3.239   -84.25762    0.00002    0.00002    1148       1
    3472   3.239   -84.25762    0.00002    0.00002    1149       1
    3473   3.240   -84.25762    0.00002    0.00005    1150       3
    3474   3.240   -84.25762    0.00002
    3475   3.240   -84.25762    0.00002
    3476   3.239   -84.25762    0.00002    0.00003    1151       2
    3477   3.240   -84.25762    0.00002
    3478   3.240   -84.25762    0.00002    0.00010    1152       6
    3479   3.241   -84.25762    0.00002
    3480   3.244   -84.25761    0.00002
    3481   3.245   -84.25761    0.00002
    3482   3.241   -84.25762    0.00002
    3483   3.245   -84.25761    0.00002
    3484   3.245   -84.25761    0.00002    0.00002    1153       1
    3485   3.245   -84.25761    0.00002    0.00002    1154       1
    3486   3.245   -84.25761    0.00002    0.00009    1155       5
    3487   3.242   -84.25761    0.00002
    3488   3.246   -84.25761    0.00002
    3489   3.245   -84.25761    0.00002
    3490   3.246   -84.25761    0.00002
    3491   3.247   -84.25761    0.00002    0.00005    1156       3
    3492   3.247   -84.25761    0.00002
    3493   3.237   -84.25762    0.00002
    3494   3.244   -84.25761    0.00002    0.00005    1157       3
    3495   3.247   -84.25761    0.00002
    3496   3.248   -84.25761    0.00002
    3497   3.246   -84.25761    0.00002    0.00003    1158       2
    3498   3.249   -84.25760    0.00002
    3499   3.249   -84.25760    0.00002    0.00025    1159      15
    3500   3.251   -84.25760    0.00002
    3501   3.251   -84.25760    0.00002
    3502   3.252   -84.25760    0.00002
    3503   3.256   -84.25759    0.00002
    3504   3.256   -84.25759    0.00002
    3505   3.256   -84.25759    0.00002
    3506   3.252   -84.25760    0.00002
    3507   3.253   -84.25760    0.00002
    3508   3.257   -84.25759    0.00002
    3509   3.259   -84.25759    0.00002
    3510   3.257   -84.25759    0.00002
    3511   3.259   -84.25759    0.00002
    3512   3.253   -84.25760    0.00002
    3513   3.253   -84.25760    0.00002
    3514   3.259   -84.25759    0.00002    0.00002    1160       1
    3515   3.257   -84.25759    0.00002    0.00002    1161       1
    3516   3.261   -84.25759    0.00002    0.00002    1162       1
    3517   3.261   -84.25758    0.00002    0.00007    1163       4
    3518   3.254   -84.25760    0.00002
    3519   3.258   -84.25759    0.00002
    3520   3.254   -84.25760    0.00002
    3521   3.255   -84.25760    0.00002    0.00003    1164       2
    3522   3.263   -84.25758    0.00002
    3523   3.266   -84.25758    0.00002    0.00002    1165       1
    3524   3.269   -84.25757    0.00002    0.00002    1166       1
    3525   3.267   -84.25757    0.00002    0.00002    1167       1
    3526   3.255   -84.25759    0.00002    0.00003    1168       2
    3527   3.264   -84.25758    0.00002
    3528   3.270   -84.25757    0.00002    0.00003    1169       2
    3529   3.248   -84.25761    0.00002
    3530   3.270   -84.25757    0.00002    0.00002    1170       1
    3531   3.270   -84.25757    0.00002    0.00002    1171       1
    3532   3.271   -84.25757    0.00002    0.00005    1172       3
    3533   3.271   -84.25757    0.00002
    3534   3.271   -84.25757    0.00002
    3535   3.272   -84.25757    0.00002    0.00002    1173       1
    3536   3.272   -84.25757    0.00002    0.00005    1174       3
    3537   3.273   -84.25757    0.00002
    3538   3.271   -84.25757    0.00002
    3539   3.273   -84.25757    0.00002    0.00003    1175       2
    3540   3.274   -84.25756    0.00002
    3541   3.255   -84.25759    0.00002    0.00010    1176       6
    3542   3.256   -84.25759    0.00002
    3543   3.275   -84.25756    0.00002
    3544   3.275   -84.25756    0.00002
    3545   3.279   -84.25756    0.00002
    3546   3.274   -84.25756    0.00002
    3547   3.280   -84.25756    0.00002    0.00011    1177       7
    3548   3.280   -84.25756    0.00002
    3549   3.280   -84.25756    0.00002
    3550   3.275   -84.25756    0.00002
    3551   3.276   -84.25756    0.00002
    3552   3.280   -84.25755    0.00002
    3553   3.280   -84.25755    0.00002
    3554   3.280   -84.25755    0.00002    0.00010    1178       6
    3555   3.276   -84.25756    0.00002
    3556   3.280   -84.25755    0.00002
    3557   3.280   -84.25755    0.00002
    3558   3.282   -84.25755    0.00002
    3559   3.282   -84.25755    0.00002
    3560   3.282   -84.25755    0.00002    0.00002    1179       1
    3561   3.282   -84.25755    0.00002    0.00003    1180       2
    3562   3.281   -84.25755    0.00002
    3563   3.281   -84.25755    0.00002    0.00010    1181       6
    3564   3.282   -84.25755    0.00002
    3565   3.281   -84.25755    0.00002
    3566   3.282   -84.25755    0.00002
    3567   3.281   -84.25755    0.00002
    3568   3.283   -84.25755    0.00002
    3569   3.283   -84.25755    0.00002    0.00005    1182       3
    3570   3.283   -84.25755    0.00002
    3571   3.282   -84.25755    0.00002
    3572   3.277   -84.25756    0.00002    0.00003    1183       2
    3573   3.284   -84.25755    0.00002
    3574   3.283   -84.25755    0.00002    0.00005    1184       3
    3575   3.278   -84.25756    0.00002
    3576   3.282   -84.25755    0.00002
    3577   3.280   -84.25755    0.00002    0.00002    1185       1
    3578   3.274   -84.25756    0.00002    0.00003    1186       2
    3579   3.286   -84.25754    0.00002
    3580   3.288   -84.25754    0.00002    0.00005    1187       3
    3581   3.286   -84.25755    0.00002
    3582   3.288   -84.25754    0.00002
    3583   3.275   -84.25756    0.00002    0.00005    1188       3
    3584   3.289   -84.25754    0.00002
    3585   3.286   -84.25754    0.00002
    3586   3.289   -84.25754    0.00002    0.00002    1189       1
    3587   3.289   -84.25754    0.00002    0.00002    1190       1
    3588   3.289   -84.25754    0.00002    0.00002    1191       1
    3589   3.290   -84.25754    0.00002    0.00008    1192       5
    3590   3.290   -84.25754    0.00002
    3591   3.287   -84.25754    0.00002
    3592   3.275   -84.25756    0.00002
    3593   3.291   -84.25754    0.00002
    3594   3.291   -84.25754    0.00002    0.00002    1193       1
    3595   3.293   -84.25753    0.00002    0.00002    1194       1
    3596   3.294   -84.25753    0.00002    0.00002    1195       1
    3597   3.298   -84.25753    0.00002    0.00016    1196      10
    3598   3.300   -84.25752    0.00002
    3599   3.288   -84.25754    0.00002
    3600   3.301   -84.25752    0.00002
    3601   3.298   -84.25753    0.00002
    3602   3.301   -84.25752    0.00002
    3603   3.301   -84.25752    0.00002
    3604   3.304   -84.25752    0.00002
    3605   3.304   -84.25752    0.00002
    3606   3.304   -84.25752    0.00002
    3607   3.304   -84.25752    0.00002    0.00003    1197       2
    3608   3.304   -84.25752    0.00002
    3609   3.294   -84.25753    0.00002    0.00002    1198       1
    3610   3.295   -84.25753    0.00002    0.00002    1199       1
    3611   3.305   -84.25752    0.00002    0.00005    1200       3
    3612   3.296   -84.25753    0.00002
    3613   3.305   -84.25752    0.00002
    3614   3.306   -84.25751    0.00002    0.00003    1201       2
    3615   3.306   -84.25751    0.00002
    3616   3.306   -84.25751    0.00002    0.00003    1202       2
    3617   3.307   -84.25751    0.00002
    3618   3.307   -84.25751    0.00002    0.00002    1203       1
    3619   3.307   -84.25751    0.00002    0.00012    1204       8
    3620   3.308   -84.25751    0.00002
    3621   3.309   -84.25751    0.00002
    3622   3.309   -84.25751    0.00002
    3623   3.310   -84.25751    0.00002
    3624   3.311   -84.25751    0.00002
    3625   3.311   -84.25750    0.00002
    3626   3.311   -84.25750    0.00002
    3627   3.312   -84.25750    0.00002    0.00002    1205       1
    3628   3.313   -84.25750    0.00002    0.00002    1206       1
    3629   3.313   -84.25750    0.00002    0.00002    1207       1
    3630   3.313   -84.25750    0.00002    0.00003    1208       2
    3631   3.315   -84.25750    0.00002
    3632   3.315   -84.25750    0.00002    0.00002    1209       1
    3633   3.315   -84.25750    0.00002    0.00002    1210       1
    3634   3.296   -84.25753    0.00002    0.00003    1211       2
    3635   3.315   -84.25750    0.00002
    3636   3.315   -84.25750    0.00002    0.00008    1212       5
    3637   3.315   -84.25750    0.00002
    3638   3.315   -84.25750    0.00002
    3639   3.315   -84.25750    0.00002
    3640   3.315   -84.25750    0.00002
    3641   3.316   -84.25750    0.00002    0.00002    1213       1
    3642   3.316   -84.25750    0.00002    0.00020    1214      13
    3643   3.316   -84.25750    0.00002
    3644   3.317   -84.25750    0.00002
    3645   3.317   -84.25750    0.00002
    3646   3.317   -84.25750    0.00002
    3647   3.318   -84.25749    0.00002
    3648   3.321   -84.25749    0.00002
    3649   3.321   -84.25749    0.00002
    3650   3.318   -84.25749    0.00002
    3651   3.321   -84.25749    0.00002
    3652   3.321   -84.25749    0.00002
    3653   3.322   -84.25749    0.00002
    3654   3.322   -84.25749    0.00001
    3655   3.296   -84.25753    0.00002    0.00002    1215       1
    3656   3.296   -84.25753    0.00002    0.00003    1216       2
    3657   3.323   -84.25749    0.00001
    3658   3.323   -84.25749    0.00001    0.00001    1217       1
    3659   3.297   -84.25753    0.00002    0.00005    1218       3
    3660   3.324   -84.25749    0.00001
    3661   3.324   -84.25749    0.00001
    3662   3.325   -84.25748    0.00001    0.00003    1219       2
    3663   3.324   -84.25748    0.00001
    3664   3.325   -84.25748    0.00001    0.00001    1220       1
    3665   3.325   -84.25748    0.00001    0.00003    1221       2
    3666   3.324   -84.25749    0.00001
    3667   3.324   -84.25748    0.00001    0.00004    1222       3
    3668   3.327   -84.25748    0.00001
    3669   3.325   -84.25748    0.00001
    3670   3.322   -84.25749    0.00002    0.00004    1223       3
    3671   3.324   -84.25749    0.00001
    3672   3.327   -84.25748    0.00001
    3673   3.323   -84.25749    0.00001    0.00006    1224       4
    3674   3.323   -84.25749    0.00001
    3675   3.297   -84.25753    0.00002
    3676   3.325   -84.25748    0.00001
    3677   3.329   -84.25748    0.00001    0.00005    1225       3
    3678   3.297   -84.25753    0.00002
    3679   3.329   -84.25748    0.00001
    3680   3.326   -84.25748    0.00001    0.00004    1226       3
    3681   3.326   -84.25748    0.00001
    3682   3.329   -84.25748    0.00001
    3683   3.331   -84.25747    0.00001    0.00001    1227       1
    3684   3.331   -84.25747    0.00001    0.00003    1228       2
    3685   3.329   -84.25748    0.00001
    3686   3.332   -84.25747    0.00001    0.00010    1229       7
    3687   3.331   -84.25747    0.00001
    3688   3.332   -84.25747    0.00001
    3689   3.333   -84.25747    0.00001
    3690   3.334   -84.25747    0.00001
    3691   3.334   -84.25747    0.00001
    3692   3.331   -84.25747    0.00001
    3693   3.334   -84.25747    0.00001    0.00004    1230       3
    3694   3.331   -84.25747    0.00001
    3695   3.335   -84.25747    0.00001
    3696   3.335   -84.25747    0.00001    0.00001    1231       1
    3697   3.335   -84.25747    0.00001    0.00004    1232       3
    3698   3.336   -84.25747    0.00001
    3699   3.336   -84.25746    0.00001
    3700   3.337   -84.25746    0.00001    0.00003    1233       2
    3701   3.336   -84.25747    0.00001
    3702   3.337   -84.25746    0.00001    0.00004    1234       3
    3703   3.338   -84.25746    0.00001
    3704   3.335   -84.25747    0.00001
    3705   3.338   -84.25746    0.00001    0.00001    1235       1
    3706   3.338   -84.25746    0.00001    0.00001    1236       1
    3707   3.331   -84.25747    0.00001    0.00001    1237       1
    3708   3.332   -84.25747    0.00001    0.00003    1238       2
    3709   3.336   -84.25747    0.00001
    3710   3.339   -84.25746    0.00001    0.00001    1239       1
    3711   3.340   -84.25746    0.00001    0.00001    1240       1
    3712   3.340   -84.25746    0.00001    0.00004    1241       3
    3713   3.340   -84.25746    0.00001
    3714   3.341   -84.25746    0.00001
    3715   3.341   -84.25746    0.00001    0.00007    1242       5
    3716   3.340   -84.25746    0.00001
    3717   3.341   -84.25746    0.00001
    3718   3.342   -84.25746    0.00001
    3719   3.343   -84.25745    0.00001
    3720   3.343   -84.25745    0.00001    0.00003    1243       2
    3721   3.343   -84.25745    0.00001
    3722   3.343   -84.25745    0.00001    0.00001    1244       1
    3723   3.344   -84.25745    0.00001    0.00004    1245       3
    3724   3.345   -84.25745    0.00001
    3725   3.338   -84.25746    0.00001
    3726   3.341   -84.25746    0.00001    0.00001    1246       1
    3727   3.344   -84.25745    0.00001    0.00006    1247       4
    3728   3.341   -84.25746    0.00001
    3729   3.341   -84.25746    0.00001
    3730   3.347   -84.25745    0.00001
    3731   3.346   -84.25745    0.00001    0.00003    1248       2
    3732   3.342   -84.25746    0.00001
    3733   3.339   -84.25746    0.00001    0.00004    1249       3
    3734   3.347   -84.25745    0.00001
    3735   3.348   -84.25745    0.00001
    3736   3.349   -84.25745    0.00001    0.00001    1250       1
    3737   3.351   -84.25744    0.00001    0.00004    1251       3
    3738   3.351   -84.25744    0.00001
    3739   3.352   -84.25744    0.00001
    3740   3.352   -84.25744    0.00001    0.00001    1252       1
    3741   3.352   -84.25744    0.00001    0.00004    1253       3
    3742   3.353   -84.25744    0.00001
    3743   3.357   -84.25743    0.00001
    3744   3.358   -84.25743    0.00001    0.00003    1254       2
    3745   3.354   -84.25744    0.00001
    3746   3.353   -84.25744    0.00001    0.00003    1255       2
    3747   3.352   -84.25744    0.00001
    3748   3.359   -84.25743    0.00001    0.00001    1256       1
    3749   3.322   -84.25749    0.00001    0.00001    1257       1
    3750   3.359   -84.25743    0.00001    0.00001    1258       1
    3751   3.359   -84.25743    0.00001    0.00007    1259       5
    3752   3.359   -84.25743    0.00001
    3753   3.359   -84.25743    0.00001
    3754   3.362   -84.25742    0.00001
    3755   3.362   -84.25742    0.00001
    3756   3.363   -84.25742    0.00001    0.00001    1260       1
    3757   3.363   -84.25742    0.00001    0.00006    1261       4
    3758   3.363   -84.25742    0.00001
    3759   3.364   -84.25742    0.00001
    3760   3.365   -84.25742    0.00001
    3761   3.365   -84.25742    0.00001    0.00004    1262       3
    3762   3.363   -84.25742    0.00001
    3763   3.365   -84.25742    0.00001
    3764   3.363   -84.25742    0.00001    0.00001    1263       1
    3765   3.364   -84.25742    0.00001    0.00003    1264       2
    3766   3.319   -84.25749    0.00002
    3767   3.366   -84.25742    0.00001    0.00003    1265       2
    3768   3.365   -84.25742    0.00001
    3769   3.366   -84.25742    0.00001    0.00001    1266       1
    3770   3.367   -84.25742    0.00001    0.00003    1267       2
    3771   3.368   -84.25741    0.00001
    3772   3.363   -84.25742    0.00001    0.00001    1268       1
    3773   3.368   -84.25741    0.00001    0.00001    1269       1
    3774   3.368   -84.25741    0.00001    0.00001    1270       1
    3775   3.369   -84.25741    0.00001    0.00003    1271       2
    3776   3.370   -84.25741    0.00001
    3777   3.370   -84.25741    0.00001    0.00001    1272       1
    3778   3.370   -84.25741    0.00001    0.00019    1273      14
    3779   3.371   -84.25741    0.00001
    3780   3.370   -84.25741    0.00001
    3781   3.370   -84.25741    0.00001
    3782   3.372   -84.25741    0.00001
    3783   3.370   -84.25741    0.00001
    3784   3.371   -84.25741    0.00001
    3785   3.371   -84.25741    0.00001
    3786   3.371   -84.25741    0.00001
    3787   3.371   -84.25741    0.00001
    3788   3.371   -84.25741    0.00001
    3789   3.374   -84.25741    0.00001
    3790   3.371   -84.25741    0.00001
    3791   3.374   -84.25740    0.00001
    3792   3.371   -84.25741    0.00001    0.00012    1274       9
    3793   3.372   -84.25741    0.00001
    3794   3.371   -84.25741    0.00001
    3795   3.372   -84.25741    0.00001
    3796   3.371   -84.25741    0.00001
    3797   3.375   -84.25740    0.00001
    3798   3.372   -84.25741    0.00001
    3799   3.372   -84.25741    0.00001
    3800   3.376   -84.25740    0.00001
    3801   3.372   -84.25741    0.00001    0.00003    1275       2
    3802   3.373   -84.25741    0.00001
    3803   3.376   -84.25740    0.00001    0.00001    1276       1
    3804   3.377   -84.25740    0.00001    0.00001    1277       1
    3805   3.377   -84.25740    0.00001    0.00001    1278       1
    3806   3.379   -84.25740    0.00001    0.00003    1279       2
    3807   3.379   -84.25740    0.00001
    3808   3.379   -84.25740    0.00001    0.00001    1280       1
    3809   3.381   -84.25739    0.00001    0.00001    1281       1
    3810   3.382   -84.25739    0.00001    0.00008    1282       6
    3811   3.382   -84.25739    0.00001
    3812   3.381   -84.25739    0.00001
    3813   3.380   -84.25740    0.00001
    3814   3.380   -84.25740    0.00001
    3815   3.381   -84.25739    0.00001
    3816   3.382   -84.25739    0.00001    0.00004    1283       3
    3817   3.380   -84.25739    0.00001
    3818   3.371   -84.25741    0.00001
    3819   3.387   -84.25738    0.00001    0.00003    1284       2
    3820   3.388   -84.25738    0.00001
    3821   3.381   -84.25739    0.00001    0.00001    1285       1
    3822   3.389   -84.25738    0.00001    0.00004    1286       3
    3823   3.390   -84.25738    0.00001
    3824   3.374   -84.25740    0.00001
    3825   3.389   -84.25738    0.00001    0.00001    1287       1
    3826   3.391   -84.25738    0.00001    0.00003    1288       2
    3827   3.391   -84.25738    0.00001
    3828   3.387   -84.25738    0.00001    0.00001    1289       1
    3829   3.392   -84.25738    0.00001    0.00001    1290       1
    3830   3.392   -84.25738    0.00001    0.00003    1291       2
    3831   3.392   -84.25738    0.00001
    3832   3.393   -84.25738    0.00001    0.00003    1292       2
    3833   3.391   -84.25738    0.00001
    3834   3.392   -84.25738    0.00001    0.00001    1293       1
    3835   3.397   -84.25737    0.00001    0.00020    1294      15
    3836   3.397   -84.25737    0.00001
    3837   3.398   -84.25737    0.00001
    3838   3.393   -84.25738    0.00001
    3839   3.393   -84.25738    0.00001
    3840   3.393   -84.25737    0.00001
    3841   3.397   -84.25737    0.00001
    3842   3.373   -84.25741    0.00001
    3843   3.393   -84.25737    0.00001
    3844   3.398   -84.25737    0.00001
    3845   3.393   -84.25737    0.00001
    3846   3.393   -84.25737    0.00001
    3847   3.393   -84.25737    0.00001
    3848   3.394   -84.25737    0.00001
    3849   3.398   -84.25737    0.00001
    3850   3.398   -84.25737    0.00001    0.00001    1295       1
    3851   3.398   -84.25737    0.00001    0.00004    1296       3
    3852   3.401   -84.25736    0.00001
    3853   3.394   -84.25737    0.00001
    3854   3.394   -84.25737    0.00001    0.00003    1297       2
    3855   3.398   -84.25737    0.00001
    3856   3.401   -84.25736    0.00001    0.00011    1298       8
    3857   3.398   -84.25737    0.00001
    3858   3.394   -84.25737    0.00001
    3859   3.394   -84.25737    0.00001
    3860   3.403   -84.25736    0.00001
    3861   3.396   -84.25737    0.00001
    3862   3.398   -84.25737    0.00001
    3863   3.403   -84.25736    0.00001
    3864   3.399   -84.25737    0.00001    0.00004    1299       3
    3865   3.388   -84.25738    0.00001
    3866   3.403   -84.25736    0.00001
    3867   3.403   -84.25736    0.00001    0.00004    1300       3
    3868   3.403   -84.25736    0.00001
    3869   3.404   -84.25736    0.00001
    3870   3.404   -84.25736    0.00001    0.00004    1301       3
    3871   3.404   -84.25736    0.00001
    3872   3.405   -84.25736    0.00001
    3873   3.405   -84.25736    0.00001    0.00001    1302       1
    3874   3.405   -84.25736    0.00001    0.00005    1303       4
    3875   3.400   -84.25736    0.00001
    3876   3.406   -84.25735    0.00001
    3877   3.405   -84.25736    0.00001
    3878   3.406   -84.25735    0.00001    0.00001    1304       1
    3879   3.406   -84.25735    0.00001    0.00008    1305       6
    3880   3.400   -84.25736    0.00001
    3881   3.407   -84.25735    0.00001
    3882   3.407   -84.25735    0.00001
    3883   3.407   -84.25735    0.00001
    3884   3.407   -84.25735    0.00001
    3885   3.407   -84.25735    0.00001    0.00004    1306       3
    3886   3.407   -84.25735    0.00001
    3887   3.407   -84.25735    0.00001
    3888   3.406   -84.25735    0.00001    0.00013    1307      10
    3889   3.410   -84.25735    0.00001
    3890   3.407   -84.25735    0.00001
    3891   3.408   -84.25735    0.00001
    3892   3.407   -84.25735    0.00001
    3893   3.408   -84.25735    0.00001
    3894   3.408   -84.25735    0.00001
    3895   3.409   -84.25735    0.00001
    3896   3.409   -84.25735    0.00001
    3897   3.410   -84.25735    0.00001
    3898   3.410   -84.25735    0.00001    0.00001    1308       1
    3899   3.410   -84.25735    0.00001    0.00006    1309       5
    3900   3.410   -84.25735    0.00001
    3901   3.411   -84.25735    0.00001
    3902   3.407   -84.25735    0.00001
    3903   3.410   -84.25735    0.00001
    3904   3.411   -84.25735    0.00001    0.00001    1310       1
    3905   3.411   -84.25735    0.00001    0.00001    1311       1
    3906   3.410   -84.25735    0.00001    0.00010    1312       8
    3907   3.412   -84.25735    0.00001
    3908   3.412   -84.25735    0.00001
    3909   3.412   -84.25734    0.00001
    3910   3.413   -84.25734    0.00001
    3911   3.414   -84.25734    0.00001
    3912   3.414   -84.25734    0.00001
    3913   3.414   -84.25734    0.00001
    3914   3.414   -84.25734    0.00001    0.00001    1313       1
    3915   3.414   -84.25734    0.00001    0.00003    1314       2
    3916   3.415   -84.25734    0.00001
    3917   3.413   -84.25734    0.00001    0.00005    1315       4
    3918   3.416   -84.25734    0.00001
    3919   3.413   -84.25734    0.00001
    3920   3.415   -84.25734    0.00001
    3921   3.416   -84.25734    0.00001    0.00001    1316       1
    3922   3.416   -84.25734    0.00001    0.00001    1317       1
    3923   3.416   -84.25734    0.00001    0.00001    1318       1
    3924   3.417   -84.25734    0.00001    0.00003    1319       2
    3925   3.418   -84.25734    0.00001
    3926   3.417   -84.25734    0.00001    0.00003    1320       2
    3927   3.415   -84.25734    0.00001
    3928   3.417   -84.25734    0.00001    0.00010    1321       8
    3929   3.417   -84.25734    0.00001
    3930   3.419   -84.25733    0.00001
    3931   3.420   -84.25733    0.00001
    3932   3.421   -84.25733    0.00001
    3933   3.417   -84.25734    0.00001
    3934   3.418   -84.25734    0.00001
    3935   3.418   -84.25733    0.00001
    3936   3.417   -84.25734    0.00001    0.00015    1322      12
    3937   3.417   -84.25734    0.00001
    3938   3.419   -84.25733    0.00001
    3939   3.418   -84.25733    0.00001
    3940   3.420   -84.25733    0.00001
    3941   3.418   -84.25733    0.00001
    3942   3.419   -84.25733    0.00001
    3943   3.420   -84.25733    0.00001
    3944   3.417   -84.25734    0.00001
    3945   3.420   -84.25733    0.00001
    3946   3.419   -84.25733    0.00001
    3947   3.420   -84.25733    0.00001
    3948   3.420   -84.25733    0.00001    0.00003    1323       2
    3949   3.419   -84.25733    0.00001
    3950   3.419   -84.25733    0.00001    0.00010    1324       8
    3951   3.421   -84.25733    0.00001
    3952   3.422   -84.25733    0.00001
    3953   3.422   -84.25733    0.00001
    3954   3.421   -84.25733    0.00001
    3955   3.418   -84.25734    0.00001
    3956   3.419   -84.25733    0.00001
    3957   3.424   -84.25733    0.00001
    3958   3.423   -84.25733    0.00001    0.00003    1325       2
    3959   3.416   -84.25734    0.00001
    3960   3.420   -84.25733    0.00001    0.00010    1326       8
    3961   3.419   -84.25733    0.00001
    3962   3.423   -84.25733    0.00001
    3963   3.425   -84.25732    0.00001
    3964   3.425   -84.25732    0.00001
    3965   3.426   -84.25732    0.00001
    3966   3.421   -84.25733    0.00001
    3967   3.423   -84.25733    0.00001
    3968   3.424   -84.25733    0.00001    0.00001    1327       1
    3969   3.428   -84.25732    0.00001    0.00001    1328       1
    3970   3.426   -84.25732    0.00001    0.00018    1329      14
    3971   3.429   -84.25732    0.00001
    3972   3.407   -84.25735    0.00001
    3973   3.426   -84.25732    0.00001
    3974   3.430   -84.25732    0.00001
    3975   3.426   -84.25732    0.00001
    3976   3.426   -84.25732    0.00001
    3977   3.431   -84.25731    0.00001
    3978   3.419   -84.25733    0.00001
    3979   3.432   -84.25731    0.00001
    3980   3.433   -84.25731    0.00001
    3981   3.433   -84.25731    0.00001
    3982   3.431   -84.25731    0.00001
    3983   3.434   -84.25731    0.00001
    3984   3.433   -84.25731    0.00001    0.00005    1330       4
    3985   3.426   -84.25732    0.00001
    3986   3.427   -84.25732    0.00001
    3987   3.427   -84.25732    0.00001
    3988   3.427   -84.25732    0.00001    0.00001    1331       1
    3989   3.427   -84.25732    0.00001    0.00004    1332       3
    3990   3.427   -84.25732    0.00001
    3991   3.435   -84.25731    0.00001
    3992   3.424   -84.25733    0.00001    0.00003    1333       2
    3993   3.436   -84.25731    0.00001
    3994   3.436   -84.25731    0.00001    0.00002    1334       2
    3995   3.436   -84.25731    0.00001
    3996   3.428   -84.25732    0.00001    0.00001    1335       1
    3997   3.436   -84.25731    0.00001    0.00001    1336       1
    3998   3.439   -84.25730    0.00001    0.00001    1337       1
    3999   3.439   -84.25730    0.00001    0.00004    1338       3
    4000   3.428   -84.25732    0.00001
    4001   3.439   -84.25730    0.00001
    4002   3.440   -84.25730    0.00001    0.00001    1339       1
    4003   3.440   -84.25730    0.00001    0.00004    1340       3
    4004   3.439   -84.25730    0.00001
    4005   3.441   -84.25730    0.00001
    4006   3.441   -84.25730    0.00001    0.00002    1341       2
    4007   3.443   -84.25730    0.00001
    4008   3.440   -84.25730    0.00001    0.00001    1342       1
    4009   3.434   -84.25731    0.00001    0.00004    1343       3
    4010   3.435   -84.25731    0.00001
    4011   3.443   -84.25729    0.00001
    4012   3.443   -84.25729    0.00001    0.00001    1344       1
    4013   3.444   -84.25729    0.00001    0.00001    1345       1
    4014   3.445   -84.25729    0.00001    0.00002    1346       2
    4015   3.445   -84.25729    0.00001
    4016   3.446   -84.25729    0.00001    0.00007    1347       6
    4017   3.449   -84.25729    0.00001
    4018   3.449   -84.25729    0.00001
    4019   3.450   -84.25728    0.00001
    4020   3.450   -84.25728    0.00001
    4021   3.451   -84.25728    0.00001
    4022   3.446   -84.25729    0.00001    0.00001    1348       1
    4023   3.448   -84.25729    0.00001    0.00004    1349       3
    4024   3.448   -84.25729    0.00001
    4025   3.448   -84.25729    0.00001
    4026   3.451   -84.25728    0.00001    0.00002    1350       2
    4027   3.451   -84.25728    0.00001
    4028   3.452   -84.25728    0.00001    0.00001    1351       1
    4029   3.452   -84.25728    0.00001    0.00002    1352       2
    4030   3.452   -84.25728    0.00001
    4031   3.452   -84.25728    0.00001    0.00002    1353       2
    4032   3.452   -84.25728    0.00001
    4033   3.452   -84.25728    0.00001    0.00004    1354       3
    4034   3.453   -84.25728    0.00001
    4035   3.453   -84.25728    0.00001
    4036   3.454   -84.25728    0.00001    0.00011    1355       9
    4037   3.453   -84.25728    0.00001
    4038   3.454   -84.25728    0.00001
    4039   3.455   -84.25728    0.00001
    4040   3.451   -84.25728    0.00001
    4041   3.455   -84.25728    0.00001
    4042   3.456   -84.25727    0.00001
    4043   3.454   -84.25728    0.00001
    4044   3.454   -84.25728    0.00001
    4045   3.458   -84.25727    0.00001    0.00001    1356       1
    4046   3.454   -84.25728    0.00001    0.00002    1357       2
    4047   3.458   -84.25727    0.00001
    4048   3.458   -84.25727    0.00001    0.00001    1358       1
    4049   3.455   -84.25728    0.00001    0.00002    1359       2
    4050   3.457   -84.25727    0.00001
    4051   3.460   -84.25727    0.00001    0.00001    1360       1
    4052   3.449   -84.25729    0.00001    0.00004    1361       3
    4053   3.448   -84.25729    0.00001
    4054   3.460   -84.25727    0.00001
    4055   3.461   -84.25727    0.00001    0.00001    1362       1
    4056   3.461   -84.25727    0.00001    0.00002    1363       2
    4057   3.461   -84.25727    0.00001
    4058   3.462   -84.25727    0.00001    0.00005    1364       4
    4059   3.461   -84.25727    0.00001
    4060   3.462   -84.25726    0.00001
    4061   3.462   -84.25726    0.00001
    4062   3.463   -84.25726    0.00001    0.00004    1365       3
    4063   3.463   -84.25726    0.00001
    4064   3.464   -84.25726    0.00001
    4065   3.465   -84.25726    0.00001    0.00002    1366       2
    4066   3.465   -84.25726    0.00001
    4067   3.465   -84.25726    0.00001    0.00002    1367       2
    4068   3.465   -84.25726    0.00001
    4069   3.466   -84.25726    0.00001    0.00006    1368       5
    4070   3.467   -84.25726    0.00001
    4071   3.464   -84.25726    0.00001
    4072   3.466   -84.25726    0.00001
    4073   3.468   -84.25726    0.00001
    4074   3.462   -84.25727    0.00001    0.00001    1369       1
    4075   3.469   -84.25725    0.00001    0.00001    1370       1
    4076   3.469   -84.25725    0.00001    0.00002    1371       2
    4077   3.467   -84.25726    0.00001
    4078   3.472   -84.25725    0.00001    0.00003    1372       3
    4079   3.473   -84.25725    0.00001
    4080   3.473   -84.25725    0.00001
    4081   3.465   -84.25726    0.00001    0.00004    1373       3
    4082   3.470   -84.25725    0.00001
    4083   3.464   -84.25726    0.00001
    4084   3.471   -84.25725    0.00001    0.00005    1374       4
    4085   3.473   -84.25725    0.00001
    4086   3.473   -84.25725    0.00001
    4087   3.474   -84.25725    0.00001
    4088   3.477   -84.25724    0.00001    0.00001    1375       1
    4089   3.477   -84.25724    0.00001    0.00001    1376       1
    4090   3.477   -84.25724    0.00001    0.00001    1377       1
    4091   3.478   -84.25724    0.00001    0.00001    1378       1
    4092   3.472   -84.25725    0.00001    0.00001    1379       1
    4093   3.477   -84.25724    0.00001    0.00002    1380       2
    4094   3.478   -84.25724    0.00001
    4095   3.479   -84.25724    0.00001    0.00002    1381       2
    4096   3.479   -84.25724    0.00001
    4097   3.480   -84.25724    0.00001    0.00002    1382       2
    4098   3.465   -84.25726    0.00001
    4099   3.482   -84.25723    0.00001    0.00001    1383       1
    4100   3.483   -84.25723    0.00001    0.00003    1384       3
    4101   3.483   -84.25723    0.00001
    4102   3.483   -84.25723    0.00001
    4103   3.484   -84.25723    0.00001    0.00001    1385       1
    4104   3.465   -84.25726    0.00001    0.00003    1386       3
    4105   3.485   -84.25723    0.00001
    4106   3.484   -84.25723    0.00001
    4107   3.486   -84.25723    0.00001    0.00003    1387       3
    4108   3.487   -84.25722    0.00001
    4109   3.484   -84.25723    0.00001
    4110   3.487   -84.25722    0.00001    0.00003    1388       3
    4111   3.462   -84.25727    0.00001
    4112   3.488   -84.25722    0.00001
    4113   3.489   -84.25722    0.00001    0.00003    1389       3
    4114   3.488   -84.25722    0.00001
    4115   3.490   -84.25722    0.00001
    4116   3.491   -84.25722    0.00001    0.00003    1390       3
    4117   3.492   -84.25722    0.00001
    4118   3.492   -84.25722    0.00001
    4119   3.490   -84.25722    0.00001    0.00002    1391       2
    4120   3.492   -84.25722    0.00001
    4121   3.487   -84.25722    0.00001    0.00002    1392       2
    4122   3.488   -84.25722    0.00001
    4123   3.494   -84.25721    0.00001    0.00002    1393       2
    4124   3.495   -84.25721    0.00001
    4125   3.495   -84.25721    0.00001    0.00002    1394       2
    4126   3.496   -84.25721    0.00001
    4127   3.497   -84.25721    0.00001    0.00001    1395       1
    4128   3.499   -84.25721    0.00001    0.00001    1396       1
    4129   3.498   -84.25721    0.00001    0.00001    1397       1
    4130   3.501   -84.25720    0.00001    0.00001    1398       1
    4131   3.449   -84.25728    0.00001    0.00002    1399       2
    4132   3.488   -84.25722    0.00001
    4133   3.501   -84.25720    0.00001    0.00001    1400       1
    4134   3.502   -84.25720    0.00001    0.00002    1401       2
    4135   3.502   -84.25720    0.00001
    4136   3.503   -84.25720    0.00001    0.00001    1402       1
    4137   3.503   -84.25720    0.00001    0.00003    1403       3
    4138   3.502   -84.25720    0.00001
    4139   3.502   -84.25720    0.00001
    4140   3.503   -84.25720    0.00001    0.00002    1404       2
    4141   3.502   -84.25720    0.00001
    4142   3.504   -84.25720    0.00001    0.00002    1405       2
    4143   3.504   -84.25720    0.00001
    4144   3.504   -84.25720    0.00001    0.00004    1406       4
    4145   3.505   -84.25720    0.00001
    4146   3.506   -84.25719    0.00001
    4147   3.493   -84.25722    0.00001
    4148   3.507   -84.25719    0.00001    0.00001    1407       1
    4149   3.508   -84.25719    0.00001    0.00001    1408       1
    4150   3.508   -84.25719    0.00001    0.00001    1409       1
    4151   3.508   -84.25719    0.00001    0.00001    1410       1
    4152   3.462   -84.25726    0.00001    0.00001    1411       1
    4153   3.508   -84.25719    0.00001    0.00002    1412       2
    4154   3.510   -84.25719    0.00001
    4155   3.511   -84.25719    0.00001    0.00001    1413       1
    4156   3.512   -84.25719    0.00001    0.00003    1414       3
    4157   3.512   -84.25718    0.00001
    4158   3.512   -84.25718    0.00001
    4159   3.508   -84.25719    0.00001    0.00002    1415       2
    4160   3.509   -84.25719    0.00001
    4161   3.512   -84.25719    0.00001    0.00001    1416       1
    4162   3.513   -84.25718    0.00001    0.00002    1417       2
    4163   3.515   -84.25718    0.00001
    4164   3.515   -84.25718    0.00001    0.00001    1418       1
    4165   3.516   -84.25718    0.00001    0.00002    1419       2
    4166   3.515   -84.25718    0.00001
    4167   3.513   -84.25718    0.00001    0.00005    1420       5
    4168   3.515   -84.25718    0.00001
    4169   3.516   -84.25718    0.00001
    4170   3.515   -84.25718    0.00001
    4171   3.516   -84.25718    0.00001
    4172   3.510   -84.25719    0.00001    0.00001    1421       1
    4173   3.516   -84.25718    0.00001    0.00002    1422       2
    4174   3.517   -84.25718    0.00001
    4175   3.516   -84.25718    0.00001    0.00005    1423       5
    4176   3.518   -84.25718    0.00001
    4177   3.516   -84.25718    0.00001
    4178   3.517   -84.25718    0.00001
    4179   3.508   -84.25719    0.00001
    4180   3.518   -84.25718    0.00001    0.00001    1424       1
    4181   3.519   -84.25717    0.00001    0.00001    1425       1
    4182   3.518   -84.25718    0.00001    0.00009    1426       8
    4183   3.518   -84.25718    0.00001
    4184   3.518   -84.25718    0.00001
    4185   3.520   -84.25717    0.00001
    4186   3.518   -84.25718    0.00001
    4187   3.519   -84.25717    0.00001
    4188   3.519   -84.25717    0.00001
    4189   3.520   -84.25717    0.00001
    4190   3.520   -84.25717    0.00001    0.00003    1427       3
    4191   3.520   -84.25717    0.00001
    4192   3.521   -84.25717    0.00001
    4193   3.523   -84.25717    0.00001    0.00017    1428      16
    4194   3.521   -84.25717    0.00001
    4195   3.525   -84.25717    0.00001
    4196   3.521   -84.25717    0.00001
    4197   3.521   -84.25717    0.00001
    4198   3.521   -84.25717    0.00001
    4199   3.520   -84.25717    0.00001
    4200   3.522   -84.25717    0.00001
    4201   3.522   -84.25717    0.00001
    4202   3.522   -84.25717    0.00001
    4203   3.519   -84.25717    0.00001
    4204   3.522   -84.25717    0.00001
    4205   3.524   -84.25717    0.00001
    4206   3.522   -84.25717    0.00001
    4207   3.523   -84.25717    0.00001
    4208   3.504   -84.25720    0.00001
    4209   3.523   -84.25717    0.00001    0.00002    1429       2
    4210   3.526   -84.25716    0.00001
    4211   3.523   -84.25717    0.00001    0.00001    1430       1
    4212   3.529   -84.25716    0.00001    0.00007    1431       7
    4213   3.526   -84.25716    0.00001
    4214   3.527   -84.25716    0.00001
    4215   3.531   -84.25715    0.00001
    4216   3.527   -84.25716    0.00001
    4217   3.501   -84.25720    0.00001
    4218   3.527   -84.25716    0.00001
    4219   3.531   -84.25715    0.00001    0.00001    1432       1
    4220   3.527   -84.25716    0.00001    0.00001    1433       1
    4221   3.532   -84.25715    0.00001    0.00001    1434       1
    4222   3.532   -84.25715    0.00001    0.00002    1435       2
    4223   3.533   -84.25715    0.00001
    4224   3.533   -84.25715    0.00001    0.00004    1436       4
    4225   3.534   -84.25715    0.00001
    4226   3.533   -84.25715    0.00001
    4227   3.533   -84.25715    0.00001
    4228   3.532   -84.25715    0.00001    0.00001    1437       1
    4229   3.534   -84.25715    0.00001    0.00001    1438       1
    4230   3.534   -84.25715    0.00001    0.00003    1439       3
    4231   3.534   -84.25715    0.00001
    4232   3.541   -84.25714    0.00001
    4233   3.536   -84.25715    0.00001    0.00002    1440       2
    4234   3.541   -84.25714    0.00001
    4235   3.541   -84.25714    0.00001    0.00002    1441       2
    4236   3.543   -84.25714    0.00001
    4237   3.546   -84.25713    0.00001    0.00001    1442       1
    4238   3.545   -84.25713    0.00001    0.00002    1443       2
    4239   3.547   -84.25713    0.00001
    4240   3.548   -84.25713    0.00001    0.00001    1444       1
    4241   3.550   -84.25712    0.00001    0.00001    1445       1
    4242   3.534   -84.25715    0.00001    0.00001    1446       1
    4243   3.551   -84.25712    0.00001    0.00001    1447       1
    4244   3.552   -84.25712    0.00001    0.00002    1448       2
    4245   3.551   -84.25712    0.00001
    4246   3.553   -84.25712    0.00001    0.00004    1449       4
    4247   3.555   -84.25712    0.00001
    4248   3.554   -84.25712    0.00001
    4249   3.556   -84.25712    0.00001
    4250   3.557   -84.25711    0.00001    0.00001    1450       1
    4251   3.557   -84.25711    0.00001    0.00002    1451       2
    4252   3.557   -84.25711    0.00001
    4253   3.554   -84.25712    0.00001    0.00001    1452       1
    4254   3.558   -84.25711    0.00001    0.00001    1453       1
    4255   3.559   -84.25711    0.00001    0.00001    1454       1
    4256   3.559   -84.25711    0.00001    0.00001    1455       1
    4257   3.560   -84.25711    0.00001    0.00002    1456       2
    4258   3.556   -84.25711    0.00001
    4259   3.560   -84.25711    0.00001    0.00001    1457       1
    4260   3.561   -84.25711    0.00001    0.00003    1458       3
    4261   3.561   -84.25711    0.00001
    4262   3.561   -84.25711    0.00001
    4263   3.562   -84.25711    0.00001    0.00001    1459       1
    4264   3.562   -84.25711    0.00001    0.00019    1460      19
    4265   3.562   -84.25711    0.00001
    4266   3.566   -84.25710    0.00001
    4267   3.562   -84.25711    0.00001
    4268   3.562   -84.25711    0.00001
    4269   3.562   -84.25710    0.00001
    4270   3.566   -84.25710    0.00001
    4271   3.562   -84.25710    0.00001
    4272   3.562   -84.25710    0.00001
    4273   3.562   -84.25710    0.00001
    4274   3.560   -84.25711    0.00001
    4275   3.566   -84.25710    0.00001
    4276   3.563   -84.25710    0.00001
    4277   3.563   -84.25710    0.00001
    4278   3.563   -84.25710    0.00001
    4279   3.564   -84.25710    0.00001
    4280   3.564   -84.25710    0.00001
    4281   3.564   -84.25710    0.00001
    4282   3.566   -84.25710    0.00001
    4283   3.566   -84.25710    0.00001    0.00001    1461       1
    4284   3.566   -84.25710    0.00001    0.00001    1462       1
    4285   3.568   -84.25710    0.00001    0.00001    1463       1
    4286   3.561   -84.25711    0.00001    0.00001    1464       1
    4287   3.564   -84.25710    0.00001    0.00007    1465       7
    4288   3.565   -84.25710    0.00001
    4289   3.567   -84.25710    0.00001
    4290   3.567   -84.25710    0.00001
    4291   3.567   -84.25710    0.00001
    4292   3.568   -84.25710    0.00001
    4293   3.568   -84.25710    0.00001
    4294   3.570   -84.25709    0.00001    0.00002    1466       2
    4295   3.570   -84.25709    0.00001
    4296   3.573   -84.25709    0.00001    0.00002    1467       2
    4297   3.529   -84.25716    0.00001
    4298   3.574   -84.25709    0.00001    0.00001    1468       1
    4299   3.574   -84.25709    0.00001    0.00001    1469       1
    4300   3.575   -84.25709    0.00001    0.00001    1470       1
    4301   3.576   -84.25708    0.00001    0.00003    1471       3
    4302   3.578   -84.25708    0.00001
    4303   3.581   -84.25708    0.00001
    4304   3.571   -84.25709    0.00001    0.00001    1472       1
    4305   3.582   -84.25707    0.00001    0.00002    1473       2
    4306   3.583   -84.25707    0.00001
    4307   3.582   -84.25707    0.00001    0.00001    1474       1
    4308   3.587   -84.25707    0.00001    0.00001    1475       1
    4309   3.587   -84.25707    0.00001    0.00002    1476       2
    4310   3.589   -84.25706    0.00001
    4311   3.588   -84.25706    0.00001    0.00002    1477       2
    4312   3.590   -84.25706    0.00001
    4313   3.591   -84.25706    0.00001    0.00001    1478       1
    4314   3.593   -84.25706    0.00001    0.00001    1479       1
    4315   3.595   -84.25705    0.00001    0.00001    1480       1
    4316   3.605   -84.25704    0.00001    0.00001    1481       1
    4317   3.605   -84.25704    0.00001    0.00001    1482       1
    4318   3.606   -84.25704    0.00001    0.00001    1483       1
    4319   3.606   -84.25704    0.00001    0.00001    1484       1
    4320   3.606   -84.25704    0.00001    0.00001    1485       1
    4321   3.609   -84.25703    0.00001    0.00001    1486       1
    4322   3.610   -84.25703    0.00001    0.00001    1487       1
    4323   3.611   -84.25703    0.00001    0.00002    1488       2
    4324   3.611   -84.25703    0.00001
    4325   3.613   -84.25702    0.00001    0.00001    1489       1
    4326   3.614   -84.25702    0.00001    0.00002    1490       2
    4327   3.615   -84.25702    0.00001
    4328   3.615   -84.25702    0.00001    0.00001    1491       1
    4329   3.615   -84.25702    0.00001    0.00001    1492       1
    4330   3.617   -84.25702    0.00001    0.00002    1493       2
    4331   3.617   -84.25702    0.00001
    4332   3.614   -84.25702    0.00001    0.00001    1494       1
    4333   3.617   -84.25702    0.00001    0.00001    1495       1
    4334   3.617   -84.25702    0.00001    0.00001    1496       1
    4335   3.618   -84.25702    0.00001    0.00001    1497       1
    4336   3.619   -84.25701    0.00001    0.00005    1498       5
    4337   3.620   -84.25701    0.00001
    4338   3.620   -84.25701    0.00001
    4339   3.621   -84.25701    0.00001
    4340   3.621   -84.25701    0.00001
    4341   3.625   -84.25701    0.00001    0.00001    1499       1
    4342   3.627   -84.25700    0.00001    0.00002    1500       2
    4343   3.628   -84.25700    0.00001
    4344   3.630   -84.25700    0.00001    0.00001    1501       1
    4345   3.630   -84.25700    0.00001    0.00002    1502       2
    4346   3.632   -84.25699    0.00001
    4347   3.633   -84.25699    0.00001    0.00003    1503       3
    4348   3.634   -84.25699    0.00001
    4349   3.631   -84.25700    0.00001
    4350   3.636   -84.25699    0.00001    0.00003    1504       3
    4351   3.637   -84.25699    0.00001
    4352   3.632   -84.25699    0.00001
    4353   3.637   -84.25699    0.00001    0.00001    1505       1
    4354   3.638   -84.25698    0.00001    0.00004    1506       4
    4355   3.638   -84.25698    0.00001
    4356   3.633   -84.25699    0.00001
    4357   3.638   -84.25698    0.00001
    4358   3.639   -84.25698    0.00001    0.00001    1507       1
    4359   3.640   -84.25698    0.00001    0.00003    1508       3
    4360   3.640   -84.25698    0.00001
    4361   3.642   -84.25698    0.00001
    4362   3.644   -84.25698    0.00001    0.00001    1509       1
    4363   3.645   -84.25697    0.00001    0.00001    1510       1
    4364   3.646   -84.25697    0.00001    0.00002    1511       2
    4365   3.647   -84.25697    0.00001
    4366   3.648   -84.25697    0.00001    0.00001    1512       1
    4367   3.650   -84.25697    0.00001    0.00001    1513       1
    4368   3.652   -84.25696    0.00001    0.00001    1514       1
    4369   3.647   -84.25697    0.00001    0.00001    1515       1
    4370   3.655   -84.25696    0.00001    0.00008    1516       9
    4371   3.658   -84.25695    0.00001
    4372   3.656   -84.25696    0.00001
    4373   3.656   -84.25696    0.00001
    4374   3.656   -84.25696    0.00001
    4375   3.657   -84.25695    0.00001
    4376   3.657   -84.25695    0.00001
    4377   3.659   -84.25695    0.00001
    4378   3.659   -84.25695    0.00001
    4379   3.659   -84.25695    0.00001    0.00001    1517       1
    4380   3.658   -84.25695    0.00001    0.00003    1518       3
    4381   3.659   -84.25695    0.00001
    4382   3.658   -84.25695    0.00001
    4383   3.660   -84.25695    0.00001    0.00001    1519       1
    4384   3.661   -84.25695    0.00001    0.00002    1520       2
    4385   3.661   -84.25695    0.00001
    4386   3.661   -84.25695    0.00001    0.00003    1521       3
    4387   3.661   -84.25695    0.00001
    4388   3.662   -84.25695    0.00001
    4389   3.662   -84.25695    0.00001    0.00003    1522       4
    4390   3.658   -84.25695    0.00001
    4391   3.660   -84.25695    0.00001
    4392   3.663   -84.25694    0.00001
    4393   3.664   -84.25694    0.00001    0.00001    1523       1
    4394   3.665   -84.25694    0.00001    0.00003    1524       3
    4395   3.665   -84.25694    0.00001
    4396   3.666   -84.25694    0.00001
    4397   3.669   -84.25693    0.00001    0.00001    1525       1
    4398   3.666   -84.25694    0.00001    0.00008    1526      10
    4399   3.666   -84.25694    0.00001
    4400   3.666   -84.25694    0.00001
    4401   3.670   -84.25693    0.00001
    4402   3.667   -84.25694    0.00001
    4403   3.667   -84.25694    0.00001
    4404   3.665   -84.25694    0.00001
    4405   3.670   -84.25693    0.00001
    4406   3.671   -84.25693    0.00001
    4407   3.665   -84.25694    0.00001
    4408   3.674   -84.25693    0.00001    0.00001    1527       1
    4409   3.668   -84.25694    0.00001    0.00001    1528       1
    4410   3.674   -84.25693    0.00001    0.00001    1529       1
    4411   3.668   -84.25694    0.00001    0.00002    1530       2
    4412   3.668   -84.25694    0.00001
    4413   3.669   -84.25693    0.00001    0.00001    1531       1
    4414   3.671   -84.25693    0.00001    0.00001    1532       1
    4415   3.675   -84.25693    0.00001    0.00001    1533       1
    4416   3.676   -84.25692    0.00001    0.00001    1534       1
    4417   3.679   -84.25692    0.00001    0.00001    1535       1
    4418   3.681   -84.25692    0.00001    0.00001    1536       1
    4419   3.681   -84.25692    0.00001    0.00001    1537       1
    4420   3.684   -84.25691    0.00001    0.00002    1538       2
    4421   3.685   -84.25691    0.00001
    4422   3.686   -84.25691    0.00001    0.00003    1539       4
    4423   3.686   -84.25691    0.00001
    4424   3.685   -84.25691    0.00001
    4425   3.686   -84.25691    0.00001
    4426   3.687   -84.25691    0.00001    0.00001    1540       1
    4427   3.688   -84.25690    0.00001    0.00003    1541       4
    4428   3.688   -84.25690    0.00001
    4429   3.690   -84.25690    0.00001
    4430   3.697   -84.25689    0.00001
    4431   3.698   -84.25689    0.00001    0.00001    1542       1
    4432   3.697   -84.25689    0.00001    0.00006    1543       7
    4433   3.698   -84.25689    0.00001
    4434   3.698   -84.25689    0.00001
    4435   3.699   -84.25689    0.00001
    4436   3.700   -84.25689    0.00001
    4437   3.700   -84.25689    0.00001
    4438   3.700   -84.25689    0.00001
    4439   3.701   -84.25688    0.00001    0.00002    1544       2
    4440   3.705   -84.25688    0.00001
    4441   3.708   -84.25687    0.00001    0.00002    1545       2
    4442   3.709   -84.25687    0.00001
    4443   3.710   -84.25687    0.00001    0.00004    1546       5
    4444   3.711   -84.25687    0.00001
    4445   3.713   -84.25686    0.00001
    4446   3.709   -84.25687    0.00001
    4447   3.709   -84.25687    0.00001
    4448   3.709   -84.25687    0.00001    0.00001    1547       1
    4449   3.709   -84.25687    0.00001    0.00002    1548       2
    4450   3.714   -84.25686    0.00001
    4451   3.714   -84.25686    0.00001    0.00003    1549       4
    4452   3.716   -84.25686    0.00001
    4453   3.715   -84.25686    0.00001
    4454   3.717   -84.25686    0.00001
    4455   3.715   -84.25686    0.00001    0.00001    1550       1
    4456   3.717   -84.25686    0.00001    0.00001    1551       1
    4457   3.718   -84.25686    0.00001    0.00002    1552       3
    4458   3.703   -84.25688    0.00001
    4459   3.718   -84.25686    0.00001
    4460   3.719   -84.25686    0.00001    0.00003    1553       4
    4461   3.719   -84.25686    0.00001
    4462   3.720   -84.25685    0.00001
    4463   3.720   -84.25685    0.00001
    4464   3.724   -84.25685    0.00001    0.00002    1554       2
    4465   3.720   -84.25685    0.00001
    4466   3.725   -84.25685    0.00001    0.00001    1555       1
    4467   3.725   -84.25685    0.00001    0.00001    1556       1
    4468   3.721   -84.25685    0.00001    0.00001    1557       1
    4469   3.725   -84.25685    0.00001    0.00001    1558       1
    4470   3.726   -84.25684    0.00001    0.00001    1559       1
    4471   3.728   -84.25684    0.00001    0.00001    1560       1
    4472   3.729   -84.25684    0.00001    0.00001    1561       1
    4473   3.729   -84.25684    0.00001    0.00002    1562       3
    4474   3.730   -84.25684    0.00001
    4475   3.729   -84.25684    0.00001
    4476   3.729   -84.25684    0.00001    0.00001    1563       1
    4477   3.731   -84.25684    0.00001    0.00004    1564       5
    4478   3.731   -84.25684    0.00001
    4479   3.732   -84.25683    0.00001
    4480   3.733   -84.25683    0.00001
    4481   3.733   -84.25683    0.00001
    4482   3.733   -84.25683    0.00001    0.00003    1565       4
    4483   3.736   -84.25683    0.00001
    4484   3.732   -84.25683    0.00001
    4485   3.733   -84.25683    0.00001
    4486   3.738   -84.25683    0.00001    0.00001    1566       1
    4487   3.733   -84.25683    0.00001    0.00001    1567       1
    4488   3.741   -84.25682    0.00001    0.00001    1568       1
    4489   3.742   -84.25682    0.00001    0.00001    1569       2
    4490   3.744   -84.25682    0.00001
    4491   3.744   -84.25681    0.00001    0.00001    1570       1
    4492   3.749   -84.25681    0.00001    0.00001    1571       1
    4493   3.752   -84.25680    0.00001    0.00001    1572       1
    4494   3.756   -84.25680    0.00001    0.00001    1573       1
    4495   3.762   -84.25679    0.00001    0.00001    1574       1
    4496   3.763   -84.25679    0.00001    0.00001    1575       2
    4497   3.763   -84.25678    0.00001
    4498   3.764   -84.25678    0.00001    0.00002    1576       3
    4499   3.765   -84.25678    0.00001
    4500   3.763   -84.25678    0.00001
    4501   3.765   -84.25678    0.00001    0.00001    1577       1
    4502   3.766   -84.25678    0.00001    0.00002    1578       3
    4503   3.767   -84.25678    0.00001
    4504   3.769   -84.25678    0.00001
    4505   3.767   -84.25678    0.00001    0.00004    1579       6
    4506   3.767   -84.25678    0.00001
    4507   3.768   -84.25678    0.00001
    4508   3.766   -84.25678    0.00001
    4509   3.768   -84.25678    0.00001
    4510   3.769   -84.25678    0.00001
    4511   3.769   -84.25678    0.00001    0.00001    1580       1
    4512   3.768   -84.25678    0.00001    0.00001    1581       2
    4513   3.770   -84.25677    0.00001
    4514   3.770   -84.25677    0.00001    0.00001    1582       1
    4515   3.771   -84.25677    0.00001    0.00006    1583       8
    4516   3.772   -84.25677    0.00001
    4517   3.766   -84.25678    0.00001
    4518   3.773   -84.25677    0.00001
    4519   3.770   -84.25677    0.00001
    4520   3.770   -84.25677    0.00001
    4521   3.770   -84.25677    0.00001
    4522   3.769   -84.25678    0.00001
    4523   3.772   -84.25677    0.00001    0.00001    1584       2
    4524   3.770   -84.25677    0.00001
    4525   3.775   -84.25677    0.00001    0.00002    1585       3
    4526   3.772   -84.25677    0.00001
    4527   3.772   -84.25677    0.00001
    4528   3.770   -84.25677    0.00001    0.00001    1586       1
    4529   3.775   -84.25677    0.00001    0.00001    1587       1
    4530   3.779   -84.25676    0.00001    0.00001    1588       1
    4531   3.770   -84.25677    0.00001    0.00001    1589       1
    4532   3.780   -84.25676    0.00001    0.00001    1590       1
    4533   3.780   -84.25676    0.00001    0.00001    1591       2
    4534   3.780   -84.25676    0.00001
    4535   3.782   -84.25675    0.00001    0.00001    1592       1
    4536   3.784   -84.25675    0.00001    0.00001    1593       2
    4537   3.786   -84.25675    0.00001
    4538   3.785   -84.25675    0.00001    0.00001    1594       1
    4539   3.786   -84.25675    0.00001    0.00001    1595       1
    4540   3.787   -84.25675    0.00001    0.00001    1596       1
    4541   3.787   -84.25675    0.00001    0.00003    1597       5
    4542   3.787   -84.25675    0.00001
    4543   3.787   -84.25675    0.00001
    4544   3.787   -84.25675    0.00001
    4545   3.789   -84.25674    0.00001
    4546   3.788   -84.25674    0.00001    0.00002    1598       3
    4547   3.789   -84.25674    0.00001
    4548   3.795   -84.25673    0.00001
    4549   3.790   -84.25674    0.00001    0.00001    1599       1
    4550   3.797   -84.25673    0.00001    0.00001    1600       1
    4551   3.797   -84.25673    0.00001    0.00001    1601       1
    4552   3.798   -84.25673    0.00001    0.00001    1602       1
    4553   3.800   -84.25673    0.00001    0.00001    1603       1
    4554   3.809   -84.25671    0.00001    0.00001    1604       1
    4555   3.811   -84.25671    0.00001    0.00002    1605       3
    4556   3.811   -84.25671    0.00001
    4557   3.811   -84.25671    0.00001
    4558   3.811   -84.25671    0.00001    0.00003    1606       4
    4559   3.816   -84.25670    0.00001
    4560   3.816   -84.25670    0.00001
    4561   3.813   -84.25670    0.00001
    4562   3.816   -84.25670    0.00001    0.00001    1607       1
    4563   3.817   -84.25670    0.00001    0.00001    1608       1
    4564   3.817   -84.25670    0.00001    0.00001    1609       2
    4565   3.818   -84.25670    0.00001
    4566   3.818   -84.25670    0.00001    0.00001    1610       1
    4567   3.818   -84.25670    0.00001    0.00001    1611       1
    4568   3.820   -84.25669    0.00001    0.00005    1612       8
    4569   3.818   -84.25670    0.00001
    4570   3.821   -84.25669    0.00001
    4571   3.818   -84.25670    0.00001
    4572   3.821   -84.25669    0.00001
    4573   3.818   -84.25670    0.00001
    4574   3.818   -84.25670    0.00001
    4575   3.818   -84.25670    0.00001
    4576   3.818   -84.25670    0.00001    0.00008    1613      12
    4577   3.818   -84.25670    0.00001
    4578   3.819   -84.25670    0.00001
    4579   3.818   -84.25670    0.00001
    4580   3.819   -84.25670    0.00001
    4581   3.821   -84.25669    0.00001
    4582   3.819   -84.25670    0.00001
    4583   3.819   -84.25670    0.00001
    4584   3.818   -84.25670    0.00001
    4585   3.819   -84.25670    0.00001
    4586   3.819   -84.25670    0.00001
    4587   3.819   -84.25670    0.00001
    4588   3.821   -84.25669    0.00001    0.00001    1614       1
    4589   3.820   -84.25669    0.00001    0.00001    1615       1
    4590   3.821   -84.25669    0.00001    0.00002    1616       3
    4591   3.822   -84.25669    0.00001
    4592   3.822   -84.25669    0.00001
    4593   3.822   -84.25669    0.00001    0.00004    1617       6
    4594   3.823   -84.25669    0.00001
    4595   3.821   -84.25669    0.00001
    4596   3.823   -84.25669    0.00001
    4597   3.821   -84.25669    0.00001
    4598   3.823   -84.25669    0.00001
    4599   3.823   -84.25669    0.00001    0.00007    1618      11
    4600   3.823   -84.25669    0.00001
    4601   3.822   -84.25669    0.00001
    4602   3.822   -84.25669    0.00001
    4603   3.822   -84.25669    0.00001
    4604   3.823   -84.25669    0.00001
    4605   3.824   -84.25669    0.00001
    4606   3.824   -84.25669    0.00001
    4607   3.826   -84.25668    0.00001
    4608   3.826   -84.25668    0.00001
    4609   3.825   -84.25669    0.00001
    4610   3.814   -84.25670    0.00001    0.00001    1619       1
    4611   3.824   -84.25669    0.00001    0.00002    1620       3
    4612   3.825   -84.25669    0.00001
    4613   3.827   -84.25668    0.00001
    4614   3.828   -84.25668    0.00001    0.00001    1621       1
    4615   3.828   -84.25668    0.00001    0.00001    1622       1
    4616   3.828   -84.25668    0.00001    0.00003    1623       5
    4617   3.824   -84.25669    0.00001
    4618   3.829   -84.25668    0.00001
    4619   3.829   -84.25668    0.00001
    4620   3.829   -84.25668    0.00001
    4621   3.829   -84.25668    0.00001    0.00001    1624       2
    4622   3.820   -84.25669    0.00001
    4623   3.833   -84.25667    0.00001    0.00001    1625       2
    4624   3.829   -84.25668    0.00001
    4625   3.833   -84.25667    0.00001    0.00001    1626       1
    4626   3.836   -84.25667    0.00001    0.00004    1627       7
    4627   3.833   -84.25667    0.00001
    4628   3.833   -84.25667    0.00001
    4629   3.833   -84.25667    0.00001
    4630   3.833   -84.25667    0.00001
    4631   3.834   -84.25667    0.00001
    4632   3.837   -84.25667    0.00001
    4633   3.837   -84.25667    0.00001    0.00001    1628       1
    4634   3.835   -84.25667    0.00001    0.00001    1629       1
    4635   3.837   -84.25667    0.00001    0.00003    1630       4
    4636   3.838   -84.25667    0.00001
    4637   3.837   -84.25667    0.00001
    4638   3.838   -84.25667    0.00001
    4639   3.839   -84.25666    0.00001    0.00001    1631       1
    4640   3.841   -84.25666    0.00001    0.00001    1632       1
    4641   3.844   -84.25666    0.00001    0.00001    1633       1
    4642   3.844   -84.25666    0.00001    0.00001    1634       1
    4643   3.847   -84.25665    0.00001    0.00002    1635       3
    4644   3.847   -84.25665    0.00001
    4645   3.844   -84.25666    0.00001
    4646   3.847   -84.25665    0.00001    0.00001    1636       1
    4647   3.847   -84.25665    0.00001    0.00001    1637       1
    4648   3.847   -84.25665    0.00001    0.00007    1638      11
    4649   3.849   -84.25665    0.00001
    4650   3.848   -84.25665    0.00001
    4651   3.848   -84.25665    0.00001
    4652   3.844   -84.25666    0.00001
    4653   3.848   -84.25665    0.00001
    4654   3.848   -84.25665    0.00001
    4655   3.848   -84.25665    0.00001
    4656   3.849   -84.25665    0.00001
    4657   3.851   -84.25664    0.00001
    4658   3.848   -84.25665    0.00001
    4659   3.848   -84.25665    0.00001    0.00001    1639       1
    4660   3.850   -84.25665    0.00001    0.00002    1640       3
    4661   3.851   -84.25665    0.00001
    4662   3.849   -84.25665    0.00001
    4663   3.852   -84.25664    0.00001    0.00001    1641       1
    4664   3.852   -84.25664    0.00001    0.00001    1642       1
    4665   3.853   -84.25664    0.00001    0.00001    1643       1
    4666   3.854   -84.25664    0.00001    0.00002    1644       4
    4667   3.854   -84.25664    0.00001
    4668   3.856   -84.25664    0.00001
    4669   3.856   -84.25664    0.00001
    4670   3.857   -84.25663    0.00001    0.00001    1645       1
    4671   3.858   -84.25663    0.00001    0.00001    1646       1
    4672   3.858   -84.25663    0.00001    0.00001    1647       1
    4673   3.860   -84.25663    0.00001    0.00001    1648       1
    4674   3.860   -84.25663    0.00001    0.00001    1649       1
    4675   3.815   -84.25670    0.00001    0.00002    1650       3
    4676   3.863   -84.25663    0.00001
    4677   3.863   -84.25663    0.00001
    4678   3.861   -84.25663    0.00001    0.00001    1651       1
    4679   3.863   -84.25663    0.00001    0.00002    1652       4
    4680   3.865   -84.25662    0.00001
    4681   3.865   -84.25662    0.00001
    4682   3.864   -84.25662    0.00001
    4683   3.863   -84.25663    0.00001    0.00001    1653       1
    4684   3.866   -84.25662    0.00001    0.00001    1654       1
    4685   3.866   -84.25662    0.00001    0.00001    1655       1
    4686   3.866   -84.25662    0.00001    0.00001    1656       1
    4687   3.867   -84.25662    0.00001    0.00002    1657       4
    4688   3.864   -84.25662    0.00001
    4689   3.867   -84.25662    0.00001
    4690   3.866   -84.25662    0.00001
    4691   3.866   -84.25662    0.00001    0.00001    1658       2
    4692   3.867   -84.25662    0.00001
    4693   3.866   -84.25662    0.00001    0.00001    1659       1
    4694   3.868   -84.25662    0.00001    0.00001    1660       2
    4695   3.868   -84.25662    0.00001
    4696   3.870   -84.25661    0.00001    0.00001    1661       2
    4697   3.871   -84.25661    0.00001
    4698   3.871   -84.25661    0.00001    0.00001    1662       1
    4699   3.871   -84.25661    0.00001    0.00001    1663       1
    4700   3.872   -84.25661    0.00001    0.00002    1664       3
    4701   3.872   -84.25661    0.00001
    4702   3.873   -84.25661    0.00001
    4703   3.873   -84.25661    0.00001    0.00001    1665       1
    4704   3.873   -84.25661    0.00001    0.00001    1666       1
    4705   3.875   -84.25661    0.00001    0.00003    1667       5
    4706   3.874   -84.25661    0.00001
    4707   3.874   -84.25661    0.00001
    4708   3.874   -84.25661    0.00001
    4709   3.873   -84.25661    0.00001
    4710   3.875   -84.25661    0.00001    0.00004    1668       6
    4711   3.876   -84.25661    0.00001
    4712   3.873   -84.25661    0.00001
    4713   3.874   -84.25661    0.00001
    4714   3.875   -84.25661    0.00001
    4715   3.876   -84.25661    0.00001
    4716   3.876   -84.25661    0.00001    0.00001    1669       1
    4717   3.876   -84.25661    0.00001    0.00001    1670       2
    4718   3.876   -84.25660    0.00001
    4719   3.877   -84.25660    0.00001    0.00003    1671       5
    4720   3.877   -84.25660    0.00001
    4721   3.878   -84.25660    0.00001
    4722   3.873   -84.25661    0.00001
    4723   3.878   -84.25660    0.00001
    4724   3.873   -84.25661    0.00001    0.00001    1672       1
    4725   3.879   -84.25660    0.00001    0.00001    1673       1
    4726   3.879   -84.25660    0.00001    0.00001    1674       1
    4727   3.879   -84.25660    0.00001    0.00001    1675       2
    4728   3.880   -84.25660    0.00001
    4729   3.882   -84.25660    0.00001    0.00002    1676       3
    4730   3.882   -84.25660    0.00001
    4731   3.880   -84.25660    0.00001
    4732   3.880   -84.25660    0.00001    0.00005    1677       9
    4733   3.880   -84.25660    0.00001
    4734   3.880   -84.25660    0.00001
    4735   3.880   -84.25660    0.00001
    4736   3.880   -84.25660    0.00001
    4737   3.882   -84.25659    0.00001
    4738   3.881   -84.25660    0.00001
    4739   3.881   -84.25660    0.00001
    4740   3.886   -84.25659    0.00001
    4741   3.882   -84.25660    0.00001    0.00001    1678       1
    4742   3.882   -84.25660    0.00001    0.00001    1679       1
    4743   3.868   -84.25662    0.00001    0.00001    1680       1
    4744   3.888   -84.25659    0.00001    0.00001    1681       2
    4745   3.887   -84.25659    0.00001
    4746   3.889   -84.25658    0.00001    0.00001    1682       1
    4747   3.889   -84.25658    0.00001    0.00001    1683       1
    4748   3.889   -84.25658    0.00001    0.00006    1684      10
    4749   3.889   -84.25658    0.00001
    4750   3.890   -84.25658    0.00001
    4751   3.890   -84.25658    0.00001
    4752   3.890   -84.25658    0.00001
    4753   3.891   -84.25658    0.00001
    4754   3.892   -84.25658    0.00001
    4755   3.897   -84.25657    0.00001
    4756   3.892   -84.25658    0.00001
    4757   3.892   -84.25658    0.00001
    4758   3.897   -84.25657    0.00001    0.00001    1685       1
    4759   3.898   -84.25657    0.00001    0.00001    1686       1
    4760   3.898   -84.25657    0.00001    0.00001    1687       2
    4761   3.868   -84.25662    0.00001
    4762   3.901   -84.25657    0.00001    0.00007    1688      13
    4763   3.902   -84.25656    0.00001
    4764   3.898   -84.25657    0.00001
    4765   3.902   -84.25656    0.00001
    4766   3.899   -84.25657    0.00001
    4767   3.899   -84.25657    0.00001
    4768   3.899   -84.25657    0.00001
    4769   3.899   -84.25657    0.00001
    4770   3.902   -84.25656    0.00001
    4771   3.899   -84.25657    0.00001
    4772   3.904   -84.25656    0.00001
    4773   3.899   -84.25657    0.00001
    4774   3.898   -84.25657    0.00001
    4775   3.904   -84.25656    0.00001    0.00001    1689       2
    4776   3.899   -84.25657    0.00001
    4777   3.904   -84.25656    0.00001    0.00001    1690       1
    4778   3.906   -84.25656    0.00001    0.00001    1691       1
    4779   3.900   -84.25657    0.00001    0.00001    1692       1
    4780   3.900   -84.25657    0.00001    0.00002    1693       4
    4781   3.900   -84.25657    0.00001
    4782   3.900   -84.25657    0.00001
    4783   3.906   -84.25656    0.00001
    4784   3.905   -84.25656    0.00001    0.00001    1694       2
    4785   3.907   -84.25656    0.00001
    4786   3.907   -84.25656    0.00001    0.00001    1695       2
    4787   3.906   -84.25656    0.00001
    4788   3.907   -84.25656    0.00001    0.00001    1696       1
    4789   3.908   -84.25655    0.00001    0.00002    1697       4
    4790   3.906   -84.25656    0.00001
    4791   3.909   -84.25655    0.00001
    4792   3.909   -84.25655    0.00001
    4793   3.909   -84.25655    0.00001    0.00001    1698       1
    4794   3.909   -84.25655    0.00001    0.00006    1699      10
    4795   3.910   -84.25655    0.00001
    4796   3.910   -84.25655    0.00001
    4797   3.910   -84.25655    0.00001
    4798   3.910   -84.25655    0.00001
    4799   3.911   -84.25655    0.00001
    4800   3.912   -84.25655    0.00001
    4801   3.905   -84.25656    0.00001
    4802   3.911   -84.25655    0.00001
    4803   3.912   -84.25655    0.00001
    4804   3.912   -84.25655    0.00001    0.00001    1700       1
    4805   3.912   -84.25655    0.00001    0.00004    1701       7
    4806   3.909   -84.25655    0.00001
    4807   3.912   -84.25655    0.00001
    4808   3.912   -84.25655    0.00001
    4809   3.912   -84.25655    0.00001
    4810   3.912   -84.25655    0.00001
    4811   3.915   -84.25654    0.00001
    4812   3.911   -84.25655    0.00001    0.00007    1702      13
    4813   3.911   -84.25655    0.00001
    4814   3.913   -84.25655    0.00001
    4815   3.912   -84.25655    0.00001
    4816   3.914   -84.25655    0.00001
    4817   3.914   -84.25655    0.00001
    4818   3.912   -84.25655    0.00001
    4819   3.912   -84.25655    0.00001
    4820   3.912   -84.25655    0.00001
    4821   3.916   -84.25654    0.00001
    4822   3.916   -84.25654    0.00001
    4823   3.916   -84.25654    0.00001
    4824   3.918   -84.25654    0.00001
    4825   3.916   -84.25654    0.00001    0.00001    1703       2
    4826   3.920   -84.25654    0.00001
    4827   3.920   -84.25654    0.00001    0.00001    1704       1
    4828   3.920   -84.25653    0.00001    0.00007    1705      12
    4829   3.918   -84.25654    0.00001
    4830   3.916   -84.25654    0.00001
    4831   3.921   -84.25653    0.00001
    4832   3.921   -84.25653    0.00001
    4833   3.916   -84.25654    0.00001
    4834   3.921   -84.25653    0.00001
    4835   3.918   -84.25654    0.00001
    4836   3.919   -84.25654    0.00001
    4837   3.921   -84.25653    0.00001
    4838   3.919   -84.25654    0.00001
    4839   3.923   -84.25653    0.00001
    4840   3.921   -84.25653    0.00001    0.00003    1706       6
    4841   3.921   -84.25653    0.00001
    4842   3.917   -84.25654    0.00001
    4843   3.917   -84.25654    0.00001
    4844   3.919   -84.25654    0.00001
    4845   3.922   -84.25653    0.00001
    4846   3.917   -84.25654    0.00001    0.00003    1707       5
    4847   3.923   -84.25653    0.00001
    4848   3.924   -84.25653    0.00001
    4849   3.917   -84.25654    0.00001
    4850   3.918   -84.25654    0.00001
    4851   3.918   -84.25654    0.00001    0.00002    1708       3
    4852   3.918   -84.25654    0.00001
    4853   3.922   -84.25653    0.00001
    4854   3.925   -84.25653    0.00001    0.00003    1709       6
    4855   3.918   -84.25654    0.00001
    4856   3.926   -84.25653    0.00001
    4857   3.926   -84.25653    0.00001
    4858   3.926   -84.25653    0.00001
    4859   3.926   -84.25652    0.00001
    4860   3.927   -84.25652    0.00001    0.00001    1710       1
    4861   3.924   -84.25653    0.00001    0.00001    1711       1
    4862   3.922   -84.25653    0.00001    0.00001    1712       2
    4863   3.923   -84.25653    0.00001
    4864   3.929   -84.25652    0.00001    0.00002    1713       3
    4865   3.930   -84.25652    0.00001
    4866   3.930   -84.25652    0.00001
    4867   3.931   -84.25652    0.00001    0.00001    1714       2
    4868   3.932   -84.25652    0.00001
    4869   3.926   -84.25653    0.00001    0.00001    1715       1
    4870   3.930   -84.25652    0.00001    0.00001    1716       1
    4871   3.932   -84.25652    0.00001    0.00001    1717       2
    4872   3.933   -84.25651    0.00001
    4873   3.933   -84.25651    0.00001    0.00001    1718       1
    4874   3.937   -84.25651    0.00001    0.00001    1719       1
    4875   3.934   -84.25651    0.00001    0.00001    1720       2
    4876   3.938   -84.25651    0.00001
    4877   3.939   -84.25651    0.00001    0.00001    1721       1
    4878   3.923   -84.25653    0.00001    0.00002    1722       4
    4879   3.939   -84.25650    0.00001
    4880   3.936   -84.25651    0.00001
    4881   3.940   -84.25650    0.00001
    4882   3.941   -84.25650    0.00001    0.00001    1723       1
    4883   3.942   -84.25650    0.00001    0.00001    1724       1
    4884   3.943   -84.25650    0.00001    0.00001    1725       1
    4885   3.943   -84.25650    0.00001    0.00001    1726       1
    4886   3.944   -84.25650    0.00001    0.00001    1727       2
    4887   3.944   -84.25650    0.00001
    4888   3.944   -84.25650    0.00001    0.00001    1728       1
    4889   3.947   -84.25649    0.00001    0.00001    1729       1
    4890   3.940   -84.25650    0.00001    0.00001    1730       2
    4891   3.947   -84.25649    0.00001
    4892   3.947   -84.25649    0.00001    0.00001    1731       1
    4893   3.948   -84.25649    0.00001    0.00001    1732       1
    4894   3.947   -84.25649    0.00001    0.00001    1733       2
    4895   3.952   -84.25648    0.00001
    4896   3.953   -84.25648    0.00001    0.00001    1734       1
    4897   3.954   -84.25648    0.00001    0.00001    1735       1
    4898   3.953   -84.25648    0.00001    0.00001    1736       2
    4899   3.955   -84.25648    0.00001
    4900   3.954   -84.25648    0.00001    0.00001    1737       2
    4901   3.954   -84.25648    0.00001
    4902   3.955   -84.25648    0.00001    0.00001    1738       1
    4903   3.955   -84.25648    0.00001    0.00001    1739       2
    4904   3.949   -84.25649    0.00001
    4905   3.955   -84.25648    0.00001    0.00002    1740       3
    4906   3.956   -84.25648    0.00001
    4907   3.957   -84.25648    0.00001
    4908   3.956   -84.25648    0.00001    0.00001    1741       1
    4909   3.956   -84.25648    0.00001    0.00004    1742       8
    4910   3.957   -84.25648    0.00001
    4911   3.958   -84.25647    0.00001
    4912   3.956   -84.25648    0.00001
    4913   3.958   -84.25647    0.00001
    4914   3.959   -84.25647    0.00001
    4915   3.948   -84.25649    0.00001
    4916   3.957   -84.25648    0.00001
    4917   3.959   -84.25647    0.00001    0.00001    1743       1
    4918   3.914   -84.25654    0.00001    0.00001    1744       1
    4919   3.914   -84.25654    0.00001    0.00002    1745       4
    4920   3.915   -84.25654    0.00001
    4921   3.915   -84.25654    0.00001
    4922   3.958   -84.25647    0.00001
    4923   3.915   -84.25654    0.00001    0.00002    1746       3
    4924   3.959   -84.25647    0.00001
    4925   3.959   -84.25647    0.00001
    4926   3.960   -84.25647    0.00001    0.00002    1747       4
    4927   3.959   -84.25647    0.00001
    4928   3.960   -84.25647    0.00001
    4929   3.961   -84.25647    0.00001
    4930   3.961   -84.25647    0.00001    0.00002    1748       3
    4931   3.960   -84.25647    0.00001
    4932   3.961   -84.25647    0.00001
    4933   3.961   -84.25647    0.00001    0.00001    1749       1
    4934   3.961   -84.25647    0.00001    0.00002    1750       4
    4935   3.961   -84.25647    0.00001
    4936   3.962   -84.25647    0.00001
    4937   3.958   -84.25647    0.00001
    4938   3.958   -84.25647    0.00001    0.00001    1751       1
    4939   3.963   -84.25647    0.00001    0.00002    1752       3
    4940   3.963   -84.25647    0.00001
    4941   3.964   -84.25647    0.00001
    4942   3.960   -84.25647    0.00001    0.00002    1753       3
    4943   3.964   -84.25646    0.00001
    4944   3.966   -84.25646    0.00001
    4945   3.964   -84.25646    0.00001    0.00001    1754       1
    4946   3.966   -84.25646    0.00001    0.00001    1755       2
    4947   3.964   -84.25647    0.00001
    4948   3.966   -84.25646    0.00001    0.00001    1756       1
    4949   3.968   -84.25646    0.00001    0.00001    1757       1
    4950   3.969   -84.25646    0.00001    0.00002    1758       3
    4951   3.969   -84.25646    0.00001
    4952   3.970   -84.25646    0.00001
    4953   3.963   -84.25647    0.00001    0.00001    1759       1
    4954   3.971   -84.25645    0.00001    0.00001    1760       1
    4955   3.964   -84.25647    0.00001    0.00001    1761       1
    4956   3.971   -84.25645    0.00001    0.00001    1762       1
    4957   3.972   -84.25645    0.00001    0.00001    1763       1
    4958   3.975   -84.25645    0.00000    0.00000    1764       1
    4959   3.967   -84.25646    0.00001    0.00001    1765       2
    4960   3.975   -84.25645    0.00000
    4961   3.977   -84.25644    0.00000    0.00001    1766       2
    4962   3.978   -84.25644    0.00000
    4963   3.977   -84.25644    0.00000    0.00000    1767       1
    4964   3.979   -84.25644    0.00000    0.00001    1768       2
    4965   3.979   -84.25644    0.00000
    4966   3.980   -84.25644    0.00000    0.00000    1769       1
    4967   3.981   -84.25644    0.00000    0.00001    1770       2
    4968   3.982   -84.25644    0.00000
    4969   3.980   -84.25644    0.00000    0.00001    1771       2
    4970   3.980   -84.25644    0.00000
    4971   3.979   -84.25644    0.00000    0.00000    1772       1
    4972   3.983   -84.25643    0.00000    0.00000    1773       1
    4973   3.983   -84.25643    0.00000    0.00000    1774       1
    4974   3.984   -84.25643    0.00000    0.00001    1775       2
    4975   3.984   -84.25643    0.00000
    4976   3.985   -84.25643    0.00000    0.00001    1776       2
    4977   3.967   -84.25646    0.00001
    4978   3.987   -84.25643    0.00000    0.00004    1777       9
    4979   3.985   -84.25643    0.00000
    4980   3.985   -84.25643    0.00000
    4981   3.985   -84.25643    0.00000
    4982   3.984   -84.25643    0.00000
    4983   3.986   -84.25643    0.00000
    4984   3.986   -84.25643    0.00000
    4985   3.987   -84.25643    0.00000
    4986   3.988   -84.25643    0.00000
    4987   3.989   -84.25642    0.00000    0.00001    1778       2
    4988   3.986   -84.25643    0.00000
    4989   3.990   -84.25642    0.00000    0.00001    1779       3
    4990   3.990   -84.25642    0.00000
    4991   3.990   -84.25642    0.00000
    4992   3.990   -84.25642    0.00000    0.00001    1780       2
    4993   3.989   -84.25642    0.00000
    4994   3.990   -84.25642    0.00000    0.00000    1781       1
    4995   3.993   -84.25642    0.00000    0.00001    1782       2
    4996   3.986   -84.25643    0.00000
    4997   3.994   -84.25642    0.00000    0.00001    1783       2
    4998   3.987   -84.25643    0.00000
    4999   3.986   -84.25643    0.00000    0.00000    1784       1
    5000   3.995   -84.25642    0.00000    0.00000    1785       1
    5001   3.997   -84.25641    0.00000    0.00001    1786       3
    5002   3.997   -84.25641    0.00000
    5003   3.998   -84.25641    0.00000
    5004   3.999   -84.25641    0.00000    0.00000    1787       1
    5005   3.998   -84.25641    0.00000    0.00001    1788       2
    5006   3.999   -84.25641    0.00000
    5007   3.999   -84.25641    0.00000    0.00001    1789       3
    5008   4.001   -84.25641    0.00000
    5009   4.001   -84.25641    0.00000
    5010   4.001   -84.25641    0.00000    0.00000    1790       1
    5011   4.001   -84.25641    0.00000    0.00000    1791       1
    5012   4.001   -84.25641    0.00000    0.00000    1792       1
    5013   4.000   -84.25641    0.00000    0.00000    1793       1
    5014   4.002   -84.25640    0.00000    0.00001    1794       2
    5015   4.002   -84.25640    0.00000
    5016   4.003   -84.25640    0.00000    0.00001    1795       3
    5017   4.004   -84.25640    0.00000
    5018   4.003   -84.25640    0.00000
    5019   4.000   -84.25641    0.00000    0.00000    1796       1
    5020   4.005   -84.25640    0.00000    0.00000    1797       1
    5021   4.005   -84.25640    0.00000    0.00001    1798       2
    5022   4.006   -84.25640    0.00000
    5023   4.006   -84.25640    0.00000    0.00001    1799       3
    5024   4.006   -84.25640    0.00000
    5025   4.006   -84.25640    0.00000
    5026   4.006   -84.25640    0.00000    0.00000    1800       1
    5027   4.007   -84.25640    0.00000    0.00000    1801       1
    5028   4.003   -84.25640    0.00000    0.00001    1802       2
    5029   4.006   -84.25640    0.00000
    5030   4.007   -84.25640    0.00000    0.00000    1803       1
    5031   4.007   -84.25640    0.00000    0.00001    1804       3
    5032   4.008   -84.25639    0.00000
    5033   4.010   -84.25639    0.00000
    5034   4.005   -84.25640    0.00000    0.00000    1805       1
    5035   4.010   -84.25639    0.00000    0.00000    1806       1
    5036   4.010   -84.25639    0.00000    0.00001    1807       3
    5037   4.013   -84.25639    0.00000
    5038   4.010   -84.25639    0.00000
    5039   4.013   -84.25639    0.00000    0.00000    1808       1
    5040   4.013   -84.25639    0.00000    0.00001    1809       2
    5041   4.014   -84.25639    0.00000
    5042   4.017   -84.25638    0.00000    0.00001    1810       2
    5043   4.014   -84.25638    0.00000
    5044   4.014   -84.25638    0.00000    0.00003    1811       6
    5045   4.015   -84.25638    0.00000
    5046   4.016   -84.25638    0.00000
    5047   4.017   -84.25638    0.00000
    5048   4.016   -84.25638    0.00000
    5049   4.017   -84.25638    0.00000
    5050   4.018   -84.25638    0.00000    0.00000    1812       1
    5051   4.018   -84.25638    0.00000    0.00000    1813       1
    5052   4.019   -84.25638    0.00000    0.00000    1814       1
    5053   4.019   -84.25638    0.00000    0.00000    1815       1
    5054   4.021   -84.25637    0.00000    0.00001    1816       2
    5055   4.021   -84.25637    0.00000
    5056   4.014   -84.25639    0.00000    0.00002    1817       5
    5057   4.021   -84.25637    0.00000
    5058   4.022   -84.25637    0.00000
    5059   4.019   -84.25638    0.00000
    5060   4.022   -84.25637    0.00000
    5061   4.024   -84.25637    0.00000    0.00001    1818       3
    5062   4.008   -84.25639    0.00000
    5063   4.025   -84.25637    0.00000
    5064   4.025   -84.25637    0.00000    0.00000    1819       1
    5065   4.026   -84.25637    0.00000    0.00000    1820       1
    5066   4.026   -84.25637    0.00000    0.00000    1821       1
    5067   4.028   -84.25636    0.00000    0.00000    1822       1
    5068   4.029   -84.25636    0.00000    0.00000    1823       1
    5069   4.027   -84.25637    0.00000    0.00000    1824       1
    5070   4.028   -84.25636    0.00000    0.00001    1825       3
    5071   4.013   -84.25639    0.00000
    5072   4.020   -84.25638    0.00000
    5073   4.031   -84.25636    0.00000    0.00000    1826       1
    5074   4.031   -84.25636    0.00000    0.00000    1827       1
    5075   4.032   -84.25636    0.00000    0.00000    1828       1
    5076   4.032   -84.25636    0.00000    0.00001    1829       2
    5077   4.032   -84.25636    0.00000
    5078   4.033   -84.25636    0.00000    0.00000    1830       1
    5079   4.034   -84.25635    0.00000    0.00001    1831       2
    5080   4.032   -84.25636    0.00000
    5081   4.035   -84.25635    0.00000    0.00001    1832       2
    5082   4.036   -84.25635    0.00000
    5083   4.039   -84.25635    0.00000    0.00002    1833       4
    5084   4.020   -84.25637    0.00000
    5085   4.041   -84.25634    0.00000
    5086   4.038   -84.25635    0.00000
    5087   4.042   -84.25634    0.00000    0.00000    1834       1
    5088   4.044   -84.25634    0.00000    0.00000    1835       1
    5089   4.046   -84.25633    0.00000    0.00000    1836       1
    5090   4.047   -84.25633    0.00000    0.00001    1837       3
    5091   4.047   -84.25633    0.00000
    5092   4.052   -84.25633    0.00000
    5093   4.048   -84.25633    0.00000    0.00000    1838       1
    5094   4.021   -84.25637    0.00000    0.00002    1839       5
    5095   4.046   -84.25633    0.00000
    5096   4.049   -84.25633    0.00000
    5097   4.050   -84.25633    0.00000
    5098   4.050   -84.25633    0.00000
    5099   4.052   -84.25632    0.00000    0.00000    1840       1
    5100   4.052   -84.25632    0.00000    0.00005    1841      12
    5101   4.052   -84.25632    0.00000
    5102   4.053   -84.25632    0.00000
    5103   4.053   -84.25632    0.00000
    5104   4.053   -84.25632    0.00000
    5105   4.054   -84.25632    0.00000
    5106   4.053   -84.25632    0.00000
    5107   4.054   -84.25632    0.00000
    5108   4.055   -84.25632    0.00000
    5109   4.054   -84.25632    0.00000
    5110   4.055   -84.25632    0.00000
    5111   4.053   -84.25632    0.00000
    5112   4.053   -84.25632    0.00000    0.00000    1842       1
    5113   4.055   -84.25632    0.00000    0.00002    1843       5
    5114   4.055   -84.25632    0.00000
    5115   4.056   -84.25632    0.00000
    5116   4.057   -84.25632    0.00000
    5117   4.053   -84.25632    0.00000
    5118   4.058   -84.25632    0.00000    0.00001    1844       2
    5119   4.058   -84.25632    0.00000
    5120   4.058   -84.25632    0.00000    0.00001    1845       2
    5121   4.053   -84.25632    0.00000
    5122   4.053   -84.25632    0.00000    0.00000    1846       1
    5123   4.054   -84.25632    0.00000    0.00003    1847       6
    5124   4.038   -84.25635    0.00000
    5125   4.054   -84.25632    0.00000
    5126   4.058   -84.25631    0.00000
    5127   4.059   -84.25631    0.00000
    5128   4.059   -84.25631    0.00000
    5129   4.059   -84.25631    0.00000    0.00001    1848       3
    5130   4.055   -84.25632    0.00000
    5131   4.059   -84.25631    0.00000
    5132   4.060   -84.25631    0.00000    0.00001    1849       2
    5133   4.060   -84.25631    0.00000
    5134   4.061   -84.25631    0.00000    0.00003    1850       7
    5135   4.061   -84.25631    0.00000
    5136   4.059   -84.25631    0.00000
    5137   4.061   -84.25631    0.00000
    5138   4.062   -84.25631    0.00000
    5139   4.062   -84.25631    0.00000
    5140   4.062   -84.25631    0.00000
    5141   4.060   -84.25631    0.00000    0.00000    1851       1
    5142   4.062   -84.25631    0.00000    0.00000    1852       1
    5143   4.060   -84.25631    0.00000    0.00000    1853       1
    5144   4.062   -84.25631    0.00000    0.00000    1854       1
    5145   4.064   -84.25631    0.00000    0.00001    1855       3
    5146   4.064   -84.25631    0.00000
    5147   4.058   -84.25632    0.00000
    5148   4.062   -84.25631    0.00000    0.00001    1856       2
    5149   4.064   -84.25631    0.00000
    5150   4.064   -84.25631    0.00000    0.00001    1857       2
    5151   4.065   -84.25630    0.00000
    5152   4.065   -84.25630    0.00000    0.00000    1858       1
    5153   4.066   -84.25630    0.00000    0.00007    1859      16
    5154   4.071   -84.25629    0.00000
    5155   4.061   -84.25631    0.00000
    5156   4.067   -84.25630    0.00000
    5157   4.072   -84.25629    0.00000
    5158   4.067   -84.25630    0.00000
    5159   4.068   -84.25630    0.00000
    5160   4.069   -84.25630    0.00000
    5161   4.061   -84.25631    0.00000
    5162   4.072   -84.25629    0.00000
    5163   4.069   -84.25630    0.00000
    5164   4.069   -84.25630    0.00000
    5165   4.070   -84.25630    0.00000
    5166   4.070   -84.25630    0.00000
    5167   4.070   -84.25630    0.00000
    5168   4.070   -84.25630    0.00000
    5169   4.073   -84.25629    0.00000    0.00000    1860       1
    5170   4.071   -84.25629    0.00000    0.00000    1861       1
    5171   4.075   -84.25629    0.00000    0.00000    1862       1
    5172   4.076   -84.25629    0.00000    0.00000    1863       1
    5173   4.077   -84.25629    0.00000    0.00000    1864       1
    5174   4.055   -84.25632    0.00000    0.00001    1865       2
    5175   4.071   -84.25629    0.00000
    5176   4.077   -84.25628    0.00000    0.00000    1866       1
    5177   4.084   -84.25627    0.00000    0.00001    1867       2
    5178   4.084   -84.25627    0.00000
    5179   4.084   -84.25627    0.00000    0.00000    1868       1
    5180   4.084   -84.25627    0.00000    0.00001    1869       3
    5181   4.085   -84.25627    0.00000
    5182   4.088   -84.25627    0.00000
    5183   4.089   -84.25627    0.00000    0.00001    1870       2
    5184   4.088   -84.25627    0.00000
    5185   4.092   -84.25626    0.00000    0.00002    1871       6
    5186   4.092   -84.25626    0.00000
    5187   4.096   -84.25625    0.00000
    5188   4.098   -84.25625    0.00000
    5189   4.100   -84.25625    0.00000
    5190   4.100   -84.25625    0.00000
    5191   4.100   -84.25625    0.00000    0.00000    1872       1
    5192   4.089   -84.25627    0.00000    0.00000    1873       1
    5193   4.101   -84.25625    0.00000    0.00001    1874       2
    5194   4.089   -84.25626    0.00000
    5195   4.102   -84.25624    0.00000    0.00000    1875       1
    5196   4.090   -84.25626    0.00000    0.00000    1876       1
    5197   4.090   -84.25626    0.00000    0.00000    1877       1
    5198   4.103   -84.25624    0.00000    0.00000    1878       1
    5199   4.091   -84.25626    0.00000    0.00001    1879       2
    5200   4.104   -84.25624    0.00000
    5201   4.105   -84.25624    0.00000    0.00001    1880       3
    5202   4.105   -84.25624    0.00000
    5203   4.104   -84.25624    0.00000
    5204   4.107   -84.25624    0.00000    0.00001    1881       3
    5205   4.107   -84.25624    0.00000
    5206   4.076   -84.25629    0.00000
    5207   4.112   -84.25623    0.00000    0.00001    1882       2
    5208   4.105   -84.25624    0.00000
    5209   4.113   -84.25623    0.00000    0.00000    1883       1
    5210   4.115   -84.25622    0.00000    0.00000    1884       1
    5211   4.115   -84.25622    0.00000    0.00000    1885       1
    5212   4.117   -84.25622    0.00000    0.00001    1886       2
    5213   4.118   -84.25622    0.00000
    5214   4.119   -84.25622    0.00000    0.00000    1887       1
    5215   4.121   -84.25621    0.00000    0.00001    1888       2
    5216   4.122   -84.25621    0.00000
    5217   4.122   -84.25621    0.00000    0.00000    1889       1
    5218   4.122   -84.25621    0.00000    0.00001    1890       2
    5219   4.123   -84.25621    0.00000
    5220   4.122   -84.25621    0.00000    0.00001    1891       3
    5221   4.130   -84.25620    0.00000
    5222   4.125   -84.25621    0.00000
    5223   4.130   -84.25620    0.00000    0.00000    1892       1
    5224   4.131   -84.25620    0.00000    0.00002    1893       4
    5225   4.132   -84.25620    0.00000
    5226   4.131   -84.25620    0.00000
    5227   4.131   -84.25620    0.00000
    5228   4.134   -84.25619    0.00000    0.00000    1894       1
    5229   4.134   -84.25619    0.00000    0.00000    1895       1
    5230   4.135   -84.25619    0.00000    0.00000    1896       1
    5231   4.135   -84.25619    0.00000    0.00002    1897       4
    5232   4.108   -84.25624    0.00000
    5233   4.137   -84.25619    0.00000
    5234   4.138   -84.25619    0.00000
    5235   4.138   -84.25619    0.00000    0.00000    1898       1
    5236   4.141   -84.25618    0.00000    0.00001    1899       3
    5237   4.140   -84.25618    0.00000
    5238   4.142   -84.25618    0.00000
    5239   4.135   -84.25619    0.00000    0.00001    1900       2
    5240   4.142   -84.25618    0.00000
    5241   4.141   -84.25618    0.00000    0.00000    1901       1
    5242   4.137   -84.25619    0.00000    0.00001    1902       3
    5243   4.143   -84.25618    0.00000
    5244   4.144   -84.25618    0.00000
    5245   4.145   -84.25618    0.00000    0.00000    1903       1
    5246   4.144   -84.25618    0.00000    0.00001    1904       2
    5247   4.142   -84.25618    0.00000
    5248   4.146   -84.25617    0.00000    0.00001    1905       2
    5249   4.142   -84.25618    0.00000
    5250   4.145   -84.25618    0.00000    0.00000    1906       1
    5251   4.147   -84.25617    0.00000    0.00001    1907       2
    5252   4.149   -84.25617    0.00000
    5253   4.149   -84.25617    0.00000    0.00000    1908       1
    5254   4.149   -84.25617    0.00000    0.00001    1909       2
    5255   4.149   -84.25617    0.00000
    5256   4.150   -84.25617    0.00000    0.00000    1910       1
    5257   4.152   -84.25617    0.00000    0.00001    1911       2
    5258   4.153   -84.25616    0.00000
    5259   4.156   -84.25616    0.00000    0.00000    1912       1
    5260   4.156   -84.25616    0.00000    0.00000    1913       1
    5261   4.156   -84.25616    0.00000    0.00000    1914       1
    5262   4.157   -84.25616    0.00000    0.00001    1915       3
    5263   4.157   -84.25616    0.00000
    5264   4.158   -84.25616    0.00000
    5265   4.158   -84.25616    0.00000    0.00001    1916       3
    5266   4.158   -84.25616    0.00000
    5267   4.160   -84.25615    0.00000
    5268   4.164   -84.25615    0.00000    0.00000    1917       1
    5269   4.165   -84.25614    0.00000    0.00000    1918       1
    5270   4.167   -84.25614    0.00000    0.00000    1919       1
    5271   4.168   -84.25614    0.00000    0.00001    1920       2
    5272   4.169   -84.25614    0.00000
    5273   4.168   -84.25614    0.00000    0.00000    1921       1
    5274   4.170   -84.25614    0.00000    0.00000    1922       1
    5275   4.172   -84.25613    0.00000    0.00001    1923       2
    5276   4.173   -84.25613    0.00000
    5277   4.173   -84.25613    0.00000    0.00000    1924       1
    5278   4.174   -84.25613    0.00000    0.00000    1925       1
    5279   4.177   -84.25613    0.00000    0.00001    1926       4
    5280   4.177   -84.25612    0.00000
    5281   4.177   -84.25612    0.00000
    5282   4.178   -84.25612    0.00000
    5283   4.178   -84.25612    0.00000    0.00000    1927       1
    5284   4.181   -84.25612    0.00000    0.00000    1928       1
    5285   4.182   -84.25612    0.00000    0.00001    1929       2
    5286   4.185   -84.25611    0.00000
    5287   4.186   -84.25611    0.00000    0.00000    1930       1
    5288   4.182   -84.25612    0.00000    0.00000    1931       1
    5289   4.190   -84.25610    0.00000    0.00000    1932       1
    5290   4.190   -84.25610    0.00000    0.00000    1933       1
    5291   4.191   -84.25610    0.00000    0.00000    1934       1
    5292   4.192   -84.25610    0.00000    0.00000    1935       1
    5293   4.193   -84.25610    0.00000    0.00001    1936       4
    5294   4.193   -84.25610    0.00000
    5295   4.195   -84.25610    0.00000
    5296   4.197   -84.25609    0.00000
    5297   4.193   -84.25610    0.00000    0.00001    1937       2
    5298   4.194   -84.25610    0.00000
    5299   4.198   -84.25609    0.00000    0.00001    1938       4
    5300   4.195   -84.25610    0.00000
    5301   4.198   -84.25609    0.00000
    5302   4.198   -84.25609    0.00000
    5303   4.198   -84.25609    0.00000    0.00000    1939       1
    5304   4.203   -84.25608    0.00000    0.00002    1940       6
    5305   4.203   -84.25608    0.00000
    5306   4.203   -84.25608    0.00000
    5307   4.205   -84.25608    0.00000
    5308   4.205   -84.25608    0.00000
    5309   4.209   -84.25607    0.00000
    5310   4.210   -84.25607    0.00000    0.00000    1941       1
    5311   4.211   -84.25607    0.00000    0.00000    1942       1
    5312   4.212   -84.25607    0.00000    0.00000    1943       1
    5313   4.213   -84.25607    0.00000    0.00001    1944       2
    5314   4.214   -84.25607    0.00000
    5315   4.215   -84.25606    0.00000    0.00001    1945       3
    5316   4.216   -84.25606    0.00000
    5317   4.216   -84.25606    0.00000
    5318   4.208   -84.25608    0.00000    0.00001    1946       2
    5319   4.218   -84.25606    0.00000
    5320   4.218   -84.25606    0.00000    0.00001    1947       3
    5321   4.221   -84.25606    0.00000
    5322   4.219   -84.25606    0.00000
    5323   4.224   -84.25605    0.00000    0.00000    1948       1
    5324   4.217   -84.25606    0.00000    0.00000    1949       1
    5325   4.225   -84.25605    0.00000    0.00001    1950       2
    5326   4.226   -84.25605    0.00000
    5327   4.227   -84.25605    0.00000    0.00001    1951       2
    5328   4.228   -84.25604    0.00000
    5329   4.228   -84.25604    0.00000    0.00000    1952       1
    5330   4.228   -84.25604    0.00000    0.00000    1953       1
    5331   4.229   -84.25604    0.00000    0.00001    1954       2
    5332   4.234   -84.25603    0.00000
    5333   4.235   -84.25603    0.00000    0.00000    1955       1
    5334   4.236   -84.25603    0.00000    0.00001    1956       2
    5335   4.236   -84.25603    0.00000
    5336   4.237   -84.25603    0.00000    0.00001    1957       2
    5337   4.244   -84.25602    0.00000
    5338   4.244   -84.25602    0.00000    0.00000    1958       1
    5339   4.246   -84.25602    0.00000    0.00001    1959       3
    5340   4.249   -84.25601    0.00000
    5341   4.250   -84.25601    0.00000
    5342   4.234   -84.25604    0.00000    0.00000    1960       1
    5343   4.251   -84.25601    0.00000    0.00000    1961       1
    5344   4.258   -84.25600    0.00000    0.00000    1962       1
    5345   4.258   -84.25600    0.00000    0.00000    1963       1
    5346   4.265   -84.25599    0.00000    0.00000    1964       1
    5347   4.265   -84.25598    0.00000    0.00000    1965       1
    5348   4.268   -84.25598    0.00000    0.00000    1966       1
    5349   4.271   -84.25598    0.00000    0.00001    1967       2
    5350   4.271   -84.25598    0.00000
    5351   4.281   -84.25596    0.00000    0.00000    1968       1
    5352   4.281   -84.25596    0.00000    0.00002    1969       6
    5353   4.282   -84.25596    0.00000
    5354   4.282   -84.25596    0.00000
    5355   4.282   -84.25596    0.00000
    5356   4.283   -84.25596    0.00000
    5357   4.283   -84.25596    0.00000
    5358   4.285   -84.25595    0.00000    0.00000    1970       1
    5359   4.286   -84.25595    0.00000    0.00001    1971       2
    5360   4.286   -84.25595    0.00000
    5361   4.286   -84.25595    0.00000    0.00000    1972       1
    5362   4.287   -84.25595    0.00000    0.00000    1973       1
    5363   4.288   -84.25595    0.00000    0.00000    1974       1
    5364   4.288   -84.25595    0.00000    0.00001    1975       2
    5365   4.289   -84.25595    0.00000
    5366   4.290   -84.25595    0.00000    0.00001    1976       2
    5367   4.291   -84.25594    0.00000
    5368   4.289   -84.25595    0.00000    0.00000    1977       1
    5369   4.296   -84.25594    0.00000    0.00000    1978       1
    5370   4.296   -84.25594    0.00000    0.00000    1979       1
    5371   4.299   -84.25593    0.00000    0.00000    1980       1
    5372   4.300   -84.25593    0.00000    0.00001    1981       3
    5373   4.301   -84.25593    0.00000
    5374   4.302   -84.25593    0.00000
    5375   4.307   -84.25592    0.00000    0.00001    1982       4
    5376   4.308   -84.25592    0.00000
    5377   4.310   -84.25591    0.00000
    5378   4.308   -84.25592    0.00000
    5379   4.310   -84.25591    0.00000    0.00000    1983       1
    5380   4.311   -84.25591    0.00000    0.00000    1984       1
    5381   4.311   -84.25591    0.00000    0.00000    1985       1
    5382   4.308   -84.25592    0.00000    0.00000    1986       1
    5383   4.313   -84.25591    0.00000    0.00001    1987       5
    5384   4.313   -84.25591    0.00000
    5385   4.314   -84.25591    0.00000
    5386   4.316   -84.25590    0.00000
    5387   4.316   -84.25590    0.00000
    5388   4.317   -84.25590    0.00000    0.00000    1988       1
    5389   4.317   -84.25590    0.00000    0.00000    1989       1
    5390   4.317   -84.25590    0.00000    0.00001    1990       2
    5391   4.319   -84.25590    0.00000
    5392   4.319   -84.25590    0.00000    0.00000    1991       1
    5393   4.320   -84.25590    0.00000    0.00001    1992       2
    5394   4.320   -84.25590    0.00000
    5395   4.321   -84.25590    0.00000    0.00000    1993       1
    5396   4.316   -84.25590    0.00000    0.00001    1994       2
    5397   4.326   -84.25589    0.00000
    5398   4.327   -84.25589    0.00000    0.00000    1995       1
    5399   4.328   -84.25588    0.00000    0.00000    1996       1
    5400   4.328   -84.25588    0.00000    0.00000    1997       1
    5401   4.329   -84.25588    0.00000    0.00001    1998       2
    5402   4.329   -84.25588    0.00000
    5403   4.329   -84.25588    0.00000    0.00001    1999       2
    5404   4.328   -84.25588    0.00000
    5405   4.330   -84.25588    0.00000    0.00001    2000       2
    5406   4.321   -84.25590    0.00000
    5407   4.331   -84.25588    0.00000    0.00000    2001       1
    5408   4.332   -84.25588    0.00000    0.00001    2002       2
    5409   4.332   -84.25588    0.00000
    5410   4.331   -84.25588    0.00000    0.00000    2003       1
    5411   4.333   -84.25588    0.00000    0.00000    2004       1
    5412   4.333   -84.25588    0.00000    0.00001    2005       2
    5413   4.333   -84.25588    0.00000
    5414   4.333   -84.25588    0.00000    0.00000    2006       1
    5415   4.336   -84.25587    0.00000    0.00000    2007       1
    5416   4.333   -84.25588    0.00000    0.00001    2008       2
    5417   4.333   -84.25588    0.00000
    5418   4.337   -84.25587    0.00000    0.00000    2009       1
    5419   4.338   -84.25587    0.00000    0.00000    2010       1
    5420   4.341   -84.25586    0.00000    0.00000    2011       1
    5421   4.329   -84.25588    0.00000    0.00000    2012       1
    5422   4.346   -84.25586    0.00000    0.00001    2013       2
    5423   4.347   -84.25585    0.00000
    5424   4.347   -84.25585    0.00000    0.00000    2014       1
    5425   4.348   -84.25585    0.00000    0.00000    2015       1
    5426   4.352   -84.25585    0.00000    0.00000    2016       1
    5427   4.354   -84.25584    0.00000    0.00001    2017       2
    5428   4.356   -84.25584    0.00000
    5429   4.356   -84.25584    0.00000    0.00001    2018       2
    5430   4.357   -84.25584    0.00000
    5431   4.356   -84.25584    0.00000    0.00000    2019       1
    5432   4.355   -84.25584    0.00000    0.00000    2020       1
    5433   4.357   -84.25584    0.00000    0.00000    2021       1
    5434   4.363   -84.25583    0.00000    0.00001    2022       2
    5435   4.363   -84.25583    0.00000
    5436   4.365   -84.25583    0.00000    0.00001    2023       3
    5437   4.368   -84.25582    0.00000
    5438   4.366   -84.25582    0.00000
    5439   4.369   -84.25582    0.00000    0.00001    2024       2
    5440   4.369   -84.25582    0.00000
    5441   4.369   -84.25582    0.00000    0.00001    2025       2
    5442   4.370   -84.25582    0.00000
    5443   4.368   -84.25582    0.00000    0.00001    2026       2
    5444   4.370   -84.25582    0.00000
    5445   4.367   -84.25582    0.00000    0.00001    2027       3
    5446   4.371   -84.25582    0.00000
    5447   4.371   -84.25582    0.00000
    5448   4.372   -84.25582    0.00000    0.00002    2028       8
    5449   4.372   -84.25581    0.00000
    5450   4.374   -84.25581    0.00000
    5451   4.372   -84.25581    0.00000
    5452   4.372   -84.25581    0.00000
    5453   4.373   -84.25581    0.00000
    5454   4.374   -84.25581    0.00000
    5455   4.370   -84.25582    0.00000
    5456   4.374   -84.25581    0.00000    0.00000    2029       1
    5457   4.375   -84.25581    0.00000    0.00000    2030       1
    5458   4.371   -84.25582    0.00000    0.00001    2031       2
    5459   4.375   -84.25581    0.00000
    5460   4.377   -84.25581    0.00000    0.00000    2032       1
    5461   4.377   -84.25581    0.00000    0.00001    2033       2
    5462   4.377   -84.25581    0.00000
    5463   4.378   -84.25581    0.00000    0.00001    2034       2
    5464   4.378   -84.25581    0.00000
    5465   4.379   -84.25580    0.00000    0.00001    2035       2
    5466   4.377   -84.25581    0.00000
    5467   4.383   -84.25580    0.00000    0.00000    2036       1
    5468   4.385   -84.25579    0.00000    0.00000    2037       1
    5469   4.387   -84.25579    0.00000    0.00000    2038       1
    5470   4.387   -84.25579    0.00000    0.00000    2039       1
    5471   4.388   -84.25579    0.00000    0.00001    2040       3
    5472   4.378   -84.25580    0.00000
    5473   4.388   -84.25579    0.00000
    5474   4.389   -84.25579    0.00000    0.00002    2041       8
    5475   4.389   -84.25579    0.00000
    5476   4.388   -84.25579    0.00000
    5477   4.389   -84.25579    0.00000
    5478   4.390   -84.25579    0.00000
    5479   4.388   -84.25579    0.00000
    5480   4.391   -84.25578    0.00000
    5481   4.392   -84.25578    0.00000
    5482   4.392   -84.25578    0.00000    0.00000    2042       1
    5483   4.397   -84.25577    0.00000    0.00000    2043       2
    5484   4.399   -84.25577    0.00000
    5485   4.399   -84.25577    0.00000    0.00000    2044       1
    5486   4.404   -84.25576    0.00000    0.00000    2045       1
    5487   4.404   -84.25576    0.00000    0.00002    2046       9
    5488   4.404   -84.25576    0.00000
    5489   4.400   -84.25577    0.00000
    5490   4.405   -84.25576    0.00000
    5491   4.401   -84.25577    0.00000
    5492   4.405   -84.25576    0.00000
    5493   4.401   -84.25577    0.00000
    5494   4.401   -84.25577    0.00000
    5495   4.405   -84.25576    0.00000
    5496   4.407   -84.25576    0.00000    0.00000    2047       1
    5497   4.405   -84.25576    0.00000    0.00000    2048       2
    5498   4.402   -84.25577    0.00000
    5499   4.407   -84.25576    0.00000    0.00000    2049       2
    5500   4.403   -84.25577    0.00000
    5501   4.403   -84.25576    0.00000    0.00001    2050       3
    5502   4.406   -84.25576    0.00000
    5503   4.410   -84.25575    0.00000
    5504   4.411   -84.25575    0.00000    0.00000    2051       1
    5505   4.411   -84.25575    0.00000    0.00001    2052       3
    5506   4.411   -84.25575    0.00000
    5507   4.403   -84.25576    0.00000
    5508   4.411   -84.25575    0.00000    0.00001    2053       4
    5509   4.416   -84.25575    0.00000
    5510   4.407   -84.25576    0.00000
    5511   4.416   -84.25575    0.00000
    5512   4.417   -84.25574    0.00000    0.00000    2054       1
    5513   4.417   -84.25574    0.00000    0.00000    2055       1
    5514   4.419   -84.25574    0.00000    0.00000    2056       1
    5515   4.410   -84.25575    0.00000    0.00000    2057       1
    5516   4.423   -84.25573    0.00000    0.00000    2058       1
    5517   4.425   -84.25573    0.00000    0.00000    2059       1
    5518   4.425   -84.25573    0.00000    0.00000    2060       2
    5519   4.426   -84.25573    0.00000
    5520   4.427   -84.25573    0.00000    0.00000    2061       2
    5521   4.428   -84.25573    0.00000
    5522   4.429   -84.25572    0.00000    0.00000    2062       1
    5523   4.428   -84.25573    0.00000    0.00001    2063       3
    5524   4.429   -84.25572    0.00000
    5525   4.431   -84.25572    0.00000
    5526   4.433   -84.25572    0.00000    0.00000    2064       2
    5527   4.435   -84.25571    0.00000
    5528   4.429   -84.25572    0.00000    0.00000    2065       2
    5529   4.436   -84.25571    0.00000
    5530   4.433   -84.25572    0.00000    0.00000    2066       1
    5531   4.436   -84.25571    0.00000    0.00000    2067       1
    5532   4.390   -84.25579    0.00000    0.00000    2068       1
    5533   4.391   -84.25578    0.00000    0.00000    2069       1
    5534   4.438   -84.25571    0.00000    0.00000    2070       2
    5535   4.438   -84.25571    0.00000
    5536   4.438   -84.25571    0.00000    0.00000    2071       2
    5537   4.441   -84.25570    0.00000
    5538   4.443   -84.25570    0.00000    0.00000    2072       1
    5539   4.443   -84.25570    0.00000    0.00000    2073       1
    5540   4.444   -84.25570    0.00000    0.00000    2074       2
    5541   4.446   -84.25570    0.00000
    5542   4.447   -84.25569    0.00000    0.00000    2075       2
    5543   4.448   -84.25569    0.00000
    5544   4.448   -84.25569    0.00000    0.00000    2076       1
    5545   4.448   -84.25569    0.00000    0.00000    2077       1
    5546   4.448   -84.25569    0.00000    0.00001    2078       5
    5547   4.452   -84.25569    0.00000
    5548   4.448   -84.25569    0.00000
    5549   4.449   -84.25569    0.00000
    5550   4.450   -84.25569    0.00000
    5551   4.440   -84.25571    0.00000    0.00000    2079       1
    5552   4.455   -84.25568    0.00000    0.00000    2080       2
    5553   4.457   -84.25568    0.00000
    5554   4.458   -84.25568    0.00000    0.00000    2081       1
    5555   4.458   -84.25568    0.00000    0.00000    2082       2
    5556   4.458   -84.25568    0.00000
    5557   4.460   -84.25567    0.00000    0.00000    2083       1
    5558   4.460   -84.25567    0.00000    0.00000    2084       1
    5559   4.462   -84.25567    0.00000    0.00001    2085       3
    5560   4.462   -84.25567    0.00000
    5561   4.463   -84.25567    0.00000
    5562   4.463   -84.25567    0.00000    0.00001    2086       4
    5563   4.467   -84.25566    0.00000
    5564   4.463   -84.25567    0.00000
    5565   4.468   -84.25566    0.00000
    5566   4.466   -84.25567    0.00000    0.00000    2087       1
    5567   4.469   -84.25566    0.00000    0.00000    2088       1
    5568   4.472   -84.25566    0.00000    0.00000    2089       1
    5569   4.473   -84.25565    0.00000    0.00000    2090       1
    5570   4.474   -84.25565    0.00000    0.00000    2091       2
    5571   4.474   -84.25565    0.00000
    5572   4.475   -84.25565    0.00000    0.00001    2092       3
    5573   4.476   -84.25565    0.00000
    5574   4.474   -84.25565    0.00000
    5575   4.478   -84.25565    0.00000    0.00000    2093       1
    5576   4.478   -84.25565    0.00000    0.00000    2094       1
    5577   4.475   -84.25565    0.00000    0.00001    2095       3
    5578   4.479   -84.25564    0.00000
    5579   4.484   -84.25564    0.00000
    5580   4.479   -84.25564    0.00000    0.00002    2096       8
    5581   4.479   -84.25564    0.00000
    5582   4.488   -84.25563    0.00000
    5583   4.491   -84.25562    0.00000
    5584   4.479   -84.25564    0.00000
    5585   4.479   -84.25564    0.00000
    5586   4.479   -84.25564    0.00000
    5587   4.492   -84.25562    0.00000
    5588   4.486   -84.25563    0.00000    0.00000    2097       2
    5589   4.481   -84.25564    0.00000
    5590   4.481   -84.25564    0.00000    0.00000    2098       1
    5591   4.494   -84.25562    0.00000    0.00000    2099       1
    5592   4.498   -84.25561    0.00000    0.00000    2100       1
    5593   4.498   -84.25561    0.00000    0.00000    2101       1
    5594   4.500   -84.25561    0.00000    0.00000    2102       1
    5595   4.501   -84.25561    0.00000    0.00000    2103       1
    5596   4.503   -84.25561    0.00000    0.00000    2104       1
    5597   4.505   -84.25560    0.00000    0.00000    2105       2
    5598   4.507   -84.25560    0.00000
    5599   4.513   -84.25559    0.00000    0.00000    2106       2
    5600   4.457   -84.25568    0.00000
    5601   4.515   -84.25559    0.00000    0.00000    2107       1
    5602   4.510   -84.25559    0.00000    0.00000    2108       2
    5603   4.516   -84.25559    0.00000
    5604   4.517   -84.25558    0.00000    0.00000    2109       1
    5605   4.518   -84.25558    0.00000    0.00000    2110       1
    5606   4.504   -84.25560    0.00000    0.00000    2111       1
    5607   4.518   -84.25558    0.00000    0.00000    2112       2
    5608   4.519   -84.25558    0.00000
    5609   4.519   -84.25558    0.00000    0.00000    2113       1
    5610   4.520   -84.25558    0.00000    0.00001    2114       5
    5611   4.502   -84.25561    0.00000
    5612   4.518   -84.25558    0.00000
    5613   4.521   -84.25558    0.00000
    5614   4.483   -84.25564    0.00000
    5615   4.518   -84.25558    0.00000    0.00000    2115       1
    5616   4.518   -84.25558    0.00000    0.00000    2116       1
    5617   4.521   -84.25558    0.00000    0.00000    2117       1
    5618   4.522   -84.25557    0.00000    0.00000    2118       1
    5619   4.524   -84.25557    0.00000    0.00000    2119       2
    5620   4.526   -84.25557    0.00000
    5621   4.519   -84.25558    0.00000    0.00000    2120       1
    5622   4.527   -84.25557    0.00000    0.00000    2121       2
    5623   4.530   -84.25556    0.00000
    5624   4.521   -84.25558    0.00000    0.00000    2122       1
    5625   4.531   -84.25556    0.00000    0.00001    2123       3
    5626   4.531   -84.25556    0.00000
    5627   4.532   -84.25556    0.00000
    5628   4.532   -84.25556    0.00000    0.00000    2124       2
    5629   4.532   -84.25556    0.00000
    5630   4.532   -84.25556    0.00000    0.00000    2125       1
    5631   4.532   -84.25556    0.00000    0.00000    2126       2
    5632   4.532   -84.25556    0.00000
    5633   4.528   -84.25557    0.00000    0.00000    2127       1
    5634   4.532   -84.25556    0.00000    0.00000    2128       1
    5635   4.532   -84.25556    0.00000    0.00000    2129       1
    5636   4.533   -84.25556    0.00000    0.00000    2130       1
    5637   4.535   -84.25556    0.00000    0.00000    2131       2
    5638   4.535   -84.25555    0.00000
    5639   4.525   -84.25557    0.00000    0.00000    2132       1
    5640   4.537   -84.25555    0.00000    0.00001    2133       3
    5641   4.537   -84.25555    0.00000
    5642   4.532   -84.25556    0.00000
    5643   4.539   -84.25555    0.00000    0.00001    2134       4
    5644   4.536   -84.25555    0.00000
    5645   4.538   -84.25555    0.00000
    5646   4.533   -84.25556    0.00000
    5647   4.541   -84.25554    0.00000    0.00000    2135       1
    5648   4.539   -84.25555    0.00000    0.00001    2136       3
    5649   4.542   -84.25554    0.00000
    5650   4.517   -84.25558    0.00000
    5651   4.542   -84.25554    0.00000    0.00000    2137       2
    5652   4.534   -84.25556    0.00000
    5653   4.540   -84.25555    0.00000    0.00000    2138       1
    5654   4.542   -84.25554    0.00000    0.00000    2139       2
    5655   4.543   -84.25554    0.00000
    5656   4.544   -84.25554    0.00000    0.00000    2140       1
    5657   4.542   -84.25554    0.00000    0.00000    2141       2
    5658   4.543   -84.25554    0.00000
    5659   4.544   -84.25554    0.00000    0.00000    2142       2
    5660   4.543   -84.25554    0.00000
    5661   4.544   -84.25554    0.00000    0.00001    2143       5
    5662   4.550   -84.25553    0.00000
    5663   4.545   -84.25554    0.00000
    5664   4.549   -84.25553    0.00000
    5665   4.550   -84.25553    0.00000
    5666   4.550   -84.25553    0.00000    0.00000    2144       1
    5667   4.550   -84.25553    0.00000    0.00000    2145       1
    5668   4.550   -84.25553    0.00000    0.00001    2146       6
    5669   4.551   -84.25553    0.00000
    5670   4.551   -84.25553    0.00000
    5671   4.551   -84.25553    0.00000
    5672   4.552   -84.25553    0.00000
    5673   4.553   -84.25553    0.00000
    5674   4.552   -84.25553    0.00000    0.00001    2147       3
    5675   4.551   -84.25553    0.00000
    5676   4.552   -84.25553    0.00000
    5677   4.529   -84.25556    0.00000    0.00000    2148       1
    5678   4.536   -84.25555    0.00000    0.00000    2149       1
    5679   4.553   -84.25553    0.00000    0.00001    2150       3
    5680   4.554   -84.25552    0.00000
    5681   4.555   -84.25552    0.00000
    5682   4.555   -84.25552    0.00000    0.00000    2151       1
    5683   4.555   -84.25552    0.00000    0.00001    2152       6
    5684   4.556   -84.25552    0.00000
    5685   4.556   -84.25552    0.00000
    5686   4.555   -84.25552    0.00000
    5687   4.556   -84.25552    0.00000
    5688   4.557   -84.25552    0.00000
    5689   4.557   -84.25552    0.00000    0.00000    2153       2
    5690   4.558   -84.25552    0.00000
    5691   4.558   -84.25552    0.00000    0.00000    2154       2
    5692   4.558   -84.25552    0.00000
    5693   4.558   -84.25552    0.00000    0.00000    2155       1
    5694   4.559   -84.25552    0.00000    0.00001    2156       3
    5695   4.561   -84.25551    0.00000
    5696   4.562   -84.25551    0.00000
    5697   4.562   -84.25551    0.00000    0.00001    2157       8
    5698   4.562   -84.25551    0.00000
    5699   4.562   -84.25551    0.00000
    5700   4.562   -84.25551    0.00000
    5701   4.563   -84.25551    0.00000
    5702   4.564   -84.25551    0.00000
    5703   4.566   -84.25551    0.00000
    5704   4.562   -84.25551    0.00000
    5705   4.562   -84.25551    0.00000    0.00001    2158       8
    5706   4.567   -84.25550    0.00000
    5707   4.567   -84.25550    0.00000
    5708   4.560   -84.25552    0.00000
    5709   4.569   -84.25550    0.00000
    5710   4.570   -84.25550    0.00000
    5711   4.562   -84.25551    0.00000
    5712   4.570   -84.25550    0.00000
    5713   4.570   -84.25550    0.00000    0.00000    2159       2
    5714   4.570   -84.25550    0.00000
    5715   4.571   -84.25550    0.00000    0.00000    2160       1
    5716   4.572   -84.25550    0.00000    0.00000    2161       1
    5717   4.572   -84.25550    0.00000    0.00000    2162       1
    5718   4.572   -84.25550    0.00000    0.00001    2163       3
    5719   4.572   -84.25550    0.00000
    5720   4.570   -84.25550    0.00000
    5721   4.574   -84.25549    0.00000    0.00000    2164       2
    5722   4.575   -84.25549    0.00000
    5723   4.576   -84.25549    0.00000    0.00000    2165       1
    5724   4.577   -84.25549    0.00000    0.00000    2166       1
    5725   4.578   -84.25549    0.00000    0.00001    2167       5
    5726   4.578   -84.25549    0.00000
    5727   4.576   -84.25549    0.00000
    5728   4.579   -84.25548    0.00000
    5729   4.577   -84.25549    0.00000
    5730   4.566   -84.25551    0.00000    0.00001    2168       3
    5731   4.580   -84.25548    0.00000
    5732   4.584   -84.25548    0.00000
    5733   4.583   -84.25548    0.00000    0.00000    2169       2
    5734   4.584   -84.25548    0.00000
    5735   4.585   -84.25548    0.00000    0.00000    2170       1
    5736   4.585   -84.25548    0.00000    0.00000    2171       2
    5737   4.585   -84.25548    0.00000
    5738   4.579   -84.25548    0.00000    0.00000    2172       2
    5739   4.586   -84.25547    0.00000
    5740   4.587   -84.25547    0.00000    0.00000    2173       1
    5741   4.587   -84.25547    0.00000    0.00000    2174       1
    5742   4.588   -84.25547    0.00000    0.00000    2175       1
    5743   4.589   -84.25547    0.00000    0.00000    2176       1
    5744   4.589   -84.25547    0.00000    0.00000    2177       1
    5745   4.590   -84.25547    0.00000    0.00000    2178       1
    5746   4.592   -84.25546    0.00000    0.00000    2179       2
    5747   4.590   -84.25547    0.00000
    5748   4.592   -84.25546    0.00000    0.00000    2180       1
    5749   4.557   -84.25552    0.00000    0.00000    2181       1
    5750   4.592   -84.25546    0.00000    0.00000    2182       1
    5751   4.593   -84.25546    0.00000    0.00001    2183       3
    5752   4.595   -84.25546    0.00000
    5753   4.596   -84.25546    0.00000
    5754   4.596   -84.25546    0.00000    0.00000    2184       1
    5755   4.597   -84.25546    0.00000    0.00000    2185       1
    5756   4.598   -84.25546    0.00000    0.00000    2186       2
    5757   4.598   -84.25545    0.00000
    5758   4.598   -84.25545    0.00000    0.00000    2187       1
    5759   4.599   -84.25545    0.00000    0.00001    2188       3
    5760   4.600   -84.25545    0.00000
    5761   4.603   -84.25545    0.00000
    5762   4.603   -84.25545    0.00000    0.00000    2189       1
    5763   4.605   -84.25544    0.00000    0.00000    2190       1
    5764   4.605   -84.25544    0.00000    0.00000    2191       1
    5765   4.605   -84.25544    0.00000    0.00001    2192       5
    5766   4.605   -84.25544    0.00000
    5767   4.606   -84.25544    0.00000
    5768   4.607   -84.25544    0.00000
    5769   4.607   -84.25544    0.00000
    5770   4.606   -84.25544    0.00000    0.00000    2193       1
    5771   4.606   -84.25544    0.00000    0.00001    2194       3
    5772   4.607   -84.25544    0.00000
    5773   4.607   -84.25544    0.00000
    5774   4.607   -84.25544    0.00000    0.00000    2195       2
    5775   4.564   -84.25551    0.00000
    5776   4.565   -84.25551    0.00000    0.00000    2196       1
    5777   4.565   -84.25551    0.00000    0.00001    2197       3
    5778   4.566   -84.25551    0.00000
    5779   4.566   -84.25551    0.00000
    5780   4.600   -84.25545    0.00000    0.00001    2198       3
    5781   4.601   -84.25545    0.00000
    5782   4.607   -84.25544    0.00000
    5783   4.605   -84.25544    0.00000    0.00000    2199       1
    5784   4.610   -84.25544    0.00000    0.00000    2200       1
    5785   4.611   -84.25543    0.00000    0.00000    2201       1
    5786   4.607   -84.25544    0.00000    0.00000    2202       2
    5787   4.612   -84.25543    0.00000
    5788   4.602   -84.25545    0.00000    0.00001    2203       3
    5789   4.602   -84.25545    0.00000
    5790   4.611   -84.25543    0.00000
    5791   4.603   -84.25545    0.00000    0.00000    2204       2
    5792   4.612   -84.25543    0.00000
    5793   4.613   -84.25543    0.00000    0.00000    2205       2
    5794   4.615   -84.25543    0.00000
    5795   4.613   -84.25543    0.00000    0.00001    2206       3
    5796   4.615   -84.25543    0.00000
    5797   4.616   -84.25543    0.00000
    5798   4.604   -84.25545    0.00000    0.00000    2207       1
    5799   4.616   -84.25543    0.00000    0.00000    2208       1
    5800   4.616   -84.25543    0.00000    0.00000    2209       1
    5801   4.617   -84.25542    0.00000    0.00001    2210       4
    5802   4.617   -84.25542    0.00000
    5803   4.619   -84.25542    0.00000
    5804   4.607   -84.25544    0.00000
    5805   4.619   -84.25542    0.00000    0.00000    2211       1
    5806   4.620   -84.25542    0.00000    0.00000    2212       2
    5807   4.620   -84.25542    0.00000
    5808   4.606   -84.25544    0.00000    0.00000    2213       1
    5809   4.625   -84.25541    0.00000    0.00000    2214       2
    5810   4.625   -84.25541    0.00000
    5811   4.626   -84.25541    0.00000    0.00000    2215       1
    5812   4.627   -84.25541    0.00000    0.00000    2216       3
    5813   4.629   -84.25541    0.00000
    5814   4.629   -84.25540    0.00000
    5815   4.627   -84.25541    0.00000    0.00000    2217       1
    5816   4.629   -84.25541    0.00000    0.00000    2218       1
    5817   4.630   -84.25540    0.00000    0.00000    2219       3
    5818   4.631   -84.25540    0.00000
    5819   4.630   -84.25540    0.00000
    5820   4.632   -84.25540    0.00000    0.00000    2220       2
    5821   4.632   -84.25540    0.00000
    5822   4.632   -84.25540    0.00000    0.00000    2221       1
    5823   4.631   -84.25540    0.00000    0.00000    2222       1
    5824   4.630   -84.25540    0.00000    0.00000    2223       1
    5825   4.632   -84.25540    0.00000    0.00000    2224       1
    5826   4.635   -84.25540    0.00000    0.00000    2225       1
    5827   4.640   -84.25539    0.00000    0.00000    2226       1
    5828   4.641   -84.25539    0.00000    0.00000    2227       3
    5829   4.642   -84.25539    0.00000
    5830   4.643   -84.25538    0.00000
    5831   4.644   -84.25538    0.00000    0.00000    2228       1
    5832   4.647   -84.25538    0.00000    0.00000    2229       2
    5833   4.647   -84.25538    0.00000
    5834   4.648   -84.25537    0.00000    0.00000    2230       1
    5835   4.648   -84.25537    0.00000    0.00000    2231       1
    5836   4.652   -84.25537    0.00000    0.00000    2232       1
    5837   4.646   -84.25538    0.00000    0.00000    2233       2
    5838   4.653   -84.25537    0.00000
    5839   4.653   -84.25537    0.00000    0.00000    2234       1
    5840   4.659   -84.25536    0.00000    0.00000    2235       1
    5841   4.659   -84.25536    0.00000    0.00001    2236       9
    5842   4.661   -84.25535    0.00000
    5843   4.653   -84.25537    0.00000
    5844   4.661   -84.25535    0.00000
    5845   4.662   -84.25535    0.00000
    5846   4.642   -84.25538    0.00000
    5847   4.663   -84.25535    0.00000
    5848   4.654   -84.25537    0.00000
    5849   4.654   -84.25536    0.00000
    5850   4.655   -84.25536    0.00000    0.00000    2237       1
    5851   4.661   -84.25535    0.00000    0.00000    2238       2
    5852   4.656   -84.25536    0.00000
    5853   4.663   -84.25535    0.00000    0.00000    2239       2
    5854   4.656   -84.25536    0.00000
    5855   4.664   -84.25535    0.00000    0.00000    2240       1
    5856   4.657   -84.25536    0.00000    0.00000    2241       1
    5857   4.664   -84.25535    0.00000    0.00000    2242       1
    5858   4.664   -84.25535    0.00000    0.00000    2243       1
    5859   4.658   -84.25536    0.00000    0.00000    2244       1
    5860   4.652   -84.25537    0.00000    0.00000    2245       1
    5861   4.665   -84.25535    0.00000    0.00000    2246       2
    5862   4.665   -84.25535    0.00000
    5863   4.666   -84.25535    0.00000    0.00000    2247       1
    5864   4.667   -84.25535    0.00000    0.00000    2248       1
    5865   4.669   -84.25534    0.00000    0.00002    2249      12
    5866   4.669   -84.25534    0.00000
    5867   4.669   -84.25534    0.00000
    5868   4.669   -84.25534    0.00000
    5869   4.669   -84.25534    0.00000
    5870   4.669   -84.25534    0.00000
    5871   4.669   -84.25534    0.00000
    5872   4.670   -84.25534    0.00000
    5873   4.671   -84.25534    0.00000
    5874   4.672   -84.25534    0.00000
    5875   4.670   -84.25534    0.00000
    5876   4.673   -84.25533    0.00000
    5877   4.673   -84.25534    0.00000    0.00000    2250       2
    5878   4.671   -84.25534    0.00000
    5879   4.672   -84.25534    0.00000    0.00000    2251       2
    5880   4.673   -84.25533    0.00000
    5881   4.674   -84.25533    0.00000    0.00000    2252       1
    5882   4.674   -84.25533    0.00000    0.00000    2253       2
    5883   4.674   -84.25533    0.00000
    5884   4.674   -84.25533    0.00000    0.00000    2254       1
    5885   4.674   -84.25533    0.00000    0.00000    2255       1
    5886   4.674   -84.25533    0.00000    0.00000    2256       3
    5887   4.675   -84.25533    0.00000
    5888   4.671   -84.25534    0.00000
    5889   4.675   -84.25533    0.00000    0.00000    2257       2
    5890   4.675   -84.25533    0.00000
    5891   4.675   -84.25533    0.00000    0.00000    2258       2
    5892   4.676   -84.25533    0.00000
    5893   4.676   -84.25533    0.00000    0.00000    2259       3
    5894   4.676   -84.25533    0.00000
    5895   4.677   -84.25533    0.00000
    5896   4.677   -84.25533    0.00000    0.00000    2260       1
    5897   4.674   -84.25533    0.00000    0.00000    2261       2
    5898   4.677   -84.25533    0.00000
    5899   4.677   -84.25533    0.00000    0.00000    2262       1
    5900   4.671   -84.25534    0.00000    0.00001    2263       6
    5901   4.676   -84.25533    0.00000
    5902   4.679   -84.25533    0.00000
    5903   4.679   -84.25533    0.00000
    5904   4.677   -84.25533    0.00000
    5905   4.678   -84.25533    0.00000
    5906   4.679   -84.25532    0.00000    0.00000    2264       1
    5907   4.677   -84.25533    0.00000    0.00000    2265       2
    5908   4.681   -84.25532    0.00000
    5909   4.681   -84.25532    0.00000    0.00000    2266       2
    5910   4.681   -84.25532    0.00000
    5911   4.681   -84.25532    0.00000    0.00000    2267       1
    5912   4.678   -84.25533    0.00000    0.00000    2268       1
    5913   4.683   -84.25532    0.00000    0.00001    2269       6
    5914   4.683   -84.25532    0.00000
    5915   4.683   -84.25532    0.00000
    5916   4.684   -84.25532    0.00000
    5917   4.686   -84.25532    0.00000
    5918   4.685   -84.25532    0.00000
    5919   4.689   -84.25531    0.00000    0.00000    2270       1
    5920   4.689   -84.25531    0.00000    0.00000    2271       1
    5921   4.689   -84.25531    0.00000    0.00001    2272       5
    5922   4.689   -84.25531    0.00000
    5923   4.692   -84.25531    0.00000
    5924   4.690   -84.25531    0.00000
    5925   4.691   -84.25531    0.00000
    5926   4.693   -84.25530    0.00000    0.00000    2273       1
    5927   4.686   -84.25532    0.00000    0.00000    2274       1
    5928   4.696   -84.25530    0.00000    0.00000    2275       3
    5929   4.697   -84.25530    0.00000
    5930   4.697   -84.25530    0.00000
    5931   4.698   -84.25530    0.00000    0.00000    2276       1
    5932   4.700   -84.25529    0.00000    0.00000    2277       1
    5933   4.701   -84.25529    0.00000    0.00000    2278       1
    5934   4.702   -84.25529    0.00000    0.00000    2279       1
    5935   4.703   -84.25529    0.00000    0.00000    2280       1
    5936   4.703   -84.25529    0.00000    0.00000    2281       1
    5937   4.707   -84.25528    0.00000    0.00000    2282       1
    5938   4.711   -84.25527    0.00000    0.00000    2283       2
    5939   4.711   -84.25527    0.00000
    5940   4.712   -84.25527    0.00000    0.00000    2284       1
    5941   4.712   -84.25527    0.00000    0.00000    2285       1
    5942   4.713   -84.25527    0.00000    0.00001    2286       4
    5943   4.713   -84.25527    0.00000
    5944   4.716   -84.25527    0.00000
    5945   4.717   -84.25526    0.00000
    5946   4.719   -84.25526    0.00000    0.00000    2287       1
    5947   4.719   -84.25526    0.00000    0.00000    2288       2
    5948   4.721   -84.25526    0.00000
    5949   4.723   -84.25525    0.00000    0.00000    2289       2
    5950   4.721   -84.25526    0.00000
    5951   4.725   -84.25525    0.00000    0.00000    2290       2
    5952   4.714   -84.25527    0.00000
    5953   4.714   -84.25527    0.00000    0.00000    2291       2
    5954   4.725   -84.25525    0.00000
    5955   4.725   -84.25525    0.00000    0.00000    2292       1
    5956   4.725   -84.25525    0.00000    0.00000    2293       1
    5957   4.730   -84.25524    0.00000    0.00001    2294       7
    5958   4.726   -84.25525    0.00000
    5959   4.726   -84.25525    0.00000
    5960   4.728   -84.25525    0.00000
    5961   4.728   -84.25525    0.00000
    5962   4.731   -84.25524    0.00000
    5963   4.729   -84.25525    0.00000
    5964   4.732   -84.25524    0.00000    0.00000    2295       1
    5965   4.732   -84.25524    0.00000    0.00000    2296       1
    5966   4.732   -84.25524    0.00000    0.00000    2297       1
    5967   4.733   -84.25524    0.00000    0.00000    2298       1
    5968   4.724   -84.25525    0.00000    0.00000    2299       1
    5969   4.734   -84.25524    0.00000    0.00000    2300       1
    5970   4.735   -84.25524    0.00000    0.00000    2301       3
    5971   4.736   -84.25523    0.00000
    5972   4.737   -84.25523    0.00000
    5973   4.738   -84.25523    0.00000    0.00000    2302       1
    5974   4.739   -84.25523    0.00000    0.00000    2303       3
    5975   4.740   -84.25523    0.00000
    5976   4.743   -84.25522    0.00000
    5977   4.735   -84.25524    0.00000    0.00000    2304       1
    5978   4.745   -84.25522    0.00000    0.00000    2305       2
    5979   4.748   -84.25521    0.00000
    5980   4.752   -84.25521    0.00000    0.00000    2306       1
    5981   4.752   -84.25521    0.00000    0.00000    2307       2
    5982   4.720   -84.25526    0.00000
    5983   4.755   -84.25520    0.00000    0.00000    2308       1
    5984   4.758   -84.25520    0.00000    0.00000    2309       2
    5985   4.758   -84.25520    0.00000
    5986   4.753   -84.25521    0.00000    0.00000    2310       1
    5987   4.761   -84.25519    0.00000    0.00000    2311       1
    5988   4.735   -84.25524    0.00000    0.00000    2312       1
    5989   4.740   -84.25523    0.00000    0.00000    2313       1
    5990   4.761   -84.25519    0.00000    0.00000    2314       1
    5991   4.765   -84.25519    0.00000    0.00000    2315       1
    5992   4.767   -84.25518    0.00000    0.00000    2316       1
    5993   4.767   -84.25518    0.00000    0.00000    2317       1
    5994   4.770   -84.25518    0.00000    0.00000    2318       3
    5995   4.770   -84.25518    0.00000
    5996   4.771   -84.25518    0.00000
    5997   4.772   -84.25518    0.00000    0.00001    2319       5
    5998   4.773   -84.25518    0.00000
    5999   4.772   -84.25518    0.00000
    6000   4.771   -84.25518    0.00000
    6001   4.771   -84.25518    0.00000
    6002   4.771   -84.25518    0.00000    0.00000    2320       3
    6003   4.772   -84.25518    0.00000
    6004   4.775   -84.25517    0.00000
    6005   4.772   -84.25518    0.00000    0.00000    2321       3
    6006   4.776   -84.25517    0.00000
    6007   4.777   -84.25517    0.00000
    6008   4.775   -84.25517    0.00000    0.00000    2322       1
    6009   4.775   -84.25517    0.00000    0.00000    2323       2
    6010   4.780   -84.25516    0.00000
    6011   4.782   -84.25516    0.00000    0.00000    2324       1
    6012   4.786   -84.25516    0.00000    0.00000    2325       1
    6013   4.788   -84.25515    0.00000    0.00000    2326       1
    6014   4.790   -84.25515    0.00000    0.00000    2327       1
    6015   4.792   -84.25515    0.00000    0.00000    2328       1
    6016   4.797   -84.25514    0.00000    0.00000    2329       2
    6017   4.797   -84.25514    0.00000
    6018   4.771   -84.25518    0.00000    0.00000    2330       1
    6019   4.798   -84.25514    0.00000    0.00000    2331       2
    6020   4.798   -84.25514    0.00000
    6021   4.799   -84.25513    0.00000    0.00000    2332       3
    6022   4.798   -84.25514    0.00000
    6023   4.800   -84.25513    0.00000
    6024   4.805   -84.25512    0.00000    0.00000    2333       1
    6025   4.808   -84.25512    0.00000    0.00000    2334       1
    6026   4.815   -84.25511    0.00000    0.00000    2335       1
    6027   4.815   -84.25511    0.00000    0.00000    2336       1
    6028   4.816   -84.25511    0.00000    0.00000    2337       1
    6029   4.816   -84.25511    0.00000    0.00000    2338       4
    6030   4.817   -84.25510    0.00000
    6031   4.819   -84.25510    0.00000
    6032   4.816   -84.25511    0.00000
    6033   4.816   -84.25511    0.00000    0.00000    2339       2
    6034   4.817   -84.25511    0.00000
    6035   4.821   -84.25510    0.00000    0.00000    2340       1
    6036   4.824   -84.25509    0.00000    0.00000    2341       2
    6037   4.824   -84.25509    0.00000
    6038   4.824   -84.25509    0.00000    0.00000    2342       1
    6039   4.824   -84.25509    0.00000    0.00000    2343       1
    6040   4.832   -84.25508    0.00000    0.00000    2344       2
    6041   4.832   -84.25508    0.00000
    6042   4.834   -84.25508    0.00000    0.00000    2345       2
    6043   4.837   -84.25507    0.00000
    6044   4.836   -84.25508    0.00000    0.00000    2346       1
    6045   4.837   -84.25507    0.00000    0.00000    2347       1
    6046   4.838   -84.25507    0.00000    0.00000    2348       2
    6047   4.839   -84.25507    0.00000
    6048   4.839   -84.25507    0.00000    0.00000    2349       1
    6049   4.839   -84.25507    0.00000    0.00000    2350       2
    6050   4.840   -84.25507    0.00000
    6051   4.840   -84.25507    0.00000    0.00000    2351       2
    6052   4.841   -84.25507    0.00000
    6053   4.842   -84.25507    0.00000    0.00000    2352       1
    6054   4.842   -84.25507    0.00000    0.00000    2353       1
    6055   4.851   -84.25505    0.00000    0.00000    2354       1
    6056   4.852   -84.25505    0.00000    0.00000    2355       1
    6057   4.852   -84.25505    0.00000    0.00000    2356       2
    6058   4.852   -84.25505    0.00000
    6059   4.852   -84.25505    0.00000    0.00000    2357       2
    6060   4.854   -84.25505    0.00000
    6061   4.854   -84.25505    0.00000    0.00000    2358       1
    6062   4.854   -84.25505    0.00000    0.00000    2359       2
    6063   4.852   -84.25505    0.00000
    6064   4.855   -84.25504    0.00000    0.00000    2360       1
    6065   4.871   -84.25502    0.00000    0.00000    2361       1
    6066   4.876   -84.25501    0.00000    0.00000    2362       1
    6067   4.877   -84.25501    0.00000    0.00000    2363       2
    6068   4.878   -84.25501    0.00000
    6069   4.879   -84.25501    0.00000    0.00000    2364       1
    6070   4.881   -84.25500    0.00000    0.00000    2365       1
    6071   4.883   -84.25500    0.00000    0.00000    2366       1
    6072   4.883   -84.25500    0.00000    0.00000    2367       1
    6073   4.888   -84.25499    0.00000    0.00000    2368       1
    6074   4.889   -84.25499    0.00000    0.00000    2369       2
    6075   4.899   -84.25498    0.00000
    6076   4.900   -84.25497    0.00000    0.00000    2370       1
    6077   4.897   -84.25498    0.00000    0.00000    2371       3
    6078   4.900   -84.25497    0.00000
    6079   4.900   -84.25497    0.00000
    6080   4.901   -84.25497    0.00000    0.00001    2372       8
    6081   4.901   -84.25497    0.00000
    6082   4.902   -84.25497    0.00000
    6083   4.902   -84.25497    0.00000
    6084   4.902   -84.25497    0.00000
    6085   4.903   -84.25497    0.00000
    6086   4.903   -84.25497    0.00000
    6087   4.904   -84.25497    0.00000
    6088   4.904   -84.25497    0.00000    0.00000    2373       3
    6089   4.913   -84.25495    0.00000
    6090   4.913   -84.25495    0.00000
    6091   4.914   -84.25495    0.00000    0.00000    2374       1
    6092   4.914   -84.25495    0.00000    0.00000    2375       1
    6093   4.916   -84.25495    0.00000    0.00000    2376       2
    6094   4.917   -84.25495    0.00000
    6095   4.917   -84.25495    0.00000    0.00000    2377       1
    6096   4.918   -84.25494    0.00000    0.00000    2378       1
    6097   4.919   -84.25494    0.00000    0.00000    2379       1
    6098   4.906   -84.25496    0.00000    0.00000    2380       1
    6099   4.920   -84.25494    0.00000    0.00000    2381       1
    6100   4.920   -84.25494    0.00000    0.00000    2382       2
    6101   4.919   -84.25494    0.00000
    6102   4.921   -84.25494    0.00000    0.00000    2383       1
    6103   4.910   -84.25496    0.00000    0.00000    2384       2
    6104   4.914   -84.25495    0.00000
    6105   4.921   -84.25494    0.00000    0.00000    2385       1
    6106   4.923   -84.25494    0.00000    0.00000    2386       1
    6107   4.923   -84.25494    0.00000    0.00000    2387       1
    6108   4.920   -84.25494    0.00000    0.00000    2388       1
    6109   4.927   -84.25493    0.00000    0.00000    2389       1
    6110   4.927   -84.25493    0.00000    0.00000    2390       1
    6111   4.927   -84.25493    0.00000    0.00000    2391       1
    6112   4.928   -84.25493    0.00000    0.00000    2392       1
    6113   4.929   -84.25493    0.00000    0.00000    2393       4
    6114   4.929   -84.25493    0.00000
    6115   4.931   -84.25492    0.00000
    6116   4.930   -84.25493    0.00000
    6117   4.931   -84.25492    0.00000    0.00000    2394       3
    6118   4.930   -84.25492    0.00000
    6119   4.932   -84.25492    0.00000
    6120   4.933   -84.25492    0.00000    0.00000    2395       3
    6121   4.937   -84.25491    0.00000
    6122   4.937   -84.25491    0.00000
    6123   4.936   -84.25492    0.00000    0.00000    2396       5
    6124   4.938   -84.25491    0.00000
    6125   4.936   -84.25492    0.00000
    6126   4.941   -84.25491    0.00000
    6127   4.942   -84.25491    0.00000
    6128   4.939   -84.25491    0.00000    0.00000    2397       2
    6129   4.942   -84.25491    0.00000
    6130   4.944   -84.25490    0.00000    0.00000    2398       1
    6131   4.952   -84.25489    0.00000    0.00000    2399       1
    6132   4.953   -84.25489    0.00000    0.00000    2400       1
    6133   4.954   -84.25489    0.00000    0.00000    2401       1
    6134   4.954   -84.25489    0.00000    0.00000    2402       2
    6135   4.954   -84.25489    0.00000
    6136   4.955   -84.25489    0.00000    0.00000    2403       3
    6137   4.940   -84.25491    0.00000
    6138   4.956   -84.25488    0.00000
    6139   4.957   -84.25488    0.00000    0.00000    2404       3
    6140   4.957   -84.25488    0.00000
    6141   4.959   -84.25488    0.00000
    6142   4.959   -84.25488    0.00000    0.00000    2405       1
    6143   4.961   -84.25488    0.00000    0.00000    2406       1
    6144   4.961   -84.25488    0.00000    0.00000    2407       1
    6145   4.961   -84.25488    0.00000    0.00000    2408       2
    6146   4.959   -84.25488    0.00000
    6147   4.965   -84.25487    0.00000    0.00000    2409       1
    6148   4.966   -84.25487    0.00000    0.00000    2410       1
    6149   4.969   -84.25486    0.00000    0.00000    2411       1
    6150   4.970   -84.25486    0.00000    0.00000    2412       2
    6151   4.971   -84.25486    0.00000
    6152   4.972   -84.25486    0.00000    0.00000    2413       2
    6153   4.972   -84.25486    0.00000
    6154   4.973   -84.25486    0.00000    0.00000    2414       1
    6155   4.976   -84.25485    0.00000    0.00000    2415       3
    6156   4.976   -84.25485    0.00000
    6157   4.976   -84.25485    0.00000
    6158   4.977   -84.25485    0.00000    0.00000    2416       1
    6159   4.979   -84.25485    0.00000    0.00000    2417       2
    6160   4.981   -84.25484    0.00000
    6161   4.985   -84.25484    0.00000    0.00000    2418       2
    6162   4.985   -84.25484    0.00000
    6163   4.986   -84.25484    0.00000    0.00000    2419       1
    6164   4.991   -84.25483    0.00000    0.00000    2420       1
    6165   4.991   -84.25483    0.00000    0.00000    2421       1
    6166   4.992   -84.25483    0.00000    0.00000    2422       1
    6167   4.994   -84.25482    0.00000    0.00000    2423       4
    6168   4.994   -84.25482    0.00000
    6169   4.994   -84.25482    0.00000
    6170   4.995   -84.25482    0.00000
    6171   4.997   -84.25482    0.00000    0.00000    2424       1
T /K                                  :   298.15
E lowest                              :   -84.26278
ensemble average energy (kcal)        :    0.955
ensemble entropy (J/mol K, cal/mol K) :   59.156   14.139
ensemble free energy (kcal/mol)       :   -4.215
population of lowest in %             :   25.179
 number of unique conformers for further calc         2424
 list of relative energies saved as "crest.energies"

 -----------------
 Wall Time Summary
 -----------------
 CREST runtime (total)               1 d,  2 h, 14 min, 44.975 sec
 ------------------------------------------------------------------
 Trial metadynamics (MTD)   ...        0 min, 29.447 sec (  0.031%)
 Metadynamics (MTD)         ...      234 min,  3.265 sec ( 14.863%)
 Geometry optimization      ...     1249 min,  1.996 sec ( 79.316%)
 Molecular dynamics (MD)    ...       31 min, 47.530 sec (  2.019%)
 Genetic crossing (GC)      ...       59 min,  4.925 sec (  3.752%)
 I/O and setup              ...        0 min, 17.812 sec (  0.019%)
 ------------------------------------------------------------------
 * wall-time:     1 d,  2 h, 14 min, 44.975 sec
 *  cpu-time:     2 d,  4 h, 25 min,  3.552 sec
 * ratio c/w:     1.997 speedup
 ------------------------------------------------------------------
 * Total number of energy+grad calls: 1793635

 CREST terminated normally.
