    -68.448390718212    -68.448390718212         0.12140E-03
    -68.448390629955    -68.448390629955         0.15943E-03
    -68.448390099549    -68.448390099549         0.97119E-04
    -68.448390662036    -68.448390662036         0.10836E-03
    -68.448390713416    -68.448390713416         0.66228E-04
    -68.448389929891    -68.448389929891         0.63079E-04
    -68.448390385314    -68.448390385314         0.11378E-03
    -68.448390439936    -68.448390439936         0.18413E-03
    -68.448390414687    -68.448390414687         0.12702E-03
    -68.448390588230    -68.448390588230         0.10044E-03
    -68.448390553407    -68.448390553407         0.13369E-03
    -68.448390600196    -68.448390600196         0.15780E-03
    -68.448388973443    -68.448388973443         0.14312E-03
    -68.448389371459    -68.448389371459         0.16976E-03
    -68.448389913497    -68.448389913497         0.12969E-03
    -68.448390279263    -68.448390279263         0.17683E-03
    -68.448390906864    -68.448390906864         0.94591E-04
    -68.448389724941    -68.448389724941         0.10050E-03
    -68.448387497845    -68.448387497845         0.15155E-03
    -68.448389962682    -68.448389962682         0.99628E-04
    -68.448389971426    -68.448389971426         0.89314E-04
    -68.448388936562    -68.448388936562         0.13929E-03
    -68.448390875509    -68.448390875509         0.72389E-04
    -68.448389108092    -68.448389108092         0.29275E-04
    -68.448386840244    -68.448386840244         0.17393E-03
    -68.448390438937    -68.448390438937         0.10602E-03
    -68.448388899447    -68.448388899447         0.21445E-04
    -68.448389797551    -68.448389797551         0.18825E-04
    -68.448389285815    -68.448389285815         0.11742E-03
    -68.448388006190    -68.448388006190         0.13809E-03
    -68.448354389999    -68.448354389999         0.12082E-03
    -68.448354141515    -68.448354141515         0.14936E-03
    -68.448387453625    -68.448387453625         0.56798E-04
    -68.448387440659    -68.448387440659         0.17610E-03
    -68.448354432717    -68.448354432717         0.83388E-04
    -68.448354484476    -68.448354484476         0.15265E-03
    -68.448354475002    -68.448354475002         0.70382E-04
    -68.448354365932    -68.448354365932         0.87574E-04
    -68.448353601926    -68.448353601926         0.11930E-03
    -68.448353825334    -68.448353825334         0.14525E-03
    -68.448354079441    -68.448354079441         0.13781E-03
    -68.448353986024    -68.448353986024         0.15162E-03
    -68.448353324609    -68.448353324609         0.70043E-04
    -68.448353975943    -68.448353975943         0.10091E-03
    -68.448354205324    -68.448354205324         0.11998E-03
    -68.448354297352    -68.448354297352         0.12454E-03
    -68.448353237645    -68.448353237645         0.19006E-03
    -68.448354371394    -68.448354371394         0.62162E-04
    -68.448354386954    -68.448354386954         0.10711E-03
    -68.448353938697    -68.448353938697         0.18521E-03
    -68.448353577711    -68.448353577711         0.86141E-04
    -68.448353995639    -68.448353995639         0.14987E-03
    -68.448353027395    -68.448353027395         0.14239E-03
    -68.448353769223    -68.448353769223         0.18523E-03
    -68.448353949808    -68.448353949808         0.19597E-03
    -68.448354393118    -68.448354393118         0.16451E-03
    -68.448366332551    -68.448366332551         0.78699E-04
    -68.448353339823    -68.448353339823         0.14504E-03
    -68.448354380456    -68.448354380456         0.11712E-03
    -68.448353266987    -68.448353266987         0.96988E-04
    -68.448367812657    -68.448367812657         0.58305E-04
    -68.448375819860    -68.448375819860         0.60663E-04
    -68.448347791772    -68.448347791772         0.10577E-03
    -68.448388100672    -68.448388100672         0.10470E-03
    -68.448354268816    -68.448354268816         0.13820E-03
    -68.448346718152    -68.448346718152         0.12533E-03
    -68.448390002633    -68.448390002633         0.10082E-03
    -68.448381575701    -68.448381575701         0.31430E-04
    -68.448346649582    -68.448346649582         0.18278E-03
    -68.448345131654    -68.448345131654         0.16517E-03
    -68.448344923267    -68.448344923267         0.19511E-03
    -68.448345593240    -68.448345593240         0.19201E-03
    -68.448344968296    -68.448344968296         0.19094E-03
    -68.448346496843    -68.448346496843         0.17401E-03
    -68.448385098273    -68.448385098273         0.75153E-04
    -68.448346177717    -68.448346177717         0.11518E-03
    -68.448345629411    -68.448345629411         0.13014E-03
    -68.448349531974    -68.448349531974         0.10700E-03
    -68.448352915299    -68.448352915299         0.10193E-03
    -68.448344275570    -68.448344275570         0.12181E-03
    -68.448343344626    -68.448343344626         0.16604E-03
    -68.448353365799    -68.448353365799         0.19013E-03
    -68.448346323370    -68.448346323370         0.81682E-04
    -68.448347002377    -68.448347002377         0.94517E-04
    -68.448346737399    -68.448346737399         0.63777E-04
    -68.448346448822    -68.448346448822         0.13566E-03
    -68.448343560598    -68.448343560598         0.13657E-03
    -68.448344128782    -68.448344128782         0.15570E-03
    -68.448346241132    -68.448346241132         0.15505E-03
    -68.448345700300    -68.448345700300         0.67846E-04
    -68.448346696511    -68.448346696511         0.10315E-03
    -68.448346640364    -68.448346640364         0.95261E-04
    -68.448344843900    -68.448344843900         0.92535E-04
    -68.448351804506    -68.448351804506         0.18110E-03
    -68.448345654696    -68.448345654696         0.12645E-03
    -68.448344997788    -68.448344997788         0.90427E-04
    -68.448346189136    -68.448346189136         0.16602E-03
    -68.448346908472    -68.448346908472         0.16044E-03
    -68.448346945650    -68.448346945650         0.97362E-04
    -68.448344720453    -68.448344720453         0.13412E-03
    -68.448345991694    -68.448345991694         0.16785E-03
    -68.448374409081    -68.448374409081         0.70727E-04
    -68.448343711936    -68.448343711936         0.16238E-03
    -68.448345928524    -68.448345928524         0.16411E-03
    -68.448345783672    -68.448345783672         0.12629E-03
    -68.448354450562    -68.448354450562         0.90491E-04
    -68.448351749421    -68.448351749421         0.48807E-04
    -68.448346827178    -68.448346827178         0.81086E-04
    -68.448346312494    -68.448346312494         0.19681E-03
    -68.448346521524    -68.448346521524         0.80767E-04
    -68.448351045855    -68.448351045855         0.16362E-03
    -68.448345211981    -68.448345211981         0.71513E-04
    -68.448345707754    -68.448345707754         0.11413E-03
    -68.448345034292    -68.448345034292         0.12603E-03
    -68.448341265173    -68.448341265173         0.66705E-04
    -68.448352053573    -68.448352053573         0.82654E-04
    -68.448348082054    -68.448348082054         0.90421E-04
    -68.448352285834    -68.448352285834         0.19321E-03
    -68.448344874577    -68.448344874577         0.45957E-04
    -68.448344950268    -68.448344950268         0.10248E-03
    -68.448345134291    -68.448345134291         0.11164E-03
    -68.448344838548    -68.448344838548         0.17035E-03
    -68.448345964069    -68.448345964069         0.99030E-04
    -68.448345782613    -68.448345782613         0.10877E-03
    -68.448353516420    -68.448353516420         0.90258E-04
    -68.448352445546    -68.448352445546         0.84363E-04
    -68.448340051171    -68.448340051171         0.13470E-03
    -68.448345990679    -68.448345990679         0.74588E-04
    -68.448345335255    -68.448345335255         0.72279E-04
    -68.448346092156    -68.448346092156         0.14899E-03
    -68.448345181914    -68.448345181914         0.12325E-03
    -68.448345285555    -68.448345285555         0.15666E-03
    -68.448344157259    -68.448344157259         0.19240E-03
    -68.448347705082    -68.448347705082         0.33221E-04
    -68.448345288099    -68.448345288099         0.16689E-03
    -68.448346353765    -68.448346353765         0.14874E-03
    -68.448344040925    -68.448344040925         0.13925E-03
    -68.448346373953    -68.448346373953         0.88312E-04
    -68.448343743237    -68.448343743237         0.19141E-03
    -68.448336734802    -68.448336734802         0.51091E-04
    -68.448346282346    -68.448346282346         0.10752E-03
    -68.448341737310    -68.448341737310         0.10744E-03
    -68.448346309935    -68.448346309935         0.18916E-03
    -68.448346088665    -68.448346088665         0.17381E-03
    -68.448345699260    -68.448345699260         0.14367E-03
    -68.448346660802    -68.448346660802         0.11104E-03
    -68.448343653876    -68.448343653876         0.34030E-04
    -68.448344795410    -68.448344795410         0.17929E-03
    -68.448344880319    -68.448344880319         0.12960E-03
    -68.448345903195    -68.448345903195         0.14177E-03
    -68.448344945513    -68.448344945513         0.71294E-04
    -68.448350931926    -68.448350931926         0.36293E-04
    -68.448345477955    -68.448345477955         0.15527E-03
    -68.448345672348    -68.448345672348         0.14008E-03
    -68.448346122149    -68.448346122149         0.12714E-03
    -68.448342697495    -68.448342697495         0.17931E-03
    -68.448346443034    -68.448346443034         0.10322E-03
    -68.448345109019    -68.448345109019         0.16379E-03
    -68.448345074927    -68.448345074927         0.10433E-03
    -68.448346258373    -68.448346258373         0.59920E-04
    -68.448344687101    -68.448344687101         0.93957E-04
    -68.448345913432    -68.448345913432         0.14952E-03
    -68.448350961222    -68.448350961222         0.19785E-03
    -68.448353035467    -68.448353035467         0.14910E-03
    -68.448343923225    -68.448343923225         0.94027E-04
    -68.448343491171    -68.448343491171         0.24574E-04
    -68.448353766493    -68.448353766493         0.16043E-03
    -68.448346091341    -68.448346091341         0.17462E-03
    -68.448345324127    -68.448345324127         0.14423E-03
    -68.448383104028    -68.448383104028         0.16597E-03
    -68.448346763049    -68.448346763049         0.15564E-03
    -68.448315186472    -68.448315186472         0.13461E-03
    -68.448342958374    -68.448342958374         0.18993E-03
    -68.448346039241    -68.448346039241         0.14913E-03
    -68.448345666549    -68.448345666549         0.15805E-03
    -68.448338913315    -68.448338913315         0.64693E-04
    -68.448346580464    -68.448346580464         0.12191E-03
    -68.448346596809    -68.448346596809         0.13065E-03
    -68.448344437411    -68.448344437411         0.18881E-03
    -68.448344503476    -68.448344503476         0.16776E-03
    -68.448345390776    -68.448345390776         0.25892E-04
    -68.448345160375    -68.448345160375         0.13416E-03
    -68.448342502693    -68.448342502693         0.86898E-04
    -68.448342628597    -68.448342628597         0.35268E-04
    -68.448354212162    -68.448354212162         0.12829E-03
    -68.448345653792    -68.448345653792         0.74960E-04
    -68.448344420229    -68.448344420229         0.14654E-03
    -68.448344730317    -68.448344730317         0.10601E-03
    -68.448341137344    -68.448341137344         0.27929E-04
    -68.448345157842    -68.448345157842         0.13867E-03
    -68.448336434552    -68.448336434552         0.85059E-04
    -68.448344071093    -68.448344071093         0.17050E-03
    -68.448343415372    -68.448343415372         0.13001E-03
    -68.448341668288    -68.448341668288         0.70160E-04
    -68.448321244456    -68.448321244456         0.70537E-04
    -68.448063736881    -68.448063736881         0.10087E-03
    -68.448063059420    -68.448063059420         0.13675E-03
    -68.448062599591    -68.448062599591         0.77185E-04
    -68.448353017571    -68.448353017571         0.14972E-03
    -68.448062362099    -68.448062362099         0.18840E-03
    -68.448063620910    -68.448063620910         0.97677E-04
    -68.448062245480    -68.448062245480         0.15105E-03
    -68.448062361478    -68.448062361478         0.18603E-03
    -68.448061575500    -68.448061575500         0.19453E-03
    -68.448063111535    -68.448063111535         0.76700E-04
    -68.448063210260    -68.448063210260         0.17611E-03
    -68.448062963284    -68.448062963284         0.13132E-03
    -68.448062801241    -68.448062801241         0.13848E-03
    -68.448060114597    -68.448060114597         0.81253E-04
    -68.448063280043    -68.448063280043         0.12629E-03
    -68.448061623995    -68.448061623995         0.16085E-03
    -68.448062089079    -68.448062089079         0.13106E-03
    -68.448062809445    -68.448062809445         0.16068E-03
    -68.448062489788    -68.448062489788         0.30304E-04
    -68.448060287214    -68.448060287214         0.13487E-03
    -68.448063724750    -68.448063724750         0.10323E-03
    -68.448063157932    -68.448063157932         0.85900E-04
    -68.448063085908    -68.448063085908         0.14824E-03
    -68.448062647773    -68.448062647773         0.39904E-04
    -68.448062864442    -68.448062864442         0.18034E-03
    -68.448060399783    -68.448060399783         0.95575E-04
    -68.448062053262    -68.448062053262         0.76811E-04
    -68.448060468052    -68.448060468052         0.12771E-03
    -68.448061930372    -68.448061930372         0.15421E-03
    -68.448061350091    -68.448061350091         0.69822E-04
    -68.448062200973    -68.448062200973         0.81998E-04
    -68.448058286101    -68.448058286101         0.73174E-04
    -68.448056657762    -68.448056657762         0.10815E-03
    -68.448059933322    -68.448059933322         0.19918E-03
    -68.448062493564    -68.448062493564         0.16804E-03
    -68.448057942958    -68.448057942958         0.80519E-04
    -68.448063254205    -68.448063254205         0.10132E-03
    -68.448061834033    -68.448061834033         0.11090E-03
    -68.448063136048    -68.448063136048         0.15512E-03
    -68.448062114827    -68.448062114827         0.15511E-03
    -68.448056318744    -68.448056318744         0.97573E-04
    -68.448057774799    -68.448057774799         0.11139E-03
    -68.448056364650    -68.448056364650         0.82176E-04
    -68.448062617900    -68.448062617900         0.14203E-03
    -68.448057027295    -68.448057027295         0.95246E-04
    -68.448062456170    -68.448062456170         0.11851E-03
    -68.448055452390    -68.448055452390         0.11611E-03
    -68.448060911587    -68.448060911587         0.19986E-03
    -68.448060251326    -68.448060251326         0.11907E-03
    -68.448062441545    -68.448062441545         0.13588E-03
    -68.448058123342    -68.448058123342         0.12056E-03
    -68.448058987481    -68.448058987481         0.19729E-03
    -68.448059582117    -68.448059582117         0.18563E-03
    -68.448061527777    -68.448061527777         0.13190E-03
    -68.448057468151    -68.448057468151         0.12086E-03
    -68.448057302068    -68.448057302068         0.18890E-03
    -68.448062057779    -68.448062057779         0.61800E-04
    -68.448057082166    -68.448057082166         0.19086E-03
    -68.448055535417    -68.448055535417         0.17171E-03
    -68.448057655461    -68.448057655461         0.75901E-04
    -68.448057829518    -68.448057829518         0.17246E-03
    -68.448060191744    -68.448060191744         0.15424E-03
    -68.448062340965    -68.448062340965         0.89395E-04
    -68.448059490796    -68.448059490796         0.12135E-03
    -68.448057388938    -68.448057388938         0.11141E-03
    -68.448057565227    -68.448057565227         0.10794E-03
    -68.448061509854    -68.448061509854         0.16393E-03
    -68.448057945634    -68.448057945634         0.15555E-03
    -68.448056308143    -68.448056308143         0.15870E-03
    -68.448061881143    -68.448061881143         0.57728E-04
    -68.448056601809    -68.448056601809         0.18098E-03
    -68.448057114868    -68.448057114868         0.13890E-03
    -68.448057330310    -68.448057330310         0.13725E-03
    -68.448056639644    -68.448056639644         0.17387E-03
    -68.448057144356    -68.448057144356         0.14725E-03
    -68.448056452897    -68.448056452897         0.11378E-03
    -68.448055117866    -68.448055117866         0.36086E-04
    -68.448061590849    -68.448061590849         0.11027E-03
    -68.448061378449    -68.448061378449         0.14236E-03
    -68.448057086112    -68.448057086112         0.14290E-03
    -68.448056784571    -68.448056784571         0.93908E-04
    -68.448059684528    -68.448059684528         0.17563E-03
    -68.448062354074    -68.448062354074         0.93343E-04
    -68.448058105050    -68.448058105050         0.16142E-03
    -68.448057171885    -68.448057171885         0.14232E-03
    -68.448054412971    -68.448054412971         0.19118E-03
    -68.448061258570    -68.448061258570         0.16696E-03
    -68.448056167278    -68.448056167278         0.16970E-03
    -68.448056674872    -68.448056674872         0.19894E-03
    -68.448056547178    -68.448056547178         0.79198E-04
    -68.448057113355    -68.448057113355         0.13079E-03
    -68.448059911203    -68.448059911203         0.16371E-03
    -68.448054969102    -68.448054969102         0.71770E-04
    -68.448057287000    -68.448057287000         0.15225E-03
    -68.447857238210    -68.447857238210         0.86181E-04
    -68.447857231582    -68.447857231582         0.19957E-03
    -68.448054309657    -68.448054309657         0.18983E-04
    -68.447857196054    -68.447857196054         0.95064E-04
    -68.447856612464    -68.447856612464         0.15508E-03
    -68.447857372722    -68.447857372722         0.10219E-03
    -68.447856898394    -68.447856898394         0.11205E-03
    -68.447856375565    -68.447856375565         0.18761E-03
    -68.447857083525    -68.447857083525         0.11867E-03
    -68.447857058221    -68.447857058221         0.16672E-03
    -68.447857043551    -68.447857043551         0.11570E-03
    -68.447856654695    -68.447856654695         0.14556E-03
    -68.447856844165    -68.447856844165         0.11511E-03
    -68.447857160669    -68.447857160669         0.13482E-03
    -68.447857380858    -68.447857380858         0.12711E-03
    -68.447856638408    -68.447856638408         0.80892E-04
    -68.447856335748    -68.447856335748         0.14720E-03
    -68.447856443443    -68.447856443443         0.12289E-03
    -68.447855966017    -68.447855966017         0.15502E-03
    -68.447856812559    -68.447856812559         0.10639E-03
    -68.447857474323    -68.447857474323         0.12586E-03
    -68.447857346246    -68.447857346246         0.13645E-03
    -68.447857038414    -68.447857038414         0.12964E-03
    -68.447855635724    -68.447855635724         0.10183E-03
    -68.447856955384    -68.447856955384         0.53020E-04
    -68.447857513742    -68.447857513742         0.10645E-03
    -68.447855237192    -68.447855237192         0.10975E-03
    -68.447857460852    -68.447857460852         0.14827E-03
    -68.447843880613    -68.447843880613         0.91946E-04
    -68.447843619949    -68.447843619949         0.14172E-03
    -68.447856662441    -68.447856662441         0.12023E-03
    -68.447843454483    -68.447843454483         0.15163E-03
    -68.447844121361    -68.447844121361         0.12615E-03
    -68.447843031926    -68.447843031926         0.18584E-03
    -68.447843318500    -68.447843318500         0.12422E-03
    -68.447844013572    -68.447844013572         0.61855E-04
    -68.447843455058    -68.447843455058         0.17373E-03
    -68.447842343819    -68.447842343819         0.65947E-04
    -68.447842730854    -68.447842730854         0.12668E-03
    -68.447841870019    -68.447841870019         0.18892E-03
    -68.447851022001    -68.447851022001         0.35697E-04
    -68.447843372063    -68.447843372063         0.84767E-04
    -68.447844203366    -68.447844203366         0.98369E-04
    -68.447843207191    -68.447843207191         0.13906E-03
    -68.447843673525    -68.447843673525         0.13494E-03
    -68.447855852588    -68.447855852588         0.12860E-03
    -68.447844043667    -68.447844043667         0.96218E-04
    -68.447843624285    -68.447843624285         0.13172E-03
    -68.447842908837    -68.447842908837         0.14683E-03
    -68.447843551467    -68.447843551467         0.96303E-04
    -68.447856087238    -68.447856087238         0.19609E-03
    -68.447842581665    -68.447842581665         0.12255E-03
    -68.447844012197    -68.447844012197         0.65258E-04
    -68.447842524307    -68.447842524307         0.10204E-03
    -68.447843578846    -68.447843578846         0.16113E-03
    -68.447841968379    -68.447841968379         0.15628E-03
    -68.447844144951    -68.447844144951         0.88959E-04
    -68.447842521566    -68.447842521566         0.19372E-03
    -68.447843930446    -68.447843930446         0.10162E-03
    -68.447843259624    -68.447843259624         0.78590E-04
    -68.447844123854    -68.447844123854         0.10748E-03
    -68.447841364903    -68.447841364903         0.10953E-03
    -68.447843464387    -68.447843464387         0.78847E-04
    -68.447854620001    -68.447854620001         0.97749E-04
    -68.447841540449    -68.447841540449         0.86835E-04
    -68.447840236614    -68.447840236614         0.17363E-03
    -68.447841695655    -68.447841695655         0.81021E-04
    -68.447842946662    -68.447842946662         0.72420E-04
    -68.447836446757    -68.447836446757         0.54326E-04
    -68.447840230856    -68.447840230856         0.86497E-04
    -68.447838567227    -68.447838567227         0.50427E-04
    -68.447843623414    -68.447843623414         0.12012E-03
    -68.447834651666    -68.447834651666         0.59242E-04
    -68.447837635308    -68.447837635308         0.51760E-04
    -68.447840129662    -68.447840129662         0.18831E-03
    -68.447765655377    -68.447765655377         0.16389E-03
    -68.447766031987    -68.447766031987         0.17768E-03
    -68.447765652121    -68.447765652121         0.62639E-04
    -68.447766132762    -68.447766132762         0.13967E-03
    -68.447838262300    -68.447838262300         0.19736E-03
    -68.447765527029    -68.447765527029         0.94120E-04
    -68.447765282136    -68.447765282136         0.14037E-03
    -68.447765202293    -68.447765202293         0.16215E-03
    -68.447763888434    -68.447763888434         0.11022E-03
    -68.447763726933    -68.447763726933         0.19973E-03
    -68.447764609891    -68.447764609891         0.14771E-03
    -68.447764727702    -68.447764727702         0.92820E-04
    -68.447765144965    -68.447765144965         0.15262E-03
    -68.447763778267    -68.447763778267         0.12136E-03
    -68.447766157998    -68.447766157998         0.11991E-03
    -68.447764568883    -68.447764568883         0.90970E-04
    -68.447764353675    -68.447764353675         0.12664E-03
    -68.447763328717    -68.447763328717         0.13726E-03
    -68.447766025541    -68.447766025541         0.11547E-03
    -68.447763921948    -68.447763921948         0.19211E-03
    -68.447763236037    -68.447763236037         0.18760E-03
    -68.447766129977    -68.447766129977         0.15093E-03
    -68.447762268024    -68.447762268024         0.15465E-03
    -68.447766000822    -68.447766000822         0.93303E-04
    -68.447765655040    -68.447765655040         0.13775E-03
    -68.447761670803    -68.447761670803         0.19742E-03
    -68.447766194510    -68.447766194510         0.95222E-04
    -68.447766013898    -68.447766013898         0.92138E-04
    -68.447760586535    -68.447760586535         0.19131E-03
    -68.447763966154    -68.447763966154         0.75144E-04
    -68.447842942455    -68.447842942455         0.25610E-04
    -68.447765907291    -68.447765907291         0.12444E-03
    -68.447764352437    -68.447764352437         0.88395E-04
    -68.447761674554    -68.447761674554         0.83536E-04
    -68.447725117345    -68.447725117345         0.59255E-04
    -68.447762439757    -68.447762439757         0.66570E-04
    -68.447724982532    -68.447724982532         0.11077E-03
    -68.447724977213    -68.447724977213         0.19861E-03
    -68.447724918074    -68.447724918074         0.13633E-03
    -68.447724864198    -68.447724864198         0.11291E-03
    -68.447724775969    -68.447724775969         0.13068E-03
    -68.447724531377    -68.447724531377         0.14038E-03
    -68.447724487110    -68.447724487110         0.13425E-03
    -68.447724955825    -68.447724955825         0.12004E-03
    -68.447725066928    -68.447725066928         0.97187E-04
    -68.447724992706    -68.447724992706         0.89235E-04
    -68.447724763302    -68.447724763302         0.11373E-03
    -68.447724820355    -68.447724820355         0.14111E-03
    -68.447724858621    -68.447724858621         0.14803E-03
    -68.447724875139    -68.447724875139         0.13688E-03
    -68.447724444940    -68.447724444940         0.19972E-03
    -68.447723456744    -68.447723456744         0.66086E-04
    -68.447724819963    -68.447724819963         0.14878E-03
    -68.447723786546    -68.447723786546         0.11557E-03
    -68.447724065796    -68.447724065796         0.14303E-03
    -68.447723236646    -68.447723236646         0.18283E-03
    -68.447722581963    -68.447722581963         0.15560E-03
    -68.447722078644    -68.447722078644         0.17738E-03
    -68.447722354642    -68.447722354642         0.13444E-03
    -68.447725034138    -68.447725034138         0.19006E-03
    -68.447722927978    -68.447722927978         0.11324E-03
    -68.447723322813    -68.447723322813         0.17657E-03
    -68.447721633778    -68.447721633778         0.17186E-03
    -68.447724201934    -68.447724201934         0.14035E-03
    -68.447721384504    -68.447721384504         0.17525E-03
    -68.447722610174    -68.447722610174         0.11800E-03
    -68.447592577535    -68.447592577535         0.16215E-03
    -68.447591846444    -68.447591846444         0.13085E-03
    -68.447592470730    -68.447592470730         0.11884E-03
    -68.447592764206    -68.447592764206         0.11527E-03
    -68.447722182462    -68.447722182462         0.13925E-03
    -68.447591739439    -68.447591739439         0.13185E-03
    -68.447591414154    -68.447591414154         0.16586E-03
    -68.447592023653    -68.447592023653         0.11615E-03
    -68.447592208628    -68.447592208628         0.19491E-03
    -68.447592270163    -68.447592270163         0.10509E-03
    -68.447592380133    -68.447592380133         0.19175E-03
    -68.447591837323    -68.447591837323         0.19549E-03
    -68.447591985596    -68.447591985596         0.15413E-03
    -68.447592759092    -68.447592759092         0.82606E-04
    -68.447590792365    -68.447590792365         0.18406E-03
    -68.447592116647    -68.447592116647         0.15404E-03
    -68.447591495463    -68.447591495463         0.72152E-04
    -68.447592858863    -68.447592858863         0.11362E-03
    -68.447592365067    -68.447592365067         0.16438E-03
    -68.447590711038    -68.447590711038         0.78289E-04
    -68.447592506158    -68.447592506158         0.86830E-04
    -68.447590468327    -68.447590468327         0.18060E-03
    -68.447592206800    -68.447592206800         0.12857E-03
    -68.447592091094    -68.447592091094         0.10194E-03
    -68.447592419334    -68.447592419334         0.11097E-03
    -68.447590300775    -68.447590300775         0.13295E-03
    -68.447590124434    -68.447590124434         0.14739E-03
    -68.447589246141    -68.447589246141         0.16433E-03
    -68.447586962565    -68.447586962565         0.18282E-03
    -68.447589497359    -68.447589497359         0.19409E-03
    -68.447591511816    -68.447591511816         0.18677E-03
    -68.447562625879    -68.447562625879         0.12500E-03
    -68.447590376252    -68.447590376252         0.19093E-03
    -68.447590854755    -68.447590854755         0.12973E-03
    -68.447590045739    -68.447590045739         0.19006E-03
    -68.447516337492    -68.447516337492         0.68329E-04
    -68.447533572351    -68.447533572351         0.54698E-04
    -68.447535218811    -68.447535218811         0.86226E-04
    -68.447531735398    -68.447531735398         0.16918E-03
    -68.447591426950    -68.447591426950         0.13422E-03
    -68.447534104427    -68.447534104427         0.17433E-03
    -68.447590700963    -68.447590700963         0.19620E-04
    -68.447534385635    -68.447534385635         0.15413E-03
    -68.447533401931    -68.447533401931         0.10494E-03
    -68.447534682045    -68.447534682045         0.14240E-03
    -68.447563045291    -68.447563045291         0.11320E-03
    -68.447533568936    -68.447533568936         0.13472E-03
    -68.447534400261    -68.447534400261         0.16236E-03
    -68.447532196760    -68.447532196760         0.16131E-03
    -68.447533867509    -68.447533867509         0.19850E-03
    -68.447520838716    -68.447520838716         0.13047E-03
    -68.447534654033    -68.447534654033         0.10208E-03
    -68.447535014890    -68.447535014890         0.98216E-04
    -68.447531224597    -68.447531224597         0.13572E-03
    -68.447534375466    -68.447534375466         0.18318E-03
    -68.447529781309    -68.447529781309         0.19436E-03
    -68.447534528396    -68.447534528396         0.19997E-03
    -68.447519888126    -68.447519888126         0.18394E-03
    -68.447533923989    -68.447533923989         0.17177E-03
    -68.447534308148    -68.447534308148         0.13453E-03
    -68.447533980121    -68.447533980121         0.13693E-03
    -68.447562644490    -68.447562644490         0.19294E-03
    -68.447591885947    -68.447591885947         0.72835E-04
    -68.447562278975    -68.447562278975         0.13692E-03
    -68.447582724184    -68.447582724184         0.34008E-04
    -68.447575645011    -68.447575645011         0.44257E-04
    -68.447559183651    -68.447559183651         0.18774E-03
    -68.447562780073    -68.447562780073         0.10622E-03
    -68.447506871999    -68.447506871999         0.96384E-04
    -68.447576458853    -68.447576458853         0.46944E-04
    -68.447562230057    -68.447562230057         0.14116E-03
    -68.447507170853    -68.447507170853         0.10541E-03
    -68.447560278784    -68.447560278784         0.15217E-03
    -68.447507151163    -68.447507151163         0.18440E-03
    -68.447561222230    -68.447561222230         0.13586E-03
    -68.447561294162    -68.447561294162         0.19119E-03
    -68.447535412027    -68.447535412027         0.16622E-03
    -68.447535519259    -68.447535519259         0.89278E-04
    -68.447535269475    -68.447535269475         0.18306E-03
    -68.447534484948    -68.447534484948         0.16676E-03
    -68.447562085463    -68.447562085463         0.14994E-03
    -68.447535209499    -68.447535209499         0.96430E-04
    -68.447535580866    -68.447535580866         0.85454E-04
    -68.447535072571    -68.447535072571         0.95296E-04
    -68.447506638898    -68.447506638898         0.13489E-03
    -68.447526712012    -68.447526712012         0.81139E-04
    -68.447561393340    -68.447561393340         0.83050E-04
    -68.447535447834    -68.447535447834         0.15994E-03
    -68.447534452579    -68.447534452579         0.91751E-04
    -68.447563434165    -68.447563434165         0.60744E-04
    -68.447562398763    -68.447562398763         0.10868E-03
    -68.447571470189    -68.447571470189         0.61092E-04
    -68.447563026778    -68.447563026778         0.10280E-03
    -68.447533331923    -68.447533331923         0.10844E-03
    -68.447528436526    -68.447528436526         0.10339E-03
    -68.447535927459    -68.447535927459         0.11221E-03
    -68.447532582935    -68.447532582935         0.12742E-03
    -68.447535919983    -68.447535919983         0.12028E-03
    -68.447533029155    -68.447533029155         0.19203E-03
    -68.447531115482    -68.447531115482         0.17962E-03
    -68.447523523366    -68.447523523366         0.17225E-03
    -68.447523458151    -68.447523458151         0.15316E-03
    -68.447531698275    -68.447531698275         0.19942E-03
    -68.447523155546    -68.447523155546         0.18740E-03
    -68.447535324170    -68.447535324170         0.17987E-03
    -68.447562348592    -68.447562348592         0.54253E-04
    -68.447562825740    -68.447562825740         0.19428E-03
    -68.447523162320    -68.447523162320         0.12829E-03
    -68.447522634048    -68.447522634048         0.11955E-03
    -68.447585952914    -68.447585952914         0.36721E-04
    -68.447530819949    -68.447530819949         0.18622E-03
    -68.447533619099    -68.447533619099         0.18542E-03
    -68.447523217203    -68.447523217203         0.19449E-03
    -68.447521513225    -68.447521513225         0.19681E-03
    -68.447523394198    -68.447523394198         0.11046E-03
    -68.447532322170    -68.447532322170         0.18697E-03
    -68.447522276999    -68.447522276999         0.10378E-03
    -68.447522993685    -68.447522993685         0.13678E-03
    -68.447523029871    -68.447523029871         0.85922E-04
    -68.447523008756    -68.447523008756         0.11909E-03
    -68.447521765704    -68.447521765704         0.10211E-03
    -68.447522969821    -68.447522969821         0.13815E-03
    -68.447522642683    -68.447522642683         0.18152E-03
    -68.447523073846    -68.447523073846         0.11777E-03
    -68.447523078503    -68.447523078503         0.11390E-03
    -68.447521627324    -68.447521627324         0.85460E-04
    -68.447523188465    -68.447523188465         0.16170E-03
    -68.447561556417    -68.447561556417         0.14118E-03
    -68.447523209551    -68.447523209551         0.81682E-04
    -68.447523157398    -68.447523157398         0.16011E-03
    -68.447523445717    -68.447523445717         0.15750E-03
    -68.447523153514    -68.447523153514         0.11942E-03
    -68.447520237606    -68.447520237606         0.19531E-03
    -68.447523003674    -68.447523003674         0.16203E-03
    -68.447532632940    -68.447532632940         0.28343E-04
    -68.447522046651    -68.447522046651         0.91554E-04
    -68.447522389745    -68.447522389745         0.17414E-03
    -68.447561462942    -68.447561462942         0.24587E-04
    -68.447506923986    -68.447506923986         0.80133E-04
    -68.447519988313    -68.447519988313         0.19043E-03
    -68.447520685465    -68.447520685465         0.19529E-03
    -68.447506234420    -68.447506234420         0.14643E-03
    -68.447506650619    -68.447506650619         0.12517E-03
    -68.447520427655    -68.447520427655         0.17919E-03
    -68.447506862108    -68.447506862108         0.12197E-03
    -68.447506848539    -68.447506848539         0.13827E-03
    -68.447506863956    -68.447506863956         0.18818E-03
    -68.447533808863    -68.447533808863         0.14916E-03
    -68.447505534162    -68.447505534162         0.12203E-03
    -68.447522901318    -68.447522901318         0.14115E-03
    -68.447525827283    -68.447525827283         0.36912E-04
    -68.447531778956    -68.447531778956         0.13689E-03
    -68.447505984100    -68.447505984100         0.17709E-03
    -68.447506856614    -68.447506856614         0.74123E-04
    -68.447507211675    -68.447507211675         0.79729E-04
    -68.447534864156    -68.447534864156         0.12664E-03
    -68.447506086407    -68.447506086407         0.17806E-03
    -68.447504138553    -68.447504138553         0.25930E-04
    -68.447505125105    -68.447505125105         0.18305E-03
    -68.447519724048    -68.447519724048         0.31867E-04
    -68.447507005117    -68.447507005117         0.93049E-04
    -68.447522921620    -68.447522921620         0.18241E-03
    -68.447507238555    -68.447507238555         0.12710E-03
    -68.447505990175    -68.447505990175         0.11551E-03
    -68.447506826611    -68.447506826611         0.10089E-03
    -68.447500659517    -68.447500659517         0.16997E-03
    -68.447504772795    -68.447504772795         0.14740E-03
    -68.447503647283    -68.447503647283         0.17971E-03
    -68.447534979283    -68.447534979283         0.17272E-03
    -68.447505330188    -68.447505330188         0.13517E-03
    -68.447507309660    -68.447507309660         0.91893E-04
    -68.447505070173    -68.447505070173         0.13660E-03
    -68.447505340779    -68.447505340779         0.10681E-03
    -68.447522073950    -68.447522073950         0.11874E-03
    -68.447518090111    -68.447518090111         0.25413E-04
    -68.447492394220    -68.447492394220         0.48028E-04
    -68.447505431657    -68.447505431657         0.13836E-03
    -68.447523982456    -68.447523982456         0.37253E-04
    -68.447521278896    -68.447521278896         0.35676E-04
    -68.447518874944    -68.447518874944         0.66933E-04
    -68.447503966251    -68.447503966251         0.39795E-04
    -68.447473964069    -68.447473964069         0.12275E-03
    -68.447474067435    -68.447474067435         0.12984E-03
    -68.447473856832    -68.447473856832         0.11678E-03
    -68.447473511511    -68.447473511511         0.14793E-03
    -68.447505124641    -68.447505124641         0.17376E-03
    -68.447473277804    -68.447473277804         0.12625E-03
    -68.447473279448    -68.447473279448         0.12902E-03
    -68.447472292178    -68.447472292178         0.13518E-03
    -68.447473884323    -68.447473884323         0.13367E-03
    -68.447473526696    -68.447473526696         0.94263E-04
    -68.447471782304    -68.447471782304         0.12815E-03
    -68.447472254961    -68.447472254961         0.19470E-03
    -68.447472487386    -68.447472487386         0.14323E-03
    -68.447473103734    -68.447473103734         0.13964E-03
    -68.447471846256    -68.447471846256         0.12053E-03
    -68.447471624524    -68.447471624524         0.95233E-04
    -68.447471191781    -68.447471191781         0.19198E-03
    -68.447464766500    -68.447464766500         0.10370E-03
    -68.447465004761    -68.447465004761         0.11394E-03
    -68.447471391853    -68.447471391853         0.14391E-03
    -68.447474134923    -68.447474134923         0.15713E-03
    -68.447471400881    -68.447471400881         0.17222E-03
    -68.447474392864    -68.447474392864         0.14642E-03
    -68.447464866389    -68.447464866389         0.16603E-03
    -68.447464052633    -68.447464052633         0.17613E-03
    -68.447464157431    -68.447464157431         0.15826E-03
    -68.447473199049    -68.447473199049         0.18171E-03
    -68.447465136998    -68.447465136998         0.12209E-03
    -68.447472938178    -68.447472938178         0.97525E-04
    -68.447473535990    -68.447473535990         0.15165E-03
    -68.447465199083    -68.447465199083         0.17792E-03
    -68.447463897705    -68.447463897705         0.15094E-03
    -68.447464572290    -68.447464572290         0.19663E-03
    -68.447463252934    -68.447463252934         0.18569E-03
    -68.447463240107    -68.447463240107         0.94304E-04
    -68.447465029209    -68.447465029209         0.13751E-03
    -68.447471243332    -68.447471243332         0.16847E-03
    -68.447471865152    -68.447471865152         0.18610E-03
    -68.447472322107    -68.447472322107         0.74528E-04
    -68.447463607848    -68.447463607848         0.12540E-03
    -68.447463399238    -68.447463399238         0.17198E-03
    -68.447465245203    -68.447465245203         0.10429E-03
    -68.447464482068    -68.447464482068         0.12624E-03
    -68.447464940847    -68.447464940847         0.15628E-03
    -68.447472842218    -68.447472842218         0.15745E-03
    -68.447465144741    -68.447465144741         0.14484E-03
    -68.447463526898    -68.447463526898         0.85532E-04
    -68.447472554117    -68.447472554117         0.13249E-03
    -68.447464918786    -68.447464918786         0.18969E-03
    -68.447471664755    -68.447471664755         0.89172E-04
    -68.447464104264    -68.447464104264         0.16740E-03
    -68.447472867372    -68.447472867372         0.16499E-03
    -68.447462466832    -68.447462466832         0.62960E-04
    -68.447464794321    -68.447464794321         0.15270E-03
    -68.447472820655    -68.447472820655         0.18786E-03
    -68.447464158189    -68.447464158189         0.12993E-03
    -68.447471049879    -68.447471049879         0.19082E-03
    -68.447465170236    -68.447465170236         0.13835E-03
    -68.447465150931    -68.447465150931         0.16230E-03
    -68.447466853462    -68.447466853462         0.80949E-04
    -68.447471953385    -68.447471953385         0.10684E-03
    -68.447465267995    -68.447465267995         0.81767E-04
    -68.447464177280    -68.447464177280         0.11872E-03
    -68.447464114220    -68.447464114220         0.68063E-04
    -68.447464566994    -68.447464566994         0.13600E-03
    -68.447464068059    -68.447464068059         0.18978E-03
    -68.447473966276    -68.447473966276         0.15775E-03
    -68.447472872880    -68.447472872880         0.10028E-03
    -68.447471647135    -68.447471647135         0.24765E-04
    -68.447462967162    -68.447462967162         0.26234E-04
    -68.447473675922    -68.447473675922         0.72172E-04
    -68.447472786802    -68.447472786802         0.10498E-03
    -68.447464937658    -68.447464937658         0.48108E-04
    -68.447465072160    -68.447465072160         0.14535E-03
    -68.447463093648    -68.447463093648         0.12391E-03
    -68.447472816902    -68.447472816902         0.13791E-03
    -68.447472467042    -68.447472467042         0.13088E-03
    -68.447473050550    -68.447473050550         0.72891E-04
    -68.447473213643    -68.447473213643         0.66349E-04
    -68.447473146384    -68.447473146384         0.11943E-03
    -68.447472454666    -68.447472454666         0.16135E-03
    -68.447352977063    -68.447352977063         0.81311E-04
    -68.447352717463    -68.447352717463         0.78030E-04
    -68.447352413333    -68.447352413333         0.13967E-03
    -68.447352697964    -68.447352697964         0.46919E-04
    -68.447352582867    -68.447352582867         0.12561E-03
    -68.447352769815    -68.447352769815         0.97023E-04
    -68.447352292428    -68.447352292428         0.12566E-03
    -68.447352168315    -68.447352168315         0.15823E-03
    -68.447352572565    -68.447352572565         0.12645E-03
    -68.447352408638    -68.447352408638         0.94008E-04
    -68.447352132221    -68.447352132221         0.95187E-04
    -68.447352683618    -68.447352683618         0.14365E-03
    -68.447352386289    -68.447352386289         0.18773E-03
    -68.447351851499    -68.447351851499         0.10422E-03
    -68.447351807700    -68.447351807700         0.19781E-03
    -68.447351831597    -68.447351831597         0.16997E-03
    -68.447352414152    -68.447352414152         0.13624E-03
    -68.447352774394    -68.447352774394         0.14410E-03
    -68.447352111652    -68.447352111652         0.11429E-03
    -68.447352283428    -68.447352283428         0.11000E-03
    -68.447352331045    -68.447352331045         0.91093E-04
    -68.447350665360    -68.447350665360         0.83382E-04
    -68.447352847674    -68.447352847674         0.83813E-04
    -68.447352914071    -68.447352914071         0.13223E-03
    -68.447352644704    -68.447352644704         0.15471E-03
    -68.447352669052    -68.447352669052         0.16019E-03
    -68.447351729833    -68.447351729833         0.14954E-03
    -68.447352304942    -68.447352304942         0.14385E-03
    -68.447352517606    -68.447352517606         0.16193E-03
    -68.447352246707    -68.447352246707         0.19832E-03
    -68.447347203011    -68.447347203011         0.97047E-04
    -68.447348125973    -68.447348125973         0.10457E-03
    -68.447347253619    -68.447347253619         0.16447E-03
    -68.447352464710    -68.447352464710         0.19159E-03
    -68.447347243065    -68.447347243065         0.10404E-03
    -68.447352638222    -68.447352638222         0.19183E-03
    -68.447348106018    -68.447348106018         0.45355E-04
    -68.447352639735    -68.447352639735         0.17968E-03
    -68.447347825677    -68.447347825677         0.18913E-03
    -68.447347057058    -68.447347057058         0.11450E-03
    -68.447351721723    -68.447351721723         0.17931E-03
    -68.447347362536    -68.447347362536         0.14728E-03
    -68.447346995232    -68.447346995232         0.15625E-03
    -68.447346987482    -68.447346987482         0.87336E-04
    -68.447347199035    -68.447347199035         0.89638E-04
    -68.447346984153    -68.447346984153         0.11198E-03
    -68.447346947281    -68.447346947281         0.17142E-03
    -68.447346531013    -68.447346531013         0.15385E-03
    -68.447348059251    -68.447348059251         0.89550E-04
    -68.447346585862    -68.447346585862         0.12433E-03
    -68.447352697784    -68.447352697784         0.13944E-03
    -68.447348048802    -68.447348048802         0.44498E-04
    -68.447352201253    -68.447352201253         0.10801E-03
    -68.447352525995    -68.447352525995         0.12749E-03
    -68.447346340323    -68.447346340323         0.15116E-03
    -68.447347336715    -68.447347336715         0.96016E-04
    -68.447351687483    -68.447351687483         0.11111E-03
    -68.447346300950    -68.447346300950         0.17534E-03
    -68.447347221395    -68.447347221395         0.11261E-03
    -68.447352778903    -68.447352778903         0.14081E-03
    -68.447352753450    -68.447352753450         0.78084E-04
    -68.447347133473    -68.447347133473         0.12951E-03
    -68.447346322304    -68.447346322304         0.11387E-03
    -68.447346165354    -68.447346165354         0.19119E-03
    -68.447347320367    -68.447347320367         0.13452E-03
    -68.447347225441    -68.447347225441         0.17404E-03
    -68.447346813756    -68.447346813756         0.81156E-04
    -68.447346140317    -68.447346140317         0.12721E-03
    -68.447347169989    -68.447347169989         0.15157E-03
    -68.447348013559    -68.447348013559         0.13740E-03
    -68.447347855072    -68.447347855072         0.12368E-03
    -68.447352617386    -68.447352617386         0.16852E-03
    -68.447347391909    -68.447347391909         0.11927E-03
    -68.447346277275    -68.447346277275         0.11060E-03
    -68.447347045886    -68.447347045886         0.18602E-03
    -68.447347863819    -68.447347863819         0.12032E-03
    -68.447347316641    -68.447347316641         0.15175E-03
    -68.447342564071    -68.447342564071         0.89481E-04
    -68.447342471968    -68.447342471968         0.99672E-04
    -68.447347224527    -68.447347224527         0.14536E-03
    -68.447342455510    -68.447342455510         0.12996E-03
    -68.447342158030    -68.447342158030         0.13997E-03
    -68.447347312856    -68.447347312856         0.10094E-03
    -68.447347643977    -68.447347643977         0.98026E-04
    -68.447347731131    -68.447347731131         0.11037E-03
    -68.447346639447    -68.447346639447         0.17055E-03
    -68.447342328289    -68.447342328289         0.16454E-03
    -68.447347144992    -68.447347144992         0.11033E-03
    -68.447341958256    -68.447341958256         0.14166E-03
    -68.447342268954    -68.447342268954         0.13131E-03
    -68.447341920966    -68.447341920966         0.59307E-04
    -68.447342001070    -68.447342001070         0.14573E-03
    -68.447347493588    -68.447347493588         0.11815E-03
    -68.447342097871    -68.447342097871         0.10471E-03
    -68.447346790144    -68.447346790144         0.82087E-04
    -68.447342063017    -68.447342063017         0.12456E-03
    -68.447341871447    -68.447341871447         0.18632E-03
    -68.447347524310    -68.447347524310         0.10941E-03
    -68.447341935763    -68.447341935763         0.12982E-03
    -68.447341848646    -68.447341848646         0.17615E-03
    -68.447341662442    -68.447341662442         0.18335E-03
    -68.447347289293    -68.447347289293         0.11965E-03
    -68.447347091804    -68.447347091804         0.15783E-03
    -68.447341304610    -68.447341304610         0.58788E-04
    -68.447347870741    -68.447347870741         0.12089E-03
    -68.447348191207    -68.447348191207         0.10935E-03
    -68.447347177782    -68.447347177782         0.97833E-04
    -68.447347400481    -68.447347400481         0.99315E-04
    -68.447341487657    -68.447341487657         0.85182E-04
    -68.447341830874    -68.447341830874         0.15467E-03
    -68.447346528204    -68.447346528204         0.18599E-03
    -68.447341152906    -68.447341152906         0.16397E-03
    -68.447342124776    -68.447342124776         0.12313E-03
    -68.447342316826    -68.447342316826         0.10722E-03
    -68.447342170882    -68.447342170882         0.13983E-03
    -68.447348018497    -68.447348018497         0.98662E-04
    -68.447346881258    -68.447346881258         0.77113E-04
    -68.447344598525    -68.447344598525         0.17614E-03
    -68.447342539599    -68.447342539599         0.69572E-04
    -68.447347993368    -68.447347993368         0.78237E-04
    -68.447350165778    -68.447350165778         0.14183E-03
    -68.447342381745    -68.447342381745         0.88626E-04
    -68.447346049396    -68.447346049396         0.17308E-03
    -68.447347151555    -68.447347151555         0.16129E-03
    -68.447342733570    -68.447342733570         0.44200E-04
    -68.447347055257    -68.447347055257         0.14753E-03
    -68.447342402756    -68.447342402756         0.80926E-04
    -68.447347653644    -68.447347653644         0.17854E-03
    -68.447341697286    -68.447341697286         0.16988E-03
    -68.447341972283    -68.447341972283         0.12740E-03
    -68.447341621102    -68.447341621102         0.16678E-03
    -68.447341573347    -68.447341573347         0.17977E-03
    -68.447342376903    -68.447342376903         0.17074E-03
    -68.447341396525    -68.447341396525         0.74822E-04
    -68.447341655879    -68.447341655879         0.84471E-04
    -68.447342505725    -68.447342505725         0.57151E-04
    -68.447341480270    -68.447341480270         0.19283E-04
    -68.447347092101    -68.447347092101         0.91073E-04
    -68.447347181625    -68.447347181625         0.15784E-03
    -68.447347143178    -68.447347143178         0.85098E-04
    -68.447345175431    -68.447345175431         0.17712E-03
    -68.447342310568    -68.447342310568         0.10600E-03
    -68.447348124748    -68.447348124748         0.14737E-03
    -68.447351636160    -68.447351636160         0.18303E-03
    -68.447339754640    -68.447339754640         0.39257E-04
    -68.447342424610    -68.447342424610         0.11086E-03
    -68.447346442323    -68.447346442323         0.12419E-03
    -68.447347406756    -68.447347406756         0.76041E-04
    -68.447352331580    -68.447352331580         0.96800E-04
    -68.447347280334    -68.447347280334         0.57797E-04
    -68.447342386363    -68.447342386363         0.99776E-04
    -68.447347928385    -68.447347928385         0.16775E-03
    -68.447347215829    -68.447347215829         0.13225E-03
    -68.447347359639    -68.447347359639         0.11738E-03
    -68.447347888122    -68.447347888122         0.13680E-03
    -68.447346627259    -68.447346627259         0.14922E-03
    -68.447347006408    -68.447347006408         0.17314E-03
    -68.447351559253    -68.447351559253         0.17967E-04
    -68.447341056757    -68.447341056757         0.86113E-04
    -68.447351012314    -68.447351012314         0.21109E-04
    -68.447322742220    -68.447322742220         0.57677E-04
    -68.447322724149    -68.447322724149         0.13221E-03
    -68.447321746592    -68.447321746592         0.17633E-03
    -68.447342056411    -68.447342056411         0.12698E-03
    -68.447321592432    -68.447321592432         0.10733E-03
    -68.447321621821    -68.447321621821         0.17041E-03
    -68.447321602440    -68.447321602440         0.11794E-03
    -68.447322342231    -68.447322342231         0.14612E-03
    -68.447322608708    -68.447322608708         0.98948E-04
    -68.447322623056    -68.447322623056         0.14776E-03
    -68.447322151264    -68.447322151264         0.14307E-03
    -68.447320871413    -68.447320871413         0.16456E-03
    -68.447320949804    -68.447320949804         0.11730E-03
    -68.447322632276    -68.447322632276         0.15470E-03
    -68.447322199282    -68.447322199282         0.97869E-04
    -68.447321747624    -68.447321747624         0.15300E-03
    -68.447322548247    -68.447322548247         0.14841E-03
    -68.447322463741    -68.447322463741         0.11164E-03
    -68.447322476654    -68.447322476654         0.13388E-03
    -68.447322397738    -68.447322397738         0.16112E-03
    -68.447322531308    -68.447322531308         0.10953E-03
    -68.447322471872    -68.447322471872         0.18275E-03
    -68.447322608634    -68.447322608634         0.16460E-03
    -68.447322583124    -68.447322583124         0.12237E-03
    -68.447321422044    -68.447321422044         0.18198E-03
    -68.447346586417    -68.447346586417         0.10607E-03
    -68.447322092058    -68.447322092058         0.10996E-03
    -68.447343989029    -68.447343989029         0.37940E-04
    -68.447321395327    -68.447321395327         0.15835E-03
    -68.447321672400    -68.447321672400         0.11197E-03
    -68.447322563208    -68.447322563208         0.11935E-03
    -68.447321282117    -68.447321282117         0.12866E-03
    -68.447321855452    -68.447321855452         0.12779E-03
    -68.447321908718    -68.447321908718         0.12682E-03
    -68.447321707831    -68.447321707831         0.80169E-04
    -68.447322264239    -68.447322264239         0.13395E-03
    -68.447319276803    -68.447319276803         0.87123E-04
    -68.447321900650    -68.447321900650         0.12405E-03
    -68.447320053585    -68.447320053585         0.17451E-03
    -68.447322324668    -68.447322324668         0.15506E-03
    -68.447321704920    -68.447321704920         0.18679E-03
    -68.447321059920    -68.447321059920         0.32275E-04
    -68.447321847857    -68.447321847857         0.12108E-03
    -68.447320643043    -68.447320643043         0.18750E-03
    -68.447322435516    -68.447322435516         0.10593E-03
    -68.447322413859    -68.447322413859         0.79411E-04
    -68.447322633076    -68.447322633076         0.15141E-03
    -68.447320833667    -68.447320833667         0.17340E-03
    -68.447321276833    -68.447321276833         0.11791E-03
    -68.447319509744    -68.447319509744         0.13148E-03
    -68.447320930847    -68.447320930847         0.17562E-03
    -68.447303245309    -68.447303245309         0.11386E-03
    -68.447302769920    -68.447302769920         0.90717E-04
    -68.447321079856    -68.447321079856         0.81790E-04
    -68.447320376805    -68.447320376805         0.18963E-03
    -68.447298184011    -68.447298184011         0.84825E-04
    -68.447298253243    -68.447298253243         0.13137E-03
    -68.447297061609    -68.447297061609         0.16796E-03
    -68.447302028395    -68.447302028395         0.16347E-03
    -68.447304104229    -68.447304104229         0.10432E-03
    -68.447320888731    -68.447320888731         0.19771E-03
    -68.447297829456    -68.447297829456         0.18155E-03
    -68.447299205912    -68.447299205912         0.63247E-04
    -68.447300540104    -68.447300540104         0.22076E-04
    -68.447295076574    -68.447295076574         0.14433E-03
    -68.447300057008    -68.447300057008         0.57621E-04
    -68.447303933563    -68.447303933563         0.17028E-03
    -68.447296322945    -68.447296322945         0.11666E-03
    -68.447299924827    -68.447299924827         0.98612E-04
    -68.447298689571    -68.447298689571         0.10533E-03
    -68.447243453947    -68.447243453947         0.13237E-03
    -68.447283837073    -68.447283837073         0.76288E-04
    -68.447241944579    -68.447241944579         0.12882E-03
    -68.447222288770    -68.447222288770         0.71980E-04
    -68.447242869680    -68.447242869680         0.15865E-03
    -68.447222343298    -68.447222343298         0.19747E-03
    -68.447222891735    -68.447222891735         0.14936E-03
    -68.447222319610    -68.447222319610         0.12259E-03
    -68.447221536358    -68.447221536358         0.76520E-04
    -68.447221841017    -68.447221841017         0.14382E-03
    -68.447220782992    -68.447220782992         0.12024E-03
    -68.447221451838    -68.447221451838         0.16651E-03
    -68.447221456317    -68.447221456317         0.87209E-04
    -68.447218676360    -68.447218676360         0.18952E-03
    -68.447219925108    -68.447219925108         0.11243E-03
    -68.447219044986    -68.447219044986         0.93610E-04
    -68.447217405117    -68.447217405117         0.19371E-03
    -68.447210353276    -68.447210353276         0.61286E-04
    -68.447212186772    -68.447212186772         0.10914E-03
    -68.447209235851    -68.447209235851         0.14211E-03
    -68.447208644079    -68.447208644079         0.10658E-03
    -68.447210922878    -68.447210922878         0.15548E-03
    -68.447219623121    -68.447219623121         0.13144E-03
    -68.447212363836    -68.447212363836         0.70807E-04
    -68.447207602886    -68.447207602886         0.11303E-03
    -68.447221162727    -68.447221162727         0.10310E-03
    -68.447212335720    -68.447212335720         0.15908E-03
    -68.447210040980    -68.447210040980         0.16453E-03
    -68.447209584849    -68.447209584849         0.10820E-03
    -68.447212278489    -68.447212278489         0.75569E-04
    -68.447194050026    -68.447194050026         0.19285E-03
    -68.447210412970    -68.447210412970         0.19436E-03
    -68.447205988688    -68.447205988688         0.13599E-03
    -68.447207131200    -68.447207131200         0.15016E-03
    -68.447209417744    -68.447209417744         0.72782E-04
    -68.447209402549    -68.447209402549         0.18451E-03
    -68.447192075673    -68.447192075673         0.17622E-03
    -68.447206240493    -68.447206240493         0.18773E-03
    -68.447194093577    -68.447194093577         0.16706E-03
    -68.447207244272    -68.447207244272         0.83382E-04
    -68.447201103042    -68.447201103042         0.53122E-04
    -68.447201615213    -68.447201615213         0.32799E-04
    -68.447201595868    -68.447201595868         0.18746E-03
    -68.447206946861    -68.447206946861         0.12663E-03
    -68.447203632677    -68.447203632677         0.19683E-03
    -68.447216274346    -68.447216274346         0.19046E-03
    -68.447211288682    -68.447211288682         0.30275E-04
    -68.447205871393    -68.447205871393         0.18791E-03
    -68.447201767747    -68.447201767747         0.15101E-03
    -68.447206638272    -68.447206638272         0.18671E-03
    -68.447211995312    -68.447211995312         0.95562E-04
    -68.447207641755    -68.447207641755         0.19384E-03
    -68.447204632930    -68.447204632930         0.30250E-04
    -68.447182078852    -68.447182078852         0.70258E-04
    -68.447204727314    -68.447204727314         0.14868E-03
    -68.447205883294    -68.447205883294         0.27573E-04
    -68.447204948469    -68.447204948469         0.13190E-03
    -68.447194865664    -68.447194865664         0.74984E-04
    -68.447189898009    -68.447189898009         0.69847E-04
    -68.447199353241    -68.447199353241         0.48902E-04
    -68.447206390692    -68.447206390692         0.19306E-03
    -68.447206593583    -68.447206593583         0.18331E-03
    -68.447193599466    -68.447193599466         0.16804E-03
    -68.447212274714    -68.447212274714         0.14439E-03
    -68.447218730025    -68.447218730025         0.19389E-03
    -68.447188366292    -68.447188366292         0.17979E-03
    -68.447201165595    -68.447201165595         0.61568E-04
    -68.447198861117    -68.447198861117         0.16969E-03
    -68.447208504940    -68.447208504940         0.10187E-03
    -68.447208020086    -68.447208020086         0.11406E-03
    -68.447199540841    -68.447199540841         0.18255E-03
    -68.447201143863    -68.447201143863         0.21538E-04
    -68.447197942656    -68.447197942656         0.63615E-04
    -68.447188515489    -68.447188515489         0.17062E-03
    -68.447188915150    -68.447188915150         0.18565E-03
    -68.447192841749    -68.447192841749         0.23339E-04
    -68.447197857644    -68.447197857644         0.17884E-03
    -68.447205694168    -68.447205694168         0.18954E-03
    -68.447208663750    -68.447208663750         0.17634E-04
    -68.447193496482    -68.447193496482         0.15966E-03
    -68.447189522302    -68.447189522302         0.63862E-04
    -68.447218369999    -68.447218369999         0.11512E-03
    -68.447204904735    -68.447204904735         0.17998E-03
    -68.447193475084    -68.447193475084         0.72375E-04
    -68.447195284026    -68.447195284026         0.85551E-04
    -68.447219369288    -68.447219369288         0.18855E-03
    -68.447204704501    -68.447204704501         0.28160E-04
    -68.447195241382    -68.447195241382         0.97301E-04
    -68.447192779500    -68.447192779500         0.86821E-04
    -68.447204081806    -68.447204081806         0.69027E-04
    -68.447195615371    -68.447195615371         0.15241E-03
    -68.447207424566    -68.447207424566         0.21866E-04
    -68.447186577255    -68.447186577255         0.46063E-04
    -68.447194808829    -68.447194808829         0.10778E-03
    -68.447194163048    -68.447194163048         0.19150E-03
    -68.447200930022    -68.447200930022         0.12142E-03
    -68.447190435579    -68.447190435579         0.19901E-03
    -68.447208177310    -68.447208177310         0.16435E-03
    -68.447194563632    -68.447194563632         0.11122E-03
    -68.447187644647    -68.447187644647         0.36652E-04
    -68.447205607560    -68.447205607560         0.12275E-03
    -68.447207286564    -68.447207286564         0.17469E-03
    -68.447183676112    -68.447183676112         0.50039E-04
    -68.447208953183    -68.447208953183         0.14947E-03
    -68.447185168482    -68.447185168482         0.52136E-04
    -68.447192149663    -68.447192149663         0.18533E-03
    -68.447202775520    -68.447202775520         0.21728E-04
    -68.447195906657    -68.447195906657         0.12389E-03
    -68.447211072963    -68.447211072963         0.45800E-04
    -68.447192955876    -68.447192955876         0.17954E-03
    -68.447200618020    -68.447200618020         0.33113E-04
    -68.447217754466    -68.447217754466         0.26121E-04
    -68.447192953945    -68.447192953945         0.19508E-03
    -68.447193386614    -68.447193386614         0.19564E-03
    -68.447191462559    -68.447191462559         0.12966E-03
    -68.447192777694    -68.447192777694         0.15441E-03
    -68.447205713759    -68.447205713759         0.19801E-03
    -68.447194621390    -68.447194621390         0.98508E-04
    -68.447203807061    -68.447203807061         0.29787E-04
    -68.447209568246    -68.447209568246         0.59456E-04
    -68.447188966830    -68.447188966830         0.53913E-04
    -68.447200518475    -68.447200518475         0.18462E-03
    -68.447201464892    -68.447201464892         0.26546E-04
    -68.447193237823    -68.447193237823         0.39974E-04
    -68.447210607890    -68.447210607890         0.10705E-03
    -68.447192355211    -68.447192355211         0.47016E-04
    -68.447203100790    -68.447203100790         0.47424E-04
    -68.447204112962    -68.447204112962         0.89388E-04
    -68.447075160278    -68.447075160278         0.96695E-04
    -68.447074972751    -68.447074972751         0.64848E-04
    -68.447075285759    -68.447075285759         0.10007E-03
    -68.447074937720    -68.447074937720         0.74898E-04
    -68.447074615347    -68.447074615347         0.18136E-03
    -68.447074686194    -68.447074686194         0.10182E-03
    -68.447074897863    -68.447074897863         0.83677E-04
    -68.447074648798    -68.447074648798         0.12064E-03
    -68.447074500714    -68.447074500714         0.13091E-03
    -68.447075038300    -68.447075038300         0.83005E-04
    -68.447075386220    -68.447075386220         0.11606E-03
    -68.447075675496    -68.447075675496         0.15827E-03
    -68.447074425300    -68.447074425300         0.16142E-03
    -68.447075406934    -68.447075406934         0.10718E-03
    -68.447075485680    -68.447075485680         0.63162E-04
    -68.447073467889    -68.447073467889         0.11193E-03
    -68.447073826119    -68.447073826119         0.95008E-04
    -68.447075256307    -68.447075256307         0.15874E-03
    -68.447075841800    -68.447075841800         0.11125E-03
    -68.447074893970    -68.447074893970         0.12883E-03
    -68.447075620360    -68.447075620360         0.69799E-04
    -68.447074861152    -68.447074861152         0.11710E-03
    -68.447075355833    -68.447075355833         0.12129E-03
    -68.447075456194    -68.447075456194         0.18708E-03
    -68.447075848765    -68.447075848765         0.74762E-04
    -68.447075748504    -68.447075748504         0.85116E-04
    -68.447074720090    -68.447074720090         0.12701E-03
    -68.447075596425    -68.447075596425         0.11944E-03
    -68.447074933165    -68.447074933165         0.15184E-03
    -68.447075483272    -68.447075483272         0.14410E-03
    -68.447075686387    -68.447075686387         0.11466E-03
    -68.447075636606    -68.447075636606         0.96790E-04
    -68.447011915509    -68.447011915509         0.72492E-04
    -68.447075555056    -68.447075555056         0.11836E-03
    -68.447011848554    -68.447011848554         0.45919E-04
    -68.447011596174    -68.447011596174         0.16548E-03
    -68.447011551596    -68.447011551596         0.14297E-03
    -68.447012127559    -68.447012127559         0.12610E-03
    -68.447011154489    -68.447011154489         0.13549E-03
    -68.447010745915    -68.447010745915         0.52833E-04
    -68.447010664206    -68.447010664206         0.13777E-03
    -68.447009011730    -68.447009011730         0.19693E-03
    -68.447011393032    -68.447011393032         0.13799E-03
    -68.447011616412    -68.447011616412         0.11059E-03
    -68.447010932016    -68.447010932016         0.18281E-03
    -68.447009295218    -68.447009295218         0.19295E-03
    -68.447012091932    -68.447012091932         0.14992E-03
    -68.447012109558    -68.447012109558         0.65768E-04
    -68.447010517850    -68.447010517850         0.84510E-04
    -68.447009463059    -68.447009463059         0.83134E-04
    -68.447011193344    -68.447011193344         0.13030E-03
    -68.447011851823    -68.447011851823         0.97098E-04
    -68.447006594949    -68.447006594949         0.10964E-03
    -68.447011242571    -68.447011242571         0.18279E-03
    -68.447009150735    -68.447009150735         0.18861E-03
    -68.447011952144    -68.447011952144         0.18018E-03
    -68.447009457573    -68.447009457573         0.80256E-04
    -68.447011491708    -68.447011491708         0.84375E-04
    -68.447010319387    -68.447010319387         0.11931E-03
    -68.447011824122    -68.447011824122         0.15461E-03
    -68.447010072792    -68.447010072792         0.14084E-03
    -68.447012089219    -68.447012089219         0.11469E-03
    -68.447011596083    -68.447011596083         0.13177E-03
    -68.447012091242    -68.447012091242         0.15462E-03
    -68.447011715819    -68.447011715819         0.11016E-03
    -68.447007670533    -68.447007670533         0.15508E-03
    -68.447011001452    -68.447011001452         0.17449E-03
    -68.446989349063    -68.446989349063         0.82458E-04
    -68.446989429886    -68.446989429886         0.85135E-04
    -68.446988513123    -68.446988513123         0.12491E-03
    -68.447011891443    -68.447011891443         0.94129E-04
    -68.446988247931    -68.446988247931         0.15704E-03
    -68.447011490421    -68.447011490421         0.17591E-03
    -68.446988996802    -68.446988996802         0.15476E-03
    -68.446987229814    -68.446987229814         0.13767E-03
    -68.447011913845    -68.447011913845         0.10370E-03
    -68.446988807676    -68.446988807676         0.17569E-03
    -68.446989418624    -68.446989418624         0.13117E-03
    -68.446989370414    -68.446989370414         0.12881E-03
    -68.446989604057    -68.446989604057         0.17278E-03
    -68.446988926626    -68.446988926626         0.12862E-03
    -68.446987320196    -68.446987320196         0.14999E-03
    -68.446988162851    -68.446988162851         0.16098E-03
    -68.446989629661    -68.446989629661         0.18901E-03
    -68.446988999452    -68.446988999452         0.91445E-04
    -68.447011878791    -68.447011878791         0.16031E-03
    -68.446988799187    -68.446988799187         0.17939E-03
    -68.446989205579    -68.446989205579         0.77111E-04
    -68.447011563267    -68.447011563267         0.14908E-03
    -68.446989061058    -68.446989061058         0.19506E-03
    -68.446988801017    -68.446988801017         0.18167E-03
    -68.446989409559    -68.446989409559         0.11673E-03
    -68.446988999561    -68.446988999561         0.17068E-03
    -68.446984213925    -68.446984213925         0.76889E-04
    -68.446987159553    -68.446987159553         0.25846E-04
    -68.446988273707    -68.446988273707         0.17503E-03
    -68.446987308377    -68.446987308377         0.14216E-03
    -68.447011492719    -68.447011492719         0.13840E-03
    -68.446986671239    -68.446986671239         0.18991E-03
    -68.446945707317    -68.446945707317         0.16707E-03
    -68.446945674434    -68.446945674434         0.11272E-03
    -68.446945683299    -68.446945683299         0.12595E-03
    -68.446946113111    -68.446946113111         0.12787E-03
    -68.446985747591    -68.446985747591         0.38862E-04
    -68.446944969616    -68.446944969616         0.19923E-03
    -68.446945989363    -68.446945989363         0.14917E-03
    -68.446945990411    -68.446945990411         0.15937E-03
    -68.446946114252    -68.446946114252         0.13436E-03
    -68.446945822728    -68.446945822728         0.12955E-03
    -68.446946090510    -68.446946090510         0.12310E-03
    -68.446946381154    -68.446946381154         0.13838E-03
    -68.446946312106    -68.446946312106         0.13104E-03
    -68.446946294166    -68.446946294166         0.85428E-04
    -68.446945059880    -68.446945059880         0.50072E-04
    -68.446944863918    -68.446944863918         0.19153E-03
    -68.446945131110    -68.446945131110         0.16227E-03
    -68.446945535624    -68.446945535624         0.98283E-04
    -68.446784439093    -68.446784439093         0.14831E-03
    -68.446785218153    -68.446785218153         0.16718E-03
    -68.446945269442    -68.446945269442         0.18730E-03
    -68.446781256696    -68.446781256696         0.14041E-03
    -68.446781792657    -68.446781792657         0.89192E-04
    -68.446782149204    -68.446782149204         0.18636E-03
    -68.446781336341    -68.446781336341         0.12699E-03
    -68.446781440412    -68.446781440412         0.13238E-03
    -68.446781353042    -68.446781353042         0.11400E-03
    -68.446782263334    -68.446782263334         0.11919E-03
    -68.446781115227    -68.446781115227         0.82102E-04
    -68.446781273058    -68.446781273058         0.14070E-03
    -68.446781724670    -68.446781724670         0.16328E-03
    -68.446781346947    -68.446781346947         0.75540E-04
    -68.446781053688    -68.446781053688         0.14582E-03
    -68.446780831768    -68.446780831768         0.93230E-04
    -68.446780839575    -68.446780839575         0.15815E-03
    -68.446781921471    -68.446781921471         0.14500E-03
    -68.446781340427    -68.446781340427         0.11818E-03
    -68.446779043502    -68.446779043502         0.95284E-04
    -68.446777521115    -68.446777521115         0.94562E-04
    -68.446781395528    -68.446781395528         0.13329E-03
    -68.446780688908    -68.446780688908         0.52427E-04
    -68.446778646256    -68.446778646256         0.11982E-03
    -68.446778765484    -68.446778765484         0.18080E-03
    -68.446781243889    -68.446781243889         0.61397E-04
    -68.446781244155    -68.446781244155         0.15731E-03
    -68.446781281604    -68.446781281604         0.19731E-03
    -68.446778977583    -68.446778977583         0.96011E-04
    -68.446781365445    -68.446781365445         0.97875E-04
    -68.446781057234    -68.446781057234         0.98859E-04
    -68.446779816322    -68.446779816322         0.58312E-04
    -68.446780221706    -68.446780221706         0.12703E-03
    -68.446781681933    -68.446781681933         0.18699E-03
    -68.446779983630    -68.446779983630         0.14646E-03
    -68.446781622406    -68.446781622406         0.80110E-04
    -68.446782440477    -68.446782440477         0.39767E-04
    -68.446781074235    -68.446781074235         0.15157E-03
    -68.446781112450    -68.446781112450         0.12605E-03
    -68.446779052970    -68.446779052970         0.75412E-04
    -68.446774037487    -68.446774037487         0.11074E-03
    -68.446778220360    -68.446778220360         0.18786E-03
    -68.446781334705    -68.446781334705         0.12577E-03
    -68.446778266832    -68.446778266832         0.91455E-04
    -68.446785095744    -68.446785095744         0.15192E-03
    -68.446781025854    -68.446781025854         0.18890E-03
    -68.446779941486    -68.446779941486         0.11979E-03
    -68.446780819690    -68.446780819690         0.14429E-03
    -68.446780102967    -68.446780102967         0.18427E-03
    -68.446773094780    -68.446773094780         0.18570E-03
    -68.446780404288    -68.446780404288         0.17447E-03
    -68.446778207180    -68.446778207180         0.13416E-03
    -68.446778608120    -68.446778608120         0.16995E-03
    -68.446777741739    -68.446777741739         0.96806E-04
    -68.446778060582    -68.446778060582         0.14040E-03
    -68.446784268858    -68.446784268858         0.11887E-03
    -68.446780962721    -68.446780962721         0.88616E-04
    -68.446777849931    -68.446777849931         0.16165E-03
    -68.446779936582    -68.446779936582         0.10979E-03
    -68.446780443017    -68.446780443017         0.12260E-03
    -68.446778887664    -68.446778887664         0.13846E-03
    -68.446778982837    -68.446778982837         0.15177E-03
    -68.446781383523    -68.446781383523         0.12704E-03
    -68.446779395751    -68.446779395751         0.12644E-03
    -68.446784091903    -68.446784091903         0.12566E-03
    -68.446777420041    -68.446777420041         0.12124E-03
    -68.446781339838    -68.446781339838         0.12851E-03
    -68.446762679055    -68.446762679055         0.38346E-04
    -68.446762284565    -68.446762284565         0.49977E-04
    -68.446762062555    -68.446762062555         0.13274E-03
    -68.446762112140    -68.446762112140         0.80305E-04
    -68.446762079597    -68.446762079597         0.19796E-03
    -68.446762371920    -68.446762371920         0.13546E-03
    -68.446762436617    -68.446762436617         0.14151E-03
    -68.446762119976    -68.446762119976         0.12855E-03
    -68.446760995594    -68.446760995594         0.17616E-03
    -68.446762020542    -68.446762020542         0.11979E-03
    -68.446762370560    -68.446762370560         0.12950E-03
    -68.446762304848    -68.446762304848         0.85955E-04
    -68.446762062787    -68.446762062787         0.10877E-03
    -68.446762195543    -68.446762195543         0.13018E-03
    -68.446762525948    -68.446762525948         0.90469E-04
    -68.446762467743    -68.446762467743         0.15396E-03
    -68.446761820027    -68.446761820027         0.89176E-04
    -68.446762216066    -68.446762216066         0.14628E-03
    -68.446762705951    -68.446762705951         0.11848E-03
    -68.446761685941    -68.446761685941         0.16822E-03
    -68.446762260295    -68.446762260295         0.93239E-04
    -68.446762415103    -68.446762415103         0.77910E-04
    -68.446761995412    -68.446761995412         0.16231E-03
    -68.446762189642    -68.446762189642         0.13160E-03
    -68.446762347990    -68.446762347990         0.18355E-03
    -68.446762347696    -68.446762347696         0.12236E-03
    -68.446762667698    -68.446762667698         0.11156E-03
    -68.446720221618    -68.446720221618         0.88046E-04
    -68.446719664455    -68.446719664455         0.11524E-03
    -68.446720568563    -68.446720568563         0.76195E-04
    -68.446719783007    -68.446719783007         0.14432E-03
    -68.446720136841    -68.446720136841         0.11745E-03
    -68.446720255176    -68.446720255176         0.99204E-04
    -68.446720143578    -68.446720143578         0.10239E-03
    -68.446720490825    -68.446720490825         0.16106E-03
    -68.446720182017    -68.446720182017         0.14277E-03
    -68.446720153731    -68.446720153731         0.79795E-04
    -68.446720526323    -68.446720526323         0.11595E-03
    -68.446719852077    -68.446719852077         0.15226E-03
    -68.446720084496    -68.446720084496         0.58181E-04
    -68.446718247680    -68.446718247680         0.16378E-03
    -68.446718572549    -68.446718572549         0.16294E-03
    -68.446716477624    -68.446716477624         0.19435E-03
    -68.446718159905    -68.446718159905         0.10013E-03
    -68.446719666879    -68.446719666879         0.79917E-04
    -68.446716963981    -68.446716963981         0.19608E-03
    -68.446719291702    -68.446719291702         0.55483E-04
    -68.446719126302    -68.446719126302         0.16760E-03
    -68.446617492759    -68.446617492759         0.14699E-03
    -68.446617028856    -68.446617028856         0.15509E-03
    -68.446719028919    -68.446719028919         0.10721E-03
    -68.446616529882    -68.446616529882         0.13007E-03
    -68.446616962229    -68.446616962229         0.94829E-04
    -68.446616268641    -68.446616268641         0.11960E-03
    -68.446616676785    -68.446616676785         0.13702E-03
    -68.446617546171    -68.446617546171         0.77235E-04
    -68.446617641764    -68.446617641764         0.10654E-03
    -68.446615571783    -68.446615571783         0.12964E-03
    -68.446617534852    -68.446617534852         0.18051E-03
    -68.446616963976    -68.446616963976         0.12808E-03
    -68.446573869189    -68.446573869189         0.16219E-03
    -68.446573527138    -68.446573527138         0.16899E-03
    -68.446573355977    -68.446573355977         0.17791E-03
    -68.446573008826    -68.446573008826         0.62999E-04
    -68.446572336356    -68.446572336356         0.15037E-03
    -68.446574043836    -68.446574043836         0.16474E-03
    -68.446573502227    -68.446573502227         0.12490E-03
    -68.446571705321    -68.446571705321         0.12848E-03
    -68.446574206764    -68.446574206764         0.11169E-03
    -68.446573898041    -68.446573898041         0.79295E-04
    -68.446572998694    -68.446572998694         0.13157E-03
    -68.446572456149    -68.446572456149         0.11261E-03
    -68.446573619954    -68.446573619954         0.10553E-03
    -68.446572806315    -68.446572806315         0.15086E-03
    -68.446573897597    -68.446573897597         0.94907E-04
    -68.446572274337    -68.446572274337         0.18468E-04
    -68.446572147953    -68.446572147953         0.16544E-03
    -68.446571768912    -68.446571768912         0.17213E-03
    -68.446573724426    -68.446573724426         0.11911E-03
    -68.446565720144    -68.446565720144         0.17135E-03
    -68.446571568116    -68.446571568116         0.14110E-03
    -68.446572402857    -68.446572402857         0.18577E-03
    -68.446565770985    -68.446565770985         0.19650E-03
    -68.446571773583    -68.446571773583         0.17892E-03
    -68.446572779450    -68.446572779450         0.14350E-03
    -68.446564835427    -68.446564835427         0.16016E-03
    -68.446565532275    -68.446565532275         0.15629E-03
    -68.446564968101    -68.446564968101         0.10246E-03
    -68.446573253644    -68.446573253644         0.15444E-03
    -68.446565239622    -68.446565239622         0.16592E-03
    -68.446565630508    -68.446565630508         0.86387E-04
    -68.446570693943    -68.446570693943         0.18008E-03
    -68.446565391376    -68.446565391376         0.17598E-03
    -68.446571305811    -68.446571305811         0.19751E-03
    -68.446564722540    -68.446564722540         0.12943E-03
    -68.446572008065    -68.446572008065         0.99860E-04
    -68.446565562071    -68.446565562071         0.96793E-04
    -68.446565460229    -68.446565460229         0.19054E-03
    -68.446573932456    -68.446573932456         0.91018E-04
    -68.446564789614    -68.446564789614         0.19543E-03
    -68.446572122211    -68.446572122211         0.14397E-03
    -68.446571364485    -68.446571364485         0.16874E-03
    -68.446565676040    -68.446565676040         0.74914E-04
    -68.446572143343    -68.446572143343         0.18449E-03
    -68.446572105178    -68.446572105178         0.18492E-03
    -68.446565291457    -68.446565291457         0.14195E-03
    -68.446563866898    -68.446563866898         0.19794E-03
    -68.446564716446    -68.446564716446         0.10419E-03
    -68.446571610938    -68.446571610938         0.56549E-04
    -68.446564330197    -68.446564330197         0.13524E-03
    -68.446565965795    -68.446565965795         0.12355E-03
    -68.446571992870    -68.446571992870         0.15096E-03
    -68.446564925768    -68.446564925768         0.58701E-04
    -68.446572203039    -68.446572203039         0.12851E-03
    -68.446564909833    -68.446564909833         0.17967E-03
    -68.446565479906    -68.446565479906         0.14735E-03
    -68.446569697384    -68.446569697384         0.18718E-03
    -68.446572203977    -68.446572203977         0.11742E-03
    -68.446565802652    -68.446565802652         0.93169E-04
    -68.446564911139    -68.446564911139         0.10517E-03
    -68.446565145801    -68.446565145801         0.17331E-03
    -68.446573781797    -68.446573781797         0.11431E-03
    -68.446572087464    -68.446572087464         0.17472E-03
    -68.446572080444    -68.446572080444         0.92973E-04
    -68.446565540970    -68.446565540970         0.80300E-04
    -68.446566066636    -68.446566066636         0.10850E-03
    -68.446565963164    -68.446565963164         0.13231E-03
    -68.446564065148    -68.446564065148         0.62595E-04
    -68.446565865720    -68.446565865720         0.19295E-03
    -68.446566041152    -68.446566041152         0.11381E-03
    -68.446566018186    -68.446566018186         0.13926E-03
    -68.446510830379    -68.446510830379         0.11777E-03
    -68.446510410193    -68.446510410193         0.44064E-04
    -68.446566082986    -68.446566082986         0.87322E-04
    -68.446510444046    -68.446510444046         0.13005E-03
    -68.446510888434    -68.446510888434         0.94346E-04
    -68.446509878370    -68.446509878370         0.15401E-03
    -68.446509541970    -68.446509541970         0.18051E-03
    -68.446509978797    -68.446509978797         0.11379E-03
    -68.446510520638    -68.446510520638         0.14015E-03
    -68.446492192917    -68.446492192917         0.11203E-03
    -68.446492029964    -68.446492029964         0.12157E-03
    -68.446492345251    -68.446492345251         0.10743E-03
    -68.446491841177    -68.446491841177         0.86482E-04
    -68.446491608156    -68.446491608156         0.12356E-03
    -68.446491483529    -68.446491483529         0.18853E-03
    -68.446491736778    -68.446491736778         0.19179E-03
    -68.446490444603    -68.446490444603         0.19839E-03
    -68.446492589346    -68.446492589346         0.18761E-03
    -68.446487743194    -68.446487743194         0.17951E-03
    -68.446492863501    -68.446492863501         0.35046E-04
    -68.446481744466    -68.446481744466         0.15076E-03
    -68.446508772406    -68.446508772406         0.12146E-03
    -68.446491431407    -68.446491431407         0.10109E-03
    -68.446492155707    -68.446492155707         0.18443E-03
    -68.446490689575    -68.446490689575         0.19354E-03
    -68.446492376857    -68.446492376857         0.14396E-03
    -68.446492460528    -68.446492460528         0.11291E-03
    -68.446492668099    -68.446492668099         0.16423E-03
    -68.446490456699    -68.446490456699         0.16766E-03
    -68.446493008062    -68.446493008062         0.67244E-04
    -68.446481043312    -68.446481043312         0.12181E-03
    -68.446482690463    -68.446482690463         0.17906E-03
    -68.446492656271    -68.446492656271         0.16108E-03
    -68.446485546257    -68.446485546257         0.19095E-03
    -68.446482480800    -68.446482480800         0.12578E-03
    -68.446482234422    -68.446482234422         0.17236E-03
    -68.446481192876    -68.446481192876         0.18219E-03
    -68.446491037162    -68.446491037162         0.25618E-04
    -68.446481378701    -68.446481378701         0.20719E-04
    -68.446492842075    -68.446492842075         0.12240E-03
    -68.446492513116    -68.446492513116         0.18326E-03
    -68.446482671259    -68.446482671259         0.10467E-03
    -68.446481953040    -68.446481953040         0.18373E-03
    -68.446481416344    -68.446481416344         0.38347E-04
    -68.446482224158    -68.446482224158         0.17008E-03
    -68.446487734848    -68.446487734848         0.82653E-04
    -68.446482722200    -68.446482722200         0.86013E-04
    -68.446482645255    -68.446482645255         0.85548E-04
    -68.446492489399    -68.446492489399         0.12757E-03
    -68.446491329749    -68.446491329749         0.17876E-03
    -68.446482886654    -68.446482886654         0.42785E-04
    -68.446491792173    -68.446491792173         0.17385E-03
    -68.446486718666    -68.446486718666         0.78004E-04
    -68.446482240713    -68.446482240713         0.10756E-03
    -68.446482135010    -68.446482135010         0.17378E-03
    -68.446482639927    -68.446482639927         0.15815E-03
    -68.446482476917    -68.446482476917         0.10235E-03
    -68.446483566570    -68.446483566570         0.18173E-03
    -68.446481860618    -68.446481860618         0.95097E-04
    -68.446482370789    -68.446482370789         0.15365E-03
    -68.446482707644    -68.446482707644         0.88289E-04
    -68.446438202728    -68.446438202728         0.99881E-04
    -68.446444894765    -68.446444894765         0.11616E-03
    -68.446438083964    -68.446438083964         0.13085E-03
    -68.446438365518    -68.446438365518         0.82072E-04
    -68.446437872350    -68.446437872350         0.16631E-03
    -68.446429662158    -68.446429662158         0.12995E-03
    -68.446437320588    -68.446437320588         0.17765E-03
    -68.446429597515    -68.446429597515         0.10549E-03
    -68.446423304604    -68.446423304604         0.54989E-04
    -68.446429360604    -68.446429360604         0.11009E-03
    -68.446436593065    -68.446436593065         0.14817E-03
    -68.446435942516    -68.446435942516         0.48311E-04
    -68.446405105189    -68.446405105189         0.17038E-03
    -68.446409931556    -68.446409931556         0.16067E-03
    -68.446382992552    -68.446382992552         0.89387E-04
    -68.446410717308    -68.446410717308         0.12712E-03
    -68.446404214898    -68.446404214898         0.17692E-03
    -68.446381711766    -68.446381711766         0.79465E-04
    -68.446424982997    -68.446424982997         0.39299E-04
    -68.446438025148    -68.446438025148         0.13705E-03
    -68.446438120673    -68.446438120673         0.14808E-03
    -68.446386423799    -68.446386423799         0.69800E-04
    -68.446382787462    -68.446382787462         0.18089E-03
    -68.446366280560    -68.446366280560         0.11787E-03
    -68.446376151372    -68.446376151372         0.54562E-04
    -68.446307178406    -68.446307178406         0.10323E-03
    -68.446304426350    -68.446304426350         0.19760E-03
    -68.446307165675    -68.446307165675         0.11859E-03
    -68.446304971453    -68.446304971453         0.10395E-03
    -68.446307081558    -68.446307081558         0.11049E-03
    -68.446297083834    -68.446297083834         0.17893E-03
    -68.446305290482    -68.446305290482         0.13225E-03
    -68.446297253241    -68.446297253241         0.12254E-03
    -68.446297885272    -68.446297885272         0.16418E-03
    -68.446125062266    -68.446125062266         0.14596E-03
    -68.446163968364    -68.446163968364         0.79069E-04
    -68.446127810030    -68.446127810030         0.63957E-04
    -68.446132683487    -68.446132683487         0.80126E-04
    -68.446085755304    -68.446085755304         0.36538E-04
    -68.446085527349    -68.446085527349         0.16327E-03
    -68.446158891815    -68.446158891815         0.19585E-03
    -68.446047951101    -68.446047951101         0.18045E-03
    -68.446086741322    -68.446086741322         0.80935E-04
    -68.446045757111    -68.446045757111         0.18082E-03
    -68.446047117571    -68.446047117571         0.10473E-03
    -68.446086778134    -68.446086778134         0.11893E-03
    -68.445999514166    -68.445999514166         0.92702E-04
    -68.445998981105    -68.445998981105         0.11526E-03
    -68.446046998712    -68.446046998712         0.15714E-03
    -68.445943303246    -68.445943303246         0.10069E-03
    -68.445999140369    -68.445999140369         0.15240E-03
    -68.445942073901    -68.445942073901         0.11602E-03
    -68.445943780473    -68.445943780473         0.15495E-03
    -68.445943577308    -68.445943577308         0.14714E-03
    -68.448056460563    -68.448056460563         0.13834E-03
    -68.448055435314    -68.448055435314         0.11640E-03
    -68.445914259290    -68.445914259290         0.14693E-03
    -68.445911486786    -68.445911486786         0.11521E-03
    -68.445909361204    -68.445909361204         0.53547E-04
    -68.445909092590    -68.445909092590         0.67319E-04
    -68.445909355879    -68.445909355879         0.14589E-03
    -68.445909565132    -68.445909565132         0.68528E-04
    -68.445909847758    -68.445909847758         0.78910E-04
    -68.445910962098    -68.445910962098         0.12312E-03
    -68.445909425171    -68.445909425171         0.18985E-03
    -68.445906467469    -68.445906467469         0.10938E-03
    -68.448061570026    -68.448061570026         0.15451E-03
    -68.445894364181    -68.445894364181         0.16615E-03
    -68.445904628533    -68.445904628533         0.98679E-04
    -68.445894862350    -68.445894862350         0.15186E-03
    -68.445895114891    -68.445895114891         0.13266E-03
    -68.445882504690    -68.445882504690         0.19567E-03
    -68.445902691119    -68.445902691119         0.19616E-03
    -68.448060244410    -68.448060244410         0.92926E-04
    -68.448061986336    -68.448061986336         0.18977E-03
    -68.445709043440    -68.445709043440         0.12525E-03
    -68.445714932512    -68.445714932512         0.14443E-03
    -68.445704128144    -68.445704128144         0.11281E-03
    -68.445701011024    -68.445701011024         0.14909E-03
    -68.445700983631    -68.445700983631         0.10980E-03
    -68.445669560761    -68.445669560761         0.15052E-03
    -68.445669782425    -68.445669782425         0.16014E-03
    -68.445668901598    -68.445668901598         0.19557E-03
    -68.448061067332    -68.448061067332         0.14119E-03
    -68.445669413638    -68.445669413638         0.98443E-04
    -68.445668824267    -68.445668824267         0.81936E-04
    -68.445668877219    -68.445668877219         0.76014E-04
    -68.445668050004    -68.445668050004         0.15006E-03
    -68.445668240042    -68.445668240042         0.81241E-04
    -68.445668121974    -68.445668121974         0.70223E-04
    -68.445669036839    -68.445669036839         0.93990E-04
    -68.445667315425    -68.445667315425         0.96023E-04
    -68.445666925363    -68.445666925363         0.22779E-04
    -68.445669439245    -68.445669439245         0.11454E-03
    -68.445666559551    -68.445666559551         0.54977E-04
    -68.445635770753    -68.445635770753         0.12822E-03
    -68.445635814681    -68.445635814681         0.16313E-03
    -68.445635824535    -68.445635824535         0.10842E-03
    -68.445634612879    -68.445634612879         0.12154E-03
    -68.445658832842    -68.445658832842         0.66315E-04
    -68.445635769414    -68.445635769414         0.15916E-03
    -68.445635490102    -68.445635490102         0.19555E-03
    -68.445632328956    -68.445632328956         0.63846E-04
    -68.445635659621    -68.445635659621         0.11890E-03
    -68.445635929339    -68.445635929339         0.15307E-03
    -68.445634775482    -68.445634775482         0.55781E-04
    -68.445657464231    -68.445657464231         0.35577E-04
    -68.445631475645    -68.445631475645         0.19133E-03
    -68.445630960563    -68.445630960563         0.13138E-03
    -68.445633277080    -68.445633277080         0.15912E-03
    -68.445630676218    -68.445630676218         0.15857E-03
    -68.445635105944    -68.445635105944         0.11521E-03
    -68.445629971828    -68.445629971828         0.12644E-03
    -68.445635118238    -68.445635118238         0.11736E-03
    -68.445633400711    -68.445633400711         0.12034E-03
    -68.445632038334    -68.445632038334         0.16796E-03
    -68.445617541409    -68.445617541409         0.10257E-03
    -68.445617274600    -68.445617274600         0.17603E-03
    -68.445634183774    -68.445634183774         0.69434E-04
    -68.445617333886    -68.445617333886         0.12048E-03
    -68.445635102100    -68.445635102100         0.17666E-03
    -68.445617641737    -68.445617641737         0.71883E-04
    -68.445633465398    -68.445633465398         0.19000E-03
    -68.445631953308    -68.445631953308         0.16471E-03
    -68.445632181927    -68.445632181927         0.10129E-03
    -68.445617713162    -68.445617713162         0.11517E-03
    -68.445629483462    -68.445629483462         0.13842E-03
    -68.445630851510    -68.445630851510         0.93920E-04
    -68.445617681636    -68.445617681636         0.10936E-03
    -68.445631501678    -68.445631501678         0.13590E-03
    -68.445617361505    -68.445617361505         0.14834E-03
    -68.445631944572    -68.445631944572         0.13024E-03
    -68.445616123557    -68.445616123557         0.12130E-03
    -68.445617203352    -68.445617203352         0.12804E-03
    -68.445617601231    -68.445617601231         0.12711E-03
    -68.445615415425    -68.445615415425         0.60707E-04
    -68.445615441581    -68.445615441581         0.92252E-04
    -68.445633076520    -68.445633076520         0.29481E-04
    -68.445628442146    -68.445628442146         0.18382E-03
    -68.445633710333    -68.445633710333         0.65504E-04
    -68.445594745813    -68.445594745813         0.14209E-03
    -68.445600218022    -68.445600218022         0.10642E-03
    -68.445631279491    -68.445631279491         0.25677E-04
    -68.445608221798    -68.445608221798         0.13044E-03
    -68.445595850734    -68.445595850734         0.85289E-04
    -68.445621444465    -68.445621444465         0.52946E-04
    -68.445631264522    -68.445631264522         0.18996E-03
    -68.445606165512    -68.445606165512         0.18357E-03
    -68.445629354121    -68.445629354121         0.26925E-04
    -68.445634960335    -68.445634960335         0.13832E-03
    -68.445630538187    -68.445630538187         0.19998E-03
    -68.445635392978    -68.445635392978         0.11872E-03
    -68.445617544758    -68.445617544758         0.81767E-04
    -68.445617543837    -68.445617543837         0.15501E-03
    -68.445613576864    -68.445613576864         0.74114E-04
    -68.445612903552    -68.445612903552         0.32581E-04
    -68.445595361996    -68.445595361996         0.16528E-03
    -68.445617002846    -68.445617002846         0.13498E-03
    -68.445616838703    -68.445616838703         0.12856E-03
    -68.445631984425    -68.445631984425         0.13105E-03
    -68.445618293449    -68.445618293449         0.18995E-03
    -68.445614877801    -68.445614877801         0.10830E-03
    -68.445617188744    -68.445617188744         0.19715E-03
    -68.445617171996    -68.445617171996         0.74875E-04
    -68.445617121008    -68.445617121008         0.17891E-03
    -68.445602969245    -68.445602969245         0.64437E-04
    -68.445612604987    -68.445612604987         0.31046E-04
    -68.445608895581    -68.445608895581         0.70059E-04
    -68.445587279523    -68.445587279523         0.14117E-03
    -68.445618191863    -68.445618191863         0.17195E-03
    -68.445611703913    -68.445611703913         0.50706E-04
    -68.445634921530    -68.445634921530         0.10274E-03
    -68.445595762279    -68.445595762279         0.10076E-03
    -68.445626186968    -68.445626186968         0.82341E-04
    -68.445595825724    -68.445595825724         0.13721E-03
    -68.445573708250    -68.445573708250         0.16847E-03
    -68.445565470141    -68.445565470141         0.14235E-03
    -68.445550487124    -68.445550487124         0.18640E-03
    -68.445550395562    -68.445550395562         0.18446E-03
    -68.445532792937    -68.445532792937         0.12737E-03
    -68.445510225741    -68.445510225741         0.97125E-04
    -68.445568908910    -68.445568908910         0.44611E-04
    -68.445439239619    -68.445439239619         0.10764E-03
    -68.445438619109    -68.445438619109         0.90680E-04
    -68.445438763209    -68.445438763209         0.11084E-03
    -68.445420597571    -68.445420597571         0.19390E-03
    -68.445427709517    -68.445427709517         0.11462E-03
    -68.445422580047    -68.445422580047         0.12761E-03
    -68.445418070358    -68.445418070358         0.13544E-03
    -68.445417712421    -68.445417712421         0.17700E-03
    -68.445348672788    -68.445348672788         0.79996E-04
    -68.445348767182    -68.445348767182         0.15239E-03
    -68.445349550215    -68.445349550215         0.80367E-04
    -68.445346223360    -68.445346223360         0.19568E-03
    -68.445347581694    -68.445347581694         0.19720E-03
    -68.445347217544    -68.445347217544         0.10124E-03
    -68.445348756151    -68.445348756151         0.73360E-04
    -68.445347609322    -68.445347609322         0.17208E-03
    -68.445348906400    -68.445348906400         0.60768E-04
    -68.445349021524    -68.445349021524         0.47904E-04
    -68.445347615276    -68.445347615276         0.15507E-03
    -68.445335524551    -68.445335524551         0.73421E-04
    -68.445333059005    -68.445333059005         0.19262E-03
    -68.445348239562    -68.445348239562         0.14045E-03
    -68.445335952954    -68.445335952954         0.12782E-03
    -68.445335588872    -68.445335588872         0.15540E-03
    -68.445347694404    -68.445347694404         0.15787E-03
    -68.445336373079    -68.445336373079         0.16079E-03
    -68.445335592488    -68.445335592488         0.12377E-03
    -68.445334040315    -68.445334040315         0.15807E-03
    -68.445333986758    -68.445333986758         0.17886E-03
    -68.445336018851    -68.445336018851         0.10518E-03
    -68.445345257601    -68.445345257601         0.16642E-03
    -68.445335619958    -68.445335619958         0.13050E-03
    -68.445335265507    -68.445335265507         0.12248E-03
    -68.445335638170    -68.445335638170         0.17368E-03
    -68.445335524888    -68.445335524888         0.92647E-04
    -68.445335717468    -68.445335717468         0.91644E-04
    -68.445342421778    -68.445342421778         0.12147E-03
    -68.445334924282    -68.445334924282         0.19798E-03
    -68.445335265777    -68.445335265777         0.93483E-04
    -68.445288864290    -68.445288864290         0.17522E-03
    -68.445335980221    -68.445335980221         0.96201E-04
    -68.445290489603    -68.445290489603         0.17401E-03
    -68.445286422508    -68.445286422508         0.18388E-03
    -68.445286977478    -68.445286977478         0.17569E-03
    -68.445287050981    -68.445287050981         0.16430E-03
    -68.445282486837    -68.445282486837         0.16768E-03
    -68.445286883530    -68.445286883530         0.17105E-04
    -68.445281786128    -68.445281786128         0.17139E-03
    -68.445276420444    -68.445276420444         0.27868E-04
    -68.445190178182    -68.445190178182         0.16831E-03
    -68.445269486025    -68.445269486025         0.34810E-04
    -68.445192068800    -68.445192068800         0.12207E-03
    -68.445166576675    -68.445166576675         0.12857E-03
    -68.445150178403    -68.445150178403         0.16554E-03
    -68.445134669769    -68.445134669769         0.82950E-04
    -68.445152540784    -68.445152540784         0.16849E-03
    -68.445134738323    -68.445134738323         0.55398E-04
    -68.445134189354    -68.445134189354         0.14407E-03
    -68.445153192073    -68.445153192073         0.10283E-03
    -68.445134027258    -68.445134027258         0.19907E-03
    -68.445134693430    -68.445134693430         0.12801E-03
    -68.445134620320    -68.445134620320         0.39650E-04
    -68.445134537660    -68.445134537660         0.11880E-03
    -68.445133999079    -68.445133999079         0.14771E-03
    -68.445134215819    -68.445134215819         0.17463E-03
    -68.445133793249    -68.445133793249         0.89698E-04
    -68.445133851078    -68.445133851078         0.16272E-03
    -68.445134404933    -68.445134404933         0.13244E-03
    -68.445128138253    -68.445128138253         0.19340E-03
    -68.445131678790    -68.445131678790         0.15154E-03
    -68.445130912571    -68.445130912571         0.94404E-04
    -68.445128097930    -68.445128097930         0.64862E-04
    -68.445129284440    -68.445129284440         0.10040E-03
    -68.445127306130    -68.445127306130         0.12328E-03
    -68.445128770847    -68.445128770847         0.76607E-04
    -68.445128539682    -68.445128539682         0.10334E-03
    -68.445126513527    -68.445126513527         0.17071E-03
    -68.445128089911    -68.445128089911         0.11930E-03
    -68.445128616862    -68.445128616862         0.10869E-03
    -68.445133489543    -68.445133489543         0.12269E-03
    -68.445129413966    -68.445129413966         0.10713E-03
    -68.445132258226    -68.445132258226         0.10148E-03
    -68.445128513738    -68.445128513738         0.18935E-03
    -68.445130757528    -68.445130757528         0.11509E-03
    -68.445129516633    -68.445129516633         0.45257E-04
    -68.445132763435    -68.445132763435         0.38319E-04
    -68.445130146702    -68.445130146702         0.10849E-03
    -68.445118899706    -68.445118899706         0.73945E-04
    -68.445127359126    -68.445127359126         0.21395E-04
    -68.445068838550    -68.445068838550         0.86192E-04
    -68.445072606435    -68.445072606435         0.12188E-03
    -68.445066072217    -68.445066072217         0.17492E-03
    -68.445065391851    -68.445065391851         0.12912E-03
    -68.445064049109    -68.445064049109         0.13665E-03
    -68.445058008647    -68.445058008647         0.47808E-04
    -68.445058844073    -68.445058844073         0.12771E-03
    -68.445056938119    -68.445056938119         0.13516E-03
    -68.445055279493    -68.445055279493         0.15143E-03
    -68.445055838957    -68.445055838957         0.11319E-03
    -68.445056816293    -68.445056816293         0.89929E-04
    -68.447193152475    -68.447193152475         0.14042E-03
    -68.445051710661    -68.445051710661         0.56437E-04
    -68.445051765470    -68.445051765470         0.16863E-03
    -68.445040256884    -68.445040256884         0.19403E-03
    -68.445042112693    -68.445042112693         0.13408E-03
    -68.445038468282    -68.445038468282         0.19705E-03
    -68.445032588465    -68.445032588465         0.18686E-03
    -68.445033319017    -68.445033319017         0.11977E-03
    -68.445041268717    -68.445041268717         0.95019E-04
    -68.445040665416    -68.445040665416         0.21450E-04
    -68.445033170138    -68.445033170138         0.99626E-04
    -68.445042261630    -68.445042261630         0.10892E-03
    -68.445000953268    -68.445000953268         0.92389E-04
    -68.444994647984    -68.444994647984         0.76221E-04
    -68.444994452406    -68.444994452406         0.11972E-03
    -68.445036518135    -68.445036518135         0.87120E-04
    -68.444994452703    -68.444994452703         0.13619E-03
    -68.444991995499    -68.444991995499         0.60476E-04
    -68.444993645754    -68.444993645754         0.10987E-03
    -68.444991391328    -68.444991391328         0.17081E-03
    -68.444994497273    -68.444994497273         0.13010E-03
    -68.444994418668    -68.444994418668         0.15642E-03
    -68.444992791828    -68.444992791828         0.63774E-04
    -68.444991989257    -68.444991989257         0.11124E-03
    -68.444991565808    -68.444991565808         0.11898E-03
    -68.444962472133    -68.444962472133         0.12278E-03
    -68.444962650877    -68.444962650877         0.10938E-03
    -68.444962592070    -68.444962592070         0.18407E-03
    -68.444990646638    -68.444990646638         0.18016E-03
    -68.444962955755    -68.444962955755         0.11884E-03
    -68.444962476841    -68.444962476841         0.15731E-03
    -68.444962181183    -68.444962181183         0.10408E-03
    -68.444963034125    -68.444963034125         0.14879E-03
    -68.444962052288    -68.444962052288         0.14485E-03
    -68.444962460096    -68.444962460096         0.12238E-03
    -68.444961700847    -68.444961700847         0.62499E-04
    -68.444962604463    -68.444962604463         0.15660E-03
    -68.444960755755    -68.444960755755         0.19326E-03
    -68.444929011954    -68.444929011954         0.11916E-03
    -68.444962997097    -68.444962997097         0.17473E-03
    -68.444928514270    -68.444928514270         0.15085E-03
    -68.444929356189    -68.444929356189         0.83054E-04
    -68.444929302768    -68.444929302768         0.15542E-03
    -68.444872158261    -68.444872158261         0.14365E-03
    -68.444871333930    -68.444871333930         0.13745E-03
    -68.444929047749    -68.444929047749         0.87831E-04
    -68.444871501270    -68.444871501270         0.13004E-03
    -68.444872887565    -68.444872887565         0.96384E-04
    -68.444870190808    -68.444870190808         0.17636E-03
    -68.444872721665    -68.444872721665         0.67494E-04
    -68.444870256965    -68.444870256965         0.16089E-03
    -68.444871830718    -68.444871830718         0.12036E-03
    -68.444869993147    -68.444869993147         0.19083E-03
    -68.444872500367    -68.444872500367         0.11128E-03
    -68.444872412799    -68.444872412799         0.11460E-03
    -68.447352340520    -68.447352340520         0.18713E-03
    -68.444837141802    -68.444837141802         0.80047E-04
    -68.447352185192    -68.447352185192         0.12798E-03
    -68.444872829835    -68.444872829835         0.52658E-04
    -68.444867138264    -68.444867138264         0.60530E-04
    -68.444836697199    -68.444836697199         0.11265E-03
    -68.444836868048    -68.444836868048         0.10107E-03
    -68.444836295932    -68.444836295932         0.85842E-04
    -68.444862892048    -68.444862892048         0.32608E-04
    -68.444836692346    -68.444836692346         0.17116E-03
    -68.444869362320    -68.444869362320         0.15053E-03
    -68.444837086719    -68.444837086719         0.11457E-03
    -68.444836556008    -68.444836556008         0.79637E-04
    -68.444834934945    -68.444834934945         0.18407E-03
    -68.444836485517    -68.444836485517         0.98975E-04
    -68.444836627061    -68.444836627061         0.15734E-03
    -68.444836545046    -68.444836545046         0.14479E-03
    -68.444836426592    -68.444836426592         0.13743E-03
    -68.444836566345    -68.444836566345         0.80891E-04
    -68.444835919955    -68.444835919955         0.12460E-03
    -68.444836408127    -68.444836408127         0.82770E-04
    -68.444834394158    -68.444834394158         0.10751E-03
    -68.444837139672    -68.444837139672         0.52208E-04
    -68.444835106588    -68.444835106588         0.16742E-03
    -68.444835312515    -68.444835312515         0.14487E-03
    -68.444819039364    -68.444819039364         0.16812E-03
    -68.444819232306    -68.444819232306         0.12411E-03
    -68.444819633648    -68.444819633648         0.88848E-04
    -68.444834464781    -68.444834464781         0.98420E-04
    -68.444819113819    -68.444819113819         0.12572E-03
    -68.444853920900    -68.444853920900         0.12257E-03
    -68.444799745404    -68.444799745404         0.13590E-03
    -68.444797999617    -68.444797999617         0.19722E-03
    -68.444869375096    -68.444869375096         0.19277E-04
    -68.444819026279    -68.444819026279         0.13104E-03
    -68.444802059595    -68.444802059595         0.83738E-04
    -68.444801818775    -68.444801818775         0.10615E-03
    -68.444820062581    -68.444820062581         0.89045E-04
    -68.444814665091    -68.444814665091         0.10624E-03
    -68.444799164525    -68.444799164525         0.12592E-03
    -68.444798446101    -68.444798446101         0.58652E-04
    -68.444819094086    -68.444819094086         0.57198E-04
    -68.447219704340    -68.447219704340         0.16413E-03
    -68.444865697370    -68.444865697370         0.34990E-04
    -68.444852622727    -68.444852622727         0.17209E-03
    -68.444819642871    -68.444819642871         0.13903E-03
    -68.444818610977    -68.444818610977         0.16050E-03
    -68.444833284321    -68.444833284321         0.17449E-03
    -68.444818243372    -68.444818243372         0.16473E-03
    -68.444818585429    -68.444818585429         0.13585E-03
    -68.444817691462    -68.444817691462         0.19210E-03
    -68.444834241879    -68.444834241879         0.56534E-04
    -68.444815728134    -68.444815728134         0.58043E-04
    -68.444801982059    -68.444801982059         0.79578E-04
    -68.444801350061    -68.444801350061         0.18820E-03
    -68.444815624711    -68.444815624711         0.10041E-03
    -68.444798409549    -68.444798409549         0.19607E-03
    -68.444801235122    -68.444801235122         0.13858E-03
    -68.444798022824    -68.444798022824         0.14201E-03
    -68.444817711320    -68.444817711320         0.15621E-03
    -68.444801300538    -68.444801300538         0.10064E-03
    -68.444801528240    -68.444801528240         0.10621E-03
    -68.444801844090    -68.444801844090         0.13186E-03
    -68.444801523521    -68.444801523521         0.10967E-03
    -68.444799120973    -68.444799120973         0.18198E-03
    -68.444801830279    -68.444801830279         0.13594E-03
    -68.444801026144    -68.444801026144         0.17182E-03
    -68.444801467554    -68.444801467554         0.17510E-03
    -68.444789756531    -68.444789756531         0.13189E-03
    -68.444818141273    -68.444818141273         0.55276E-04
    -68.444783921122    -68.444783921122         0.98360E-04
    -68.444800221058    -68.444800221058         0.19632E-03
    -68.444801142430    -68.444801142430         0.12935E-03
    -68.444790274415    -68.444790274415         0.11278E-03
    -68.447195265738    -68.447195265738         0.94704E-04
    -68.444788489795    -68.444788489795         0.19034E-03
    -68.444814678983    -68.444814678983         0.29953E-04
    -68.444785597632    -68.444785597632         0.63982E-04
    -68.447201817204    -68.447201817204         0.11057E-03
    -68.444789954110    -68.444789954110         0.18991E-03
    -68.444790284045    -68.444790284045         0.94627E-04
    -68.444773092597    -68.444773092597         0.14953E-03
    -68.444778135329    -68.444778135329         0.16234E-03
    -68.444790439313    -68.444790439313         0.12351E-03
    -68.447198820739    -68.447198820739         0.81643E-04
    -68.444771842983    -68.444771842983         0.70567E-04
    -68.444791398752    -68.444791398752         0.16917E-03
    -68.444790372121    -68.444790372121         0.11211E-03
    -68.444811115135    -68.444811115135         0.38925E-04
    -68.444791517637    -68.444791517637         0.99164E-04
    -68.444758892248    -68.444758892248         0.16653E-03
    -68.444758264074    -68.444758264074         0.10825E-03
    -68.444755233559    -68.444755233559         0.97157E-04
    -68.444817250973    -68.444817250973         0.84401E-04
    -68.444758935641    -68.444758935641         0.11721E-03
    -68.444754818135    -68.444754818135         0.97341E-04
    -68.444793677614    -68.444793677614         0.31896E-04
    -68.444758278112    -68.444758278112         0.75861E-04
    -68.444754481002    -68.444754481002         0.86238E-04
    -68.444738909669    -68.444738909669         0.18212E-03
    -68.444757231749    -68.444757231749         0.49095E-04
    -68.444758737032    -68.444758737032         0.81831E-04
    -68.444755286887    -68.444755286887         0.10817E-03
    -68.444738772382    -68.444738772382         0.70520E-04
    -68.444738528000    -68.444738528000         0.98687E-04
    -68.444737790099    -68.444737790099         0.18277E-03
    -68.444737880137    -68.444737880137         0.10805E-03
    -68.444738392472    -68.444738392472         0.19772E-03
    -68.444747253760    -68.444747253760         0.53288E-04
    -68.444738703768    -68.444738703768         0.15036E-03
    -68.444738199244    -68.444738199244         0.79956E-04
    -68.444738449688    -68.444738449688         0.86944E-04
    -68.444747855497    -68.444747855497         0.59476E-04
    -68.444739024340    -68.444739024340         0.13274E-03
    -68.444738504101    -68.444738504101         0.19642E-03
    -68.444738899611    -68.444738899611         0.10631E-03
    -68.444754165502    -68.444754165502         0.12968E-03
    -68.444738903004    -68.444738903004         0.13713E-03
    -68.444755156848    -68.444755156848         0.14421E-03
    -68.444752333305    -68.444752333305         0.12824E-03
    -68.444706833764    -68.444706833764         0.15345E-03
    -68.444705799452    -68.444705799452         0.14817E-03
    -68.444707028051    -68.444707028051         0.14199E-03
    -68.444706715305    -68.444706715305         0.12549E-03
    -68.444706569740    -68.444706569740         0.14694E-03
    -68.444705994724    -68.444705994724         0.14985E-03
    -68.444706816765    -68.444706816765         0.10659E-03
    -68.447352429680    -68.447352429680         0.80809E-04
    -68.444706759187    -68.444706759187         0.13697E-03
    -68.444706311602    -68.444706311602         0.12323E-03
    -68.444687072721    -68.444687072721         0.47454E-04
    -68.444657821246    -68.444657821246         0.87630E-04
    -68.444657928292    -68.444657928292         0.84273E-04
    -68.444656926154    -68.444656926154         0.16730E-03
    -68.444656796847    -68.444656796847         0.85369E-04
    -68.444646259655    -68.444646259655         0.18271E-03
    -68.444646528586    -68.444646528586         0.82781E-04
    -68.444642761108    -68.444642761108         0.12925E-03
    -68.444642695848    -68.444642695848         0.53821E-04
    -68.444642318609    -68.444642318609         0.14501E-03
    -68.444642527245    -68.444642527245         0.90487E-04
    -68.444642128540    -68.444642128540         0.15490E-03
    -68.444642906277    -68.444642906277         0.65644E-04
    -68.444646502082    -68.444646502082         0.13620E-03
    -68.444642242231    -68.444642242231         0.89246E-04
    -68.444641010902    -68.444641010902         0.12579E-03
    -68.444642410648    -68.444642410648         0.15460E-03
    -68.444641847722    -68.444641847722         0.13270E-03
    -68.444638649981    -68.444638649981         0.18146E-03
    -68.444638931936    -68.444638931936         0.68064E-04
    -68.444641762728    -68.444641762728         0.11822E-03
    -68.444641630557    -68.444641630557         0.19313E-04
    -68.444636479726    -68.444636479726         0.15287E-03
    -68.444638302822    -68.444638302822         0.11568E-03
    -68.444641530602    -68.444641530602         0.13396E-03
    -68.444642065944    -68.444642065944         0.19743E-03
    -68.444637822963    -68.444637822963         0.16027E-03
    -68.444642291191    -68.444642291191         0.14386E-03
    -68.444636213631    -68.444636213631         0.16640E-03
    -68.444629561115    -68.444629561115         0.86293E-04
    -68.444638453439    -68.444638453439         0.86417E-04
    -68.444636317385    -68.444636317385         0.12668E-03
    -68.444637050904    -68.444637050904         0.99523E-04
    -68.444635080019    -68.444635080019         0.62121E-04
    -68.444635957621    -68.444635957621         0.16555E-03
    -68.444635718950    -68.444635718950         0.10598E-03
    -68.444638329058    -68.444638329058         0.16392E-03
    -68.444641301512    -68.444641301512         0.11741E-03
    -68.444635593726    -68.444635593726         0.17401E-03
    -68.444635507188    -68.444635507188         0.18071E-03
    -68.444635338712    -68.444635338712         0.16587E-03
    -68.444635148139    -68.444635148139         0.99696E-04
    -68.444638037683    -68.444638037683         0.99896E-04
    -68.444639952846    -68.444639952846         0.47383E-04
    -68.444636621394    -68.444636621394         0.15866E-03
    -68.444636476941    -68.444636476941         0.79732E-04
    -68.444636244744    -68.444636244744         0.16269E-03
    -68.444636417887    -68.444636417887         0.80169E-04
    -68.444637510516    -68.444637510516         0.11294E-03
    -68.444629208391    -68.444629208391         0.14609E-03
    -68.444636157206    -68.444636157206         0.11662E-03
    -68.444642758690    -68.444642758690         0.14581E-03
    -68.444637029023    -68.444637029023         0.13538E-03
    -68.444636616716    -68.444636616716         0.16362E-03
    -68.444629629597    -68.444629629597         0.14903E-03
    -68.444626664193    -68.444626664193         0.16292E-03
    -68.444631381820    -68.444631381820         0.13393E-03
    -68.444631161029    -68.444631161029         0.18222E-03
    -68.444642449742    -68.444642449742         0.10295E-03
    -68.444628814778    -68.444628814778         0.16254E-03
    -68.444628965675    -68.444628965675         0.13068E-03
    -68.444628694530    -68.444628694530         0.92830E-04
    -68.444628932292    -68.444628932292         0.13085E-03
    -68.444628598113    -68.444628598113         0.16116E-03
    -68.444642104201    -68.444642104201         0.14860E-03
    -68.444624507778    -68.444624507778         0.13055E-03
    -68.444624305599    -68.444624305599         0.10477E-03
    -68.444624967215    -68.444624967215         0.10513E-03
    -68.444624622793    -68.444624622793         0.14540E-03
    -68.444624773277    -68.444624773277         0.11400E-03
    -68.444624668141    -68.444624668141         0.15799E-03
    -68.444621267434    -68.444621267434         0.42490E-04
    -68.444623788263    -68.444623788263         0.19331E-03
    -68.444624902083    -68.444624902083         0.14439E-03
    -68.444620954101    -68.444620954101         0.11056E-03
    -68.444629286075    -68.444629286075         0.84928E-04
    -68.444620148914    -68.444620148914         0.12024E-03
    -68.444624935945    -68.444624935945         0.17801E-03
    -68.444619884015    -68.444619884015         0.12269E-03
    -68.444624688951    -68.444624688951         0.17040E-03
    -68.444619186183    -68.444619186183         0.16037E-03
    -68.444620621902    -68.444620621902         0.10640E-03
    -68.444621028328    -68.444621028328         0.11502E-03
    -68.444625144668    -68.444625144668         0.16696E-03
    -68.444624874511    -68.444624874511         0.72003E-04
    -68.444621062723    -68.444621062723         0.88526E-04
    -68.444628869222    -68.444628869222         0.89144E-04
    -68.444624899504    -68.444624899504         0.13932E-03
    -68.444624364939    -68.444624364939         0.17957E-03
    -68.444624735070    -68.444624735070         0.16827E-03
    -68.444621026850    -68.444621026850         0.93670E-04
    -68.444621198502    -68.444621198502         0.13559E-03
    -68.444620393679    -68.444620393679         0.16638E-03
    -68.444621087473    -68.444621087473         0.70184E-04
    -68.444621031462    -68.444621031462         0.17296E-03
    -68.444628350425    -68.444628350425         0.16114E-03
    -68.444621284964    -68.444621284964         0.71289E-04
    -68.444624088947    -68.444624088947         0.12544E-03
    -68.444636019003    -68.444636019003         0.12098E-03
    -68.444620818556    -68.444620818556         0.80151E-04
    -68.444620975301    -68.444620975301         0.62756E-04
    -68.444642009237    -68.444642009237         0.19127E-03
    -68.444623367980    -68.444623367980         0.15938E-03
    -68.444623077220    -68.444623077220         0.17780E-03
    -68.444620301041    -68.444620301041         0.11212E-03
    -68.444619216323    -68.444619216323         0.57576E-04
    -68.444580357725    -68.444580357725         0.76899E-04
    -68.444617125160    -68.444617125160         0.77977E-04
    -68.444577176444    -68.444577176444         0.12572E-03
    -68.444578062979    -68.444578062979         0.14722E-03
    -68.444579404035    -68.444579404035         0.11014E-03
    -68.444580054604    -68.444580054604         0.91216E-04
    -68.444540311281    -68.444540311281         0.14411E-03
    -68.444576378781    -68.444576378781         0.19160E-03
    -68.444540230471    -68.444540230471         0.15352E-03
    -68.444540110436    -68.444540110436         0.12734E-03
    -68.444540271801    -68.444540271801         0.19799E-03
    -68.444539502036    -68.444539502036         0.16223E-03
    -68.444540009460    -68.444540009460         0.85923E-04
    -68.444537391314    -68.444537391314         0.16031E-03
    -68.444539844038    -68.444539844038         0.12803E-03
    -68.444539941022    -68.444539941022         0.84854E-04
    -68.444539662993    -68.444539662993         0.79230E-04
    -68.444539514266    -68.444539514266         0.10919E-03
    -68.444538160891    -68.444538160891         0.10104E-03
    -68.444534547803    -68.444534547803         0.12079E-03
    -68.444534139917    -68.444534139917         0.10099E-03
    -68.444534464547    -68.444534464547         0.19787E-03
    -68.444538866527    -68.444538866527         0.15793E-03
    -68.444534498064    -68.444534498064         0.10716E-03
    -68.444534240370    -68.444534240370         0.10551E-03
    -68.444538768156    -68.444538768156         0.11869E-03
    -68.444533700464    -68.444533700464         0.19222E-03
    -68.444528368069    -68.444528368069         0.16889E-03
    -68.444540187024    -68.444540187024         0.12175E-03
    -68.444532057902    -68.444532057902         0.18499E-03
    -68.444525405163    -68.444525405163         0.15890E-03
    -68.444538317027    -68.444538317027         0.11100E-03
    -68.444532965751    -68.444532965751         0.18704E-03
    -68.444527869687    -68.444527869687         0.16283E-03
    -68.444528918166    -68.444528918166         0.12867E-03
    -68.444527390650    -68.444527390650         0.16312E-03
    -68.444525338688    -68.444525338688         0.17885E-03
    -68.444540336278    -68.444540336278         0.75368E-04
    -68.444526943901    -68.444526943901         0.14073E-03
    -68.444534776731    -68.444534776731         0.79534E-04
    -68.444525980386    -68.444525980386         0.12203E-03
    -68.444540240183    -68.444540240183         0.10434E-03
    -68.444526106499    -68.444526106499         0.14551E-03
    -68.444526168790    -68.444526168790         0.16358E-03
    -68.444527967037    -68.444527967037         0.19443E-03
    -68.444526842692    -68.444526842692         0.66915E-04
    -68.444527827853    -68.444527827853         0.11405E-03
    -68.444534357841    -68.444534357841         0.14280E-03
    -68.444528437512    -68.444528437512         0.18387E-03
    -68.444525792659    -68.444525792659         0.10685E-03
    -68.444526221982    -68.444526221982         0.11167E-03
    -68.444525710658    -68.444525710658         0.10266E-03
    -68.444526679067    -68.444526679067         0.10639E-03
    -68.444503404437    -68.444503404437         0.56890E-04
    -68.444526685925    -68.444526685925         0.10920E-03
    -68.444503225732    -68.444503225732         0.87251E-04
    -68.444502738377    -68.444502738377         0.16377E-03
    -68.444502574500    -68.444502574500         0.11428E-03
    -68.444503481111    -68.444503481111         0.63832E-04
    -68.444503266061    -68.444503266061         0.13946E-03
    -68.444502506901    -68.444502506901         0.10741E-03
    -68.444504004638    -68.444504004638         0.15580E-03
    -68.444495663414    -68.444495663414         0.86913E-04
    -68.444496421330    -68.444496421330         0.12655E-03
    -68.444506832243    -68.444506832243         0.11457E-03
    -68.444503195120    -68.444503195120         0.16129E-03
    -68.444503485399    -68.444503485399         0.19733E-03
    -68.444503652243    -68.444503652243         0.15131E-03
    -68.444496573234    -68.444496573234         0.47385E-04
    -68.444496172922    -68.444496172922         0.88567E-04
    -68.444503287698    -68.444503287698         0.10286E-03
    -68.444496314296    -68.444496314296         0.13243E-03
    -68.444496306401    -68.444496306401         0.10591E-03
    -68.444503067466    -68.444503067466         0.99078E-04
    -68.444502436446    -68.444502436446         0.19325E-03
    -68.444496028502    -68.444496028502         0.16299E-03
    -68.444491722729    -68.444491722729         0.10075E-03
    -68.444501308323    -68.444501308323         0.12029E-03
    -68.444495663549    -68.444495663549         0.13194E-03
    -68.444490707378    -68.444490707378         0.19116E-03
    -68.444488439955    -68.444488439955         0.16672E-03
    -68.444500833736    -68.444500833736         0.19490E-03
    -68.444503958840    -68.444503958840         0.10258E-03
    -68.444472639954    -68.444472639954         0.15833E-03
    -68.444472476695    -68.444472476695         0.14002E-03
    -68.444487396752    -68.444487396752         0.16049E-03
    -68.444484242826    -68.444484242826         0.52281E-04
    -68.444484496389    -68.444484496389         0.12321E-03
    -68.444496094019    -68.444496094019         0.59380E-04
    -68.444503279012    -68.444503279012         0.16582E-03
    -68.444496022105    -68.444496022105         0.14092E-03
    -68.444472331234    -68.444472331234         0.17142E-03
    -68.444473325835    -68.444473325835         0.14913E-03
    -68.444496227740    -68.444496227740         0.14236E-03
    -68.444484814311    -68.444484814311         0.49813E-04
    -68.444472427715    -68.444472427715         0.11491E-03
    -68.444489140557    -68.444489140557         0.10730E-03
    -68.444484291063    -68.444484291063         0.19630E-03
    -68.444472367300    -68.444472367300         0.10660E-03
    -68.444534280693    -68.444534280693         0.11428E-03
    -68.444484115139    -68.444484115139         0.47115E-04
    -68.444488259815    -68.444488259815         0.16209E-03
    -68.444470068806    -68.444470068806         0.19749E-03
    -68.444472465184    -68.444472465184         0.80138E-04
    -68.444471829187    -68.444471829187         0.67211E-04
    -68.444479256048    -68.444479256048         0.43402E-04
    -68.444470230237    -68.444470230237         0.53702E-04
    -68.444485426629    -68.444485426629         0.18315E-04
    -68.444471498686    -68.444471498686         0.47205E-04
    -68.444473498060    -68.444473498060         0.12674E-03
    -68.444486556677    -68.444486556677         0.25001E-04
    -68.444500795593    -68.444500795593         0.49165E-04
    -68.444474870265    -68.444474870265         0.41363E-04
    -68.444469966741    -68.444469966741         0.19358E-03
    -68.444528670534    -68.444528670534         0.12115E-03
    -68.444474030124    -68.444474030124         0.64040E-04
    -68.444467978494    -68.444467978494         0.36771E-04
    -68.444455230911    -68.444455230911         0.15148E-03
    -68.444498968853    -68.444498968853         0.30656E-04
    -68.444486644037    -68.444486644037         0.10719E-03
    -68.444469275363    -68.444469275363         0.12280E-03
    -68.444472331275    -68.444472331275         0.13888E-03
    -68.444487500118    -68.444487500118         0.19676E-03
    -68.444388823945    -68.444388823945         0.70853E-04
    -68.444388381043    -68.444388381043         0.54674E-04
    -68.444388714170    -68.444388714170         0.82100E-04
    -68.444388747163    -68.444388747163         0.11619E-03
    -68.444388369964    -68.444388369964         0.86188E-04
    -68.444387646389    -68.444387646389         0.13804E-03
    -68.444388487208    -68.444388487208         0.17934E-03
    -68.444388521497    -68.444388521497         0.17982E-03
    -68.444388696877    -68.444388696877         0.80274E-04
    -68.444388303398    -68.444388303398         0.96365E-04
    -68.444351159322    -68.444351159322         0.15122E-03
    -68.444351998340    -68.444351998340         0.13412E-03
    -68.444353781274    -68.444353781274         0.11316E-03
    -68.444337668556    -68.444337668556         0.14551E-03
    -68.444337670670    -68.444337670670         0.14033E-03
    -68.444337681374    -68.444337681374         0.11734E-03
    -68.444337147788    -68.444337147788         0.94304E-04
    -68.444337359233    -68.444337359233         0.16283E-03
    -68.444336532864    -68.444336532864         0.13774E-03
    -68.444334475845    -68.444334475845         0.59334E-04
    -68.444338069844    -68.444338069844         0.11477E-03
    -68.444281509349    -68.444281509349         0.15312E-03
    -68.444334450108    -68.444334450108         0.19726E-03
    -68.444281671769    -68.444281671769         0.12632E-03
    -68.444281878264    -68.444281878264         0.15686E-03
    -68.444280817274    -68.444280817274         0.10270E-03
    -68.444281164015    -68.444281164015         0.17326E-03
    -68.444281512251    -68.444281512251         0.94456E-04
    -68.444281488275    -68.444281488275         0.78684E-04
    -68.444281847954    -68.444281847954         0.13606E-03
    -68.444281739426    -68.444281739426         0.15191E-03
    -68.444281974609    -68.444281974609         0.85204E-04
    -68.444280588285    -68.444280588285         0.13387E-03
    -68.444280937975    -68.444280937975         0.19245E-03
    -68.444279463230    -68.444279463230         0.75396E-04
    -68.444280435770    -68.444280435770         0.14086E-03
    -68.444281881853    -68.444281881853         0.12690E-03
    -68.444280603268    -68.444280603268         0.14284E-03
    -68.444261021398    -68.444261021398         0.14403E-03
    -68.444279430079    -68.444279430079         0.70863E-04
    -68.444280446409    -68.444280446409         0.18851E-03
    -68.444278562802    -68.444278562802         0.11622E-03
    -68.444260781227    -68.444260781227         0.13179E-03
    -68.444281347770    -68.444281347770         0.11894E-03
    -68.444260815751    -68.444260815751         0.12961E-03
    -68.444259333308    -68.444259333308         0.14941E-03
    -68.444276850805    -68.444276850805         0.15203E-03
    -68.444251614737    -68.444251614737         0.13878E-03
    -68.444180833415    -68.444180833415         0.70892E-04
    -68.444246698208    -68.444246698208         0.16502E-03
    -68.444078035613    -68.444078035613         0.18643E-03
    -68.444171117827    -68.444171117827         0.14700E-03
    -68.444062244544    -68.444062244544         0.15745E-03
    -68.444076886637    -68.444076886637         0.11686E-03
    -68.444062442835    -68.444062442835         0.13722E-03
    -68.444062680837    -68.444062680837         0.17139E-03
    -68.444059780509    -68.444059780509         0.82454E-04
    -68.444059499709    -68.444059499709         0.14859E-03
    -68.444057925874    -68.444057925874         0.18240E-03
    -68.444058861963    -68.444058861963         0.19136E-03
    -68.444060007974    -68.444060007974         0.15483E-03
    -68.444059814967    -68.444059814967         0.10094E-03
    -68.444061262198    -68.444061262198         0.19691E-03
    -68.444061829148    -68.444061829148         0.11528E-03
    -68.444059484213    -68.444059484213         0.18255E-03
    -68.444059434915    -68.444059434915         0.10831E-03
    -68.444062784929    -68.444062784929         0.19142E-03
    -68.444058204123    -68.444058204123         0.19684E-03
    -68.444057892085    -68.444057892085         0.10745E-03
    -68.444059399348    -68.444059399348         0.12652E-03
    -68.444059652055    -68.444059652055         0.15451E-03
    -68.444061926141    -68.444061926141         0.18249E-03
    -68.444042446185    -68.444042446185         0.86263E-04
    -68.444041925902    -68.444041925902         0.73569E-04
    -68.444058877818    -68.444058877818         0.16380E-03
    -68.444041712805    -68.444041712805         0.13939E-03
    -68.444041534097    -68.444041534097         0.13962E-03
    -68.444041858767    -68.444041858767         0.14539E-03
    -68.444042528028    -68.444042528028         0.11324E-03
    -68.444041193267    -68.444041193267         0.16265E-03
    -68.444042244276    -68.444042244276         0.11497E-03
    -68.444041742714    -68.444041742714         0.19562E-03
    -68.444041768585    -68.444041768585         0.12765E-03
    -68.444041903058    -68.444041903058         0.66093E-04
    -68.444041330078    -68.444041330078         0.76016E-04
    -68.444023642529    -68.444023642529         0.12716E-03
    -68.444022976385    -68.444022976385         0.88869E-04
    -68.444061566498    -68.444061566498         0.15568E-03
    -68.443989088835    -68.443989088835         0.94855E-04
    -68.443985499808    -68.443985499808         0.12861E-03
    -68.443984477499    -68.443984477499         0.82159E-04
    -68.443985043691    -68.443985043691         0.11314E-03
    -68.444021439736    -68.444021439736         0.59638E-04
    -68.443983794413    -68.443983794413         0.14384E-03
    -68.443985458995    -68.443985458995         0.95503E-04
    -68.443984098771    -68.443984098771         0.15209E-03
    -68.443984188840    -68.443984188840         0.97167E-04
    -68.443974489704    -68.443974489704         0.16167E-03
    -68.443984174196    -68.443984174196         0.16363E-03
    -68.443983872717    -68.443983872717         0.14929E-03
    -68.443984154921    -68.443984154921         0.85482E-04
    -68.443934566857    -68.443934566857         0.12213E-03
    -68.443983680139    -68.443983680139         0.18866E-03
    -68.443934526641    -68.443934526641         0.13905E-03
    -68.443934180693    -68.443934180693         0.12646E-03
    -68.443934742874    -68.443934742874         0.14615E-03
    -68.443935372115    -68.443935372115         0.16249E-03
    -68.443934925554    -68.443934925554         0.18652E-03
    -68.443934065244    -68.443934065244         0.15107E-03
    -68.443934859254    -68.443934859254         0.67297E-04
    -68.443927810775    -68.443927810775         0.81293E-04
    -68.443934160674    -68.443934160674         0.95679E-04
    -68.443928600002    -68.443928600002         0.57411E-04
    -68.443935009125    -68.443935009125         0.15203E-03
    -68.443934796720    -68.443934796720         0.70132E-04
    -68.447842719776    -68.447842719776         0.16042E-03
    -68.443885725970    -68.443885725970         0.78529E-04
    -68.448352494054    -68.448352494054         0.18621E-03
    -68.443884446695    -68.443884446695         0.93674E-04
    -68.443885775140    -68.443885775140         0.12078E-03
    -68.443885577462    -68.443885577462         0.17978E-03
    -68.443884017452    -68.443884017452         0.17524E-03
    -68.443885498804    -68.443885498804         0.10476E-03
    -68.443883981086    -68.443883981086         0.16050E-03
    -68.443913358755    -68.443913358755         0.12474E-03
    -68.448345333980    -68.448345333980         0.90575E-04
    -68.443885272629    -68.443885272629         0.95964E-04
    -68.443884614805    -68.443884614805         0.73451E-04
    -68.443885967335    -68.443885967335         0.16235E-03
    -68.443885005313    -68.443885005313         0.17803E-03
    -68.443876197201    -68.443876197201         0.11140E-03
    -68.443871882791    -68.443871882791         0.83235E-04
    -68.447840649605    -68.447840649605         0.18168E-03
    -68.443874821955    -68.443874821955         0.18693E-03
    -68.443870425227    -68.443870425227         0.14173E-03
    -68.443870188344    -68.443870188344         0.13088E-03
    -68.443860002318    -68.443860002318         0.18766E-03
    -68.443858086937    -68.443858086937         0.11058E-03
    -68.443857460150    -68.443857460150         0.16677E-03
    -68.443856909262    -68.443856909262         0.19932E-03
    -68.443856356760    -68.443856356760         0.74581E-04
    -68.443857790437    -68.443857790437         0.10611E-03
    -68.443856478432    -68.443856478432         0.13327E-03
    -68.443857174018    -68.443857174018         0.91042E-04
    -68.443857093044    -68.443857093044         0.17482E-03
    -68.443856591892    -68.443856591892         0.14884E-03
    -68.448346959555    -68.448346959555         0.74366E-04
    -68.443857996975    -68.443857996975         0.77144E-04
    -68.443856510657    -68.443856510657         0.14904E-03
    -68.443843756312    -68.443843756312         0.15576E-03
    -68.443857882723    -68.443857882723         0.16724E-03
    -68.443857197610    -68.443857197610         0.15842E-03
    -68.443858071399    -68.443858071399         0.33209E-04
    -68.443857442481    -68.443857442481         0.15964E-03
    -68.447856188066    -68.447856188066         0.83618E-04
    -68.443842938242    -68.443842938242         0.15212E-03
    -68.443857906882    -68.443857906882         0.42127E-04
    -68.443842945137    -68.443842945137         0.17447E-03
    -68.443843249185    -68.443843249185         0.10761E-03
    -68.443857710186    -68.443857710186         0.81316E-04
    -68.443843851482    -68.443843851482         0.12777E-03
    -68.443843730814    -68.443843730814         0.17751E-03
    -68.443857332220    -68.443857332220         0.11491E-03
    -68.443843784438    -68.443843784438         0.15918E-03
    -68.443843651812    -68.443843651812         0.17371E-03
    -68.443843974617    -68.443843974617         0.85701E-04
    -68.443809655110    -68.443809655110         0.64016E-04
    -68.443829542315    -68.443829542315         0.19210E-03
    -68.443843567403    -68.443843567403         0.12606E-03
    -68.443775046686    -68.443775046686         0.17388E-03
    -68.443777167676    -68.443777167676         0.12033E-03
    -68.446566112046    -68.446566112046         0.85704E-04
    -68.443775533701    -68.443775533701         0.11809E-03
    -68.443775863341    -68.443775863341         0.18256E-03
    -68.443762058060    -68.443762058060         0.14398E-03
    -68.443761828586    -68.443761828586         0.12566E-03
    -68.443761446688    -68.443761446688         0.13816E-03
    -68.443761274344    -68.443761274344         0.13733E-03
    -68.443759124104    -68.443759124104         0.16715E-03
    -68.443761825123    -68.443761825123         0.18606E-03
    -68.443761629543    -68.443761629543         0.79301E-04
    -68.443760340072    -68.443760340072         0.13757E-03
    -68.443761786158    -68.443761786158         0.13507E-03
    -68.443761519536    -68.443761519536         0.12747E-03
    -68.443761792872    -68.443761792872         0.14241E-03
    -68.443711504950    -68.443711504950         0.13689E-03
    -68.443767224575    -68.443767224575         0.13603E-03
    -68.443712891539    -68.443712891539         0.10946E-03
    -68.443712282508    -68.443712282508         0.14334E-03
    -68.443711447191    -68.443711447191         0.14561E-03
    -68.443708978266    -68.443708978266         0.19966E-03
    -68.443710245166    -68.443710245166         0.10877E-03
    -68.443683656021    -68.443683656021         0.19114E-03
    -68.443683493412    -68.443683493412         0.19679E-03
    -68.443709702668    -68.443709702668         0.91956E-04
    -68.443666867676    -68.443666867676         0.18425E-03
    -68.443658792955    -68.443658792955         0.75053E-04
    -68.443664907728    -68.443664907728         0.16732E-03
    -68.443659521900    -68.443659521900         0.15939E-03
    -68.443681895223    -68.443681895223         0.18187E-03
    -68.443627574052    -68.443627574052         0.19478E-03
    -68.443622684769    -68.443622684769         0.17609E-03
    -68.443663188779    -68.443663188779         0.19043E-03
    -68.443559302463    -68.443559302463         0.10732E-03
    -68.443554893542    -68.443554893542         0.18119E-03
    -68.443558283433    -68.443558283433         0.52492E-04
    -68.443558770633    -68.443558770633         0.11523E-03
    -68.443556751772    -68.443556751772         0.19414E-03
    -68.448389125244    -68.448389125244         0.94782E-04
    -68.443555908056    -68.443555908056         0.10558E-03
    -68.443427648180    -68.443427648180         0.12365E-03
    -68.446777860804    -68.446777860804         0.12171E-03
    -68.447724947094    -68.447724947094         0.18327E-03
    -68.447352593692    -68.447352593692         0.10383E-03
    -68.447766078497    -68.447766078497         0.14676E-03
    -68.447531904443    -68.447531904443         0.25493E-04
    -68.443191591490    -68.443191591490         0.18064E-04
    -68.443153203642    -68.443153203642         0.17040E-03
    -68.443150197767    -68.443150197767         0.11088E-03
    -68.443150036851    -68.443150036851         0.14390E-03
    -68.447352555971    -68.447352555971         0.17513E-03
    -68.443150189845    -68.443150189845         0.16425E-03
    -68.445335000468    -68.445335000468         0.90114E-04
    -68.447562843991    -68.447562843991         0.10804E-03
    -68.442959689554    -68.442959689554         0.10071E-03
    -68.445347532027    -68.445347532027         0.15429E-03
    -68.442945395806    -68.442945395806         0.62108E-04
    -68.442991000316    -68.442991000316         0.77834E-04
    -68.445347809627    -68.445347809627         0.16402E-03
    -68.447586345576    -68.447586345576         0.19453E-03
    -68.442954992025    -68.442954992025         0.11235E-03
    -68.446773875892    -68.446773875892         0.10847E-03
    -68.442918290829    -68.442918290829         0.18644E-03
    -68.442922773629    -68.442922773629         0.11100E-03
    -68.447522400746    -68.447522400746         0.11413E-03
    -68.442617773854    -68.442617773854         0.38215E-04
    -68.442618495932    -68.442618495932         0.79407E-04
    -68.442314280592    -68.442314280592         0.11815E-03
    -68.442313150669    -68.442313150669         0.69745E-04
    -68.447473733442    -68.447473733442         0.97250E-04
    -68.442306068013    -68.442306068013         0.18548E-03
    -68.442290208381    -68.442290208381         0.16477E-03
    -68.442292373168    -68.442292373168         0.66302E-04
    -68.442301992140    -68.442301992140         0.13039E-03
    -68.442295665570    -68.442295665570         0.14564E-03
    -68.442245942936    -68.442245942936         0.18977E-03
    -68.442245261364    -68.442245261364         0.54079E-04
    -68.442243906938    -68.442243906938         0.19357E-03
    -68.444504108015    -68.444504108015         0.17264E-03
    -68.442246352005    -68.442246352005         0.16522E-03
    -68.442245495531    -68.442245495531         0.12194E-03
    -68.442246428710    -68.442246428710         0.95484E-04
    -68.442245846929    -68.442245846929         0.10053E-03
    -68.442243770797    -68.442243770797         0.18803E-03
    -68.442210528673    -68.442210528673         0.16275E-03
    -68.442210661193    -68.442210661193         0.49907E-04
    -68.444620986782    -68.444620986782         0.80984E-04
    -68.444525897700    -68.444525897700         0.60262E-04
    -68.444488748707    -68.444488748707         0.82173E-04
    -68.442029517801    -68.442029517801         0.19373E-03
    -68.444492672711    -68.444492672711         0.45992E-04
    -68.442021885949    -68.442021885949         0.19645E-03
    -68.442031096111    -68.442031096111         0.95920E-04
    -68.444472178861    -68.444472178861         0.18940E-03
    -68.444638919587    -68.444638919587         0.18843E-03
    -68.441987074968    -68.441987074968         0.11471E-03
    -68.441985972494    -68.441985972494         0.11126E-03
    -68.441986853373    -68.441986853373         0.67575E-04
    -68.441987073451    -68.441987073451         0.85357E-04
    -68.441985750653    -68.441985750653         0.73383E-04
    -68.441985980153    -68.441985980153         0.29239E-04
    -68.441986410823    -68.441986410823         0.10814E-03
    -68.444534698008    -68.444534698008         0.95424E-04
    -68.441915734310    -68.441915734310         0.32947E-04
    -68.441986873762    -68.441986873762         0.12244E-03
    -68.441915187093    -68.441915187093         0.69928E-04
    -68.441915762803    -68.441915762803         0.14763E-03
    -68.441914049947    -68.441914049947         0.85449E-04
    -68.441915096979    -68.441915096979         0.16745E-03
    -68.441915149916    -68.441915149916         0.15848E-03
    -68.441915369767    -68.441915369767         0.11777E-03
    -68.441914933153    -68.441914933153         0.61629E-04
    -68.441913816055    -68.441913816055         0.83906E-04
    -68.441915993490    -68.441915993490         0.16167E-03
    -68.441914116310    -68.441914116310         0.10265E-03
    -68.441915374660    -68.441915374660         0.15956E-03
    -68.441821031686    -68.441821031686         0.76268E-04
    -68.441813231785    -68.441813231785         0.79384E-04
    -68.441817360988    -68.441817360988         0.16104E-03
    -68.441821774903    -68.441821774903         0.12327E-03
    -68.441820806980    -68.441820806980         0.10690E-03
    -68.441821582421    -68.441821582421         0.13140E-03
    -68.444496075220    -68.444496075220         0.10899E-03
    -68.441821021820    -68.441821021820         0.13378E-03
    -68.441786120375    -68.441786120375         0.14117E-03
    -68.441808347024    -68.441808347024         0.11946E-03
    -68.441808212898    -68.441808212898         0.13729E-03
    -68.441817141339    -68.441817141339         0.12153E-03
    -68.441786984441    -68.441786984441         0.17625E-03
    -68.441787136139    -68.441787136139         0.73763E-04
    -68.441807531077    -68.441807531077         0.12031E-03
    -68.441786845035    -68.441786845035         0.14927E-03
    -68.441807657947    -68.441807657947         0.10163E-03
    -68.441786336364    -68.441786336364         0.99373E-04
    -68.441806264036    -68.441806264036         0.58792E-04
    -68.441807746508    -68.441807746508         0.19813E-03
    -68.441807605029    -68.441807605029         0.13084E-03
    -68.441807860413    -68.441807860413         0.11272E-03
    -68.441786330761    -68.441786330761         0.11932E-03
    -68.441807938917    -68.441807938917         0.13231E-03
    -68.441775575014    -68.441775575014         0.95362E-04
    -68.441807835849    -68.441807835849         0.17107E-03
    -68.441808348153    -68.441808348153         0.16743E-03
    -68.441775842618    -68.441775842618         0.16381E-03
    -68.441785713530    -68.441785713530         0.15077E-03
    -68.441597555303    -68.441597555303         0.12091E-03
    -68.441597005042    -68.441597005042         0.12631E-03
    -68.441776072340    -68.441776072340         0.12329E-03
    -68.441596564051    -68.441596564051         0.13957E-03
    -68.441596423993    -68.441596423993         0.88673E-04
    -68.441596523476    -68.441596523476         0.13147E-03
    -68.441412068502    -68.441412068502         0.14881E-03
    -68.441411447154    -68.441411447154         0.15127E-03
    -68.441594271736    -68.441594271736         0.18877E-03
    -68.441411860020    -68.441411860020         0.11614E-03
    -68.441411830830    -68.441411830830         0.12296E-03
    -68.444962076993    -68.444962076993         0.76852E-04
    -68.444628106014    -68.444628106014         0.19325E-03
    -68.441278413334    -68.441278413334         0.16399E-03
    -68.441279575345    -68.441279575345         0.12061E-03
    -68.444628815852    -68.444628815852         0.16482E-03
    -68.441253665733    -68.441253665733         0.14885E-03
    -68.441187238767    -68.441187238767         0.14658E-03
    -68.444962869275    -68.444962869275         0.14950E-03
    -68.445631566670    -68.445631566670         0.81816E-04
    -68.445635852842    -68.445635852842         0.12736E-03
    -68.445134646683    -68.445134646683         0.77716E-04
    -68.441064560434    -68.441064560434         0.10136E-03
    -68.440948925278    -68.440948925278         0.13746E-03
    -68.445128193501    -68.445128193501         0.75415E-04
    -68.444502462660    -68.444502462660         0.93607E-04
    -68.445667222262    -68.445667222262         0.19835E-03
