ligand_id,target_id,replicate,docked_pdbqt,docked_sdf,energies
Testosterone,2am9,1,"['/home/screener/files/prost_canc/crest_vinardo/results/2am9/replicate 1/Testosterone/2am9_Testosterone_0_replicate1.pdbqt', '/home/screener/files/prost_canc/crest_vinardo/results/2am9/replicate 1/Testosterone/2am9_Testosterone_5_replicate1.pdbqt', '/home/screener/files/prost_canc/crest_vinardo/results/2am9/replicate 1/Testosterone/2am9_Testosterone_6_replicate1.pdbqt', '/home/screener/files/prost_canc/crest_vinardo/results/2am9/replicate 1/Testosterone/2am9_Testosterone_3_replicate1.pdbqt', '/home/screener/files/prost_canc/crest_vinardo/results/2am9/replicate 1/Testosterone/2am9_Testosterone_4_replicate1.pdbqt', '/home/screener/files/prost_canc/crest_vinardo/results/2am9/replicate 1/Testosterone/2am9_Testosterone_2_replicate1.pdbqt', '/home/screener/files/prost_canc/crest_vinardo/results/2am9/replicate 1/Testosterone/2am9_Testosterone_1_replicate1.pdbqt']","['/home/screener/files/prost_canc/crest_vinardo/results/2am9/replicate 1/Testosterone/2am9_Testosterone_0_replicate1.sdf', '/home/screener/files/prost_canc/crest_vinardo/results/2am9/replicate 1/Testosterone/2am9_Testosterone_5_replicate1.sdf', '/home/screener/files/prost_canc/crest_vinardo/results/2am9/replicate 1/Testosterone/2am9_Testosterone_6_replicate1.sdf', '/home/screener/files/prost_canc/crest_vinardo/results/2am9/replicate 1/Testosterone/2am9_Testosterone_3_replicate1.sdf', '/home/screener/files/prost_canc/crest_vinardo/results/2am9/replicate 1/Testosterone/2am9_Testosterone_4_replicate1.sdf', '/home/screener/files/prost_canc/crest_vinardo/results/2am9/replicate 1/Testosterone/2am9_Testosterone_2_replicate1.sdf', '/home/screener/files/prost_canc/crest_vinardo/results/2am9/replicate 1/Testosterone/2am9_Testosterone_1_replicate1.sdf']","[-10.606, -10.606, -10.606, -10.606, -10.606, -10.606, -10.606]"
DTHC,2am9,1,"['/home/screener/files/prost_canc/crest_vinardo/results/2am9/replicate 1/DTHC/2am9_DTHC_2_replicate1.pdbqt', '/home/screener/files/prost_canc/crest_vinardo/results/2am9/replicate 1/DTHC/2am9_DTHC_0_replicate1.pdbqt', '/home/screener/files/prost_canc/crest_vinardo/results/2am9/replicate 1/DTHC/2am9_DTHC_3_replicate1.pdbqt', '/home/screener/files/prost_canc/crest_vinardo/results/2am9/replicate 1/DTHC/2am9_DTHC_4_replicate1.pdbqt', '/home/screener/files/prost_canc/crest_vinardo/results/2am9/replicate 1/DTHC/2am9_DTHC_1_replicate1.pdbqt', '/home/screener/files/prost_canc/crest_vinardo/results/2am9/replicate 1/DTHC/2am9_DTHC_6_replicate1.pdbqt', '/home/screener/files/prost_canc/crest_vinardo/results/2am9/replicate 1/DTHC/2am9_DTHC_5_replicate1.pdbqt', '/home/screener/files/prost_canc/crest_vinardo/results/2am9/replicate 1/DTHC/2am9_DTHC_7_replicate1.pdbqt', '/home/screener/files/prost_canc/crest_vinardo/results/2am9/replicate 1/DTHC/2am9_DTHC_8_replicate1.pdbqt', '/home/screener/files/prost_canc/crest_vinardo/results/2am9/replicate 1/DTHC/2am9_DTHC_9_replicate1.pdbqt']","['/home/screener/files/prost_canc/crest_vinardo/results/2am9/replicate 1/DTHC/2am9_DTHC_2_replicate1.sdf', '/home/screener/files/prost_canc/crest_vinardo/results/2am9/replicate 1/DTHC/2am9_DTHC_0_replicate1.sdf', '/home/screener/files/prost_canc/crest_vinardo/results/2am9/replicate 1/DTHC/2am9_DTHC_3_replicate1.sdf', '/home/screener/files/prost_canc/crest_vinardo/results/2am9/replicate 1/DTHC/2am9_DTHC_4_replicate1.sdf', '/home/screener/files/prost_canc/crest_vinardo/results/2am9/replicate 1/DTHC/2am9_DTHC_1_replicate1.sdf', '/home/screener/files/prost_canc/crest_vinardo/results/2am9/replicate 1/DTHC/2am9_DTHC_6_replicate1.sdf', '/home/screener/files/prost_canc/crest_vinardo/results/2am9/replicate 1/DTHC/2am9_DTHC_5_replicate1.sdf', '/home/screener/files/prost_canc/crest_vinardo/results/2am9/replicate 1/DTHC/2am9_DTHC_7_replicate1.sdf', '/home/screener/files/prost_canc/crest_vinardo/results/2am9/replicate 1/DTHC/2am9_DTHC_8_replicate1.sdf', '/home/screener/files/prost_canc/crest_vinardo/results/2am9/replicate 1/DTHC/2am9_DTHC_9_replicate1.sdf']","[-6.31, -6.31, -6.31, -6.31, -6.31, -6.31, -6.31, -6.31, -6.31, -6.31]"
LTHC,2am9,1,"['/home/screener/files/prost_canc/crest_vinardo/results/2am9/replicate 1/LTHC/2am9_LTHC_1_replicate1.pdbqt', '/home/screener/files/prost_canc/crest_vinardo/results/2am9/replicate 1/LTHC/2am9_LTHC_2_replicate1.pdbqt', '/home/screener/files/prost_canc/crest_vinardo/results/2am9/replicate 1/LTHC/2am9_LTHC_0_replicate1.pdbqt', '/home/screener/files/prost_canc/crest_vinardo/results/2am9/replicate 1/LTHC/2am9_LTHC_3_replicate1.pdbqt', '/home/screener/files/prost_canc/crest_vinardo/results/2am9/replicate 1/LTHC/2am9_LTHC_5_replicate1.pdbqt', '/home/screener/files/prost_canc/crest_vinardo/results/2am9/replicate 1/LTHC/2am9_LTHC_4_replicate1.pdbqt', '/home/screener/files/prost_canc/crest_vinardo/results/2am9/replicate 1/LTHC/2am9_LTHC_7_replicate1.pdbqt', '/home/screener/files/prost_canc/crest_vinardo/results/2am9/replicate 1/LTHC/2am9_LTHC_6_replicate1.pdbqt', '/home/screener/files/prost_canc/crest_vinardo/results/2am9/replicate 1/LTHC/2am9_LTHC_9_replicate1.pdbqt', '/home/screener/files/prost_canc/crest_vinardo/results/2am9/replicate 1/LTHC/2am9_LTHC_8_replicate1.pdbqt']","['/home/screener/files/prost_canc/crest_vinardo/results/2am9/replicate 1/LTHC/2am9_LTHC_1_replicate1.sdf', '/home/screener/files/prost_canc/crest_vinardo/results/2am9/replicate 1/LTHC/2am9_LTHC_2_replicate1.sdf', '/home/screener/files/prost_canc/crest_vinardo/results/2am9/replicate 1/LTHC/2am9_LTHC_0_replicate1.sdf', '/home/screener/files/prost_canc/crest_vinardo/results/2am9/replicate 1/LTHC/2am9_LTHC_3_replicate1.sdf', '/home/screener/files/prost_canc/crest_vinardo/results/2am9/replicate 1/LTHC/2am9_LTHC_5_replicate1.sdf', '/home/screener/files/prost_canc/crest_vinardo/results/2am9/replicate 1/LTHC/2am9_LTHC_4_replicate1.sdf', '/home/screener/files/prost_canc/crest_vinardo/results/2am9/replicate 1/LTHC/2am9_LTHC_7_replicate1.sdf', '/home/screener/files/prost_canc/crest_vinardo/results/2am9/replicate 1/LTHC/2am9_LTHC_6_replicate1.sdf', '/home/screener/files/prost_canc/crest_vinardo/results/2am9/replicate 1/LTHC/2am9_LTHC_9_replicate1.sdf', '/home/screener/files/prost_canc/crest_vinardo/results/2am9/replicate 1/LTHC/2am9_LTHC_8_replicate1.sdf']","[-6.307, -6.307, -6.307, -6.307, -6.307, -6.307, -6.307, -6.307, -6.307, -6.307]"
R1881,2am9,1,"['/home/screener/files/prost_canc/crest_vinardo/results/2am9/replicate 1/R1881/2am9_R1881_0_replicate1.pdbqt', '/home/screener/files/prost_canc/crest_vinardo/results/2am9/replicate 1/R1881/2am9_R1881_1_replicate1.pdbqt', '/home/screener/files/prost_canc/crest_vinardo/results/2am9/replicate 1/R1881/2am9_R1881_3_replicate1.pdbqt', '/home/screener/files/prost_canc/crest_vinardo/results/2am9/replicate 1/R1881/2am9_R1881_2_replicate1.pdbqt', '/home/screener/files/prost_canc/crest_vinardo/results/2am9/replicate 1/R1881/2am9_R1881_4_replicate1.pdbqt', '/home/screener/files/prost_canc/crest_vinardo/results/2am9/replicate 1/R1881/2am9_R1881_5_replicate1.pdbqt', '/home/screener/files/prost_canc/crest_vinardo/results/2am9/replicate 1/R1881/2am9_R1881_7_replicate1.pdbqt', '/home/screener/files/prost_canc/crest_vinardo/results/2am9/replicate 1/R1881/2am9_R1881_6_replicate1.pdbqt', '/home/screener/files/prost_canc/crest_vinardo/results/2am9/replicate 1/R1881/2am9_R1881_8_replicate1.pdbqt']","['/home/screener/files/prost_canc/crest_vinardo/results/2am9/replicate 1/R1881/2am9_R1881_0_replicate1.sdf', '/home/screener/files/prost_canc/crest_vinardo/results/2am9/replicate 1/R1881/2am9_R1881_1_replicate1.sdf', '/home/screener/files/prost_canc/crest_vinardo/results/2am9/replicate 1/R1881/2am9_R1881_3_replicate1.sdf', '/home/screener/files/prost_canc/crest_vinardo/results/2am9/replicate 1/R1881/2am9_R1881_2_replicate1.sdf', '/home/screener/files/prost_canc/crest_vinardo/results/2am9/replicate 1/R1881/2am9_R1881_4_replicate1.sdf', '/home/screener/files/prost_canc/crest_vinardo/results/2am9/replicate 1/R1881/2am9_R1881_5_replicate1.sdf', '/home/screener/files/prost_canc/crest_vinardo/results/2am9/replicate 1/R1881/2am9_R1881_7_replicate1.sdf', '/home/screener/files/prost_canc/crest_vinardo/results/2am9/replicate 1/R1881/2am9_R1881_6_replicate1.sdf', '/home/screener/files/prost_canc/crest_vinardo/results/2am9/replicate 1/R1881/2am9_R1881_8_replicate1.sdf']","[-10.015, -10.015, -10.015, -10.015, -10.015, -10.015, -10.015, -10.015, -10.015]"
DHT,2am9,1,"['/home/screener/files/prost_canc/crest_vinardo/results/2am9/replicate 1/DHT/2am9_DHT_1_replicate1.pdbqt', '/home/screener/files/prost_canc/crest_vinardo/results/2am9/replicate 1/DHT/2am9_DHT_0_replicate1.pdbqt', '/home/screener/files/prost_canc/crest_vinardo/results/2am9/replicate 1/DHT/2am9_DHT_3_replicate1.pdbqt', '/home/screener/files/prost_canc/crest_vinardo/results/2am9/replicate 1/DHT/2am9_DHT_2_replicate1.pdbqt', '/home/screener/files/prost_canc/crest_vinardo/results/2am9/replicate 1/DHT/2am9_DHT_4_replicate1.pdbqt', '/home/screener/files/prost_canc/crest_vinardo/results/2am9/replicate 1/DHT/2am9_DHT_5_replicate1.pdbqt', '/home/screener/files/prost_canc/crest_vinardo/results/2am9/replicate 1/DHT/2am9_DHT_6_replicate1.pdbqt', '/home/screener/files/prost_canc/crest_vinardo/results/2am9/replicate 1/DHT/2am9_DHT_7_replicate1.pdbqt']","['/home/screener/files/prost_canc/crest_vinardo/results/2am9/replicate 1/DHT/2am9_DHT_1_replicate1.sdf', '/home/screener/files/prost_canc/crest_vinardo/results/2am9/replicate 1/DHT/2am9_DHT_0_replicate1.sdf', '/home/screener/files/prost_canc/crest_vinardo/results/2am9/replicate 1/DHT/2am9_DHT_3_replicate1.sdf', '/home/screener/files/prost_canc/crest_vinardo/results/2am9/replicate 1/DHT/2am9_DHT_2_replicate1.sdf', '/home/screener/files/prost_canc/crest_vinardo/results/2am9/replicate 1/DHT/2am9_DHT_4_replicate1.sdf', '/home/screener/files/prost_canc/crest_vinardo/results/2am9/replicate 1/DHT/2am9_DHT_5_replicate1.sdf', '/home/screener/files/prost_canc/crest_vinardo/results/2am9/replicate 1/DHT/2am9_DHT_6_replicate1.sdf', '/home/screener/files/prost_canc/crest_vinardo/results/2am9/replicate 1/DHT/2am9_DHT_7_replicate1.sdf']","[-10.948, -10.948, -10.948, -10.948, -10.948, -10.948, -10.948, -10.948]"
RBICALUTAMIDE,2am9,1,"['/home/screener/files/prost_canc/crest_vinardo/results/2am9/replicate 1/RBICALUTAMIDE/2am9_RBICALUTAMIDE_0_replicate1.pdbqt', '/home/screener/files/prost_canc/crest_vinardo/results/2am9/replicate 1/RBICALUTAMIDE/2am9_RBICALUTAMIDE_1_replicate1.pdbqt', '/home/screener/files/prost_canc/crest_vinardo/results/2am9/replicate 1/RBICALUTAMIDE/2am9_RBICALUTAMIDE_3_replicate1.pdbqt', '/home/screener/files/prost_canc/crest_vinardo/results/2am9/replicate 1/RBICALUTAMIDE/2am9_RBICALUTAMIDE_2_replicate1.pdbqt', '/home/screener/files/prost_canc/crest_vinardo/results/2am9/replicate 1/RBICALUTAMIDE/2am9_RBICALUTAMIDE_4_replicate1.pdbqt', '/home/screener/files/prost_canc/crest_vinardo/results/2am9/replicate 1/RBICALUTAMIDE/2am9_RBICALUTAMIDE_5_replicate1.pdbqt', '/home/screener/files/prost_canc/crest_vinardo/results/2am9/replicate 1/RBICALUTAMIDE/2am9_RBICALUTAMIDE_6_replicate1.pdbqt', '/home/screener/files/prost_canc/crest_vinardo/results/2am9/replicate 1/RBICALUTAMIDE/2am9_RBICALUTAMIDE_9_replicate1.pdbqt', '/home/screener/files/prost_canc/crest_vinardo/results/2am9/replicate 1/RBICALUTAMIDE/2am9_RBICALUTAMIDE_8_replicate1.pdbqt', '/home/screener/files/prost_canc/crest_vinardo/results/2am9/replicate 1/RBICALUTAMIDE/2am9_RBICALUTAMIDE_7_replicate1.pdbqt']","['/home/screener/files/prost_canc/crest_vinardo/results/2am9/replicate 1/RBICALUTAMIDE/2am9_RBICALUTAMIDE_0_replicate1.sdf', '/home/screener/files/prost_canc/crest_vinardo/results/2am9/replicate 1/RBICALUTAMIDE/2am9_RBICALUTAMIDE_1_replicate1.sdf', '/home/screener/files/prost_canc/crest_vinardo/results/2am9/replicate 1/RBICALUTAMIDE/2am9_RBICALUTAMIDE_3_replicate1.sdf', '/home/screener/files/prost_canc/crest_vinardo/results/2am9/replicate 1/RBICALUTAMIDE/2am9_RBICALUTAMIDE_2_replicate1.sdf', '/home/screener/files/prost_canc/crest_vinardo/results/2am9/replicate 1/RBICALUTAMIDE/2am9_RBICALUTAMIDE_4_replicate1.sdf', '/home/screener/files/prost_canc/crest_vinardo/results/2am9/replicate 1/RBICALUTAMIDE/2am9_RBICALUTAMIDE_5_replicate1.sdf', '/home/screener/files/prost_canc/crest_vinardo/results/2am9/replicate 1/RBICALUTAMIDE/2am9_RBICALUTAMIDE_6_replicate1.sdf', '/home/screener/files/prost_canc/crest_vinardo/results/2am9/replicate 1/RBICALUTAMIDE/2am9_RBICALUTAMIDE_9_replicate1.sdf', '/home/screener/files/prost_canc/crest_vinardo/results/2am9/replicate 1/RBICALUTAMIDE/2am9_RBICALUTAMIDE_8_replicate1.sdf', '/home/screener/files/prost_canc/crest_vinardo/results/2am9/replicate 1/RBICALUTAMIDE/2am9_RBICALUTAMIDE_7_replicate1.sdf']","[-6.254, -6.254, -6.254, -6.254, -6.254, -6.254, -6.254, -6.254, -6.254, -6.254]"
CBN,2am9,1,"['/home/screener/files/prost_canc/crest_vinardo/results/2am9/replicate 1/CBN/2am9_CBN_0_replicate1.pdbqt', '/home/screener/files/prost_canc/crest_vinardo/results/2am9/replicate 1/CBN/2am9_CBN_1_replicate1.pdbqt', '/home/screener/files/prost_canc/crest_vinardo/results/2am9/replicate 1/CBN/2am9_CBN_2_replicate1.pdbqt', '/home/screener/files/prost_canc/crest_vinardo/results/2am9/replicate 1/CBN/2am9_CBN_3_replicate1.pdbqt', '/home/screener/files/prost_canc/crest_vinardo/results/2am9/replicate 1/CBN/2am9_CBN_4_replicate1.pdbqt', '/home/screener/files/prost_canc/crest_vinardo/results/2am9/replicate 1/CBN/2am9_CBN_5_replicate1.pdbqt', '/home/screener/files/prost_canc/crest_vinardo/results/2am9/replicate 1/CBN/2am9_CBN_6_replicate1.pdbqt', '/home/screener/files/prost_canc/crest_vinardo/results/2am9/replicate 1/CBN/2am9_CBN_7_replicate1.pdbqt', '/home/screener/files/prost_canc/crest_vinardo/results/2am9/replicate 1/CBN/2am9_CBN_8_replicate1.pdbqt', '/home/screener/files/prost_canc/crest_vinardo/results/2am9/replicate 1/CBN/2am9_CBN_9_replicate1.pdbqt']","['/home/screener/files/prost_canc/crest_vinardo/results/2am9/replicate 1/CBN/2am9_CBN_0_replicate1.sdf', '/home/screener/files/prost_canc/crest_vinardo/results/2am9/replicate 1/CBN/2am9_CBN_1_replicate1.sdf', '/home/screener/files/prost_canc/crest_vinardo/results/2am9/replicate 1/CBN/2am9_CBN_2_replicate1.sdf', '/home/screener/files/prost_canc/crest_vinardo/results/2am9/replicate 1/CBN/2am9_CBN_3_replicate1.sdf', '/home/screener/files/prost_canc/crest_vinardo/results/2am9/replicate 1/CBN/2am9_CBN_4_replicate1.sdf', '/home/screener/files/prost_canc/crest_vinardo/results/2am9/replicate 1/CBN/2am9_CBN_5_replicate1.sdf', '/home/screener/files/prost_canc/crest_vinardo/results/2am9/replicate 1/CBN/2am9_CBN_6_replicate1.sdf', '/home/screener/files/prost_canc/crest_vinardo/results/2am9/replicate 1/CBN/2am9_CBN_7_replicate1.sdf', '/home/screener/files/prost_canc/crest_vinardo/results/2am9/replicate 1/CBN/2am9_CBN_8_replicate1.sdf', '/home/screener/files/prost_canc/crest_vinardo/results/2am9/replicate 1/CBN/2am9_CBN_9_replicate1.sdf']","[-7.168, -7.168, -7.168, -7.168, -7.168, -7.168, -7.168, -7.168, -7.168, -7.168]"
CBD,2am9,1,"['/home/screener/files/prost_canc/crest_vinardo/results/2am9/replicate 1/CBD/2am9_CBD_0_replicate1.pdbqt', '/home/screener/files/prost_canc/crest_vinardo/results/2am9/replicate 1/CBD/2am9_CBD_1_replicate1.pdbqt', '/home/screener/files/prost_canc/crest_vinardo/results/2am9/replicate 1/CBD/2am9_CBD_2_replicate1.pdbqt', '/home/screener/files/prost_canc/crest_vinardo/results/2am9/replicate 1/CBD/2am9_CBD_3_replicate1.pdbqt', '/home/screener/files/prost_canc/crest_vinardo/results/2am9/replicate 1/CBD/2am9_CBD_4_replicate1.pdbqt', '/home/screener/files/prost_canc/crest_vinardo/results/2am9/replicate 1/CBD/2am9_CBD_5_replicate1.pdbqt', '/home/screener/files/prost_canc/crest_vinardo/results/2am9/replicate 1/CBD/2am9_CBD_6_replicate1.pdbqt', '/home/screener/files/prost_canc/crest_vinardo/results/2am9/replicate 1/CBD/2am9_CBD_7_replicate1.pdbqt', '/home/screener/files/prost_canc/crest_vinardo/results/2am9/replicate 1/CBD/2am9_CBD_8_replicate1.pdbqt', '/home/screener/files/prost_canc/crest_vinardo/results/2am9/replicate 1/CBD/2am9_CBD_9_replicate1.pdbqt']","['/home/screener/files/prost_canc/crest_vinardo/results/2am9/replicate 1/CBD/2am9_CBD_0_replicate1.sdf', '/home/screener/files/prost_canc/crest_vinardo/results/2am9/replicate 1/CBD/2am9_CBD_1_replicate1.sdf', '/home/screener/files/prost_canc/crest_vinardo/results/2am9/replicate 1/CBD/2am9_CBD_2_replicate1.sdf', '/home/screener/files/prost_canc/crest_vinardo/results/2am9/replicate 1/CBD/2am9_CBD_3_replicate1.sdf', '/home/screener/files/prost_canc/crest_vinardo/results/2am9/replicate 1/CBD/2am9_CBD_4_replicate1.sdf', '/home/screener/files/prost_canc/crest_vinardo/results/2am9/replicate 1/CBD/2am9_CBD_5_replicate1.sdf', '/home/screener/files/prost_canc/crest_vinardo/results/2am9/replicate 1/CBD/2am9_CBD_6_replicate1.sdf', '/home/screener/files/prost_canc/crest_vinardo/results/2am9/replicate 1/CBD/2am9_CBD_7_replicate1.sdf', '/home/screener/files/prost_canc/crest_vinardo/results/2am9/replicate 1/CBD/2am9_CBD_8_replicate1.sdf', '/home/screener/files/prost_canc/crest_vinardo/results/2am9/replicate 1/CBD/2am9_CBD_9_replicate1.sdf']","[-6.669, -6.669, -6.669, -6.669, -6.669, -6.669, -6.669, -6.669, -6.669, -6.669]"
MDMBCHMINACA,2am9,1,"['/home/screener/files/prost_canc/crest_vinardo/results/2am9/replicate 1/MDMBCHMINACA/2am9_MDMBCHMINACA_0_replicate1.pdbqt', '/home/screener/files/prost_canc/crest_vinardo/results/2am9/replicate 1/MDMBCHMINACA/2am9_MDMBCHMINACA_1_replicate1.pdbqt', '/home/screener/files/prost_canc/crest_vinardo/results/2am9/replicate 1/MDMBCHMINACA/2am9_MDMBCHMINACA_2_replicate1.pdbqt', '/home/screener/files/prost_canc/crest_vinardo/results/2am9/replicate 1/MDMBCHMINACA/2am9_MDMBCHMINACA_3_replicate1.pdbqt', '/home/screener/files/prost_canc/crest_vinardo/results/2am9/replicate 1/MDMBCHMINACA/2am9_MDMBCHMINACA_4_replicate1.pdbqt', '/home/screener/files/prost_canc/crest_vinardo/results/2am9/replicate 1/MDMBCHMINACA/2am9_MDMBCHMINACA_5_replicate1.pdbqt', '/home/screener/files/prost_canc/crest_vinardo/results/2am9/replicate 1/MDMBCHMINACA/2am9_MDMBCHMINACA_6_replicate1.pdbqt', '/home/screener/files/prost_canc/crest_vinardo/results/2am9/replicate 1/MDMBCHMINACA/2am9_MDMBCHMINACA_7_replicate1.pdbqt', '/home/screener/files/prost_canc/crest_vinardo/results/2am9/replicate 1/MDMBCHMINACA/2am9_MDMBCHMINACA_8_replicate1.pdbqt', '/home/screener/files/prost_canc/crest_vinardo/results/2am9/replicate 1/MDMBCHMINACA/2am9_MDMBCHMINACA_9_replicate1.pdbqt']","['/home/screener/files/prost_canc/crest_vinardo/results/2am9/replicate 1/MDMBCHMINACA/2am9_MDMBCHMINACA_0_replicate1.sdf', '/home/screener/files/prost_canc/crest_vinardo/results/2am9/replicate 1/MDMBCHMINACA/2am9_MDMBCHMINACA_1_replicate1.sdf', '/home/screener/files/prost_canc/crest_vinardo/results/2am9/replicate 1/MDMBCHMINACA/2am9_MDMBCHMINACA_2_replicate1.sdf', '/home/screener/files/prost_canc/crest_vinardo/results/2am9/replicate 1/MDMBCHMINACA/2am9_MDMBCHMINACA_3_replicate1.sdf', '/home/screener/files/prost_canc/crest_vinardo/results/2am9/replicate 1/MDMBCHMINACA/2am9_MDMBCHMINACA_4_replicate1.sdf', '/home/screener/files/prost_canc/crest_vinardo/results/2am9/replicate 1/MDMBCHMINACA/2am9_MDMBCHMINACA_5_replicate1.sdf', '/home/screener/files/prost_canc/crest_vinardo/results/2am9/replicate 1/MDMBCHMINACA/2am9_MDMBCHMINACA_6_replicate1.sdf', '/home/screener/files/prost_canc/crest_vinardo/results/2am9/replicate 1/MDMBCHMINACA/2am9_MDMBCHMINACA_7_replicate1.sdf', '/home/screener/files/prost_canc/crest_vinardo/results/2am9/replicate 1/MDMBCHMINACA/2am9_MDMBCHMINACA_8_replicate1.sdf', '/home/screener/files/prost_canc/crest_vinardo/results/2am9/replicate 1/MDMBCHMINACA/2am9_MDMBCHMINACA_9_replicate1.sdf']","[-4.631, -4.631, -4.631, -4.631, -4.631, -4.631, -4.631, -4.631, -4.631, -4.631]"
5FAKB48,2am9,1,"['/home/screener/files/prost_canc/crest_vinardo/results/2am9/replicate 1/5FAKB48/2am9_5FAKB48_0_replicate1.pdbqt', '/home/screener/files/prost_canc/crest_vinardo/results/2am9/replicate 1/5FAKB48/2am9_5FAKB48_1_replicate1.pdbqt', '/home/screener/files/prost_canc/crest_vinardo/results/2am9/replicate 1/5FAKB48/2am9_5FAKB48_2_replicate1.pdbqt', '/home/screener/files/prost_canc/crest_vinardo/results/2am9/replicate 1/5FAKB48/2am9_5FAKB48_3_replicate1.pdbqt', '/home/screener/files/prost_canc/crest_vinardo/results/2am9/replicate 1/5FAKB48/2am9_5FAKB48_4_replicate1.pdbqt', '/home/screener/files/prost_canc/crest_vinardo/results/2am9/replicate 1/5FAKB48/2am9_5FAKB48_5_replicate1.pdbqt', '/home/screener/files/prost_canc/crest_vinardo/results/2am9/replicate 1/5FAKB48/2am9_5FAKB48_6_replicate1.pdbqt', '/home/screener/files/prost_canc/crest_vinardo/results/2am9/replicate 1/5FAKB48/2am9_5FAKB48_7_replicate1.pdbqt', '/home/screener/files/prost_canc/crest_vinardo/results/2am9/replicate 1/5FAKB48/2am9_5FAKB48_8_replicate1.pdbqt', '/home/screener/files/prost_canc/crest_vinardo/results/2am9/replicate 1/5FAKB48/2am9_5FAKB48_9_replicate1.pdbqt']","['/home/screener/files/prost_canc/crest_vinardo/results/2am9/replicate 1/5FAKB48/2am9_5FAKB48_0_replicate1.sdf', '/home/screener/files/prost_canc/crest_vinardo/results/2am9/replicate 1/5FAKB48/2am9_5FAKB48_1_replicate1.sdf', '/home/screener/files/prost_canc/crest_vinardo/results/2am9/replicate 1/5FAKB48/2am9_5FAKB48_2_replicate1.sdf', '/home/screener/files/prost_canc/crest_vinardo/results/2am9/replicate 1/5FAKB48/2am9_5FAKB48_3_replicate1.sdf', '/home/screener/files/prost_canc/crest_vinardo/results/2am9/replicate 1/5FAKB48/2am9_5FAKB48_4_replicate1.sdf', '/home/screener/files/prost_canc/crest_vinardo/results/2am9/replicate 1/5FAKB48/2am9_5FAKB48_5_replicate1.sdf', '/home/screener/files/prost_canc/crest_vinardo/results/2am9/replicate 1/5FAKB48/2am9_5FAKB48_6_replicate1.sdf', '/home/screener/files/prost_canc/crest_vinardo/results/2am9/replicate 1/5FAKB48/2am9_5FAKB48_7_replicate1.sdf', '/home/screener/files/prost_canc/crest_vinardo/results/2am9/replicate 1/5FAKB48/2am9_5FAKB48_8_replicate1.sdf', '/home/screener/files/prost_canc/crest_vinardo/results/2am9/replicate 1/5FAKB48/2am9_5FAKB48_9_replicate1.sdf']","[-7.128, -7.128, -7.128, -7.128, -7.128, -7.128, -7.128, -7.128, -7.128, -7.128]"
HU210,2am9,1,"['/home/screener/files/prost_canc/crest_vinardo/results/2am9/replicate 1/HU210/2am9_HU210_0_replicate1.pdbqt', '/home/screener/files/prost_canc/crest_vinardo/results/2am9/replicate 1/HU210/2am9_HU210_1_replicate1.pdbqt', '/home/screener/files/prost_canc/crest_vinardo/results/2am9/replicate 1/HU210/2am9_HU210_2_replicate1.pdbqt', '/home/screener/files/prost_canc/crest_vinardo/results/2am9/replicate 1/HU210/2am9_HU210_3_replicate1.pdbqt', '/home/screener/files/prost_canc/crest_vinardo/results/2am9/replicate 1/HU210/2am9_HU210_4_replicate1.pdbqt', '/home/screener/files/prost_canc/crest_vinardo/results/2am9/replicate 1/HU210/2am9_HU210_5_replicate1.pdbqt', '/home/screener/files/prost_canc/crest_vinardo/results/2am9/replicate 1/HU210/2am9_HU210_6_replicate1.pdbqt', '/home/screener/files/prost_canc/crest_vinardo/results/2am9/replicate 1/HU210/2am9_HU210_7_replicate1.pdbqt', '/home/screener/files/prost_canc/crest_vinardo/results/2am9/replicate 1/HU210/2am9_HU210_8_replicate1.pdbqt', '/home/screener/files/prost_canc/crest_vinardo/results/2am9/replicate 1/HU210/2am9_HU210_9_replicate1.pdbqt']","['/home/screener/files/prost_canc/crest_vinardo/results/2am9/replicate 1/HU210/2am9_HU210_0_replicate1.sdf', '/home/screener/files/prost_canc/crest_vinardo/results/2am9/replicate 1/HU210/2am9_HU210_1_replicate1.sdf', '/home/screener/files/prost_canc/crest_vinardo/results/2am9/replicate 1/HU210/2am9_HU210_2_replicate1.sdf', '/home/screener/files/prost_canc/crest_vinardo/results/2am9/replicate 1/HU210/2am9_HU210_3_replicate1.sdf', '/home/screener/files/prost_canc/crest_vinardo/results/2am9/replicate 1/HU210/2am9_HU210_4_replicate1.sdf', '/home/screener/files/prost_canc/crest_vinardo/results/2am9/replicate 1/HU210/2am9_HU210_5_replicate1.sdf', '/home/screener/files/prost_canc/crest_vinardo/results/2am9/replicate 1/HU210/2am9_HU210_6_replicate1.sdf', '/home/screener/files/prost_canc/crest_vinardo/results/2am9/replicate 1/HU210/2am9_HU210_7_replicate1.sdf', '/home/screener/files/prost_canc/crest_vinardo/results/2am9/replicate 1/HU210/2am9_HU210_8_replicate1.sdf', '/home/screener/files/prost_canc/crest_vinardo/results/2am9/replicate 1/HU210/2am9_HU210_9_replicate1.sdf']","[-4.42, -4.42, -4.42, -4.42, -4.42, -4.42, -4.42, -4.42, -4.42, -4.42]"
Testosterone,2am9,2,"['/home/screener/files/prost_canc/crest_vinardo/results/2am9/replicate 2/Testosterone/2am9_Testosterone_6_replicate2.pdbqt', '/home/screener/files/prost_canc/crest_vinardo/results/2am9/replicate 2/Testosterone/2am9_Testosterone_1_replicate2.pdbqt', '/home/screener/files/prost_canc/crest_vinardo/results/2am9/replicate 2/Testosterone/2am9_Testosterone_4_replicate2.pdbqt', '/home/screener/files/prost_canc/crest_vinardo/results/2am9/replicate 2/Testosterone/2am9_Testosterone_0_replicate2.pdbqt', '/home/screener/files/prost_canc/crest_vinardo/results/2am9/replicate 2/Testosterone/2am9_Testosterone_3_replicate2.pdbqt', '/home/screener/files/prost_canc/crest_vinardo/results/2am9/replicate 2/Testosterone/2am9_Testosterone_2_replicate2.pdbqt', '/home/screener/files/prost_canc/crest_vinardo/results/2am9/replicate 2/Testosterone/2am9_Testosterone_5_replicate2.pdbqt']","['/home/screener/files/prost_canc/crest_vinardo/results/2am9/replicate 2/Testosterone/2am9_Testosterone_6_replicate2.sdf', '/home/screener/files/prost_canc/crest_vinardo/results/2am9/replicate 2/Testosterone/2am9_Testosterone_1_replicate2.sdf', '/home/screener/files/prost_canc/crest_vinardo/results/2am9/replicate 2/Testosterone/2am9_Testosterone_4_replicate2.sdf', '/home/screener/files/prost_canc/crest_vinardo/results/2am9/replicate 2/Testosterone/2am9_Testosterone_0_replicate2.sdf', '/home/screener/files/prost_canc/crest_vinardo/results/2am9/replicate 2/Testosterone/2am9_Testosterone_3_replicate2.sdf', '/home/screener/files/prost_canc/crest_vinardo/results/2am9/replicate 2/Testosterone/2am9_Testosterone_2_replicate2.sdf', '/home/screener/files/prost_canc/crest_vinardo/results/2am9/replicate 2/Testosterone/2am9_Testosterone_5_replicate2.sdf']","[-10.606, -10.606, -10.606, -10.606, -10.606, -10.606, -10.606]"
DTHC,2am9,2,"['/home/screener/files/prost_canc/crest_vinardo/results/2am9/replicate 2/DTHC/2am9_DTHC_0_replicate2.pdbqt', '/home/screener/files/prost_canc/crest_vinardo/results/2am9/replicate 2/DTHC/2am9_DTHC_4_replicate2.pdbqt', '/home/screener/files/prost_canc/crest_vinardo/results/2am9/replicate 2/DTHC/2am9_DTHC_3_replicate2.pdbqt', '/home/screener/files/prost_canc/crest_vinardo/results/2am9/replicate 2/DTHC/2am9_DTHC_6_replicate2.pdbqt', '/home/screener/files/prost_canc/crest_vinardo/results/2am9/replicate 2/DTHC/2am9_DTHC_5_replicate2.pdbqt', '/home/screener/files/prost_canc/crest_vinardo/results/2am9/replicate 2/DTHC/2am9_DTHC_1_replicate2.pdbqt', '/home/screener/files/prost_canc/crest_vinardo/results/2am9/replicate 2/DTHC/2am9_DTHC_2_replicate2.pdbqt', '/home/screener/files/prost_canc/crest_vinardo/results/2am9/replicate 2/DTHC/2am9_DTHC_8_replicate2.pdbqt', '/home/screener/files/prost_canc/crest_vinardo/results/2am9/replicate 2/DTHC/2am9_DTHC_7_replicate2.pdbqt', '/home/screener/files/prost_canc/crest_vinardo/results/2am9/replicate 2/DTHC/2am9_DTHC_9_replicate2.pdbqt']","['/home/screener/files/prost_canc/crest_vinardo/results/2am9/replicate 2/DTHC/2am9_DTHC_0_replicate2.sdf', '/home/screener/files/prost_canc/crest_vinardo/results/2am9/replicate 2/DTHC/2am9_DTHC_4_replicate2.sdf', '/home/screener/files/prost_canc/crest_vinardo/results/2am9/replicate 2/DTHC/2am9_DTHC_3_replicate2.sdf', '/home/screener/files/prost_canc/crest_vinardo/results/2am9/replicate 2/DTHC/2am9_DTHC_6_replicate2.sdf', '/home/screener/files/prost_canc/crest_vinardo/results/2am9/replicate 2/DTHC/2am9_DTHC_5_replicate2.sdf', '/home/screener/files/prost_canc/crest_vinardo/results/2am9/replicate 2/DTHC/2am9_DTHC_1_replicate2.sdf', '/home/screener/files/prost_canc/crest_vinardo/results/2am9/replicate 2/DTHC/2am9_DTHC_2_replicate2.sdf', '/home/screener/files/prost_canc/crest_vinardo/results/2am9/replicate 2/DTHC/2am9_DTHC_8_replicate2.sdf', '/home/screener/files/prost_canc/crest_vinardo/results/2am9/replicate 2/DTHC/2am9_DTHC_7_replicate2.sdf', '/home/screener/files/prost_canc/crest_vinardo/results/2am9/replicate 2/DTHC/2am9_DTHC_9_replicate2.sdf']","[-6.31, -6.31, -6.31, -6.31, -6.31, -6.31, -6.31, -6.31, -6.31, -6.31]"
LTHC,2am9,2,"['/home/screener/files/prost_canc/crest_vinardo/results/2am9/replicate 2/LTHC/2am9_LTHC_0_replicate2.pdbqt', '/home/screener/files/prost_canc/crest_vinardo/results/2am9/replicate 2/LTHC/2am9_LTHC_1_replicate2.pdbqt', '/home/screener/files/prost_canc/crest_vinardo/results/2am9/replicate 2/LTHC/2am9_LTHC_2_replicate2.pdbqt', '/home/screener/files/prost_canc/crest_vinardo/results/2am9/replicate 2/LTHC/2am9_LTHC_3_replicate2.pdbqt', '/home/screener/files/prost_canc/crest_vinardo/results/2am9/replicate 2/LTHC/2am9_LTHC_5_replicate2.pdbqt', '/home/screener/files/prost_canc/crest_vinardo/results/2am9/replicate 2/LTHC/2am9_LTHC_6_replicate2.pdbqt', '/home/screener/files/prost_canc/crest_vinardo/results/2am9/replicate 2/LTHC/2am9_LTHC_4_replicate2.pdbqt', '/home/screener/files/prost_canc/crest_vinardo/results/2am9/replicate 2/LTHC/2am9_LTHC_8_replicate2.pdbqt', '/home/screener/files/prost_canc/crest_vinardo/results/2am9/replicate 2/LTHC/2am9_LTHC_7_replicate2.pdbqt', '/home/screener/files/prost_canc/crest_vinardo/results/2am9/replicate 2/LTHC/2am9_LTHC_9_replicate2.pdbqt']","['/home/screener/files/prost_canc/crest_vinardo/results/2am9/replicate 2/LTHC/2am9_LTHC_0_replicate2.sdf', '/home/screener/files/prost_canc/crest_vinardo/results/2am9/replicate 2/LTHC/2am9_LTHC_1_replicate2.sdf', '/home/screener/files/prost_canc/crest_vinardo/results/2am9/replicate 2/LTHC/2am9_LTHC_2_replicate2.sdf', '/home/screener/files/prost_canc/crest_vinardo/results/2am9/replicate 2/LTHC/2am9_LTHC_3_replicate2.sdf', '/home/screener/files/prost_canc/crest_vinardo/results/2am9/replicate 2/LTHC/2am9_LTHC_5_replicate2.sdf', '/home/screener/files/prost_canc/crest_vinardo/results/2am9/replicate 2/LTHC/2am9_LTHC_6_replicate2.sdf', '/home/screener/files/prost_canc/crest_vinardo/results/2am9/replicate 2/LTHC/2am9_LTHC_4_replicate2.sdf', '/home/screener/files/prost_canc/crest_vinardo/results/2am9/replicate 2/LTHC/2am9_LTHC_8_replicate2.sdf', '/home/screener/files/prost_canc/crest_vinardo/results/2am9/replicate 2/LTHC/2am9_LTHC_7_replicate2.sdf', '/home/screener/files/prost_canc/crest_vinardo/results/2am9/replicate 2/LTHC/2am9_LTHC_9_replicate2.sdf']","[-6.307, -6.307, -6.307, -6.307, -6.307, -6.307, -6.307, -6.307, -6.307, -6.307]"
R1881,2am9,2,"['/home/screener/files/prost_canc/crest_vinardo/results/2am9/replicate 2/R1881/2am9_R1881_0_replicate2.pdbqt', '/home/screener/files/prost_canc/crest_vinardo/results/2am9/replicate 2/R1881/2am9_R1881_1_replicate2.pdbqt', '/home/screener/files/prost_canc/crest_vinardo/results/2am9/replicate 2/R1881/2am9_R1881_2_replicate2.pdbqt', '/home/screener/files/prost_canc/crest_vinardo/results/2am9/replicate 2/R1881/2am9_R1881_4_replicate2.pdbqt', '/home/screener/files/prost_canc/crest_vinardo/results/2am9/replicate 2/R1881/2am9_R1881_3_replicate2.pdbqt', '/home/screener/files/prost_canc/crest_vinardo/results/2am9/replicate 2/R1881/2am9_R1881_6_replicate2.pdbqt', '/home/screener/files/prost_canc/crest_vinardo/results/2am9/replicate 2/R1881/2am9_R1881_5_replicate2.pdbqt', '/home/screener/files/prost_canc/crest_vinardo/results/2am9/replicate 2/R1881/2am9_R1881_8_replicate2.pdbqt', '/home/screener/files/prost_canc/crest_vinardo/results/2am9/replicate 2/R1881/2am9_R1881_7_replicate2.pdbqt']","['/home/screener/files/prost_canc/crest_vinardo/results/2am9/replicate 2/R1881/2am9_R1881_0_replicate2.sdf', '/home/screener/files/prost_canc/crest_vinardo/results/2am9/replicate 2/R1881/2am9_R1881_1_replicate2.sdf', '/home/screener/files/prost_canc/crest_vinardo/results/2am9/replicate 2/R1881/2am9_R1881_2_replicate2.sdf', '/home/screener/files/prost_canc/crest_vinardo/results/2am9/replicate 2/R1881/2am9_R1881_4_replicate2.sdf', '/home/screener/files/prost_canc/crest_vinardo/results/2am9/replicate 2/R1881/2am9_R1881_3_replicate2.sdf', '/home/screener/files/prost_canc/crest_vinardo/results/2am9/replicate 2/R1881/2am9_R1881_6_replicate2.sdf', '/home/screener/files/prost_canc/crest_vinardo/results/2am9/replicate 2/R1881/2am9_R1881_5_replicate2.sdf', '/home/screener/files/prost_canc/crest_vinardo/results/2am9/replicate 2/R1881/2am9_R1881_8_replicate2.sdf', '/home/screener/files/prost_canc/crest_vinardo/results/2am9/replicate 2/R1881/2am9_R1881_7_replicate2.sdf']","[-10.015, -10.015, -10.015, -10.015, -10.015, -10.015, -10.015, -10.015, -10.015]"
DHT,2am9,2,"['/home/screener/files/prost_canc/crest_vinardo/results/2am9/replicate 2/DHT/2am9_DHT_0_replicate2.pdbqt', '/home/screener/files/prost_canc/crest_vinardo/results/2am9/replicate 2/DHT/2am9_DHT_2_replicate2.pdbqt', '/home/screener/files/prost_canc/crest_vinardo/results/2am9/replicate 2/DHT/2am9_DHT_1_replicate2.pdbqt', '/home/screener/files/prost_canc/crest_vinardo/results/2am9/replicate 2/DHT/2am9_DHT_3_replicate2.pdbqt', '/home/screener/files/prost_canc/crest_vinardo/results/2am9/replicate 2/DHT/2am9_DHT_4_replicate2.pdbqt', '/home/screener/files/prost_canc/crest_vinardo/results/2am9/replicate 2/DHT/2am9_DHT_6_replicate2.pdbqt', '/home/screener/files/prost_canc/crest_vinardo/results/2am9/replicate 2/DHT/2am9_DHT_5_replicate2.pdbqt', '/home/screener/files/prost_canc/crest_vinardo/results/2am9/replicate 2/DHT/2am9_DHT_7_replicate2.pdbqt']","['/home/screener/files/prost_canc/crest_vinardo/results/2am9/replicate 2/DHT/2am9_DHT_0_replicate2.sdf', '/home/screener/files/prost_canc/crest_vinardo/results/2am9/replicate 2/DHT/2am9_DHT_2_replicate2.sdf', '/home/screener/files/prost_canc/crest_vinardo/results/2am9/replicate 2/DHT/2am9_DHT_1_replicate2.sdf', '/home/screener/files/prost_canc/crest_vinardo/results/2am9/replicate 2/DHT/2am9_DHT_3_replicate2.sdf', '/home/screener/files/prost_canc/crest_vinardo/results/2am9/replicate 2/DHT/2am9_DHT_4_replicate2.sdf', '/home/screener/files/prost_canc/crest_vinardo/results/2am9/replicate 2/DHT/2am9_DHT_6_replicate2.sdf', '/home/screener/files/prost_canc/crest_vinardo/results/2am9/replicate 2/DHT/2am9_DHT_5_replicate2.sdf', '/home/screener/files/prost_canc/crest_vinardo/results/2am9/replicate 2/DHT/2am9_DHT_7_replicate2.sdf']","[-10.948, -10.948, -10.948, -10.948, -10.948, -10.948, -10.948, -10.948]"
RBICALUTAMIDE,2am9,2,"['/home/screener/files/prost_canc/crest_vinardo/results/2am9/replicate 2/RBICALUTAMIDE/2am9_RBICALUTAMIDE_0_replicate2.pdbqt', '/home/screener/files/prost_canc/crest_vinardo/results/2am9/replicate 2/RBICALUTAMIDE/2am9_RBICALUTAMIDE_1_replicate2.pdbqt', '/home/screener/files/prost_canc/crest_vinardo/results/2am9/replicate 2/RBICALUTAMIDE/2am9_RBICALUTAMIDE_2_replicate2.pdbqt', '/home/screener/files/prost_canc/crest_vinardo/results/2am9/replicate 2/RBICALUTAMIDE/2am9_RBICALUTAMIDE_3_replicate2.pdbqt', '/home/screener/files/prost_canc/crest_vinardo/results/2am9/replicate 2/RBICALUTAMIDE/2am9_RBICALUTAMIDE_5_replicate2.pdbqt', '/home/screener/files/prost_canc/crest_vinardo/results/2am9/replicate 2/RBICALUTAMIDE/2am9_RBICALUTAMIDE_4_replicate2.pdbqt', '/home/screener/files/prost_canc/crest_vinardo/results/2am9/replicate 2/RBICALUTAMIDE/2am9_RBICALUTAMIDE_6_replicate2.pdbqt', '/home/screener/files/prost_canc/crest_vinardo/results/2am9/replicate 2/RBICALUTAMIDE/2am9_RBICALUTAMIDE_8_replicate2.pdbqt', '/home/screener/files/prost_canc/crest_vinardo/results/2am9/replicate 2/RBICALUTAMIDE/2am9_RBICALUTAMIDE_7_replicate2.pdbqt', '/home/screener/files/prost_canc/crest_vinardo/results/2am9/replicate 2/RBICALUTAMIDE/2am9_RBICALUTAMIDE_9_replicate2.pdbqt']","['/home/screener/files/prost_canc/crest_vinardo/results/2am9/replicate 2/RBICALUTAMIDE/2am9_RBICALUTAMIDE_0_replicate2.sdf', '/home/screener/files/prost_canc/crest_vinardo/results/2am9/replicate 2/RBICALUTAMIDE/2am9_RBICALUTAMIDE_1_replicate2.sdf', '/home/screener/files/prost_canc/crest_vinardo/results/2am9/replicate 2/RBICALUTAMIDE/2am9_RBICALUTAMIDE_2_replicate2.sdf', '/home/screener/files/prost_canc/crest_vinardo/results/2am9/replicate 2/RBICALUTAMIDE/2am9_RBICALUTAMIDE_3_replicate2.sdf', '/home/screener/files/prost_canc/crest_vinardo/results/2am9/replicate 2/RBICALUTAMIDE/2am9_RBICALUTAMIDE_5_replicate2.sdf', '/home/screener/files/prost_canc/crest_vinardo/results/2am9/replicate 2/RBICALUTAMIDE/2am9_RBICALUTAMIDE_4_replicate2.sdf', '/home/screener/files/prost_canc/crest_vinardo/results/2am9/replicate 2/RBICALUTAMIDE/2am9_RBICALUTAMIDE_6_replicate2.sdf', '/home/screener/files/prost_canc/crest_vinardo/results/2am9/replicate 2/RBICALUTAMIDE/2am9_RBICALUTAMIDE_8_replicate2.sdf', '/home/screener/files/prost_canc/crest_vinardo/results/2am9/replicate 2/RBICALUTAMIDE/2am9_RBICALUTAMIDE_7_replicate2.sdf', '/home/screener/files/prost_canc/crest_vinardo/results/2am9/replicate 2/RBICALUTAMIDE/2am9_RBICALUTAMIDE_9_replicate2.sdf']","[-6.254, -6.254, -6.254, -6.254, -6.254, -6.254, -6.254, -6.254, -6.254, -6.254]"
CBN,2am9,2,"['/home/screener/files/prost_canc/crest_vinardo/results/2am9/replicate 2/CBN/2am9_CBN_1_replicate2.pdbqt', '/home/screener/files/prost_canc/crest_vinardo/results/2am9/replicate 2/CBN/2am9_CBN_0_replicate2.pdbqt', '/home/screener/files/prost_canc/crest_vinardo/results/2am9/replicate 2/CBN/2am9_CBN_2_replicate2.pdbqt', '/home/screener/files/prost_canc/crest_vinardo/results/2am9/replicate 2/CBN/2am9_CBN_3_replicate2.pdbqt', '/home/screener/files/prost_canc/crest_vinardo/results/2am9/replicate 2/CBN/2am9_CBN_4_replicate2.pdbqt', '/home/screener/files/prost_canc/crest_vinardo/results/2am9/replicate 2/CBN/2am9_CBN_5_replicate2.pdbqt', '/home/screener/files/prost_canc/crest_vinardo/results/2am9/replicate 2/CBN/2am9_CBN_6_replicate2.pdbqt', '/home/screener/files/prost_canc/crest_vinardo/results/2am9/replicate 2/CBN/2am9_CBN_7_replicate2.pdbqt', '/home/screener/files/prost_canc/crest_vinardo/results/2am9/replicate 2/CBN/2am9_CBN_8_replicate2.pdbqt', '/home/screener/files/prost_canc/crest_vinardo/results/2am9/replicate 2/CBN/2am9_CBN_9_replicate2.pdbqt']","['/home/screener/files/prost_canc/crest_vinardo/results/2am9/replicate 2/CBN/2am9_CBN_1_replicate2.sdf', '/home/screener/files/prost_canc/crest_vinardo/results/2am9/replicate 2/CBN/2am9_CBN_0_replicate2.sdf', '/home/screener/files/prost_canc/crest_vinardo/results/2am9/replicate 2/CBN/2am9_CBN_2_replicate2.sdf', '/home/screener/files/prost_canc/crest_vinardo/results/2am9/replicate 2/CBN/2am9_CBN_3_replicate2.sdf', '/home/screener/files/prost_canc/crest_vinardo/results/2am9/replicate 2/CBN/2am9_CBN_4_replicate2.sdf', '/home/screener/files/prost_canc/crest_vinardo/results/2am9/replicate 2/CBN/2am9_CBN_5_replicate2.sdf', '/home/screener/files/prost_canc/crest_vinardo/results/2am9/replicate 2/CBN/2am9_CBN_6_replicate2.sdf', '/home/screener/files/prost_canc/crest_vinardo/results/2am9/replicate 2/CBN/2am9_CBN_7_replicate2.sdf', '/home/screener/files/prost_canc/crest_vinardo/results/2am9/replicate 2/CBN/2am9_CBN_8_replicate2.sdf', '/home/screener/files/prost_canc/crest_vinardo/results/2am9/replicate 2/CBN/2am9_CBN_9_replicate2.sdf']","[-7.168, -7.168, -7.168, -7.168, -7.168, -7.168, -7.168, -7.168, -7.168, -7.168]"
CBD,2am9,2,"['/home/screener/files/prost_canc/crest_vinardo/results/2am9/replicate 2/CBD/2am9_CBD_2_replicate2.pdbqt', '/home/screener/files/prost_canc/crest_vinardo/results/2am9/replicate 2/CBD/2am9_CBD_1_replicate2.pdbqt', '/home/screener/files/prost_canc/crest_vinardo/results/2am9/replicate 2/CBD/2am9_CBD_0_replicate2.pdbqt', '/home/screener/files/prost_canc/crest_vinardo/results/2am9/replicate 2/CBD/2am9_CBD_3_replicate2.pdbqt', '/home/screener/files/prost_canc/crest_vinardo/results/2am9/replicate 2/CBD/2am9_CBD_4_replicate2.pdbqt', '/home/screener/files/prost_canc/crest_vinardo/results/2am9/replicate 2/CBD/2am9_CBD_6_replicate2.pdbqt', '/home/screener/files/prost_canc/crest_vinardo/results/2am9/replicate 2/CBD/2am9_CBD_5_replicate2.pdbqt', '/home/screener/files/prost_canc/crest_vinardo/results/2am9/replicate 2/CBD/2am9_CBD_7_replicate2.pdbqt', '/home/screener/files/prost_canc/crest_vinardo/results/2am9/replicate 2/CBD/2am9_CBD_8_replicate2.pdbqt', '/home/screener/files/prost_canc/crest_vinardo/results/2am9/replicate 2/CBD/2am9_CBD_9_replicate2.pdbqt']","['/home/screener/files/prost_canc/crest_vinardo/results/2am9/replicate 2/CBD/2am9_CBD_2_replicate2.sdf', '/home/screener/files/prost_canc/crest_vinardo/results/2am9/replicate 2/CBD/2am9_CBD_1_replicate2.sdf', '/home/screener/files/prost_canc/crest_vinardo/results/2am9/replicate 2/CBD/2am9_CBD_0_replicate2.sdf', '/home/screener/files/prost_canc/crest_vinardo/results/2am9/replicate 2/CBD/2am9_CBD_3_replicate2.sdf', '/home/screener/files/prost_canc/crest_vinardo/results/2am9/replicate 2/CBD/2am9_CBD_4_replicate2.sdf', '/home/screener/files/prost_canc/crest_vinardo/results/2am9/replicate 2/CBD/2am9_CBD_6_replicate2.sdf', '/home/screener/files/prost_canc/crest_vinardo/results/2am9/replicate 2/CBD/2am9_CBD_5_replicate2.sdf', '/home/screener/files/prost_canc/crest_vinardo/results/2am9/replicate 2/CBD/2am9_CBD_7_replicate2.sdf', '/home/screener/files/prost_canc/crest_vinardo/results/2am9/replicate 2/CBD/2am9_CBD_8_replicate2.sdf', '/home/screener/files/prost_canc/crest_vinardo/results/2am9/replicate 2/CBD/2am9_CBD_9_replicate2.sdf']","[-6.669, -6.669, -6.669, -6.669, -6.669, -6.669, -6.669, -6.669, -6.669, -6.669]"
MDMBCHMINACA,2am9,2,"['/home/screener/files/prost_canc/crest_vinardo/results/2am9/replicate 2/MDMBCHMINACA/2am9_MDMBCHMINACA_0_replicate2.pdbqt', '/home/screener/files/prost_canc/crest_vinardo/results/2am9/replicate 2/MDMBCHMINACA/2am9_MDMBCHMINACA_1_replicate2.pdbqt', '/home/screener/files/prost_canc/crest_vinardo/results/2am9/replicate 2/MDMBCHMINACA/2am9_MDMBCHMINACA_2_replicate2.pdbqt', '/home/screener/files/prost_canc/crest_vinardo/results/2am9/replicate 2/MDMBCHMINACA/2am9_MDMBCHMINACA_3_replicate2.pdbqt', '/home/screener/files/prost_canc/crest_vinardo/results/2am9/replicate 2/MDMBCHMINACA/2am9_MDMBCHMINACA_4_replicate2.pdbqt', '/home/screener/files/prost_canc/crest_vinardo/results/2am9/replicate 2/MDMBCHMINACA/2am9_MDMBCHMINACA_5_replicate2.pdbqt', '/home/screener/files/prost_canc/crest_vinardo/results/2am9/replicate 2/MDMBCHMINACA/2am9_MDMBCHMINACA_6_replicate2.pdbqt', '/home/screener/files/prost_canc/crest_vinardo/results/2am9/replicate 2/MDMBCHMINACA/2am9_MDMBCHMINACA_7_replicate2.pdbqt', '/home/screener/files/prost_canc/crest_vinardo/results/2am9/replicate 2/MDMBCHMINACA/2am9_MDMBCHMINACA_8_replicate2.pdbqt', '/home/screener/files/prost_canc/crest_vinardo/results/2am9/replicate 2/MDMBCHMINACA/2am9_MDMBCHMINACA_9_replicate2.pdbqt']","['/home/screener/files/prost_canc/crest_vinardo/results/2am9/replicate 2/MDMBCHMINACA/2am9_MDMBCHMINACA_0_replicate2.sdf', '/home/screener/files/prost_canc/crest_vinardo/results/2am9/replicate 2/MDMBCHMINACA/2am9_MDMBCHMINACA_1_replicate2.sdf', '/home/screener/files/prost_canc/crest_vinardo/results/2am9/replicate 2/MDMBCHMINACA/2am9_MDMBCHMINACA_2_replicate2.sdf', '/home/screener/files/prost_canc/crest_vinardo/results/2am9/replicate 2/MDMBCHMINACA/2am9_MDMBCHMINACA_3_replicate2.sdf', '/home/screener/files/prost_canc/crest_vinardo/results/2am9/replicate 2/MDMBCHMINACA/2am9_MDMBCHMINACA_4_replicate2.sdf', '/home/screener/files/prost_canc/crest_vinardo/results/2am9/replicate 2/MDMBCHMINACA/2am9_MDMBCHMINACA_5_replicate2.sdf', '/home/screener/files/prost_canc/crest_vinardo/results/2am9/replicate 2/MDMBCHMINACA/2am9_MDMBCHMINACA_6_replicate2.sdf', '/home/screener/files/prost_canc/crest_vinardo/results/2am9/replicate 2/MDMBCHMINACA/2am9_MDMBCHMINACA_7_replicate2.sdf', '/home/screener/files/prost_canc/crest_vinardo/results/2am9/replicate 2/MDMBCHMINACA/2am9_MDMBCHMINACA_8_replicate2.sdf', '/home/screener/files/prost_canc/crest_vinardo/results/2am9/replicate 2/MDMBCHMINACA/2am9_MDMBCHMINACA_9_replicate2.sdf']","[-4.631, -4.631, -4.631, -4.631, -4.631, -4.631, -4.631, -4.631, -4.631, -4.631]"
5FAKB48,2am9,2,"['/home/screener/files/prost_canc/crest_vinardo/results/2am9/replicate 2/5FAKB48/2am9_5FAKB48_0_replicate2.pdbqt', '/home/screener/files/prost_canc/crest_vinardo/results/2am9/replicate 2/5FAKB48/2am9_5FAKB48_1_replicate2.pdbqt', '/home/screener/files/prost_canc/crest_vinardo/results/2am9/replicate 2/5FAKB48/2am9_5FAKB48_2_replicate2.pdbqt', '/home/screener/files/prost_canc/crest_vinardo/results/2am9/replicate 2/5FAKB48/2am9_5FAKB48_3_replicate2.pdbqt', '/home/screener/files/prost_canc/crest_vinardo/results/2am9/replicate 2/5FAKB48/2am9_5FAKB48_4_replicate2.pdbqt', '/home/screener/files/prost_canc/crest_vinardo/results/2am9/replicate 2/5FAKB48/2am9_5FAKB48_5_replicate2.pdbqt', '/home/screener/files/prost_canc/crest_vinardo/results/2am9/replicate 2/5FAKB48/2am9_5FAKB48_6_replicate2.pdbqt', '/home/screener/files/prost_canc/crest_vinardo/results/2am9/replicate 2/5FAKB48/2am9_5FAKB48_7_replicate2.pdbqt', '/home/screener/files/prost_canc/crest_vinardo/results/2am9/replicate 2/5FAKB48/2am9_5FAKB48_8_replicate2.pdbqt', '/home/screener/files/prost_canc/crest_vinardo/results/2am9/replicate 2/5FAKB48/2am9_5FAKB48_9_replicate2.pdbqt']","['/home/screener/files/prost_canc/crest_vinardo/results/2am9/replicate 2/5FAKB48/2am9_5FAKB48_0_replicate2.sdf', '/home/screener/files/prost_canc/crest_vinardo/results/2am9/replicate 2/5FAKB48/2am9_5FAKB48_1_replicate2.sdf', '/home/screener/files/prost_canc/crest_vinardo/results/2am9/replicate 2/5FAKB48/2am9_5FAKB48_2_replicate2.sdf', '/home/screener/files/prost_canc/crest_vinardo/results/2am9/replicate 2/5FAKB48/2am9_5FAKB48_3_replicate2.sdf', '/home/screener/files/prost_canc/crest_vinardo/results/2am9/replicate 2/5FAKB48/2am9_5FAKB48_4_replicate2.sdf', '/home/screener/files/prost_canc/crest_vinardo/results/2am9/replicate 2/5FAKB48/2am9_5FAKB48_5_replicate2.sdf', '/home/screener/files/prost_canc/crest_vinardo/results/2am9/replicate 2/5FAKB48/2am9_5FAKB48_6_replicate2.sdf', '/home/screener/files/prost_canc/crest_vinardo/results/2am9/replicate 2/5FAKB48/2am9_5FAKB48_7_replicate2.sdf', '/home/screener/files/prost_canc/crest_vinardo/results/2am9/replicate 2/5FAKB48/2am9_5FAKB48_8_replicate2.sdf', '/home/screener/files/prost_canc/crest_vinardo/results/2am9/replicate 2/5FAKB48/2am9_5FAKB48_9_replicate2.sdf']","[-7.128, -7.128, -7.128, -7.128, -7.128, -7.128, -7.128, -7.128, -7.128, -7.128]"
HU210,2am9,2,"['/home/screener/files/prost_canc/crest_vinardo/results/2am9/replicate 2/HU210/2am9_HU210_0_replicate2.pdbqt', '/home/screener/files/prost_canc/crest_vinardo/results/2am9/replicate 2/HU210/2am9_HU210_1_replicate2.pdbqt', '/home/screener/files/prost_canc/crest_vinardo/results/2am9/replicate 2/HU210/2am9_HU210_2_replicate2.pdbqt', '/home/screener/files/prost_canc/crest_vinardo/results/2am9/replicate 2/HU210/2am9_HU210_3_replicate2.pdbqt', '/home/screener/files/prost_canc/crest_vinardo/results/2am9/replicate 2/HU210/2am9_HU210_4_replicate2.pdbqt', '/home/screener/files/prost_canc/crest_vinardo/results/2am9/replicate 2/HU210/2am9_HU210_5_replicate2.pdbqt', '/home/screener/files/prost_canc/crest_vinardo/results/2am9/replicate 2/HU210/2am9_HU210_6_replicate2.pdbqt', '/home/screener/files/prost_canc/crest_vinardo/results/2am9/replicate 2/HU210/2am9_HU210_7_replicate2.pdbqt', '/home/screener/files/prost_canc/crest_vinardo/results/2am9/replicate 2/HU210/2am9_HU210_8_replicate2.pdbqt', '/home/screener/files/prost_canc/crest_vinardo/results/2am9/replicate 2/HU210/2am9_HU210_9_replicate2.pdbqt']","['/home/screener/files/prost_canc/crest_vinardo/results/2am9/replicate 2/HU210/2am9_HU210_0_replicate2.sdf', '/home/screener/files/prost_canc/crest_vinardo/results/2am9/replicate 2/HU210/2am9_HU210_1_replicate2.sdf', '/home/screener/files/prost_canc/crest_vinardo/results/2am9/replicate 2/HU210/2am9_HU210_2_replicate2.sdf', '/home/screener/files/prost_canc/crest_vinardo/results/2am9/replicate 2/HU210/2am9_HU210_3_replicate2.sdf', '/home/screener/files/prost_canc/crest_vinardo/results/2am9/replicate 2/HU210/2am9_HU210_4_replicate2.sdf', '/home/screener/files/prost_canc/crest_vinardo/results/2am9/replicate 2/HU210/2am9_HU210_5_replicate2.sdf', '/home/screener/files/prost_canc/crest_vinardo/results/2am9/replicate 2/HU210/2am9_HU210_6_replicate2.sdf', '/home/screener/files/prost_canc/crest_vinardo/results/2am9/replicate 2/HU210/2am9_HU210_7_replicate2.sdf', '/home/screener/files/prost_canc/crest_vinardo/results/2am9/replicate 2/HU210/2am9_HU210_8_replicate2.sdf', '/home/screener/files/prost_canc/crest_vinardo/results/2am9/replicate 2/HU210/2am9_HU210_9_replicate2.sdf']","[-4.42, -4.42, -4.42, -4.42, -4.42, -4.42, -4.42, -4.42, -4.42, -4.42]"
Testosterone,2am9,3,"['/home/screener/files/prost_canc/crest_vinardo/results/2am9/replicate 3/Testosterone/2am9_Testosterone_0_replicate3.pdbqt', '/home/screener/files/prost_canc/crest_vinardo/results/2am9/replicate 3/Testosterone/2am9_Testosterone_3_replicate3.pdbqt', '/home/screener/files/prost_canc/crest_vinardo/results/2am9/replicate 3/Testosterone/2am9_Testosterone_4_replicate3.pdbqt', '/home/screener/files/prost_canc/crest_vinardo/results/2am9/replicate 3/Testosterone/2am9_Testosterone_1_replicate3.pdbqt', '/home/screener/files/prost_canc/crest_vinardo/results/2am9/replicate 3/Testosterone/2am9_Testosterone_5_replicate3.pdbqt', '/home/screener/files/prost_canc/crest_vinardo/results/2am9/replicate 3/Testosterone/2am9_Testosterone_2_replicate3.pdbqt', '/home/screener/files/prost_canc/crest_vinardo/results/2am9/replicate 3/Testosterone/2am9_Testosterone_6_replicate3.pdbqt']","['/home/screener/files/prost_canc/crest_vinardo/results/2am9/replicate 3/Testosterone/2am9_Testosterone_0_replicate3.sdf', '/home/screener/files/prost_canc/crest_vinardo/results/2am9/replicate 3/Testosterone/2am9_Testosterone_3_replicate3.sdf', '/home/screener/files/prost_canc/crest_vinardo/results/2am9/replicate 3/Testosterone/2am9_Testosterone_4_replicate3.sdf', '/home/screener/files/prost_canc/crest_vinardo/results/2am9/replicate 3/Testosterone/2am9_Testosterone_1_replicate3.sdf', '/home/screener/files/prost_canc/crest_vinardo/results/2am9/replicate 3/Testosterone/2am9_Testosterone_5_replicate3.sdf', '/home/screener/files/prost_canc/crest_vinardo/results/2am9/replicate 3/Testosterone/2am9_Testosterone_2_replicate3.sdf', '/home/screener/files/prost_canc/crest_vinardo/results/2am9/replicate 3/Testosterone/2am9_Testosterone_6_replicate3.sdf']","[-10.606, -10.606, -10.606, -10.606, -10.606, -10.606, -10.606]"
DTHC,2am9,3,"['/home/screener/files/prost_canc/crest_vinardo/results/2am9/replicate 3/DTHC/2am9_DTHC_0_replicate3.pdbqt', '/home/screener/files/prost_canc/crest_vinardo/results/2am9/replicate 3/DTHC/2am9_DTHC_2_replicate3.pdbqt', '/home/screener/files/prost_canc/crest_vinardo/results/2am9/replicate 3/DTHC/2am9_DTHC_1_replicate3.pdbqt', '/home/screener/files/prost_canc/crest_vinardo/results/2am9/replicate 3/DTHC/2am9_DTHC_3_replicate3.pdbqt', '/home/screener/files/prost_canc/crest_vinardo/results/2am9/replicate 3/DTHC/2am9_DTHC_4_replicate3.pdbqt', '/home/screener/files/prost_canc/crest_vinardo/results/2am9/replicate 3/DTHC/2am9_DTHC_5_replicate3.pdbqt', '/home/screener/files/prost_canc/crest_vinardo/results/2am9/replicate 3/DTHC/2am9_DTHC_6_replicate3.pdbqt', '/home/screener/files/prost_canc/crest_vinardo/results/2am9/replicate 3/DTHC/2am9_DTHC_7_replicate3.pdbqt', '/home/screener/files/prost_canc/crest_vinardo/results/2am9/replicate 3/DTHC/2am9_DTHC_9_replicate3.pdbqt', '/home/screener/files/prost_canc/crest_vinardo/results/2am9/replicate 3/DTHC/2am9_DTHC_8_replicate3.pdbqt']","['/home/screener/files/prost_canc/crest_vinardo/results/2am9/replicate 3/DTHC/2am9_DTHC_0_replicate3.sdf', '/home/screener/files/prost_canc/crest_vinardo/results/2am9/replicate 3/DTHC/2am9_DTHC_2_replicate3.sdf', '/home/screener/files/prost_canc/crest_vinardo/results/2am9/replicate 3/DTHC/2am9_DTHC_1_replicate3.sdf', '/home/screener/files/prost_canc/crest_vinardo/results/2am9/replicate 3/DTHC/2am9_DTHC_3_replicate3.sdf', '/home/screener/files/prost_canc/crest_vinardo/results/2am9/replicate 3/DTHC/2am9_DTHC_4_replicate3.sdf', '/home/screener/files/prost_canc/crest_vinardo/results/2am9/replicate 3/DTHC/2am9_DTHC_5_replicate3.sdf', '/home/screener/files/prost_canc/crest_vinardo/results/2am9/replicate 3/DTHC/2am9_DTHC_6_replicate3.sdf', '/home/screener/files/prost_canc/crest_vinardo/results/2am9/replicate 3/DTHC/2am9_DTHC_7_replicate3.sdf', '/home/screener/files/prost_canc/crest_vinardo/results/2am9/replicate 3/DTHC/2am9_DTHC_9_replicate3.sdf', '/home/screener/files/prost_canc/crest_vinardo/results/2am9/replicate 3/DTHC/2am9_DTHC_8_replicate3.sdf']","[-6.31, -6.31, -6.31, -6.31, -6.31, -6.31, -6.31, -6.31, -6.31, -6.31]"
LTHC,2am9,3,"['/home/screener/files/prost_canc/crest_vinardo/results/2am9/replicate 3/LTHC/2am9_LTHC_2_replicate3.pdbqt', '/home/screener/files/prost_canc/crest_vinardo/results/2am9/replicate 3/LTHC/2am9_LTHC_0_replicate3.pdbqt', '/home/screener/files/prost_canc/crest_vinardo/results/2am9/replicate 3/LTHC/2am9_LTHC_1_replicate3.pdbqt', '/home/screener/files/prost_canc/crest_vinardo/results/2am9/replicate 3/LTHC/2am9_LTHC_3_replicate3.pdbqt', '/home/screener/files/prost_canc/crest_vinardo/results/2am9/replicate 3/LTHC/2am9_LTHC_4_replicate3.pdbqt', '/home/screener/files/prost_canc/crest_vinardo/results/2am9/replicate 3/LTHC/2am9_LTHC_5_replicate3.pdbqt', '/home/screener/files/prost_canc/crest_vinardo/results/2am9/replicate 3/LTHC/2am9_LTHC_6_replicate3.pdbqt', '/home/screener/files/prost_canc/crest_vinardo/results/2am9/replicate 3/LTHC/2am9_LTHC_8_replicate3.pdbqt', '/home/screener/files/prost_canc/crest_vinardo/results/2am9/replicate 3/LTHC/2am9_LTHC_7_replicate3.pdbqt', '/home/screener/files/prost_canc/crest_vinardo/results/2am9/replicate 3/LTHC/2am9_LTHC_9_replicate3.pdbqt']","['/home/screener/files/prost_canc/crest_vinardo/results/2am9/replicate 3/LTHC/2am9_LTHC_2_replicate3.sdf', '/home/screener/files/prost_canc/crest_vinardo/results/2am9/replicate 3/LTHC/2am9_LTHC_0_replicate3.sdf', '/home/screener/files/prost_canc/crest_vinardo/results/2am9/replicate 3/LTHC/2am9_LTHC_1_replicate3.sdf', '/home/screener/files/prost_canc/crest_vinardo/results/2am9/replicate 3/LTHC/2am9_LTHC_3_replicate3.sdf', '/home/screener/files/prost_canc/crest_vinardo/results/2am9/replicate 3/LTHC/2am9_LTHC_4_replicate3.sdf', '/home/screener/files/prost_canc/crest_vinardo/results/2am9/replicate 3/LTHC/2am9_LTHC_5_replicate3.sdf', '/home/screener/files/prost_canc/crest_vinardo/results/2am9/replicate 3/LTHC/2am9_LTHC_6_replicate3.sdf', '/home/screener/files/prost_canc/crest_vinardo/results/2am9/replicate 3/LTHC/2am9_LTHC_8_replicate3.sdf', '/home/screener/files/prost_canc/crest_vinardo/results/2am9/replicate 3/LTHC/2am9_LTHC_7_replicate3.sdf', '/home/screener/files/prost_canc/crest_vinardo/results/2am9/replicate 3/LTHC/2am9_LTHC_9_replicate3.sdf']","[-6.307, -6.307, -6.307, -6.307, -6.307, -6.307, -6.307, -6.307, -6.307, -6.307]"
R1881,2am9,3,"['/home/screener/files/prost_canc/crest_vinardo/results/2am9/replicate 3/R1881/2am9_R1881_0_replicate3.pdbqt', '/home/screener/files/prost_canc/crest_vinardo/results/2am9/replicate 3/R1881/2am9_R1881_1_replicate3.pdbqt', '/home/screener/files/prost_canc/crest_vinardo/results/2am9/replicate 3/R1881/2am9_R1881_2_replicate3.pdbqt', '/home/screener/files/prost_canc/crest_vinardo/results/2am9/replicate 3/R1881/2am9_R1881_3_replicate3.pdbqt', '/home/screener/files/prost_canc/crest_vinardo/results/2am9/replicate 3/R1881/2am9_R1881_4_replicate3.pdbqt', '/home/screener/files/prost_canc/crest_vinardo/results/2am9/replicate 3/R1881/2am9_R1881_5_replicate3.pdbqt', '/home/screener/files/prost_canc/crest_vinardo/results/2am9/replicate 3/R1881/2am9_R1881_6_replicate3.pdbqt', '/home/screener/files/prost_canc/crest_vinardo/results/2am9/replicate 3/R1881/2am9_R1881_8_replicate3.pdbqt', '/home/screener/files/prost_canc/crest_vinardo/results/2am9/replicate 3/R1881/2am9_R1881_7_replicate3.pdbqt']","['/home/screener/files/prost_canc/crest_vinardo/results/2am9/replicate 3/R1881/2am9_R1881_0_replicate3.sdf', '/home/screener/files/prost_canc/crest_vinardo/results/2am9/replicate 3/R1881/2am9_R1881_1_replicate3.sdf', '/home/screener/files/prost_canc/crest_vinardo/results/2am9/replicate 3/R1881/2am9_R1881_2_replicate3.sdf', '/home/screener/files/prost_canc/crest_vinardo/results/2am9/replicate 3/R1881/2am9_R1881_3_replicate3.sdf', '/home/screener/files/prost_canc/crest_vinardo/results/2am9/replicate 3/R1881/2am9_R1881_4_replicate3.sdf', '/home/screener/files/prost_canc/crest_vinardo/results/2am9/replicate 3/R1881/2am9_R1881_5_replicate3.sdf', '/home/screener/files/prost_canc/crest_vinardo/results/2am9/replicate 3/R1881/2am9_R1881_6_replicate3.sdf', '/home/screener/files/prost_canc/crest_vinardo/results/2am9/replicate 3/R1881/2am9_R1881_8_replicate3.sdf', '/home/screener/files/prost_canc/crest_vinardo/results/2am9/replicate 3/R1881/2am9_R1881_7_replicate3.sdf']","[-10.015, -10.015, -10.015, -10.015, -10.015, -10.015, -10.015, -10.015, -10.015]"
DHT,2am9,3,"['/home/screener/files/prost_canc/crest_vinardo/results/2am9/replicate 3/DHT/2am9_DHT_0_replicate3.pdbqt', '/home/screener/files/prost_canc/crest_vinardo/results/2am9/replicate 3/DHT/2am9_DHT_1_replicate3.pdbqt', '/home/screener/files/prost_canc/crest_vinardo/results/2am9/replicate 3/DHT/2am9_DHT_3_replicate3.pdbqt', '/home/screener/files/prost_canc/crest_vinardo/results/2am9/replicate 3/DHT/2am9_DHT_2_replicate3.pdbqt', '/home/screener/files/prost_canc/crest_vinardo/results/2am9/replicate 3/DHT/2am9_DHT_4_replicate3.pdbqt', '/home/screener/files/prost_canc/crest_vinardo/results/2am9/replicate 3/DHT/2am9_DHT_6_replicate3.pdbqt', '/home/screener/files/prost_canc/crest_vinardo/results/2am9/replicate 3/DHT/2am9_DHT_5_replicate3.pdbqt', '/home/screener/files/prost_canc/crest_vinardo/results/2am9/replicate 3/DHT/2am9_DHT_7_replicate3.pdbqt']","['/home/screener/files/prost_canc/crest_vinardo/results/2am9/replicate 3/DHT/2am9_DHT_0_replicate3.sdf', '/home/screener/files/prost_canc/crest_vinardo/results/2am9/replicate 3/DHT/2am9_DHT_1_replicate3.sdf', '/home/screener/files/prost_canc/crest_vinardo/results/2am9/replicate 3/DHT/2am9_DHT_3_replicate3.sdf', '/home/screener/files/prost_canc/crest_vinardo/results/2am9/replicate 3/DHT/2am9_DHT_2_replicate3.sdf', '/home/screener/files/prost_canc/crest_vinardo/results/2am9/replicate 3/DHT/2am9_DHT_4_replicate3.sdf', '/home/screener/files/prost_canc/crest_vinardo/results/2am9/replicate 3/DHT/2am9_DHT_6_replicate3.sdf', '/home/screener/files/prost_canc/crest_vinardo/results/2am9/replicate 3/DHT/2am9_DHT_5_replicate3.sdf', '/home/screener/files/prost_canc/crest_vinardo/results/2am9/replicate 3/DHT/2am9_DHT_7_replicate3.sdf']","[-10.948, -10.948, -10.948, -10.948, -10.948, -10.948, -10.948, -10.948]"
RBICALUTAMIDE,2am9,3,"['/home/screener/files/prost_canc/crest_vinardo/results/2am9/replicate 3/RBICALUTAMIDE/2am9_RBICALUTAMIDE_2_replicate3.pdbqt', '/home/screener/files/prost_canc/crest_vinardo/results/2am9/replicate 3/RBICALUTAMIDE/2am9_RBICALUTAMIDE_0_replicate3.pdbqt', '/home/screener/files/prost_canc/crest_vinardo/results/2am9/replicate 3/RBICALUTAMIDE/2am9_RBICALUTAMIDE_3_replicate3.pdbqt', '/home/screener/files/prost_canc/crest_vinardo/results/2am9/replicate 3/RBICALUTAMIDE/2am9_RBICALUTAMIDE_5_replicate3.pdbqt', '/home/screener/files/prost_canc/crest_vinardo/results/2am9/replicate 3/RBICALUTAMIDE/2am9_RBICALUTAMIDE_1_replicate3.pdbqt', '/home/screener/files/prost_canc/crest_vinardo/results/2am9/replicate 3/RBICALUTAMIDE/2am9_RBICALUTAMIDE_4_replicate3.pdbqt', '/home/screener/files/prost_canc/crest_vinardo/results/2am9/replicate 3/RBICALUTAMIDE/2am9_RBICALUTAMIDE_6_replicate3.pdbqt', '/home/screener/files/prost_canc/crest_vinardo/results/2am9/replicate 3/RBICALUTAMIDE/2am9_RBICALUTAMIDE_7_replicate3.pdbqt', '/home/screener/files/prost_canc/crest_vinardo/results/2am9/replicate 3/RBICALUTAMIDE/2am9_RBICALUTAMIDE_9_replicate3.pdbqt', '/home/screener/files/prost_canc/crest_vinardo/results/2am9/replicate 3/RBICALUTAMIDE/2am9_RBICALUTAMIDE_8_replicate3.pdbqt']","['/home/screener/files/prost_canc/crest_vinardo/results/2am9/replicate 3/RBICALUTAMIDE/2am9_RBICALUTAMIDE_2_replicate3.sdf', '/home/screener/files/prost_canc/crest_vinardo/results/2am9/replicate 3/RBICALUTAMIDE/2am9_RBICALUTAMIDE_0_replicate3.sdf', '/home/screener/files/prost_canc/crest_vinardo/results/2am9/replicate 3/RBICALUTAMIDE/2am9_RBICALUTAMIDE_3_replicate3.sdf', '/home/screener/files/prost_canc/crest_vinardo/results/2am9/replicate 3/RBICALUTAMIDE/2am9_RBICALUTAMIDE_5_replicate3.sdf', '/home/screener/files/prost_canc/crest_vinardo/results/2am9/replicate 3/RBICALUTAMIDE/2am9_RBICALUTAMIDE_1_replicate3.sdf', '/home/screener/files/prost_canc/crest_vinardo/results/2am9/replicate 3/RBICALUTAMIDE/2am9_RBICALUTAMIDE_4_replicate3.sdf', '/home/screener/files/prost_canc/crest_vinardo/results/2am9/replicate 3/RBICALUTAMIDE/2am9_RBICALUTAMIDE_6_replicate3.sdf', '/home/screener/files/prost_canc/crest_vinardo/results/2am9/replicate 3/RBICALUTAMIDE/2am9_RBICALUTAMIDE_7_replicate3.sdf', '/home/screener/files/prost_canc/crest_vinardo/results/2am9/replicate 3/RBICALUTAMIDE/2am9_RBICALUTAMIDE_9_replicate3.sdf', '/home/screener/files/prost_canc/crest_vinardo/results/2am9/replicate 3/RBICALUTAMIDE/2am9_RBICALUTAMIDE_8_replicate3.sdf']","[-6.254, -6.254, -6.254, -6.254, -6.254, -6.254, -6.254, -6.254, -6.254, -6.254]"
CBN,2am9,3,"['/home/screener/files/prost_canc/crest_vinardo/results/2am9/replicate 3/CBN/2am9_CBN_0_replicate3.pdbqt', '/home/screener/files/prost_canc/crest_vinardo/results/2am9/replicate 3/CBN/2am9_CBN_2_replicate3.pdbqt', '/home/screener/files/prost_canc/crest_vinardo/results/2am9/replicate 3/CBN/2am9_CBN_1_replicate3.pdbqt', '/home/screener/files/prost_canc/crest_vinardo/results/2am9/replicate 3/CBN/2am9_CBN_3_replicate3.pdbqt', '/home/screener/files/prost_canc/crest_vinardo/results/2am9/replicate 3/CBN/2am9_CBN_4_replicate3.pdbqt', '/home/screener/files/prost_canc/crest_vinardo/results/2am9/replicate 3/CBN/2am9_CBN_5_replicate3.pdbqt', '/home/screener/files/prost_canc/crest_vinardo/results/2am9/replicate 3/CBN/2am9_CBN_6_replicate3.pdbqt', '/home/screener/files/prost_canc/crest_vinardo/results/2am9/replicate 3/CBN/2am9_CBN_7_replicate3.pdbqt', '/home/screener/files/prost_canc/crest_vinardo/results/2am9/replicate 3/CBN/2am9_CBN_8_replicate3.pdbqt', '/home/screener/files/prost_canc/crest_vinardo/results/2am9/replicate 3/CBN/2am9_CBN_9_replicate3.pdbqt']","['/home/screener/files/prost_canc/crest_vinardo/results/2am9/replicate 3/CBN/2am9_CBN_0_replicate3.sdf', '/home/screener/files/prost_canc/crest_vinardo/results/2am9/replicate 3/CBN/2am9_CBN_2_replicate3.sdf', '/home/screener/files/prost_canc/crest_vinardo/results/2am9/replicate 3/CBN/2am9_CBN_1_replicate3.sdf', '/home/screener/files/prost_canc/crest_vinardo/results/2am9/replicate 3/CBN/2am9_CBN_3_replicate3.sdf', '/home/screener/files/prost_canc/crest_vinardo/results/2am9/replicate 3/CBN/2am9_CBN_4_replicate3.sdf', '/home/screener/files/prost_canc/crest_vinardo/results/2am9/replicate 3/CBN/2am9_CBN_5_replicate3.sdf', '/home/screener/files/prost_canc/crest_vinardo/results/2am9/replicate 3/CBN/2am9_CBN_6_replicate3.sdf', '/home/screener/files/prost_canc/crest_vinardo/results/2am9/replicate 3/CBN/2am9_CBN_7_replicate3.sdf', '/home/screener/files/prost_canc/crest_vinardo/results/2am9/replicate 3/CBN/2am9_CBN_8_replicate3.sdf', '/home/screener/files/prost_canc/crest_vinardo/results/2am9/replicate 3/CBN/2am9_CBN_9_replicate3.sdf']","[-7.168, -7.168, -7.168, -7.168, -7.168, -7.168, -7.168, -7.168, -7.168, -7.168]"
CBD,2am9,3,"['/home/screener/files/prost_canc/crest_vinardo/results/2am9/replicate 3/CBD/2am9_CBD_0_replicate3.pdbqt', '/home/screener/files/prost_canc/crest_vinardo/results/2am9/replicate 3/CBD/2am9_CBD_1_replicate3.pdbqt', '/home/screener/files/prost_canc/crest_vinardo/results/2am9/replicate 3/CBD/2am9_CBD_3_replicate3.pdbqt', '/home/screener/files/prost_canc/crest_vinardo/results/2am9/replicate 3/CBD/2am9_CBD_2_replicate3.pdbqt', '/home/screener/files/prost_canc/crest_vinardo/results/2am9/replicate 3/CBD/2am9_CBD_4_replicate3.pdbqt', '/home/screener/files/prost_canc/crest_vinardo/results/2am9/replicate 3/CBD/2am9_CBD_5_replicate3.pdbqt', '/home/screener/files/prost_canc/crest_vinardo/results/2am9/replicate 3/CBD/2am9_CBD_6_replicate3.pdbqt', '/home/screener/files/prost_canc/crest_vinardo/results/2am9/replicate 3/CBD/2am9_CBD_7_replicate3.pdbqt', '/home/screener/files/prost_canc/crest_vinardo/results/2am9/replicate 3/CBD/2am9_CBD_8_replicate3.pdbqt', '/home/screener/files/prost_canc/crest_vinardo/results/2am9/replicate 3/CBD/2am9_CBD_9_replicate3.pdbqt']","['/home/screener/files/prost_canc/crest_vinardo/results/2am9/replicate 3/CBD/2am9_CBD_0_replicate3.sdf', '/home/screener/files/prost_canc/crest_vinardo/results/2am9/replicate 3/CBD/2am9_CBD_1_replicate3.sdf', '/home/screener/files/prost_canc/crest_vinardo/results/2am9/replicate 3/CBD/2am9_CBD_3_replicate3.sdf', '/home/screener/files/prost_canc/crest_vinardo/results/2am9/replicate 3/CBD/2am9_CBD_2_replicate3.sdf', '/home/screener/files/prost_canc/crest_vinardo/results/2am9/replicate 3/CBD/2am9_CBD_4_replicate3.sdf', '/home/screener/files/prost_canc/crest_vinardo/results/2am9/replicate 3/CBD/2am9_CBD_5_replicate3.sdf', '/home/screener/files/prost_canc/crest_vinardo/results/2am9/replicate 3/CBD/2am9_CBD_6_replicate3.sdf', '/home/screener/files/prost_canc/crest_vinardo/results/2am9/replicate 3/CBD/2am9_CBD_7_replicate3.sdf', '/home/screener/files/prost_canc/crest_vinardo/results/2am9/replicate 3/CBD/2am9_CBD_8_replicate3.sdf', '/home/screener/files/prost_canc/crest_vinardo/results/2am9/replicate 3/CBD/2am9_CBD_9_replicate3.sdf']","[-6.669, -6.669, -6.669, -6.669, -6.669, -6.669, -6.669, -6.669, -6.669, -6.669]"
MDMBCHMINACA,2am9,3,"['/home/screener/files/prost_canc/crest_vinardo/results/2am9/replicate 3/MDMBCHMINACA/2am9_MDMBCHMINACA_0_replicate3.pdbqt', '/home/screener/files/prost_canc/crest_vinardo/results/2am9/replicate 3/MDMBCHMINACA/2am9_MDMBCHMINACA_1_replicate3.pdbqt', '/home/screener/files/prost_canc/crest_vinardo/results/2am9/replicate 3/MDMBCHMINACA/2am9_MDMBCHMINACA_2_replicate3.pdbqt', '/home/screener/files/prost_canc/crest_vinardo/results/2am9/replicate 3/MDMBCHMINACA/2am9_MDMBCHMINACA_3_replicate3.pdbqt', '/home/screener/files/prost_canc/crest_vinardo/results/2am9/replicate 3/MDMBCHMINACA/2am9_MDMBCHMINACA_4_replicate3.pdbqt', '/home/screener/files/prost_canc/crest_vinardo/results/2am9/replicate 3/MDMBCHMINACA/2am9_MDMBCHMINACA_5_replicate3.pdbqt', '/home/screener/files/prost_canc/crest_vinardo/results/2am9/replicate 3/MDMBCHMINACA/2am9_MDMBCHMINACA_6_replicate3.pdbqt', '/home/screener/files/prost_canc/crest_vinardo/results/2am9/replicate 3/MDMBCHMINACA/2am9_MDMBCHMINACA_7_replicate3.pdbqt', '/home/screener/files/prost_canc/crest_vinardo/results/2am9/replicate 3/MDMBCHMINACA/2am9_MDMBCHMINACA_8_replicate3.pdbqt', '/home/screener/files/prost_canc/crest_vinardo/results/2am9/replicate 3/MDMBCHMINACA/2am9_MDMBCHMINACA_9_replicate3.pdbqt']","['/home/screener/files/prost_canc/crest_vinardo/results/2am9/replicate 3/MDMBCHMINACA/2am9_MDMBCHMINACA_0_replicate3.sdf', '/home/screener/files/prost_canc/crest_vinardo/results/2am9/replicate 3/MDMBCHMINACA/2am9_MDMBCHMINACA_1_replicate3.sdf', '/home/screener/files/prost_canc/crest_vinardo/results/2am9/replicate 3/MDMBCHMINACA/2am9_MDMBCHMINACA_2_replicate3.sdf', '/home/screener/files/prost_canc/crest_vinardo/results/2am9/replicate 3/MDMBCHMINACA/2am9_MDMBCHMINACA_3_replicate3.sdf', '/home/screener/files/prost_canc/crest_vinardo/results/2am9/replicate 3/MDMBCHMINACA/2am9_MDMBCHMINACA_4_replicate3.sdf', '/home/screener/files/prost_canc/crest_vinardo/results/2am9/replicate 3/MDMBCHMINACA/2am9_MDMBCHMINACA_5_replicate3.sdf', '/home/screener/files/prost_canc/crest_vinardo/results/2am9/replicate 3/MDMBCHMINACA/2am9_MDMBCHMINACA_6_replicate3.sdf', '/home/screener/files/prost_canc/crest_vinardo/results/2am9/replicate 3/MDMBCHMINACA/2am9_MDMBCHMINACA_7_replicate3.sdf', '/home/screener/files/prost_canc/crest_vinardo/results/2am9/replicate 3/MDMBCHMINACA/2am9_MDMBCHMINACA_8_replicate3.sdf', '/home/screener/files/prost_canc/crest_vinardo/results/2am9/replicate 3/MDMBCHMINACA/2am9_MDMBCHMINACA_9_replicate3.sdf']","[-4.631, -4.631, -4.631, -4.631, -4.631, -4.631, -4.631, -4.631, -4.631, -4.631]"
5FAKB48,2am9,3,"['/home/screener/files/prost_canc/crest_vinardo/results/2am9/replicate 3/5FAKB48/2am9_5FAKB48_0_replicate3.pdbqt', '/home/screener/files/prost_canc/crest_vinardo/results/2am9/replicate 3/5FAKB48/2am9_5FAKB48_1_replicate3.pdbqt', '/home/screener/files/prost_canc/crest_vinardo/results/2am9/replicate 3/5FAKB48/2am9_5FAKB48_2_replicate3.pdbqt', '/home/screener/files/prost_canc/crest_vinardo/results/2am9/replicate 3/5FAKB48/2am9_5FAKB48_3_replicate3.pdbqt', '/home/screener/files/prost_canc/crest_vinardo/results/2am9/replicate 3/5FAKB48/2am9_5FAKB48_4_replicate3.pdbqt', '/home/screener/files/prost_canc/crest_vinardo/results/2am9/replicate 3/5FAKB48/2am9_5FAKB48_5_replicate3.pdbqt', '/home/screener/files/prost_canc/crest_vinardo/results/2am9/replicate 3/5FAKB48/2am9_5FAKB48_6_replicate3.pdbqt', '/home/screener/files/prost_canc/crest_vinardo/results/2am9/replicate 3/5FAKB48/2am9_5FAKB48_7_replicate3.pdbqt', '/home/screener/files/prost_canc/crest_vinardo/results/2am9/replicate 3/5FAKB48/2am9_5FAKB48_8_replicate3.pdbqt', '/home/screener/files/prost_canc/crest_vinardo/results/2am9/replicate 3/5FAKB48/2am9_5FAKB48_9_replicate3.pdbqt']","['/home/screener/files/prost_canc/crest_vinardo/results/2am9/replicate 3/5FAKB48/2am9_5FAKB48_0_replicate3.sdf', '/home/screener/files/prost_canc/crest_vinardo/results/2am9/replicate 3/5FAKB48/2am9_5FAKB48_1_replicate3.sdf', '/home/screener/files/prost_canc/crest_vinardo/results/2am9/replicate 3/5FAKB48/2am9_5FAKB48_2_replicate3.sdf', '/home/screener/files/prost_canc/crest_vinardo/results/2am9/replicate 3/5FAKB48/2am9_5FAKB48_3_replicate3.sdf', '/home/screener/files/prost_canc/crest_vinardo/results/2am9/replicate 3/5FAKB48/2am9_5FAKB48_4_replicate3.sdf', '/home/screener/files/prost_canc/crest_vinardo/results/2am9/replicate 3/5FAKB48/2am9_5FAKB48_5_replicate3.sdf', '/home/screener/files/prost_canc/crest_vinardo/results/2am9/replicate 3/5FAKB48/2am9_5FAKB48_6_replicate3.sdf', '/home/screener/files/prost_canc/crest_vinardo/results/2am9/replicate 3/5FAKB48/2am9_5FAKB48_7_replicate3.sdf', '/home/screener/files/prost_canc/crest_vinardo/results/2am9/replicate 3/5FAKB48/2am9_5FAKB48_8_replicate3.sdf', '/home/screener/files/prost_canc/crest_vinardo/results/2am9/replicate 3/5FAKB48/2am9_5FAKB48_9_replicate3.sdf']","[-7.128, -7.128, -7.128, -7.128, -7.128, -7.128, -7.128, -7.128, -7.128, -7.128]"
HU210,2am9,3,"['/home/screener/files/prost_canc/crest_vinardo/results/2am9/replicate 3/HU210/2am9_HU210_0_replicate3.pdbqt', '/home/screener/files/prost_canc/crest_vinardo/results/2am9/replicate 3/HU210/2am9_HU210_1_replicate3.pdbqt', '/home/screener/files/prost_canc/crest_vinardo/results/2am9/replicate 3/HU210/2am9_HU210_2_replicate3.pdbqt', '/home/screener/files/prost_canc/crest_vinardo/results/2am9/replicate 3/HU210/2am9_HU210_3_replicate3.pdbqt', '/home/screener/files/prost_canc/crest_vinardo/results/2am9/replicate 3/HU210/2am9_HU210_4_replicate3.pdbqt', '/home/screener/files/prost_canc/crest_vinardo/results/2am9/replicate 3/HU210/2am9_HU210_5_replicate3.pdbqt', '/home/screener/files/prost_canc/crest_vinardo/results/2am9/replicate 3/HU210/2am9_HU210_6_replicate3.pdbqt', '/home/screener/files/prost_canc/crest_vinardo/results/2am9/replicate 3/HU210/2am9_HU210_7_replicate3.pdbqt', '/home/screener/files/prost_canc/crest_vinardo/results/2am9/replicate 3/HU210/2am9_HU210_8_replicate3.pdbqt', '/home/screener/files/prost_canc/crest_vinardo/results/2am9/replicate 3/HU210/2am9_HU210_9_replicate3.pdbqt']","['/home/screener/files/prost_canc/crest_vinardo/results/2am9/replicate 3/HU210/2am9_HU210_0_replicate3.sdf', '/home/screener/files/prost_canc/crest_vinardo/results/2am9/replicate 3/HU210/2am9_HU210_1_replicate3.sdf', '/home/screener/files/prost_canc/crest_vinardo/results/2am9/replicate 3/HU210/2am9_HU210_2_replicate3.sdf', '/home/screener/files/prost_canc/crest_vinardo/results/2am9/replicate 3/HU210/2am9_HU210_3_replicate3.sdf', '/home/screener/files/prost_canc/crest_vinardo/results/2am9/replicate 3/HU210/2am9_HU210_4_replicate3.sdf', '/home/screener/files/prost_canc/crest_vinardo/results/2am9/replicate 3/HU210/2am9_HU210_5_replicate3.sdf', '/home/screener/files/prost_canc/crest_vinardo/results/2am9/replicate 3/HU210/2am9_HU210_6_replicate3.sdf', '/home/screener/files/prost_canc/crest_vinardo/results/2am9/replicate 3/HU210/2am9_HU210_7_replicate3.sdf', '/home/screener/files/prost_canc/crest_vinardo/results/2am9/replicate 3/HU210/2am9_HU210_8_replicate3.sdf', '/home/screener/files/prost_canc/crest_vinardo/results/2am9/replicate 3/HU210/2am9_HU210_9_replicate3.sdf']","[-4.42, -4.42, -4.42, -4.42, -4.42, -4.42, -4.42, -4.42, -4.42, -4.42]"
Testosterone,2am9,4,"['/home/screener/files/prost_canc/crest_vinardo/results/2am9/replicate 4/Testosterone/2am9_Testosterone_1_replicate4.pdbqt', '/home/screener/files/prost_canc/crest_vinardo/results/2am9/replicate 4/Testosterone/2am9_Testosterone_0_replicate4.pdbqt', '/home/screener/files/prost_canc/crest_vinardo/results/2am9/replicate 4/Testosterone/2am9_Testosterone_5_replicate4.pdbqt', '/home/screener/files/prost_canc/crest_vinardo/results/2am9/replicate 4/Testosterone/2am9_Testosterone_2_replicate4.pdbqt', '/home/screener/files/prost_canc/crest_vinardo/results/2am9/replicate 4/Testosterone/2am9_Testosterone_3_replicate4.pdbqt', '/home/screener/files/prost_canc/crest_vinardo/results/2am9/replicate 4/Testosterone/2am9_Testosterone_4_replicate4.pdbqt', '/home/screener/files/prost_canc/crest_vinardo/results/2am9/replicate 4/Testosterone/2am9_Testosterone_6_replicate4.pdbqt']","['/home/screener/files/prost_canc/crest_vinardo/results/2am9/replicate 4/Testosterone/2am9_Testosterone_1_replicate4.sdf', '/home/screener/files/prost_canc/crest_vinardo/results/2am9/replicate 4/Testosterone/2am9_Testosterone_0_replicate4.sdf', '/home/screener/files/prost_canc/crest_vinardo/results/2am9/replicate 4/Testosterone/2am9_Testosterone_5_replicate4.sdf', '/home/screener/files/prost_canc/crest_vinardo/results/2am9/replicate 4/Testosterone/2am9_Testosterone_2_replicate4.sdf', '/home/screener/files/prost_canc/crest_vinardo/results/2am9/replicate 4/Testosterone/2am9_Testosterone_3_replicate4.sdf', '/home/screener/files/prost_canc/crest_vinardo/results/2am9/replicate 4/Testosterone/2am9_Testosterone_4_replicate4.sdf', '/home/screener/files/prost_canc/crest_vinardo/results/2am9/replicate 4/Testosterone/2am9_Testosterone_6_replicate4.sdf']","[-10.606, -10.606, -10.606, -10.606, -10.606, -10.606, -10.606]"
DTHC,2am9,4,"['/home/screener/files/prost_canc/crest_vinardo/results/2am9/replicate 4/DTHC/2am9_DTHC_0_replicate4.pdbqt', '/home/screener/files/prost_canc/crest_vinardo/results/2am9/replicate 4/DTHC/2am9_DTHC_1_replicate4.pdbqt', '/home/screener/files/prost_canc/crest_vinardo/results/2am9/replicate 4/DTHC/2am9_DTHC_3_replicate4.pdbqt', '/home/screener/files/prost_canc/crest_vinardo/results/2am9/replicate 4/DTHC/2am9_DTHC_2_replicate4.pdbqt', '/home/screener/files/prost_canc/crest_vinardo/results/2am9/replicate 4/DTHC/2am9_DTHC_5_replicate4.pdbqt', '/home/screener/files/prost_canc/crest_vinardo/results/2am9/replicate 4/DTHC/2am9_DTHC_4_replicate4.pdbqt', '/home/screener/files/prost_canc/crest_vinardo/results/2am9/replicate 4/DTHC/2am9_DTHC_6_replicate4.pdbqt', '/home/screener/files/prost_canc/crest_vinardo/results/2am9/replicate 4/DTHC/2am9_DTHC_7_replicate4.pdbqt', '/home/screener/files/prost_canc/crest_vinardo/results/2am9/replicate 4/DTHC/2am9_DTHC_9_replicate4.pdbqt', '/home/screener/files/prost_canc/crest_vinardo/results/2am9/replicate 4/DTHC/2am9_DTHC_8_replicate4.pdbqt']","['/home/screener/files/prost_canc/crest_vinardo/results/2am9/replicate 4/DTHC/2am9_DTHC_0_replicate4.sdf', '/home/screener/files/prost_canc/crest_vinardo/results/2am9/replicate 4/DTHC/2am9_DTHC_1_replicate4.sdf', '/home/screener/files/prost_canc/crest_vinardo/results/2am9/replicate 4/DTHC/2am9_DTHC_3_replicate4.sdf', '/home/screener/files/prost_canc/crest_vinardo/results/2am9/replicate 4/DTHC/2am9_DTHC_2_replicate4.sdf', '/home/screener/files/prost_canc/crest_vinardo/results/2am9/replicate 4/DTHC/2am9_DTHC_5_replicate4.sdf', '/home/screener/files/prost_canc/crest_vinardo/results/2am9/replicate 4/DTHC/2am9_DTHC_4_replicate4.sdf', '/home/screener/files/prost_canc/crest_vinardo/results/2am9/replicate 4/DTHC/2am9_DTHC_6_replicate4.sdf', '/home/screener/files/prost_canc/crest_vinardo/results/2am9/replicate 4/DTHC/2am9_DTHC_7_replicate4.sdf', '/home/screener/files/prost_canc/crest_vinardo/results/2am9/replicate 4/DTHC/2am9_DTHC_9_replicate4.sdf', '/home/screener/files/prost_canc/crest_vinardo/results/2am9/replicate 4/DTHC/2am9_DTHC_8_replicate4.sdf']","[-6.31, -6.31, -6.31, -6.31, -6.31, -6.31, -6.31, -6.31, -6.31, -6.31]"
LTHC,2am9,4,"['/home/screener/files/prost_canc/crest_vinardo/results/2am9/replicate 4/LTHC/2am9_LTHC_0_replicate4.pdbqt', '/home/screener/files/prost_canc/crest_vinardo/results/2am9/replicate 4/LTHC/2am9_LTHC_3_replicate4.pdbqt', '/home/screener/files/prost_canc/crest_vinardo/results/2am9/replicate 4/LTHC/2am9_LTHC_1_replicate4.pdbqt', '/home/screener/files/prost_canc/crest_vinardo/results/2am9/replicate 4/LTHC/2am9_LTHC_2_replicate4.pdbqt', '/home/screener/files/prost_canc/crest_vinardo/results/2am9/replicate 4/LTHC/2am9_LTHC_4_replicate4.pdbqt', '/home/screener/files/prost_canc/crest_vinardo/results/2am9/replicate 4/LTHC/2am9_LTHC_6_replicate4.pdbqt', '/home/screener/files/prost_canc/crest_vinardo/results/2am9/replicate 4/LTHC/2am9_LTHC_5_replicate4.pdbqt', '/home/screener/files/prost_canc/crest_vinardo/results/2am9/replicate 4/LTHC/2am9_LTHC_7_replicate4.pdbqt', '/home/screener/files/prost_canc/crest_vinardo/results/2am9/replicate 4/LTHC/2am9_LTHC_9_replicate4.pdbqt', '/home/screener/files/prost_canc/crest_vinardo/results/2am9/replicate 4/LTHC/2am9_LTHC_8_replicate4.pdbqt']","['/home/screener/files/prost_canc/crest_vinardo/results/2am9/replicate 4/LTHC/2am9_LTHC_0_replicate4.sdf', '/home/screener/files/prost_canc/crest_vinardo/results/2am9/replicate 4/LTHC/2am9_LTHC_3_replicate4.sdf', '/home/screener/files/prost_canc/crest_vinardo/results/2am9/replicate 4/LTHC/2am9_LTHC_1_replicate4.sdf', '/home/screener/files/prost_canc/crest_vinardo/results/2am9/replicate 4/LTHC/2am9_LTHC_2_replicate4.sdf', '/home/screener/files/prost_canc/crest_vinardo/results/2am9/replicate 4/LTHC/2am9_LTHC_4_replicate4.sdf', '/home/screener/files/prost_canc/crest_vinardo/results/2am9/replicate 4/LTHC/2am9_LTHC_6_replicate4.sdf', '/home/screener/files/prost_canc/crest_vinardo/results/2am9/replicate 4/LTHC/2am9_LTHC_5_replicate4.sdf', '/home/screener/files/prost_canc/crest_vinardo/results/2am9/replicate 4/LTHC/2am9_LTHC_7_replicate4.sdf', '/home/screener/files/prost_canc/crest_vinardo/results/2am9/replicate 4/LTHC/2am9_LTHC_9_replicate4.sdf', '/home/screener/files/prost_canc/crest_vinardo/results/2am9/replicate 4/LTHC/2am9_LTHC_8_replicate4.sdf']","[-6.307, -6.307, -6.307, -6.307, -6.307, -6.307, -6.307, -6.307, -6.307, -6.307]"
R1881,2am9,4,"['/home/screener/files/prost_canc/crest_vinardo/results/2am9/replicate 4/R1881/2am9_R1881_0_replicate4.pdbqt', '/home/screener/files/prost_canc/crest_vinardo/results/2am9/replicate 4/R1881/2am9_R1881_1_replicate4.pdbqt', '/home/screener/files/prost_canc/crest_vinardo/results/2am9/replicate 4/R1881/2am9_R1881_2_replicate4.pdbqt', '/home/screener/files/prost_canc/crest_vinardo/results/2am9/replicate 4/R1881/2am9_R1881_3_replicate4.pdbqt', '/home/screener/files/prost_canc/crest_vinardo/results/2am9/replicate 4/R1881/2am9_R1881_4_replicate4.pdbqt', '/home/screener/files/prost_canc/crest_vinardo/results/2am9/replicate 4/R1881/2am9_R1881_5_replicate4.pdbqt', '/home/screener/files/prost_canc/crest_vinardo/results/2am9/replicate 4/R1881/2am9_R1881_6_replicate4.pdbqt', '/home/screener/files/prost_canc/crest_vinardo/results/2am9/replicate 4/R1881/2am9_R1881_7_replicate4.pdbqt', '/home/screener/files/prost_canc/crest_vinardo/results/2am9/replicate 4/R1881/2am9_R1881_8_replicate4.pdbqt']","['/home/screener/files/prost_canc/crest_vinardo/results/2am9/replicate 4/R1881/2am9_R1881_0_replicate4.sdf', '/home/screener/files/prost_canc/crest_vinardo/results/2am9/replicate 4/R1881/2am9_R1881_1_replicate4.sdf', '/home/screener/files/prost_canc/crest_vinardo/results/2am9/replicate 4/R1881/2am9_R1881_2_replicate4.sdf', '/home/screener/files/prost_canc/crest_vinardo/results/2am9/replicate 4/R1881/2am9_R1881_3_replicate4.sdf', '/home/screener/files/prost_canc/crest_vinardo/results/2am9/replicate 4/R1881/2am9_R1881_4_replicate4.sdf', '/home/screener/files/prost_canc/crest_vinardo/results/2am9/replicate 4/R1881/2am9_R1881_5_replicate4.sdf', '/home/screener/files/prost_canc/crest_vinardo/results/2am9/replicate 4/R1881/2am9_R1881_6_replicate4.sdf', '/home/screener/files/prost_canc/crest_vinardo/results/2am9/replicate 4/R1881/2am9_R1881_7_replicate4.sdf', '/home/screener/files/prost_canc/crest_vinardo/results/2am9/replicate 4/R1881/2am9_R1881_8_replicate4.sdf']","[-10.015, -10.015, -10.015, -10.015, -10.015, -10.015, -10.015, -10.015, -10.015]"
DHT,2am9,4,"['/home/screener/files/prost_canc/crest_vinardo/results/2am9/replicate 4/DHT/2am9_DHT_0_replicate4.pdbqt', '/home/screener/files/prost_canc/crest_vinardo/results/2am9/replicate 4/DHT/2am9_DHT_1_replicate4.pdbqt', '/home/screener/files/prost_canc/crest_vinardo/results/2am9/replicate 4/DHT/2am9_DHT_2_replicate4.pdbqt', '/home/screener/files/prost_canc/crest_vinardo/results/2am9/replicate 4/DHT/2am9_DHT_3_replicate4.pdbqt', '/home/screener/files/prost_canc/crest_vinardo/results/2am9/replicate 4/DHT/2am9_DHT_4_replicate4.pdbqt', '/home/screener/files/prost_canc/crest_vinardo/results/2am9/replicate 4/DHT/2am9_DHT_5_replicate4.pdbqt', '/home/screener/files/prost_canc/crest_vinardo/results/2am9/replicate 4/DHT/2am9_DHT_6_replicate4.pdbqt', '/home/screener/files/prost_canc/crest_vinardo/results/2am9/replicate 4/DHT/2am9_DHT_7_replicate4.pdbqt']","['/home/screener/files/prost_canc/crest_vinardo/results/2am9/replicate 4/DHT/2am9_DHT_0_replicate4.sdf', '/home/screener/files/prost_canc/crest_vinardo/results/2am9/replicate 4/DHT/2am9_DHT_1_replicate4.sdf', '/home/screener/files/prost_canc/crest_vinardo/results/2am9/replicate 4/DHT/2am9_DHT_2_replicate4.sdf', '/home/screener/files/prost_canc/crest_vinardo/results/2am9/replicate 4/DHT/2am9_DHT_3_replicate4.sdf', '/home/screener/files/prost_canc/crest_vinardo/results/2am9/replicate 4/DHT/2am9_DHT_4_replicate4.sdf', '/home/screener/files/prost_canc/crest_vinardo/results/2am9/replicate 4/DHT/2am9_DHT_5_replicate4.sdf', '/home/screener/files/prost_canc/crest_vinardo/results/2am9/replicate 4/DHT/2am9_DHT_6_replicate4.sdf', '/home/screener/files/prost_canc/crest_vinardo/results/2am9/replicate 4/DHT/2am9_DHT_7_replicate4.sdf']","[-10.948, -10.948, -10.948, -10.948, -10.948, -10.948, -10.948, -10.948]"
RBICALUTAMIDE,2am9,4,"['/home/screener/files/prost_canc/crest_vinardo/results/2am9/replicate 4/RBICALUTAMIDE/2am9_RBICALUTAMIDE_0_replicate4.pdbqt', '/home/screener/files/prost_canc/crest_vinardo/results/2am9/replicate 4/RBICALUTAMIDE/2am9_RBICALUTAMIDE_1_replicate4.pdbqt', '/home/screener/files/prost_canc/crest_vinardo/results/2am9/replicate 4/RBICALUTAMIDE/2am9_RBICALUTAMIDE_3_replicate4.pdbqt', '/home/screener/files/prost_canc/crest_vinardo/results/2am9/replicate 4/RBICALUTAMIDE/2am9_RBICALUTAMIDE_2_replicate4.pdbqt', '/home/screener/files/prost_canc/crest_vinardo/results/2am9/replicate 4/RBICALUTAMIDE/2am9_RBICALUTAMIDE_5_replicate4.pdbqt', '/home/screener/files/prost_canc/crest_vinardo/results/2am9/replicate 4/RBICALUTAMIDE/2am9_RBICALUTAMIDE_4_replicate4.pdbqt', '/home/screener/files/prost_canc/crest_vinardo/results/2am9/replicate 4/RBICALUTAMIDE/2am9_RBICALUTAMIDE_6_replicate4.pdbqt', '/home/screener/files/prost_canc/crest_vinardo/results/2am9/replicate 4/RBICALUTAMIDE/2am9_RBICALUTAMIDE_7_replicate4.pdbqt', '/home/screener/files/prost_canc/crest_vinardo/results/2am9/replicate 4/RBICALUTAMIDE/2am9_RBICALUTAMIDE_9_replicate4.pdbqt', '/home/screener/files/prost_canc/crest_vinardo/results/2am9/replicate 4/RBICALUTAMIDE/2am9_RBICALUTAMIDE_8_replicate4.pdbqt']","['/home/screener/files/prost_canc/crest_vinardo/results/2am9/replicate 4/RBICALUTAMIDE/2am9_RBICALUTAMIDE_0_replicate4.sdf', '/home/screener/files/prost_canc/crest_vinardo/results/2am9/replicate 4/RBICALUTAMIDE/2am9_RBICALUTAMIDE_1_replicate4.sdf', '/home/screener/files/prost_canc/crest_vinardo/results/2am9/replicate 4/RBICALUTAMIDE/2am9_RBICALUTAMIDE_3_replicate4.sdf', '/home/screener/files/prost_canc/crest_vinardo/results/2am9/replicate 4/RBICALUTAMIDE/2am9_RBICALUTAMIDE_2_replicate4.sdf', '/home/screener/files/prost_canc/crest_vinardo/results/2am9/replicate 4/RBICALUTAMIDE/2am9_RBICALUTAMIDE_5_replicate4.sdf', '/home/screener/files/prost_canc/crest_vinardo/results/2am9/replicate 4/RBICALUTAMIDE/2am9_RBICALUTAMIDE_4_replicate4.sdf', '/home/screener/files/prost_canc/crest_vinardo/results/2am9/replicate 4/RBICALUTAMIDE/2am9_RBICALUTAMIDE_6_replicate4.sdf', '/home/screener/files/prost_canc/crest_vinardo/results/2am9/replicate 4/RBICALUTAMIDE/2am9_RBICALUTAMIDE_7_replicate4.sdf', '/home/screener/files/prost_canc/crest_vinardo/results/2am9/replicate 4/RBICALUTAMIDE/2am9_RBICALUTAMIDE_9_replicate4.sdf', '/home/screener/files/prost_canc/crest_vinardo/results/2am9/replicate 4/RBICALUTAMIDE/2am9_RBICALUTAMIDE_8_replicate4.sdf']","[-6.254, -6.254, -6.254, -6.254, -6.254, -6.254, -6.254, -6.254, -6.254, -6.254]"
CBN,2am9,4,"['/home/screener/files/prost_canc/crest_vinardo/results/2am9/replicate 4/CBN/2am9_CBN_0_replicate4.pdbqt', '/home/screener/files/prost_canc/crest_vinardo/results/2am9/replicate 4/CBN/2am9_CBN_1_replicate4.pdbqt', '/home/screener/files/prost_canc/crest_vinardo/results/2am9/replicate 4/CBN/2am9_CBN_2_replicate4.pdbqt', '/home/screener/files/prost_canc/crest_vinardo/results/2am9/replicate 4/CBN/2am9_CBN_3_replicate4.pdbqt', '/home/screener/files/prost_canc/crest_vinardo/results/2am9/replicate 4/CBN/2am9_CBN_4_replicate4.pdbqt', '/home/screener/files/prost_canc/crest_vinardo/results/2am9/replicate 4/CBN/2am9_CBN_5_replicate4.pdbqt', '/home/screener/files/prost_canc/crest_vinardo/results/2am9/replicate 4/CBN/2am9_CBN_6_replicate4.pdbqt', '/home/screener/files/prost_canc/crest_vinardo/results/2am9/replicate 4/CBN/2am9_CBN_7_replicate4.pdbqt', '/home/screener/files/prost_canc/crest_vinardo/results/2am9/replicate 4/CBN/2am9_CBN_8_replicate4.pdbqt', '/home/screener/files/prost_canc/crest_vinardo/results/2am9/replicate 4/CBN/2am9_CBN_9_replicate4.pdbqt']","['/home/screener/files/prost_canc/crest_vinardo/results/2am9/replicate 4/CBN/2am9_CBN_0_replicate4.sdf', '/home/screener/files/prost_canc/crest_vinardo/results/2am9/replicate 4/CBN/2am9_CBN_1_replicate4.sdf', '/home/screener/files/prost_canc/crest_vinardo/results/2am9/replicate 4/CBN/2am9_CBN_2_replicate4.sdf', '/home/screener/files/prost_canc/crest_vinardo/results/2am9/replicate 4/CBN/2am9_CBN_3_replicate4.sdf', '/home/screener/files/prost_canc/crest_vinardo/results/2am9/replicate 4/CBN/2am9_CBN_4_replicate4.sdf', '/home/screener/files/prost_canc/crest_vinardo/results/2am9/replicate 4/CBN/2am9_CBN_5_replicate4.sdf', '/home/screener/files/prost_canc/crest_vinardo/results/2am9/replicate 4/CBN/2am9_CBN_6_replicate4.sdf', '/home/screener/files/prost_canc/crest_vinardo/results/2am9/replicate 4/CBN/2am9_CBN_7_replicate4.sdf', '/home/screener/files/prost_canc/crest_vinardo/results/2am9/replicate 4/CBN/2am9_CBN_8_replicate4.sdf', '/home/screener/files/prost_canc/crest_vinardo/results/2am9/replicate 4/CBN/2am9_CBN_9_replicate4.sdf']","[-7.168, -7.168, -7.168, -7.168, -7.168, -7.168, -7.168, -7.168, -7.168, -7.168]"
CBD,2am9,4,"['/home/screener/files/prost_canc/crest_vinardo/results/2am9/replicate 4/CBD/2am9_CBD_0_replicate4.pdbqt', '/home/screener/files/prost_canc/crest_vinardo/results/2am9/replicate 4/CBD/2am9_CBD_1_replicate4.pdbqt', '/home/screener/files/prost_canc/crest_vinardo/results/2am9/replicate 4/CBD/2am9_CBD_2_replicate4.pdbqt', '/home/screener/files/prost_canc/crest_vinardo/results/2am9/replicate 4/CBD/2am9_CBD_3_replicate4.pdbqt', '/home/screener/files/prost_canc/crest_vinardo/results/2am9/replicate 4/CBD/2am9_CBD_4_replicate4.pdbqt', '/home/screener/files/prost_canc/crest_vinardo/results/2am9/replicate 4/CBD/2am9_CBD_5_replicate4.pdbqt', '/home/screener/files/prost_canc/crest_vinardo/results/2am9/replicate 4/CBD/2am9_CBD_6_replicate4.pdbqt', '/home/screener/files/prost_canc/crest_vinardo/results/2am9/replicate 4/CBD/2am9_CBD_7_replicate4.pdbqt', '/home/screener/files/prost_canc/crest_vinardo/results/2am9/replicate 4/CBD/2am9_CBD_8_replicate4.pdbqt', '/home/screener/files/prost_canc/crest_vinardo/results/2am9/replicate 4/CBD/2am9_CBD_9_replicate4.pdbqt']","['/home/screener/files/prost_canc/crest_vinardo/results/2am9/replicate 4/CBD/2am9_CBD_0_replicate4.sdf', '/home/screener/files/prost_canc/crest_vinardo/results/2am9/replicate 4/CBD/2am9_CBD_1_replicate4.sdf', '/home/screener/files/prost_canc/crest_vinardo/results/2am9/replicate 4/CBD/2am9_CBD_2_replicate4.sdf', '/home/screener/files/prost_canc/crest_vinardo/results/2am9/replicate 4/CBD/2am9_CBD_3_replicate4.sdf', '/home/screener/files/prost_canc/crest_vinardo/results/2am9/replicate 4/CBD/2am9_CBD_4_replicate4.sdf', '/home/screener/files/prost_canc/crest_vinardo/results/2am9/replicate 4/CBD/2am9_CBD_5_replicate4.sdf', '/home/screener/files/prost_canc/crest_vinardo/results/2am9/replicate 4/CBD/2am9_CBD_6_replicate4.sdf', '/home/screener/files/prost_canc/crest_vinardo/results/2am9/replicate 4/CBD/2am9_CBD_7_replicate4.sdf', '/home/screener/files/prost_canc/crest_vinardo/results/2am9/replicate 4/CBD/2am9_CBD_8_replicate4.sdf', '/home/screener/files/prost_canc/crest_vinardo/results/2am9/replicate 4/CBD/2am9_CBD_9_replicate4.sdf']","[-6.669, -6.669, -6.669, -6.669, -6.669, -6.669, -6.669, -6.669, -6.669, -6.669]"
MDMBCHMINACA,2am9,4,"['/home/screener/files/prost_canc/crest_vinardo/results/2am9/replicate 4/MDMBCHMINACA/2am9_MDMBCHMINACA_0_replicate4.pdbqt', '/home/screener/files/prost_canc/crest_vinardo/results/2am9/replicate 4/MDMBCHMINACA/2am9_MDMBCHMINACA_1_replicate4.pdbqt', '/home/screener/files/prost_canc/crest_vinardo/results/2am9/replicate 4/MDMBCHMINACA/2am9_MDMBCHMINACA_3_replicate4.pdbqt', '/home/screener/files/prost_canc/crest_vinardo/results/2am9/replicate 4/MDMBCHMINACA/2am9_MDMBCHMINACA_2_replicate4.pdbqt', '/home/screener/files/prost_canc/crest_vinardo/results/2am9/replicate 4/MDMBCHMINACA/2am9_MDMBCHMINACA_4_replicate4.pdbqt', '/home/screener/files/prost_canc/crest_vinardo/results/2am9/replicate 4/MDMBCHMINACA/2am9_MDMBCHMINACA_5_replicate4.pdbqt', '/home/screener/files/prost_canc/crest_vinardo/results/2am9/replicate 4/MDMBCHMINACA/2am9_MDMBCHMINACA_6_replicate4.pdbqt', '/home/screener/files/prost_canc/crest_vinardo/results/2am9/replicate 4/MDMBCHMINACA/2am9_MDMBCHMINACA_7_replicate4.pdbqt', '/home/screener/files/prost_canc/crest_vinardo/results/2am9/replicate 4/MDMBCHMINACA/2am9_MDMBCHMINACA_8_replicate4.pdbqt', '/home/screener/files/prost_canc/crest_vinardo/results/2am9/replicate 4/MDMBCHMINACA/2am9_MDMBCHMINACA_9_replicate4.pdbqt']","['/home/screener/files/prost_canc/crest_vinardo/results/2am9/replicate 4/MDMBCHMINACA/2am9_MDMBCHMINACA_0_replicate4.sdf', '/home/screener/files/prost_canc/crest_vinardo/results/2am9/replicate 4/MDMBCHMINACA/2am9_MDMBCHMINACA_1_replicate4.sdf', '/home/screener/files/prost_canc/crest_vinardo/results/2am9/replicate 4/MDMBCHMINACA/2am9_MDMBCHMINACA_3_replicate4.sdf', '/home/screener/files/prost_canc/crest_vinardo/results/2am9/replicate 4/MDMBCHMINACA/2am9_MDMBCHMINACA_2_replicate4.sdf', '/home/screener/files/prost_canc/crest_vinardo/results/2am9/replicate 4/MDMBCHMINACA/2am9_MDMBCHMINACA_4_replicate4.sdf', '/home/screener/files/prost_canc/crest_vinardo/results/2am9/replicate 4/MDMBCHMINACA/2am9_MDMBCHMINACA_5_replicate4.sdf', '/home/screener/files/prost_canc/crest_vinardo/results/2am9/replicate 4/MDMBCHMINACA/2am9_MDMBCHMINACA_6_replicate4.sdf', '/home/screener/files/prost_canc/crest_vinardo/results/2am9/replicate 4/MDMBCHMINACA/2am9_MDMBCHMINACA_7_replicate4.sdf', '/home/screener/files/prost_canc/crest_vinardo/results/2am9/replicate 4/MDMBCHMINACA/2am9_MDMBCHMINACA_8_replicate4.sdf', '/home/screener/files/prost_canc/crest_vinardo/results/2am9/replicate 4/MDMBCHMINACA/2am9_MDMBCHMINACA_9_replicate4.sdf']","[-4.631, -4.631, -4.631, -4.631, -4.631, -4.631, -4.631, -4.631, -4.631, -4.631]"
5FAKB48,2am9,4,"['/home/screener/files/prost_canc/crest_vinardo/results/2am9/replicate 4/5FAKB48/2am9_5FAKB48_0_replicate4.pdbqt', '/home/screener/files/prost_canc/crest_vinardo/results/2am9/replicate 4/5FAKB48/2am9_5FAKB48_1_replicate4.pdbqt', '/home/screener/files/prost_canc/crest_vinardo/results/2am9/replicate 4/5FAKB48/2am9_5FAKB48_2_replicate4.pdbqt', '/home/screener/files/prost_canc/crest_vinardo/results/2am9/replicate 4/5FAKB48/2am9_5FAKB48_3_replicate4.pdbqt', '/home/screener/files/prost_canc/crest_vinardo/results/2am9/replicate 4/5FAKB48/2am9_5FAKB48_4_replicate4.pdbqt', '/home/screener/files/prost_canc/crest_vinardo/results/2am9/replicate 4/5FAKB48/2am9_5FAKB48_5_replicate4.pdbqt', '/home/screener/files/prost_canc/crest_vinardo/results/2am9/replicate 4/5FAKB48/2am9_5FAKB48_6_replicate4.pdbqt', '/home/screener/files/prost_canc/crest_vinardo/results/2am9/replicate 4/5FAKB48/2am9_5FAKB48_7_replicate4.pdbqt', '/home/screener/files/prost_canc/crest_vinardo/results/2am9/replicate 4/5FAKB48/2am9_5FAKB48_8_replicate4.pdbqt', '/home/screener/files/prost_canc/crest_vinardo/results/2am9/replicate 4/5FAKB48/2am9_5FAKB48_9_replicate4.pdbqt']","['/home/screener/files/prost_canc/crest_vinardo/results/2am9/replicate 4/5FAKB48/2am9_5FAKB48_0_replicate4.sdf', '/home/screener/files/prost_canc/crest_vinardo/results/2am9/replicate 4/5FAKB48/2am9_5FAKB48_1_replicate4.sdf', '/home/screener/files/prost_canc/crest_vinardo/results/2am9/replicate 4/5FAKB48/2am9_5FAKB48_2_replicate4.sdf', '/home/screener/files/prost_canc/crest_vinardo/results/2am9/replicate 4/5FAKB48/2am9_5FAKB48_3_replicate4.sdf', '/home/screener/files/prost_canc/crest_vinardo/results/2am9/replicate 4/5FAKB48/2am9_5FAKB48_4_replicate4.sdf', '/home/screener/files/prost_canc/crest_vinardo/results/2am9/replicate 4/5FAKB48/2am9_5FAKB48_5_replicate4.sdf', '/home/screener/files/prost_canc/crest_vinardo/results/2am9/replicate 4/5FAKB48/2am9_5FAKB48_6_replicate4.sdf', '/home/screener/files/prost_canc/crest_vinardo/results/2am9/replicate 4/5FAKB48/2am9_5FAKB48_7_replicate4.sdf', '/home/screener/files/prost_canc/crest_vinardo/results/2am9/replicate 4/5FAKB48/2am9_5FAKB48_8_replicate4.sdf', '/home/screener/files/prost_canc/crest_vinardo/results/2am9/replicate 4/5FAKB48/2am9_5FAKB48_9_replicate4.sdf']","[-7.128, -7.128, -7.128, -7.128, -7.128, -7.128, -7.128, -7.128, -7.128, -7.128]"
HU210,2am9,4,"['/home/screener/files/prost_canc/crest_vinardo/results/2am9/replicate 4/HU210/2am9_HU210_0_replicate4.pdbqt', '/home/screener/files/prost_canc/crest_vinardo/results/2am9/replicate 4/HU210/2am9_HU210_1_replicate4.pdbqt', '/home/screener/files/prost_canc/crest_vinardo/results/2am9/replicate 4/HU210/2am9_HU210_2_replicate4.pdbqt', '/home/screener/files/prost_canc/crest_vinardo/results/2am9/replicate 4/HU210/2am9_HU210_3_replicate4.pdbqt', '/home/screener/files/prost_canc/crest_vinardo/results/2am9/replicate 4/HU210/2am9_HU210_5_replicate4.pdbqt', '/home/screener/files/prost_canc/crest_vinardo/results/2am9/replicate 4/HU210/2am9_HU210_4_replicate4.pdbqt', '/home/screener/files/prost_canc/crest_vinardo/results/2am9/replicate 4/HU210/2am9_HU210_6_replicate4.pdbqt', '/home/screener/files/prost_canc/crest_vinardo/results/2am9/replicate 4/HU210/2am9_HU210_7_replicate4.pdbqt', '/home/screener/files/prost_canc/crest_vinardo/results/2am9/replicate 4/HU210/2am9_HU210_9_replicate4.pdbqt', '/home/screener/files/prost_canc/crest_vinardo/results/2am9/replicate 4/HU210/2am9_HU210_8_replicate4.pdbqt']","['/home/screener/files/prost_canc/crest_vinardo/results/2am9/replicate 4/HU210/2am9_HU210_0_replicate4.sdf', '/home/screener/files/prost_canc/crest_vinardo/results/2am9/replicate 4/HU210/2am9_HU210_1_replicate4.sdf', '/home/screener/files/prost_canc/crest_vinardo/results/2am9/replicate 4/HU210/2am9_HU210_2_replicate4.sdf', '/home/screener/files/prost_canc/crest_vinardo/results/2am9/replicate 4/HU210/2am9_HU210_3_replicate4.sdf', '/home/screener/files/prost_canc/crest_vinardo/results/2am9/replicate 4/HU210/2am9_HU210_5_replicate4.sdf', '/home/screener/files/prost_canc/crest_vinardo/results/2am9/replicate 4/HU210/2am9_HU210_4_replicate4.sdf', '/home/screener/files/prost_canc/crest_vinardo/results/2am9/replicate 4/HU210/2am9_HU210_6_replicate4.sdf', '/home/screener/files/prost_canc/crest_vinardo/results/2am9/replicate 4/HU210/2am9_HU210_7_replicate4.sdf', '/home/screener/files/prost_canc/crest_vinardo/results/2am9/replicate 4/HU210/2am9_HU210_9_replicate4.sdf', '/home/screener/files/prost_canc/crest_vinardo/results/2am9/replicate 4/HU210/2am9_HU210_8_replicate4.sdf']","[-4.42, -4.42, -4.42, -4.42, -4.42, -4.42, -4.42, -4.42, -4.42, -4.42]"
Testosterone,2am9,5,"['/home/screener/files/prost_canc/crest_vinardo/results/2am9/replicate 5/Testosterone/2am9_Testosterone_0_replicate5.pdbqt', '/home/screener/files/prost_canc/crest_vinardo/results/2am9/replicate 5/Testosterone/2am9_Testosterone_2_replicate5.pdbqt', '/home/screener/files/prost_canc/crest_vinardo/results/2am9/replicate 5/Testosterone/2am9_Testosterone_3_replicate5.pdbqt', '/home/screener/files/prost_canc/crest_vinardo/results/2am9/replicate 5/Testosterone/2am9_Testosterone_1_replicate5.pdbqt', '/home/screener/files/prost_canc/crest_vinardo/results/2am9/replicate 5/Testosterone/2am9_Testosterone_4_replicate5.pdbqt', '/home/screener/files/prost_canc/crest_vinardo/results/2am9/replicate 5/Testosterone/2am9_Testosterone_5_replicate5.pdbqt', '/home/screener/files/prost_canc/crest_vinardo/results/2am9/replicate 5/Testosterone/2am9_Testosterone_6_replicate5.pdbqt']","['/home/screener/files/prost_canc/crest_vinardo/results/2am9/replicate 5/Testosterone/2am9_Testosterone_0_replicate5.sdf', '/home/screener/files/prost_canc/crest_vinardo/results/2am9/replicate 5/Testosterone/2am9_Testosterone_2_replicate5.sdf', '/home/screener/files/prost_canc/crest_vinardo/results/2am9/replicate 5/Testosterone/2am9_Testosterone_3_replicate5.sdf', '/home/screener/files/prost_canc/crest_vinardo/results/2am9/replicate 5/Testosterone/2am9_Testosterone_1_replicate5.sdf', '/home/screener/files/prost_canc/crest_vinardo/results/2am9/replicate 5/Testosterone/2am9_Testosterone_4_replicate5.sdf', '/home/screener/files/prost_canc/crest_vinardo/results/2am9/replicate 5/Testosterone/2am9_Testosterone_5_replicate5.sdf', '/home/screener/files/prost_canc/crest_vinardo/results/2am9/replicate 5/Testosterone/2am9_Testosterone_6_replicate5.sdf']","[-10.606, -10.606, -10.606, -10.606, -10.606, -10.606, -10.606]"
DTHC,2am9,5,"['/home/screener/files/prost_canc/crest_vinardo/results/2am9/replicate 5/DTHC/2am9_DTHC_0_replicate5.pdbqt', '/home/screener/files/prost_canc/crest_vinardo/results/2am9/replicate 5/DTHC/2am9_DTHC_2_replicate5.pdbqt', '/home/screener/files/prost_canc/crest_vinardo/results/2am9/replicate 5/DTHC/2am9_DTHC_5_replicate5.pdbqt', '/home/screener/files/prost_canc/crest_vinardo/results/2am9/replicate 5/DTHC/2am9_DTHC_1_replicate5.pdbqt', '/home/screener/files/prost_canc/crest_vinardo/results/2am9/replicate 5/DTHC/2am9_DTHC_3_replicate5.pdbqt', '/home/screener/files/prost_canc/crest_vinardo/results/2am9/replicate 5/DTHC/2am9_DTHC_4_replicate5.pdbqt', '/home/screener/files/prost_canc/crest_vinardo/results/2am9/replicate 5/DTHC/2am9_DTHC_6_replicate5.pdbqt', '/home/screener/files/prost_canc/crest_vinardo/results/2am9/replicate 5/DTHC/2am9_DTHC_7_replicate5.pdbqt', '/home/screener/files/prost_canc/crest_vinardo/results/2am9/replicate 5/DTHC/2am9_DTHC_8_replicate5.pdbqt', '/home/screener/files/prost_canc/crest_vinardo/results/2am9/replicate 5/DTHC/2am9_DTHC_9_replicate5.pdbqt']","['/home/screener/files/prost_canc/crest_vinardo/results/2am9/replicate 5/DTHC/2am9_DTHC_0_replicate5.sdf', '/home/screener/files/prost_canc/crest_vinardo/results/2am9/replicate 5/DTHC/2am9_DTHC_2_replicate5.sdf', '/home/screener/files/prost_canc/crest_vinardo/results/2am9/replicate 5/DTHC/2am9_DTHC_5_replicate5.sdf', '/home/screener/files/prost_canc/crest_vinardo/results/2am9/replicate 5/DTHC/2am9_DTHC_1_replicate5.sdf', '/home/screener/files/prost_canc/crest_vinardo/results/2am9/replicate 5/DTHC/2am9_DTHC_3_replicate5.sdf', '/home/screener/files/prost_canc/crest_vinardo/results/2am9/replicate 5/DTHC/2am9_DTHC_4_replicate5.sdf', '/home/screener/files/prost_canc/crest_vinardo/results/2am9/replicate 5/DTHC/2am9_DTHC_6_replicate5.sdf', '/home/screener/files/prost_canc/crest_vinardo/results/2am9/replicate 5/DTHC/2am9_DTHC_7_replicate5.sdf', '/home/screener/files/prost_canc/crest_vinardo/results/2am9/replicate 5/DTHC/2am9_DTHC_8_replicate5.sdf', '/home/screener/files/prost_canc/crest_vinardo/results/2am9/replicate 5/DTHC/2am9_DTHC_9_replicate5.sdf']","[-6.31, -6.31, -6.31, -6.31, -6.31, -6.31, -6.31, -6.31, -6.31, -6.31]"
LTHC,2am9,5,"['/home/screener/files/prost_canc/crest_vinardo/results/2am9/replicate 5/LTHC/2am9_LTHC_2_replicate5.pdbqt', '/home/screener/files/prost_canc/crest_vinardo/results/2am9/replicate 5/LTHC/2am9_LTHC_1_replicate5.pdbqt', '/home/screener/files/prost_canc/crest_vinardo/results/2am9/replicate 5/LTHC/2am9_LTHC_0_replicate5.pdbqt', '/home/screener/files/prost_canc/crest_vinardo/results/2am9/replicate 5/LTHC/2am9_LTHC_3_replicate5.pdbqt', '/home/screener/files/prost_canc/crest_vinardo/results/2am9/replicate 5/LTHC/2am9_LTHC_4_replicate5.pdbqt', '/home/screener/files/prost_canc/crest_vinardo/results/2am9/replicate 5/LTHC/2am9_LTHC_5_replicate5.pdbqt', '/home/screener/files/prost_canc/crest_vinardo/results/2am9/replicate 5/LTHC/2am9_LTHC_6_replicate5.pdbqt', '/home/screener/files/prost_canc/crest_vinardo/results/2am9/replicate 5/LTHC/2am9_LTHC_7_replicate5.pdbqt', '/home/screener/files/prost_canc/crest_vinardo/results/2am9/replicate 5/LTHC/2am9_LTHC_8_replicate5.pdbqt', '/home/screener/files/prost_canc/crest_vinardo/results/2am9/replicate 5/LTHC/2am9_LTHC_9_replicate5.pdbqt']","['/home/screener/files/prost_canc/crest_vinardo/results/2am9/replicate 5/LTHC/2am9_LTHC_2_replicate5.sdf', '/home/screener/files/prost_canc/crest_vinardo/results/2am9/replicate 5/LTHC/2am9_LTHC_1_replicate5.sdf', '/home/screener/files/prost_canc/crest_vinardo/results/2am9/replicate 5/LTHC/2am9_LTHC_0_replicate5.sdf', '/home/screener/files/prost_canc/crest_vinardo/results/2am9/replicate 5/LTHC/2am9_LTHC_3_replicate5.sdf', '/home/screener/files/prost_canc/crest_vinardo/results/2am9/replicate 5/LTHC/2am9_LTHC_4_replicate5.sdf', '/home/screener/files/prost_canc/crest_vinardo/results/2am9/replicate 5/LTHC/2am9_LTHC_5_replicate5.sdf', '/home/screener/files/prost_canc/crest_vinardo/results/2am9/replicate 5/LTHC/2am9_LTHC_6_replicate5.sdf', '/home/screener/files/prost_canc/crest_vinardo/results/2am9/replicate 5/LTHC/2am9_LTHC_7_replicate5.sdf', '/home/screener/files/prost_canc/crest_vinardo/results/2am9/replicate 5/LTHC/2am9_LTHC_8_replicate5.sdf', '/home/screener/files/prost_canc/crest_vinardo/results/2am9/replicate 5/LTHC/2am9_LTHC_9_replicate5.sdf']","[-6.307, -6.307, -6.307, -6.307, -6.307, -6.307, -6.307, -6.307, -6.307, -6.307]"
R1881,2am9,5,"['/home/screener/files/prost_canc/crest_vinardo/results/2am9/replicate 5/R1881/2am9_R1881_0_replicate5.pdbqt', '/home/screener/files/prost_canc/crest_vinardo/results/2am9/replicate 5/R1881/2am9_R1881_1_replicate5.pdbqt', '/home/screener/files/prost_canc/crest_vinardo/results/2am9/replicate 5/R1881/2am9_R1881_2_replicate5.pdbqt', '/home/screener/files/prost_canc/crest_vinardo/results/2am9/replicate 5/R1881/2am9_R1881_3_replicate5.pdbqt', '/home/screener/files/prost_canc/crest_vinardo/results/2am9/replicate 5/R1881/2am9_R1881_4_replicate5.pdbqt', '/home/screener/files/prost_canc/crest_vinardo/results/2am9/replicate 5/R1881/2am9_R1881_5_replicate5.pdbqt', '/home/screener/files/prost_canc/crest_vinardo/results/2am9/replicate 5/R1881/2am9_R1881_6_replicate5.pdbqt', '/home/screener/files/prost_canc/crest_vinardo/results/2am9/replicate 5/R1881/2am9_R1881_8_replicate5.pdbqt', '/home/screener/files/prost_canc/crest_vinardo/results/2am9/replicate 5/R1881/2am9_R1881_7_replicate5.pdbqt']","['/home/screener/files/prost_canc/crest_vinardo/results/2am9/replicate 5/R1881/2am9_R1881_0_replicate5.sdf', '/home/screener/files/prost_canc/crest_vinardo/results/2am9/replicate 5/R1881/2am9_R1881_1_replicate5.sdf', '/home/screener/files/prost_canc/crest_vinardo/results/2am9/replicate 5/R1881/2am9_R1881_2_replicate5.sdf', '/home/screener/files/prost_canc/crest_vinardo/results/2am9/replicate 5/R1881/2am9_R1881_3_replicate5.sdf', '/home/screener/files/prost_canc/crest_vinardo/results/2am9/replicate 5/R1881/2am9_R1881_4_replicate5.sdf', '/home/screener/files/prost_canc/crest_vinardo/results/2am9/replicate 5/R1881/2am9_R1881_5_replicate5.sdf', '/home/screener/files/prost_canc/crest_vinardo/results/2am9/replicate 5/R1881/2am9_R1881_6_replicate5.sdf', '/home/screener/files/prost_canc/crest_vinardo/results/2am9/replicate 5/R1881/2am9_R1881_8_replicate5.sdf', '/home/screener/files/prost_canc/crest_vinardo/results/2am9/replicate 5/R1881/2am9_R1881_7_replicate5.sdf']","[-10.015, -10.015, -10.015, -10.015, -10.015, -10.015, -10.015, -10.015, -10.015]"
DHT,2am9,5,"['/home/screener/files/prost_canc/crest_vinardo/results/2am9/replicate 5/DHT/2am9_DHT_0_replicate5.pdbqt', '/home/screener/files/prost_canc/crest_vinardo/results/2am9/replicate 5/DHT/2am9_DHT_1_replicate5.pdbqt', '/home/screener/files/prost_canc/crest_vinardo/results/2am9/replicate 5/DHT/2am9_DHT_2_replicate5.pdbqt', '/home/screener/files/prost_canc/crest_vinardo/results/2am9/replicate 5/DHT/2am9_DHT_3_replicate5.pdbqt', '/home/screener/files/prost_canc/crest_vinardo/results/2am9/replicate 5/DHT/2am9_DHT_5_replicate5.pdbqt', '/home/screener/files/prost_canc/crest_vinardo/results/2am9/replicate 5/DHT/2am9_DHT_4_replicate5.pdbqt', '/home/screener/files/prost_canc/crest_vinardo/results/2am9/replicate 5/DHT/2am9_DHT_6_replicate5.pdbqt', '/home/screener/files/prost_canc/crest_vinardo/results/2am9/replicate 5/DHT/2am9_DHT_7_replicate5.pdbqt']","['/home/screener/files/prost_canc/crest_vinardo/results/2am9/replicate 5/DHT/2am9_DHT_0_replicate5.sdf', '/home/screener/files/prost_canc/crest_vinardo/results/2am9/replicate 5/DHT/2am9_DHT_1_replicate5.sdf', '/home/screener/files/prost_canc/crest_vinardo/results/2am9/replicate 5/DHT/2am9_DHT_2_replicate5.sdf', '/home/screener/files/prost_canc/crest_vinardo/results/2am9/replicate 5/DHT/2am9_DHT_3_replicate5.sdf', '/home/screener/files/prost_canc/crest_vinardo/results/2am9/replicate 5/DHT/2am9_DHT_5_replicate5.sdf', '/home/screener/files/prost_canc/crest_vinardo/results/2am9/replicate 5/DHT/2am9_DHT_4_replicate5.sdf', '/home/screener/files/prost_canc/crest_vinardo/results/2am9/replicate 5/DHT/2am9_DHT_6_replicate5.sdf', '/home/screener/files/prost_canc/crest_vinardo/results/2am9/replicate 5/DHT/2am9_DHT_7_replicate5.sdf']","[-10.948, -10.948, -10.948, -10.948, -10.948, -10.948, -10.948, -10.948]"
RBICALUTAMIDE,2am9,5,"['/home/screener/files/prost_canc/crest_vinardo/results/2am9/replicate 5/RBICALUTAMIDE/2am9_RBICALUTAMIDE_0_replicate5.pdbqt', '/home/screener/files/prost_canc/crest_vinardo/results/2am9/replicate 5/RBICALUTAMIDE/2am9_RBICALUTAMIDE_1_replicate5.pdbqt', '/home/screener/files/prost_canc/crest_vinardo/results/2am9/replicate 5/RBICALUTAMIDE/2am9_RBICALUTAMIDE_2_replicate5.pdbqt', '/home/screener/files/prost_canc/crest_vinardo/results/2am9/replicate 5/RBICALUTAMIDE/2am9_RBICALUTAMIDE_5_replicate5.pdbqt', '/home/screener/files/prost_canc/crest_vinardo/results/2am9/replicate 5/RBICALUTAMIDE/2am9_RBICALUTAMIDE_3_replicate5.pdbqt', '/home/screener/files/prost_canc/crest_vinardo/results/2am9/replicate 5/RBICALUTAMIDE/2am9_RBICALUTAMIDE_4_replicate5.pdbqt', '/home/screener/files/prost_canc/crest_vinardo/results/2am9/replicate 5/RBICALUTAMIDE/2am9_RBICALUTAMIDE_6_replicate5.pdbqt', '/home/screener/files/prost_canc/crest_vinardo/results/2am9/replicate 5/RBICALUTAMIDE/2am9_RBICALUTAMIDE_7_replicate5.pdbqt', '/home/screener/files/prost_canc/crest_vinardo/results/2am9/replicate 5/RBICALUTAMIDE/2am9_RBICALUTAMIDE_9_replicate5.pdbqt', '/home/screener/files/prost_canc/crest_vinardo/results/2am9/replicate 5/RBICALUTAMIDE/2am9_RBICALUTAMIDE_8_replicate5.pdbqt']","['/home/screener/files/prost_canc/crest_vinardo/results/2am9/replicate 5/RBICALUTAMIDE/2am9_RBICALUTAMIDE_0_replicate5.sdf', '/home/screener/files/prost_canc/crest_vinardo/results/2am9/replicate 5/RBICALUTAMIDE/2am9_RBICALUTAMIDE_1_replicate5.sdf', '/home/screener/files/prost_canc/crest_vinardo/results/2am9/replicate 5/RBICALUTAMIDE/2am9_RBICALUTAMIDE_2_replicate5.sdf', '/home/screener/files/prost_canc/crest_vinardo/results/2am9/replicate 5/RBICALUTAMIDE/2am9_RBICALUTAMIDE_5_replicate5.sdf', '/home/screener/files/prost_canc/crest_vinardo/results/2am9/replicate 5/RBICALUTAMIDE/2am9_RBICALUTAMIDE_3_replicate5.sdf', '/home/screener/files/prost_canc/crest_vinardo/results/2am9/replicate 5/RBICALUTAMIDE/2am9_RBICALUTAMIDE_4_replicate5.sdf', '/home/screener/files/prost_canc/crest_vinardo/results/2am9/replicate 5/RBICALUTAMIDE/2am9_RBICALUTAMIDE_6_replicate5.sdf', '/home/screener/files/prost_canc/crest_vinardo/results/2am9/replicate 5/RBICALUTAMIDE/2am9_RBICALUTAMIDE_7_replicate5.sdf', '/home/screener/files/prost_canc/crest_vinardo/results/2am9/replicate 5/RBICALUTAMIDE/2am9_RBICALUTAMIDE_9_replicate5.sdf', '/home/screener/files/prost_canc/crest_vinardo/results/2am9/replicate 5/RBICALUTAMIDE/2am9_RBICALUTAMIDE_8_replicate5.sdf']","[-6.254, -6.254, -6.254, -6.254, -6.254, -6.254, -6.254, -6.254, -6.254, -6.254]"
CBN,2am9,5,"['/home/screener/files/prost_canc/crest_vinardo/results/2am9/replicate 5/CBN/2am9_CBN_1_replicate5.pdbqt', '/home/screener/files/prost_canc/crest_vinardo/results/2am9/replicate 5/CBN/2am9_CBN_0_replicate5.pdbqt', '/home/screener/files/prost_canc/crest_vinardo/results/2am9/replicate 5/CBN/2am9_CBN_2_replicate5.pdbqt', '/home/screener/files/prost_canc/crest_vinardo/results/2am9/replicate 5/CBN/2am9_CBN_3_replicate5.pdbqt', '/home/screener/files/prost_canc/crest_vinardo/results/2am9/replicate 5/CBN/2am9_CBN_4_replicate5.pdbqt', '/home/screener/files/prost_canc/crest_vinardo/results/2am9/replicate 5/CBN/2am9_CBN_5_replicate5.pdbqt', '/home/screener/files/prost_canc/crest_vinardo/results/2am9/replicate 5/CBN/2am9_CBN_6_replicate5.pdbqt', '/home/screener/files/prost_canc/crest_vinardo/results/2am9/replicate 5/CBN/2am9_CBN_7_replicate5.pdbqt', '/home/screener/files/prost_canc/crest_vinardo/results/2am9/replicate 5/CBN/2am9_CBN_8_replicate5.pdbqt', '/home/screener/files/prost_canc/crest_vinardo/results/2am9/replicate 5/CBN/2am9_CBN_9_replicate5.pdbqt']","['/home/screener/files/prost_canc/crest_vinardo/results/2am9/replicate 5/CBN/2am9_CBN_1_replicate5.sdf', '/home/screener/files/prost_canc/crest_vinardo/results/2am9/replicate 5/CBN/2am9_CBN_0_replicate5.sdf', '/home/screener/files/prost_canc/crest_vinardo/results/2am9/replicate 5/CBN/2am9_CBN_2_replicate5.sdf', '/home/screener/files/prost_canc/crest_vinardo/results/2am9/replicate 5/CBN/2am9_CBN_3_replicate5.sdf', '/home/screener/files/prost_canc/crest_vinardo/results/2am9/replicate 5/CBN/2am9_CBN_4_replicate5.sdf', '/home/screener/files/prost_canc/crest_vinardo/results/2am9/replicate 5/CBN/2am9_CBN_5_replicate5.sdf', '/home/screener/files/prost_canc/crest_vinardo/results/2am9/replicate 5/CBN/2am9_CBN_6_replicate5.sdf', '/home/screener/files/prost_canc/crest_vinardo/results/2am9/replicate 5/CBN/2am9_CBN_7_replicate5.sdf', '/home/screener/files/prost_canc/crest_vinardo/results/2am9/replicate 5/CBN/2am9_CBN_8_replicate5.sdf', '/home/screener/files/prost_canc/crest_vinardo/results/2am9/replicate 5/CBN/2am9_CBN_9_replicate5.sdf']","[-7.168, -7.168, -7.168, -7.168, -7.168, -7.168, -7.168, -7.168, -7.168, -7.168]"
CBD,2am9,5,"['/home/screener/files/prost_canc/crest_vinardo/results/2am9/replicate 5/CBD/2am9_CBD_0_replicate5.pdbqt', '/home/screener/files/prost_canc/crest_vinardo/results/2am9/replicate 5/CBD/2am9_CBD_1_replicate5.pdbqt', '/home/screener/files/prost_canc/crest_vinardo/results/2am9/replicate 5/CBD/2am9_CBD_2_replicate5.pdbqt', '/home/screener/files/prost_canc/crest_vinardo/results/2am9/replicate 5/CBD/2am9_CBD_3_replicate5.pdbqt', '/home/screener/files/prost_canc/crest_vinardo/results/2am9/replicate 5/CBD/2am9_CBD_4_replicate5.pdbqt', '/home/screener/files/prost_canc/crest_vinardo/results/2am9/replicate 5/CBD/2am9_CBD_5_replicate5.pdbqt', '/home/screener/files/prost_canc/crest_vinardo/results/2am9/replicate 5/CBD/2am9_CBD_6_replicate5.pdbqt', '/home/screener/files/prost_canc/crest_vinardo/results/2am9/replicate 5/CBD/2am9_CBD_7_replicate5.pdbqt', '/home/screener/files/prost_canc/crest_vinardo/results/2am9/replicate 5/CBD/2am9_CBD_8_replicate5.pdbqt', '/home/screener/files/prost_canc/crest_vinardo/results/2am9/replicate 5/CBD/2am9_CBD_9_replicate5.pdbqt']","['/home/screener/files/prost_canc/crest_vinardo/results/2am9/replicate 5/CBD/2am9_CBD_0_replicate5.sdf', '/home/screener/files/prost_canc/crest_vinardo/results/2am9/replicate 5/CBD/2am9_CBD_1_replicate5.sdf', '/home/screener/files/prost_canc/crest_vinardo/results/2am9/replicate 5/CBD/2am9_CBD_2_replicate5.sdf', '/home/screener/files/prost_canc/crest_vinardo/results/2am9/replicate 5/CBD/2am9_CBD_3_replicate5.sdf', '/home/screener/files/prost_canc/crest_vinardo/results/2am9/replicate 5/CBD/2am9_CBD_4_replicate5.sdf', '/home/screener/files/prost_canc/crest_vinardo/results/2am9/replicate 5/CBD/2am9_CBD_5_replicate5.sdf', '/home/screener/files/prost_canc/crest_vinardo/results/2am9/replicate 5/CBD/2am9_CBD_6_replicate5.sdf', '/home/screener/files/prost_canc/crest_vinardo/results/2am9/replicate 5/CBD/2am9_CBD_7_replicate5.sdf', '/home/screener/files/prost_canc/crest_vinardo/results/2am9/replicate 5/CBD/2am9_CBD_8_replicate5.sdf', '/home/screener/files/prost_canc/crest_vinardo/results/2am9/replicate 5/CBD/2am9_CBD_9_replicate5.sdf']","[-6.669, -6.669, -6.669, -6.669, -6.669, -6.669, -6.669, -6.669, -6.669, -6.669]"
MDMBCHMINACA,2am9,5,"['/home/screener/files/prost_canc/crest_vinardo/results/2am9/replicate 5/MDMBCHMINACA/2am9_MDMBCHMINACA_0_replicate5.pdbqt', '/home/screener/files/prost_canc/crest_vinardo/results/2am9/replicate 5/MDMBCHMINACA/2am9_MDMBCHMINACA_1_replicate5.pdbqt', '/home/screener/files/prost_canc/crest_vinardo/results/2am9/replicate 5/MDMBCHMINACA/2am9_MDMBCHMINACA_2_replicate5.pdbqt', '/home/screener/files/prost_canc/crest_vinardo/results/2am9/replicate 5/MDMBCHMINACA/2am9_MDMBCHMINACA_3_replicate5.pdbqt', '/home/screener/files/prost_canc/crest_vinardo/results/2am9/replicate 5/MDMBCHMINACA/2am9_MDMBCHMINACA_4_replicate5.pdbqt', '/home/screener/files/prost_canc/crest_vinardo/results/2am9/replicate 5/MDMBCHMINACA/2am9_MDMBCHMINACA_5_replicate5.pdbqt', '/home/screener/files/prost_canc/crest_vinardo/results/2am9/replicate 5/MDMBCHMINACA/2am9_MDMBCHMINACA_6_replicate5.pdbqt', '/home/screener/files/prost_canc/crest_vinardo/results/2am9/replicate 5/MDMBCHMINACA/2am9_MDMBCHMINACA_7_replicate5.pdbqt', '/home/screener/files/prost_canc/crest_vinardo/results/2am9/replicate 5/MDMBCHMINACA/2am9_MDMBCHMINACA_8_replicate5.pdbqt', '/home/screener/files/prost_canc/crest_vinardo/results/2am9/replicate 5/MDMBCHMINACA/2am9_MDMBCHMINACA_9_replicate5.pdbqt']","['/home/screener/files/prost_canc/crest_vinardo/results/2am9/replicate 5/MDMBCHMINACA/2am9_MDMBCHMINACA_0_replicate5.sdf', '/home/screener/files/prost_canc/crest_vinardo/results/2am9/replicate 5/MDMBCHMINACA/2am9_MDMBCHMINACA_1_replicate5.sdf', '/home/screener/files/prost_canc/crest_vinardo/results/2am9/replicate 5/MDMBCHMINACA/2am9_MDMBCHMINACA_2_replicate5.sdf', '/home/screener/files/prost_canc/crest_vinardo/results/2am9/replicate 5/MDMBCHMINACA/2am9_MDMBCHMINACA_3_replicate5.sdf', '/home/screener/files/prost_canc/crest_vinardo/results/2am9/replicate 5/MDMBCHMINACA/2am9_MDMBCHMINACA_4_replicate5.sdf', '/home/screener/files/prost_canc/crest_vinardo/results/2am9/replicate 5/MDMBCHMINACA/2am9_MDMBCHMINACA_5_replicate5.sdf', '/home/screener/files/prost_canc/crest_vinardo/results/2am9/replicate 5/MDMBCHMINACA/2am9_MDMBCHMINACA_6_replicate5.sdf', '/home/screener/files/prost_canc/crest_vinardo/results/2am9/replicate 5/MDMBCHMINACA/2am9_MDMBCHMINACA_7_replicate5.sdf', '/home/screener/files/prost_canc/crest_vinardo/results/2am9/replicate 5/MDMBCHMINACA/2am9_MDMBCHMINACA_8_replicate5.sdf', '/home/screener/files/prost_canc/crest_vinardo/results/2am9/replicate 5/MDMBCHMINACA/2am9_MDMBCHMINACA_9_replicate5.sdf']","[-4.631, -4.631, -4.631, -4.631, -4.631, -4.631, -4.631, -4.631, -4.631, -4.631]"
5FAKB48,2am9,5,"['/home/screener/files/prost_canc/crest_vinardo/results/2am9/replicate 5/5FAKB48/2am9_5FAKB48_0_replicate5.pdbqt', '/home/screener/files/prost_canc/crest_vinardo/results/2am9/replicate 5/5FAKB48/2am9_5FAKB48_1_replicate5.pdbqt', '/home/screener/files/prost_canc/crest_vinardo/results/2am9/replicate 5/5FAKB48/2am9_5FAKB48_2_replicate5.pdbqt', '/home/screener/files/prost_canc/crest_vinardo/results/2am9/replicate 5/5FAKB48/2am9_5FAKB48_3_replicate5.pdbqt', '/home/screener/files/prost_canc/crest_vinardo/results/2am9/replicate 5/5FAKB48/2am9_5FAKB48_4_replicate5.pdbqt', '/home/screener/files/prost_canc/crest_vinardo/results/2am9/replicate 5/5FAKB48/2am9_5FAKB48_5_replicate5.pdbqt', '/home/screener/files/prost_canc/crest_vinardo/results/2am9/replicate 5/5FAKB48/2am9_5FAKB48_6_replicate5.pdbqt', '/home/screener/files/prost_canc/crest_vinardo/results/2am9/replicate 5/5FAKB48/2am9_5FAKB48_7_replicate5.pdbqt', '/home/screener/files/prost_canc/crest_vinardo/results/2am9/replicate 5/5FAKB48/2am9_5FAKB48_8_replicate5.pdbqt', '/home/screener/files/prost_canc/crest_vinardo/results/2am9/replicate 5/5FAKB48/2am9_5FAKB48_9_replicate5.pdbqt']","['/home/screener/files/prost_canc/crest_vinardo/results/2am9/replicate 5/5FAKB48/2am9_5FAKB48_0_replicate5.sdf', '/home/screener/files/prost_canc/crest_vinardo/results/2am9/replicate 5/5FAKB48/2am9_5FAKB48_1_replicate5.sdf', '/home/screener/files/prost_canc/crest_vinardo/results/2am9/replicate 5/5FAKB48/2am9_5FAKB48_2_replicate5.sdf', '/home/screener/files/prost_canc/crest_vinardo/results/2am9/replicate 5/5FAKB48/2am9_5FAKB48_3_replicate5.sdf', '/home/screener/files/prost_canc/crest_vinardo/results/2am9/replicate 5/5FAKB48/2am9_5FAKB48_4_replicate5.sdf', '/home/screener/files/prost_canc/crest_vinardo/results/2am9/replicate 5/5FAKB48/2am9_5FAKB48_5_replicate5.sdf', '/home/screener/files/prost_canc/crest_vinardo/results/2am9/replicate 5/5FAKB48/2am9_5FAKB48_6_replicate5.sdf', '/home/screener/files/prost_canc/crest_vinardo/results/2am9/replicate 5/5FAKB48/2am9_5FAKB48_7_replicate5.sdf', '/home/screener/files/prost_canc/crest_vinardo/results/2am9/replicate 5/5FAKB48/2am9_5FAKB48_8_replicate5.sdf', '/home/screener/files/prost_canc/crest_vinardo/results/2am9/replicate 5/5FAKB48/2am9_5FAKB48_9_replicate5.sdf']","[-7.128, -7.128, -7.128, -7.128, -7.128, -7.128, -7.128, -7.128, -7.128, -7.128]"
HU210,2am9,5,"['/home/screener/files/prost_canc/crest_vinardo/results/2am9/replicate 5/HU210/2am9_HU210_0_replicate5.pdbqt', '/home/screener/files/prost_canc/crest_vinardo/results/2am9/replicate 5/HU210/2am9_HU210_1_replicate5.pdbqt', '/home/screener/files/prost_canc/crest_vinardo/results/2am9/replicate 5/HU210/2am9_HU210_2_replicate5.pdbqt', '/home/screener/files/prost_canc/crest_vinardo/results/2am9/replicate 5/HU210/2am9_HU210_3_replicate5.pdbqt', '/home/screener/files/prost_canc/crest_vinardo/results/2am9/replicate 5/HU210/2am9_HU210_4_replicate5.pdbqt', '/home/screener/files/prost_canc/crest_vinardo/results/2am9/replicate 5/HU210/2am9_HU210_5_replicate5.pdbqt', '/home/screener/files/prost_canc/crest_vinardo/results/2am9/replicate 5/HU210/2am9_HU210_6_replicate5.pdbqt', '/home/screener/files/prost_canc/crest_vinardo/results/2am9/replicate 5/HU210/2am9_HU210_7_replicate5.pdbqt', '/home/screener/files/prost_canc/crest_vinardo/results/2am9/replicate 5/HU210/2am9_HU210_8_replicate5.pdbqt', '/home/screener/files/prost_canc/crest_vinardo/results/2am9/replicate 5/HU210/2am9_HU210_9_replicate5.pdbqt']","['/home/screener/files/prost_canc/crest_vinardo/results/2am9/replicate 5/HU210/2am9_HU210_0_replicate5.sdf', '/home/screener/files/prost_canc/crest_vinardo/results/2am9/replicate 5/HU210/2am9_HU210_1_replicate5.sdf', '/home/screener/files/prost_canc/crest_vinardo/results/2am9/replicate 5/HU210/2am9_HU210_2_replicate5.sdf', '/home/screener/files/prost_canc/crest_vinardo/results/2am9/replicate 5/HU210/2am9_HU210_3_replicate5.sdf', '/home/screener/files/prost_canc/crest_vinardo/results/2am9/replicate 5/HU210/2am9_HU210_4_replicate5.sdf', '/home/screener/files/prost_canc/crest_vinardo/results/2am9/replicate 5/HU210/2am9_HU210_5_replicate5.sdf', '/home/screener/files/prost_canc/crest_vinardo/results/2am9/replicate 5/HU210/2am9_HU210_6_replicate5.sdf', '/home/screener/files/prost_canc/crest_vinardo/results/2am9/replicate 5/HU210/2am9_HU210_7_replicate5.sdf', '/home/screener/files/prost_canc/crest_vinardo/results/2am9/replicate 5/HU210/2am9_HU210_8_replicate5.sdf', '/home/screener/files/prost_canc/crest_vinardo/results/2am9/replicate 5/HU210/2am9_HU210_9_replicate5.sdf']","[-4.42, -4.42, -4.42, -4.42, -4.42, -4.42, -4.42, -4.42, -4.42, -4.42]"
Testosterone,2am9,6,"['/home/screener/files/prost_canc/crest_vinardo/results/2am9/replicate 6/Testosterone/2am9_Testosterone_0_replicate6.pdbqt', '/home/screener/files/prost_canc/crest_vinardo/results/2am9/replicate 6/Testosterone/2am9_Testosterone_1_replicate6.pdbqt', '/home/screener/files/prost_canc/crest_vinardo/results/2am9/replicate 6/Testosterone/2am9_Testosterone_4_replicate6.pdbqt', '/home/screener/files/prost_canc/crest_vinardo/results/2am9/replicate 6/Testosterone/2am9_Testosterone_3_replicate6.pdbqt', '/home/screener/files/prost_canc/crest_vinardo/results/2am9/replicate 6/Testosterone/2am9_Testosterone_2_replicate6.pdbqt', '/home/screener/files/prost_canc/crest_vinardo/results/2am9/replicate 6/Testosterone/2am9_Testosterone_5_replicate6.pdbqt', '/home/screener/files/prost_canc/crest_vinardo/results/2am9/replicate 6/Testosterone/2am9_Testosterone_6_replicate6.pdbqt']","['/home/screener/files/prost_canc/crest_vinardo/results/2am9/replicate 6/Testosterone/2am9_Testosterone_0_replicate6.sdf', '/home/screener/files/prost_canc/crest_vinardo/results/2am9/replicate 6/Testosterone/2am9_Testosterone_1_replicate6.sdf', '/home/screener/files/prost_canc/crest_vinardo/results/2am9/replicate 6/Testosterone/2am9_Testosterone_4_replicate6.sdf', '/home/screener/files/prost_canc/crest_vinardo/results/2am9/replicate 6/Testosterone/2am9_Testosterone_3_replicate6.sdf', '/home/screener/files/prost_canc/crest_vinardo/results/2am9/replicate 6/Testosterone/2am9_Testosterone_2_replicate6.sdf', '/home/screener/files/prost_canc/crest_vinardo/results/2am9/replicate 6/Testosterone/2am9_Testosterone_5_replicate6.sdf', '/home/screener/files/prost_canc/crest_vinardo/results/2am9/replicate 6/Testosterone/2am9_Testosterone_6_replicate6.sdf']","[-10.606, -10.606, -10.606, -10.606, -10.606, -10.606, -10.606]"
DTHC,2am9,6,"['/home/screener/files/prost_canc/crest_vinardo/results/2am9/replicate 6/DTHC/2am9_DTHC_0_replicate6.pdbqt', '/home/screener/files/prost_canc/crest_vinardo/results/2am9/replicate 6/DTHC/2am9_DTHC_2_replicate6.pdbqt', '/home/screener/files/prost_canc/crest_vinardo/results/2am9/replicate 6/DTHC/2am9_DTHC_1_replicate6.pdbqt', '/home/screener/files/prost_canc/crest_vinardo/results/2am9/replicate 6/DTHC/2am9_DTHC_6_replicate6.pdbqt', '/home/screener/files/prost_canc/crest_vinardo/results/2am9/replicate 6/DTHC/2am9_DTHC_3_replicate6.pdbqt', '/home/screener/files/prost_canc/crest_vinardo/results/2am9/replicate 6/DTHC/2am9_DTHC_4_replicate6.pdbqt', '/home/screener/files/prost_canc/crest_vinardo/results/2am9/replicate 6/DTHC/2am9_DTHC_5_replicate6.pdbqt', '/home/screener/files/prost_canc/crest_vinardo/results/2am9/replicate 6/DTHC/2am9_DTHC_7_replicate6.pdbqt', '/home/screener/files/prost_canc/crest_vinardo/results/2am9/replicate 6/DTHC/2am9_DTHC_9_replicate6.pdbqt', '/home/screener/files/prost_canc/crest_vinardo/results/2am9/replicate 6/DTHC/2am9_DTHC_8_replicate6.pdbqt']","['/home/screener/files/prost_canc/crest_vinardo/results/2am9/replicate 6/DTHC/2am9_DTHC_0_replicate6.sdf', '/home/screener/files/prost_canc/crest_vinardo/results/2am9/replicate 6/DTHC/2am9_DTHC_2_replicate6.sdf', '/home/screener/files/prost_canc/crest_vinardo/results/2am9/replicate 6/DTHC/2am9_DTHC_1_replicate6.sdf', '/home/screener/files/prost_canc/crest_vinardo/results/2am9/replicate 6/DTHC/2am9_DTHC_6_replicate6.sdf', '/home/screener/files/prost_canc/crest_vinardo/results/2am9/replicate 6/DTHC/2am9_DTHC_3_replicate6.sdf', '/home/screener/files/prost_canc/crest_vinardo/results/2am9/replicate 6/DTHC/2am9_DTHC_4_replicate6.sdf', '/home/screener/files/prost_canc/crest_vinardo/results/2am9/replicate 6/DTHC/2am9_DTHC_5_replicate6.sdf', '/home/screener/files/prost_canc/crest_vinardo/results/2am9/replicate 6/DTHC/2am9_DTHC_7_replicate6.sdf', '/home/screener/files/prost_canc/crest_vinardo/results/2am9/replicate 6/DTHC/2am9_DTHC_9_replicate6.sdf', '/home/screener/files/prost_canc/crest_vinardo/results/2am9/replicate 6/DTHC/2am9_DTHC_8_replicate6.sdf']","[-6.31, -6.31, -6.31, -6.31, -6.31, -6.31, -6.31, -6.31, -6.31, -6.31]"
LTHC,2am9,6,"['/home/screener/files/prost_canc/crest_vinardo/results/2am9/replicate 6/LTHC/2am9_LTHC_0_replicate6.pdbqt', '/home/screener/files/prost_canc/crest_vinardo/results/2am9/replicate 6/LTHC/2am9_LTHC_1_replicate6.pdbqt', '/home/screener/files/prost_canc/crest_vinardo/results/2am9/replicate 6/LTHC/2am9_LTHC_2_replicate6.pdbqt', '/home/screener/files/prost_canc/crest_vinardo/results/2am9/replicate 6/LTHC/2am9_LTHC_3_replicate6.pdbqt', '/home/screener/files/prost_canc/crest_vinardo/results/2am9/replicate 6/LTHC/2am9_LTHC_4_replicate6.pdbqt', '/home/screener/files/prost_canc/crest_vinardo/results/2am9/replicate 6/LTHC/2am9_LTHC_6_replicate6.pdbqt', '/home/screener/files/prost_canc/crest_vinardo/results/2am9/replicate 6/LTHC/2am9_LTHC_5_replicate6.pdbqt', '/home/screener/files/prost_canc/crest_vinardo/results/2am9/replicate 6/LTHC/2am9_LTHC_7_replicate6.pdbqt', '/home/screener/files/prost_canc/crest_vinardo/results/2am9/replicate 6/LTHC/2am9_LTHC_8_replicate6.pdbqt', '/home/screener/files/prost_canc/crest_vinardo/results/2am9/replicate 6/LTHC/2am9_LTHC_9_replicate6.pdbqt']","['/home/screener/files/prost_canc/crest_vinardo/results/2am9/replicate 6/LTHC/2am9_LTHC_0_replicate6.sdf', '/home/screener/files/prost_canc/crest_vinardo/results/2am9/replicate 6/LTHC/2am9_LTHC_1_replicate6.sdf', '/home/screener/files/prost_canc/crest_vinardo/results/2am9/replicate 6/LTHC/2am9_LTHC_2_replicate6.sdf', '/home/screener/files/prost_canc/crest_vinardo/results/2am9/replicate 6/LTHC/2am9_LTHC_3_replicate6.sdf', '/home/screener/files/prost_canc/crest_vinardo/results/2am9/replicate 6/LTHC/2am9_LTHC_4_replicate6.sdf', '/home/screener/files/prost_canc/crest_vinardo/results/2am9/replicate 6/LTHC/2am9_LTHC_6_replicate6.sdf', '/home/screener/files/prost_canc/crest_vinardo/results/2am9/replicate 6/LTHC/2am9_LTHC_5_replicate6.sdf', '/home/screener/files/prost_canc/crest_vinardo/results/2am9/replicate 6/LTHC/2am9_LTHC_7_replicate6.sdf', '/home/screener/files/prost_canc/crest_vinardo/results/2am9/replicate 6/LTHC/2am9_LTHC_8_replicate6.sdf', '/home/screener/files/prost_canc/crest_vinardo/results/2am9/replicate 6/LTHC/2am9_LTHC_9_replicate6.sdf']","[-6.307, -6.307, -6.307, -6.307, -6.307, -6.307, -6.307, -6.307, -6.307, -6.307]"
R1881,2am9,6,"['/home/screener/files/prost_canc/crest_vinardo/results/2am9/replicate 6/R1881/2am9_R1881_0_replicate6.pdbqt', '/home/screener/files/prost_canc/crest_vinardo/results/2am9/replicate 6/R1881/2am9_R1881_1_replicate6.pdbqt', '/home/screener/files/prost_canc/crest_vinardo/results/2am9/replicate 6/R1881/2am9_R1881_2_replicate6.pdbqt', '/home/screener/files/prost_canc/crest_vinardo/results/2am9/replicate 6/R1881/2am9_R1881_3_replicate6.pdbqt', '/home/screener/files/prost_canc/crest_vinardo/results/2am9/replicate 6/R1881/2am9_R1881_4_replicate6.pdbqt', '/home/screener/files/prost_canc/crest_vinardo/results/2am9/replicate 6/R1881/2am9_R1881_5_replicate6.pdbqt', '/home/screener/files/prost_canc/crest_vinardo/results/2am9/replicate 6/R1881/2am9_R1881_6_replicate6.pdbqt', '/home/screener/files/prost_canc/crest_vinardo/results/2am9/replicate 6/R1881/2am9_R1881_8_replicate6.pdbqt', '/home/screener/files/prost_canc/crest_vinardo/results/2am9/replicate 6/R1881/2am9_R1881_7_replicate6.pdbqt']","['/home/screener/files/prost_canc/crest_vinardo/results/2am9/replicate 6/R1881/2am9_R1881_0_replicate6.sdf', '/home/screener/files/prost_canc/crest_vinardo/results/2am9/replicate 6/R1881/2am9_R1881_1_replicate6.sdf', '/home/screener/files/prost_canc/crest_vinardo/results/2am9/replicate 6/R1881/2am9_R1881_2_replicate6.sdf', '/home/screener/files/prost_canc/crest_vinardo/results/2am9/replicate 6/R1881/2am9_R1881_3_replicate6.sdf', '/home/screener/files/prost_canc/crest_vinardo/results/2am9/replicate 6/R1881/2am9_R1881_4_replicate6.sdf', '/home/screener/files/prost_canc/crest_vinardo/results/2am9/replicate 6/R1881/2am9_R1881_5_replicate6.sdf', '/home/screener/files/prost_canc/crest_vinardo/results/2am9/replicate 6/R1881/2am9_R1881_6_replicate6.sdf', '/home/screener/files/prost_canc/crest_vinardo/results/2am9/replicate 6/R1881/2am9_R1881_8_replicate6.sdf', '/home/screener/files/prost_canc/crest_vinardo/results/2am9/replicate 6/R1881/2am9_R1881_7_replicate6.sdf']","[-10.015, -10.015, -10.015, -10.015, -10.015, -10.015, -10.015, -10.015, -10.015]"
DHT,2am9,6,"['/home/screener/files/prost_canc/crest_vinardo/results/2am9/replicate 6/DHT/2am9_DHT_0_replicate6.pdbqt', '/home/screener/files/prost_canc/crest_vinardo/results/2am9/replicate 6/DHT/2am9_DHT_1_replicate6.pdbqt', '/home/screener/files/prost_canc/crest_vinardo/results/2am9/replicate 6/DHT/2am9_DHT_2_replicate6.pdbqt', '/home/screener/files/prost_canc/crest_vinardo/results/2am9/replicate 6/DHT/2am9_DHT_3_replicate6.pdbqt', '/home/screener/files/prost_canc/crest_vinardo/results/2am9/replicate 6/DHT/2am9_DHT_4_replicate6.pdbqt', '/home/screener/files/prost_canc/crest_vinardo/results/2am9/replicate 6/DHT/2am9_DHT_5_replicate6.pdbqt', '/home/screener/files/prost_canc/crest_vinardo/results/2am9/replicate 6/DHT/2am9_DHT_6_replicate6.pdbqt', '/home/screener/files/prost_canc/crest_vinardo/results/2am9/replicate 6/DHT/2am9_DHT_7_replicate6.pdbqt']","['/home/screener/files/prost_canc/crest_vinardo/results/2am9/replicate 6/DHT/2am9_DHT_0_replicate6.sdf', '/home/screener/files/prost_canc/crest_vinardo/results/2am9/replicate 6/DHT/2am9_DHT_1_replicate6.sdf', '/home/screener/files/prost_canc/crest_vinardo/results/2am9/replicate 6/DHT/2am9_DHT_2_replicate6.sdf', '/home/screener/files/prost_canc/crest_vinardo/results/2am9/replicate 6/DHT/2am9_DHT_3_replicate6.sdf', '/home/screener/files/prost_canc/crest_vinardo/results/2am9/replicate 6/DHT/2am9_DHT_4_replicate6.sdf', '/home/screener/files/prost_canc/crest_vinardo/results/2am9/replicate 6/DHT/2am9_DHT_5_replicate6.sdf', '/home/screener/files/prost_canc/crest_vinardo/results/2am9/replicate 6/DHT/2am9_DHT_6_replicate6.sdf', '/home/screener/files/prost_canc/crest_vinardo/results/2am9/replicate 6/DHT/2am9_DHT_7_replicate6.sdf']","[-10.948, -10.948, -10.948, -10.948, -10.948, -10.948, -10.948, -10.948]"
RBICALUTAMIDE,2am9,6,"['/home/screener/files/prost_canc/crest_vinardo/results/2am9/replicate 6/RBICALUTAMIDE/2am9_RBICALUTAMIDE_0_replicate6.pdbqt', '/home/screener/files/prost_canc/crest_vinardo/results/2am9/replicate 6/RBICALUTAMIDE/2am9_RBICALUTAMIDE_1_replicate6.pdbqt', '/home/screener/files/prost_canc/crest_vinardo/results/2am9/replicate 6/RBICALUTAMIDE/2am9_RBICALUTAMIDE_2_replicate6.pdbqt', '/home/screener/files/prost_canc/crest_vinardo/results/2am9/replicate 6/RBICALUTAMIDE/2am9_RBICALUTAMIDE_3_replicate6.pdbqt', '/home/screener/files/prost_canc/crest_vinardo/results/2am9/replicate 6/RBICALUTAMIDE/2am9_RBICALUTAMIDE_5_replicate6.pdbqt', '/home/screener/files/prost_canc/crest_vinardo/results/2am9/replicate 6/RBICALUTAMIDE/2am9_RBICALUTAMIDE_4_replicate6.pdbqt', '/home/screener/files/prost_canc/crest_vinardo/results/2am9/replicate 6/RBICALUTAMIDE/2am9_RBICALUTAMIDE_6_replicate6.pdbqt', '/home/screener/files/prost_canc/crest_vinardo/results/2am9/replicate 6/RBICALUTAMIDE/2am9_RBICALUTAMIDE_8_replicate6.pdbqt', '/home/screener/files/prost_canc/crest_vinardo/results/2am9/replicate 6/RBICALUTAMIDE/2am9_RBICALUTAMIDE_7_replicate6.pdbqt', '/home/screener/files/prost_canc/crest_vinardo/results/2am9/replicate 6/RBICALUTAMIDE/2am9_RBICALUTAMIDE_9_replicate6.pdbqt']","['/home/screener/files/prost_canc/crest_vinardo/results/2am9/replicate 6/RBICALUTAMIDE/2am9_RBICALUTAMIDE_0_replicate6.sdf', '/home/screener/files/prost_canc/crest_vinardo/results/2am9/replicate 6/RBICALUTAMIDE/2am9_RBICALUTAMIDE_1_replicate6.sdf', '/home/screener/files/prost_canc/crest_vinardo/results/2am9/replicate 6/RBICALUTAMIDE/2am9_RBICALUTAMIDE_2_replicate6.sdf', '/home/screener/files/prost_canc/crest_vinardo/results/2am9/replicate 6/RBICALUTAMIDE/2am9_RBICALUTAMIDE_3_replicate6.sdf', '/home/screener/files/prost_canc/crest_vinardo/results/2am9/replicate 6/RBICALUTAMIDE/2am9_RBICALUTAMIDE_5_replicate6.sdf', '/home/screener/files/prost_canc/crest_vinardo/results/2am9/replicate 6/RBICALUTAMIDE/2am9_RBICALUTAMIDE_4_replicate6.sdf', '/home/screener/files/prost_canc/crest_vinardo/results/2am9/replicate 6/RBICALUTAMIDE/2am9_RBICALUTAMIDE_6_replicate6.sdf', '/home/screener/files/prost_canc/crest_vinardo/results/2am9/replicate 6/RBICALUTAMIDE/2am9_RBICALUTAMIDE_8_replicate6.sdf', '/home/screener/files/prost_canc/crest_vinardo/results/2am9/replicate 6/RBICALUTAMIDE/2am9_RBICALUTAMIDE_7_replicate6.sdf', '/home/screener/files/prost_canc/crest_vinardo/results/2am9/replicate 6/RBICALUTAMIDE/2am9_RBICALUTAMIDE_9_replicate6.sdf']","[-6.254, -6.254, -6.254, -6.254, -6.254, -6.254, -6.254, -6.254, -6.254, -6.254]"
CBN,2am9,6,"['/home/screener/files/prost_canc/crest_vinardo/results/2am9/replicate 6/CBN/2am9_CBN_0_replicate6.pdbqt', '/home/screener/files/prost_canc/crest_vinardo/results/2am9/replicate 6/CBN/2am9_CBN_1_replicate6.pdbqt', '/home/screener/files/prost_canc/crest_vinardo/results/2am9/replicate 6/CBN/2am9_CBN_2_replicate6.pdbqt', '/home/screener/files/prost_canc/crest_vinardo/results/2am9/replicate 6/CBN/2am9_CBN_3_replicate6.pdbqt', '/home/screener/files/prost_canc/crest_vinardo/results/2am9/replicate 6/CBN/2am9_CBN_4_replicate6.pdbqt', '/home/screener/files/prost_canc/crest_vinardo/results/2am9/replicate 6/CBN/2am9_CBN_5_replicate6.pdbqt', '/home/screener/files/prost_canc/crest_vinardo/results/2am9/replicate 6/CBN/2am9_CBN_6_replicate6.pdbqt', '/home/screener/files/prost_canc/crest_vinardo/results/2am9/replicate 6/CBN/2am9_CBN_7_replicate6.pdbqt', '/home/screener/files/prost_canc/crest_vinardo/results/2am9/replicate 6/CBN/2am9_CBN_9_replicate6.pdbqt', '/home/screener/files/prost_canc/crest_vinardo/results/2am9/replicate 6/CBN/2am9_CBN_8_replicate6.pdbqt']","['/home/screener/files/prost_canc/crest_vinardo/results/2am9/replicate 6/CBN/2am9_CBN_0_replicate6.sdf', '/home/screener/files/prost_canc/crest_vinardo/results/2am9/replicate 6/CBN/2am9_CBN_1_replicate6.sdf', '/home/screener/files/prost_canc/crest_vinardo/results/2am9/replicate 6/CBN/2am9_CBN_2_replicate6.sdf', '/home/screener/files/prost_canc/crest_vinardo/results/2am9/replicate 6/CBN/2am9_CBN_3_replicate6.sdf', '/home/screener/files/prost_canc/crest_vinardo/results/2am9/replicate 6/CBN/2am9_CBN_4_replicate6.sdf', '/home/screener/files/prost_canc/crest_vinardo/results/2am9/replicate 6/CBN/2am9_CBN_5_replicate6.sdf', '/home/screener/files/prost_canc/crest_vinardo/results/2am9/replicate 6/CBN/2am9_CBN_6_replicate6.sdf', '/home/screener/files/prost_canc/crest_vinardo/results/2am9/replicate 6/CBN/2am9_CBN_7_replicate6.sdf', '/home/screener/files/prost_canc/crest_vinardo/results/2am9/replicate 6/CBN/2am9_CBN_9_replicate6.sdf', '/home/screener/files/prost_canc/crest_vinardo/results/2am9/replicate 6/CBN/2am9_CBN_8_replicate6.sdf']","[-7.168, -7.168, -7.168, -7.168, -7.168, -7.168, -7.168, -7.168, -7.168, -7.168]"
CBD,2am9,6,"['/home/screener/files/prost_canc/crest_vinardo/results/2am9/replicate 6/CBD/2am9_CBD_0_replicate6.pdbqt', '/home/screener/files/prost_canc/crest_vinardo/results/2am9/replicate 6/CBD/2am9_CBD_2_replicate6.pdbqt', '/home/screener/files/prost_canc/crest_vinardo/results/2am9/replicate 6/CBD/2am9_CBD_1_replicate6.pdbqt', '/home/screener/files/prost_canc/crest_vinardo/results/2am9/replicate 6/CBD/2am9_CBD_3_replicate6.pdbqt', '/home/screener/files/prost_canc/crest_vinardo/results/2am9/replicate 6/CBD/2am9_CBD_4_replicate6.pdbqt', '/home/screener/files/prost_canc/crest_vinardo/results/2am9/replicate 6/CBD/2am9_CBD_5_replicate6.pdbqt', '/home/screener/files/prost_canc/crest_vinardo/results/2am9/replicate 6/CBD/2am9_CBD_6_replicate6.pdbqt', '/home/screener/files/prost_canc/crest_vinardo/results/2am9/replicate 6/CBD/2am9_CBD_7_replicate6.pdbqt', '/home/screener/files/prost_canc/crest_vinardo/results/2am9/replicate 6/CBD/2am9_CBD_8_replicate6.pdbqt', '/home/screener/files/prost_canc/crest_vinardo/results/2am9/replicate 6/CBD/2am9_CBD_9_replicate6.pdbqt']","['/home/screener/files/prost_canc/crest_vinardo/results/2am9/replicate 6/CBD/2am9_CBD_0_replicate6.sdf', '/home/screener/files/prost_canc/crest_vinardo/results/2am9/replicate 6/CBD/2am9_CBD_2_replicate6.sdf', '/home/screener/files/prost_canc/crest_vinardo/results/2am9/replicate 6/CBD/2am9_CBD_1_replicate6.sdf', '/home/screener/files/prost_canc/crest_vinardo/results/2am9/replicate 6/CBD/2am9_CBD_3_replicate6.sdf', '/home/screener/files/prost_canc/crest_vinardo/results/2am9/replicate 6/CBD/2am9_CBD_4_replicate6.sdf', '/home/screener/files/prost_canc/crest_vinardo/results/2am9/replicate 6/CBD/2am9_CBD_5_replicate6.sdf', '/home/screener/files/prost_canc/crest_vinardo/results/2am9/replicate 6/CBD/2am9_CBD_6_replicate6.sdf', '/home/screener/files/prost_canc/crest_vinardo/results/2am9/replicate 6/CBD/2am9_CBD_7_replicate6.sdf', '/home/screener/files/prost_canc/crest_vinardo/results/2am9/replicate 6/CBD/2am9_CBD_8_replicate6.sdf', '/home/screener/files/prost_canc/crest_vinardo/results/2am9/replicate 6/CBD/2am9_CBD_9_replicate6.sdf']","[-6.669, -6.669, -6.669, -6.669, -6.669, -6.669, -6.669, -6.669, -6.669, -6.669]"
MDMBCHMINACA,2am9,6,"['/home/screener/files/prost_canc/crest_vinardo/results/2am9/replicate 6/MDMBCHMINACA/2am9_MDMBCHMINACA_0_replicate6.pdbqt', '/home/screener/files/prost_canc/crest_vinardo/results/2am9/replicate 6/MDMBCHMINACA/2am9_MDMBCHMINACA_1_replicate6.pdbqt', '/home/screener/files/prost_canc/crest_vinardo/results/2am9/replicate 6/MDMBCHMINACA/2am9_MDMBCHMINACA_2_replicate6.pdbqt', '/home/screener/files/prost_canc/crest_vinardo/results/2am9/replicate 6/MDMBCHMINACA/2am9_MDMBCHMINACA_3_replicate6.pdbqt', '/home/screener/files/prost_canc/crest_vinardo/results/2am9/replicate 6/MDMBCHMINACA/2am9_MDMBCHMINACA_4_replicate6.pdbqt', '/home/screener/files/prost_canc/crest_vinardo/results/2am9/replicate 6/MDMBCHMINACA/2am9_MDMBCHMINACA_5_replicate6.pdbqt', '/home/screener/files/prost_canc/crest_vinardo/results/2am9/replicate 6/MDMBCHMINACA/2am9_MDMBCHMINACA_6_replicate6.pdbqt', '/home/screener/files/prost_canc/crest_vinardo/results/2am9/replicate 6/MDMBCHMINACA/2am9_MDMBCHMINACA_7_replicate6.pdbqt', '/home/screener/files/prost_canc/crest_vinardo/results/2am9/replicate 6/MDMBCHMINACA/2am9_MDMBCHMINACA_8_replicate6.pdbqt', '/home/screener/files/prost_canc/crest_vinardo/results/2am9/replicate 6/MDMBCHMINACA/2am9_MDMBCHMINACA_9_replicate6.pdbqt']","['/home/screener/files/prost_canc/crest_vinardo/results/2am9/replicate 6/MDMBCHMINACA/2am9_MDMBCHMINACA_0_replicate6.sdf', '/home/screener/files/prost_canc/crest_vinardo/results/2am9/replicate 6/MDMBCHMINACA/2am9_MDMBCHMINACA_1_replicate6.sdf', '/home/screener/files/prost_canc/crest_vinardo/results/2am9/replicate 6/MDMBCHMINACA/2am9_MDMBCHMINACA_2_replicate6.sdf', '/home/screener/files/prost_canc/crest_vinardo/results/2am9/replicate 6/MDMBCHMINACA/2am9_MDMBCHMINACA_3_replicate6.sdf', '/home/screener/files/prost_canc/crest_vinardo/results/2am9/replicate 6/MDMBCHMINACA/2am9_MDMBCHMINACA_4_replicate6.sdf', '/home/screener/files/prost_canc/crest_vinardo/results/2am9/replicate 6/MDMBCHMINACA/2am9_MDMBCHMINACA_5_replicate6.sdf', '/home/screener/files/prost_canc/crest_vinardo/results/2am9/replicate 6/MDMBCHMINACA/2am9_MDMBCHMINACA_6_replicate6.sdf', '/home/screener/files/prost_canc/crest_vinardo/results/2am9/replicate 6/MDMBCHMINACA/2am9_MDMBCHMINACA_7_replicate6.sdf', '/home/screener/files/prost_canc/crest_vinardo/results/2am9/replicate 6/MDMBCHMINACA/2am9_MDMBCHMINACA_8_replicate6.sdf', '/home/screener/files/prost_canc/crest_vinardo/results/2am9/replicate 6/MDMBCHMINACA/2am9_MDMBCHMINACA_9_replicate6.sdf']","[-4.631, -4.631, -4.631, -4.631, -4.631, -4.631, -4.631, -4.631, -4.631, -4.631]"
5FAKB48,2am9,6,"['/home/screener/files/prost_canc/crest_vinardo/results/2am9/replicate 6/5FAKB48/2am9_5FAKB48_0_replicate6.pdbqt', '/home/screener/files/prost_canc/crest_vinardo/results/2am9/replicate 6/5FAKB48/2am9_5FAKB48_1_replicate6.pdbqt', '/home/screener/files/prost_canc/crest_vinardo/results/2am9/replicate 6/5FAKB48/2am9_5FAKB48_2_replicate6.pdbqt', '/home/screener/files/prost_canc/crest_vinardo/results/2am9/replicate 6/5FAKB48/2am9_5FAKB48_3_replicate6.pdbqt', '/home/screener/files/prost_canc/crest_vinardo/results/2am9/replicate 6/5FAKB48/2am9_5FAKB48_4_replicate6.pdbqt', '/home/screener/files/prost_canc/crest_vinardo/results/2am9/replicate 6/5FAKB48/2am9_5FAKB48_5_replicate6.pdbqt', '/home/screener/files/prost_canc/crest_vinardo/results/2am9/replicate 6/5FAKB48/2am9_5FAKB48_6_replicate6.pdbqt', '/home/screener/files/prost_canc/crest_vinardo/results/2am9/replicate 6/5FAKB48/2am9_5FAKB48_7_replicate6.pdbqt', '/home/screener/files/prost_canc/crest_vinardo/results/2am9/replicate 6/5FAKB48/2am9_5FAKB48_8_replicate6.pdbqt', '/home/screener/files/prost_canc/crest_vinardo/results/2am9/replicate 6/5FAKB48/2am9_5FAKB48_9_replicate6.pdbqt']","['/home/screener/files/prost_canc/crest_vinardo/results/2am9/replicate 6/5FAKB48/2am9_5FAKB48_0_replicate6.sdf', '/home/screener/files/prost_canc/crest_vinardo/results/2am9/replicate 6/5FAKB48/2am9_5FAKB48_1_replicate6.sdf', '/home/screener/files/prost_canc/crest_vinardo/results/2am9/replicate 6/5FAKB48/2am9_5FAKB48_2_replicate6.sdf', '/home/screener/files/prost_canc/crest_vinardo/results/2am9/replicate 6/5FAKB48/2am9_5FAKB48_3_replicate6.sdf', '/home/screener/files/prost_canc/crest_vinardo/results/2am9/replicate 6/5FAKB48/2am9_5FAKB48_4_replicate6.sdf', '/home/screener/files/prost_canc/crest_vinardo/results/2am9/replicate 6/5FAKB48/2am9_5FAKB48_5_replicate6.sdf', '/home/screener/files/prost_canc/crest_vinardo/results/2am9/replicate 6/5FAKB48/2am9_5FAKB48_6_replicate6.sdf', '/home/screener/files/prost_canc/crest_vinardo/results/2am9/replicate 6/5FAKB48/2am9_5FAKB48_7_replicate6.sdf', '/home/screener/files/prost_canc/crest_vinardo/results/2am9/replicate 6/5FAKB48/2am9_5FAKB48_8_replicate6.sdf', '/home/screener/files/prost_canc/crest_vinardo/results/2am9/replicate 6/5FAKB48/2am9_5FAKB48_9_replicate6.sdf']","[-7.128, -7.128, -7.128, -7.128, -7.128, -7.128, -7.128, -7.128, -7.128, -7.128]"
HU210,2am9,6,"['/home/screener/files/prost_canc/crest_vinardo/results/2am9/replicate 6/HU210/2am9_HU210_0_replicate6.pdbqt', '/home/screener/files/prost_canc/crest_vinardo/results/2am9/replicate 6/HU210/2am9_HU210_1_replicate6.pdbqt', '/home/screener/files/prost_canc/crest_vinardo/results/2am9/replicate 6/HU210/2am9_HU210_2_replicate6.pdbqt', '/home/screener/files/prost_canc/crest_vinardo/results/2am9/replicate 6/HU210/2am9_HU210_3_replicate6.pdbqt', '/home/screener/files/prost_canc/crest_vinardo/results/2am9/replicate 6/HU210/2am9_HU210_4_replicate6.pdbqt', '/home/screener/files/prost_canc/crest_vinardo/results/2am9/replicate 6/HU210/2am9_HU210_5_replicate6.pdbqt', '/home/screener/files/prost_canc/crest_vinardo/results/2am9/replicate 6/HU210/2am9_HU210_6_replicate6.pdbqt', '/home/screener/files/prost_canc/crest_vinardo/results/2am9/replicate 6/HU210/2am9_HU210_7_replicate6.pdbqt', '/home/screener/files/prost_canc/crest_vinardo/results/2am9/replicate 6/HU210/2am9_HU210_8_replicate6.pdbqt', '/home/screener/files/prost_canc/crest_vinardo/results/2am9/replicate 6/HU210/2am9_HU210_9_replicate6.pdbqt']","['/home/screener/files/prost_canc/crest_vinardo/results/2am9/replicate 6/HU210/2am9_HU210_0_replicate6.sdf', '/home/screener/files/prost_canc/crest_vinardo/results/2am9/replicate 6/HU210/2am9_HU210_1_replicate6.sdf', '/home/screener/files/prost_canc/crest_vinardo/results/2am9/replicate 6/HU210/2am9_HU210_2_replicate6.sdf', '/home/screener/files/prost_canc/crest_vinardo/results/2am9/replicate 6/HU210/2am9_HU210_3_replicate6.sdf', '/home/screener/files/prost_canc/crest_vinardo/results/2am9/replicate 6/HU210/2am9_HU210_4_replicate6.sdf', '/home/screener/files/prost_canc/crest_vinardo/results/2am9/replicate 6/HU210/2am9_HU210_5_replicate6.sdf', '/home/screener/files/prost_canc/crest_vinardo/results/2am9/replicate 6/HU210/2am9_HU210_6_replicate6.sdf', '/home/screener/files/prost_canc/crest_vinardo/results/2am9/replicate 6/HU210/2am9_HU210_7_replicate6.sdf', '/home/screener/files/prost_canc/crest_vinardo/results/2am9/replicate 6/HU210/2am9_HU210_8_replicate6.sdf', '/home/screener/files/prost_canc/crest_vinardo/results/2am9/replicate 6/HU210/2am9_HU210_9_replicate6.sdf']","[-4.42, -4.42, -4.42, -4.42, -4.42, -4.42, -4.42, -4.42, -4.42, -4.42]"
Testosterone,2am9,7,"['/home/screener/files/prost_canc/crest_vinardo/results/2am9/replicate 7/Testosterone/2am9_Testosterone_0_replicate7.pdbqt', '/home/screener/files/prost_canc/crest_vinardo/results/2am9/replicate 7/Testosterone/2am9_Testosterone_1_replicate7.pdbqt', '/home/screener/files/prost_canc/crest_vinardo/results/2am9/replicate 7/Testosterone/2am9_Testosterone_5_replicate7.pdbqt', '/home/screener/files/prost_canc/crest_vinardo/results/2am9/replicate 7/Testosterone/2am9_Testosterone_4_replicate7.pdbqt', '/home/screener/files/prost_canc/crest_vinardo/results/2am9/replicate 7/Testosterone/2am9_Testosterone_6_replicate7.pdbqt', '/home/screener/files/prost_canc/crest_vinardo/results/2am9/replicate 7/Testosterone/2am9_Testosterone_2_replicate7.pdbqt', '/home/screener/files/prost_canc/crest_vinardo/results/2am9/replicate 7/Testosterone/2am9_Testosterone_3_replicate7.pdbqt']","['/home/screener/files/prost_canc/crest_vinardo/results/2am9/replicate 7/Testosterone/2am9_Testosterone_0_replicate7.sdf', '/home/screener/files/prost_canc/crest_vinardo/results/2am9/replicate 7/Testosterone/2am9_Testosterone_1_replicate7.sdf', '/home/screener/files/prost_canc/crest_vinardo/results/2am9/replicate 7/Testosterone/2am9_Testosterone_5_replicate7.sdf', '/home/screener/files/prost_canc/crest_vinardo/results/2am9/replicate 7/Testosterone/2am9_Testosterone_4_replicate7.sdf', '/home/screener/files/prost_canc/crest_vinardo/results/2am9/replicate 7/Testosterone/2am9_Testosterone_6_replicate7.sdf', '/home/screener/files/prost_canc/crest_vinardo/results/2am9/replicate 7/Testosterone/2am9_Testosterone_2_replicate7.sdf', '/home/screener/files/prost_canc/crest_vinardo/results/2am9/replicate 7/Testosterone/2am9_Testosterone_3_replicate7.sdf']","[-10.606, -10.606, -10.606, -10.606, -10.606, -10.606, -10.606]"
DTHC,2am9,7,"['/home/screener/files/prost_canc/crest_vinardo/results/2am9/replicate 7/DTHC/2am9_DTHC_0_replicate7.pdbqt', '/home/screener/files/prost_canc/crest_vinardo/results/2am9/replicate 7/DTHC/2am9_DTHC_3_replicate7.pdbqt', '/home/screener/files/prost_canc/crest_vinardo/results/2am9/replicate 7/DTHC/2am9_DTHC_1_replicate7.pdbqt', '/home/screener/files/prost_canc/crest_vinardo/results/2am9/replicate 7/DTHC/2am9_DTHC_2_replicate7.pdbqt', '/home/screener/files/prost_canc/crest_vinardo/results/2am9/replicate 7/DTHC/2am9_DTHC_4_replicate7.pdbqt', '/home/screener/files/prost_canc/crest_vinardo/results/2am9/replicate 7/DTHC/2am9_DTHC_5_replicate7.pdbqt', '/home/screener/files/prost_canc/crest_vinardo/results/2am9/replicate 7/DTHC/2am9_DTHC_6_replicate7.pdbqt', '/home/screener/files/prost_canc/crest_vinardo/results/2am9/replicate 7/DTHC/2am9_DTHC_7_replicate7.pdbqt', '/home/screener/files/prost_canc/crest_vinardo/results/2am9/replicate 7/DTHC/2am9_DTHC_8_replicate7.pdbqt', '/home/screener/files/prost_canc/crest_vinardo/results/2am9/replicate 7/DTHC/2am9_DTHC_9_replicate7.pdbqt']","['/home/screener/files/prost_canc/crest_vinardo/results/2am9/replicate 7/DTHC/2am9_DTHC_0_replicate7.sdf', '/home/screener/files/prost_canc/crest_vinardo/results/2am9/replicate 7/DTHC/2am9_DTHC_3_replicate7.sdf', '/home/screener/files/prost_canc/crest_vinardo/results/2am9/replicate 7/DTHC/2am9_DTHC_1_replicate7.sdf', '/home/screener/files/prost_canc/crest_vinardo/results/2am9/replicate 7/DTHC/2am9_DTHC_2_replicate7.sdf', '/home/screener/files/prost_canc/crest_vinardo/results/2am9/replicate 7/DTHC/2am9_DTHC_4_replicate7.sdf', '/home/screener/files/prost_canc/crest_vinardo/results/2am9/replicate 7/DTHC/2am9_DTHC_5_replicate7.sdf', '/home/screener/files/prost_canc/crest_vinardo/results/2am9/replicate 7/DTHC/2am9_DTHC_6_replicate7.sdf', '/home/screener/files/prost_canc/crest_vinardo/results/2am9/replicate 7/DTHC/2am9_DTHC_7_replicate7.sdf', '/home/screener/files/prost_canc/crest_vinardo/results/2am9/replicate 7/DTHC/2am9_DTHC_8_replicate7.sdf', '/home/screener/files/prost_canc/crest_vinardo/results/2am9/replicate 7/DTHC/2am9_DTHC_9_replicate7.sdf']","[-6.31, -6.31, -6.31, -6.31, -6.31, -6.31, -6.31, -6.31, -6.31, -6.31]"
LTHC,2am9,7,"['/home/screener/files/prost_canc/crest_vinardo/results/2am9/replicate 7/LTHC/2am9_LTHC_0_replicate7.pdbqt', '/home/screener/files/prost_canc/crest_vinardo/results/2am9/replicate 7/LTHC/2am9_LTHC_2_replicate7.pdbqt', '/home/screener/files/prost_canc/crest_vinardo/results/2am9/replicate 7/LTHC/2am9_LTHC_1_replicate7.pdbqt', '/home/screener/files/prost_canc/crest_vinardo/results/2am9/replicate 7/LTHC/2am9_LTHC_3_replicate7.pdbqt', '/home/screener/files/prost_canc/crest_vinardo/results/2am9/replicate 7/LTHC/2am9_LTHC_4_replicate7.pdbqt', '/home/screener/files/prost_canc/crest_vinardo/results/2am9/replicate 7/LTHC/2am9_LTHC_6_replicate7.pdbqt', '/home/screener/files/prost_canc/crest_vinardo/results/2am9/replicate 7/LTHC/2am9_LTHC_5_replicate7.pdbqt', '/home/screener/files/prost_canc/crest_vinardo/results/2am9/replicate 7/LTHC/2am9_LTHC_7_replicate7.pdbqt', '/home/screener/files/prost_canc/crest_vinardo/results/2am9/replicate 7/LTHC/2am9_LTHC_9_replicate7.pdbqt', '/home/screener/files/prost_canc/crest_vinardo/results/2am9/replicate 7/LTHC/2am9_LTHC_8_replicate7.pdbqt']","['/home/screener/files/prost_canc/crest_vinardo/results/2am9/replicate 7/LTHC/2am9_LTHC_0_replicate7.sdf', '/home/screener/files/prost_canc/crest_vinardo/results/2am9/replicate 7/LTHC/2am9_LTHC_2_replicate7.sdf', '/home/screener/files/prost_canc/crest_vinardo/results/2am9/replicate 7/LTHC/2am9_LTHC_1_replicate7.sdf', '/home/screener/files/prost_canc/crest_vinardo/results/2am9/replicate 7/LTHC/2am9_LTHC_3_replicate7.sdf', '/home/screener/files/prost_canc/crest_vinardo/results/2am9/replicate 7/LTHC/2am9_LTHC_4_replicate7.sdf', '/home/screener/files/prost_canc/crest_vinardo/results/2am9/replicate 7/LTHC/2am9_LTHC_6_replicate7.sdf', '/home/screener/files/prost_canc/crest_vinardo/results/2am9/replicate 7/LTHC/2am9_LTHC_5_replicate7.sdf', '/home/screener/files/prost_canc/crest_vinardo/results/2am9/replicate 7/LTHC/2am9_LTHC_7_replicate7.sdf', '/home/screener/files/prost_canc/crest_vinardo/results/2am9/replicate 7/LTHC/2am9_LTHC_9_replicate7.sdf', '/home/screener/files/prost_canc/crest_vinardo/results/2am9/replicate 7/LTHC/2am9_LTHC_8_replicate7.sdf']","[-6.307, -6.307, -6.307, -6.307, -6.307, -6.307, -6.307, -6.307, -6.307, -6.307]"
R1881,2am9,7,"['/home/screener/files/prost_canc/crest_vinardo/results/2am9/replicate 7/R1881/2am9_R1881_0_replicate7.pdbqt', '/home/screener/files/prost_canc/crest_vinardo/results/2am9/replicate 7/R1881/2am9_R1881_1_replicate7.pdbqt', '/home/screener/files/prost_canc/crest_vinardo/results/2am9/replicate 7/R1881/2am9_R1881_2_replicate7.pdbqt', '/home/screener/files/prost_canc/crest_vinardo/results/2am9/replicate 7/R1881/2am9_R1881_3_replicate7.pdbqt', '/home/screener/files/prost_canc/crest_vinardo/results/2am9/replicate 7/R1881/2am9_R1881_4_replicate7.pdbqt', '/home/screener/files/prost_canc/crest_vinardo/results/2am9/replicate 7/R1881/2am9_R1881_5_replicate7.pdbqt', '/home/screener/files/prost_canc/crest_vinardo/results/2am9/replicate 7/R1881/2am9_R1881_6_replicate7.pdbqt', '/home/screener/files/prost_canc/crest_vinardo/results/2am9/replicate 7/R1881/2am9_R1881_7_replicate7.pdbqt', '/home/screener/files/prost_canc/crest_vinardo/results/2am9/replicate 7/R1881/2am9_R1881_8_replicate7.pdbqt']","['/home/screener/files/prost_canc/crest_vinardo/results/2am9/replicate 7/R1881/2am9_R1881_0_replicate7.sdf', '/home/screener/files/prost_canc/crest_vinardo/results/2am9/replicate 7/R1881/2am9_R1881_1_replicate7.sdf', '/home/screener/files/prost_canc/crest_vinardo/results/2am9/replicate 7/R1881/2am9_R1881_2_replicate7.sdf', '/home/screener/files/prost_canc/crest_vinardo/results/2am9/replicate 7/R1881/2am9_R1881_3_replicate7.sdf', '/home/screener/files/prost_canc/crest_vinardo/results/2am9/replicate 7/R1881/2am9_R1881_4_replicate7.sdf', '/home/screener/files/prost_canc/crest_vinardo/results/2am9/replicate 7/R1881/2am9_R1881_5_replicate7.sdf', '/home/screener/files/prost_canc/crest_vinardo/results/2am9/replicate 7/R1881/2am9_R1881_6_replicate7.sdf', '/home/screener/files/prost_canc/crest_vinardo/results/2am9/replicate 7/R1881/2am9_R1881_7_replicate7.sdf', '/home/screener/files/prost_canc/crest_vinardo/results/2am9/replicate 7/R1881/2am9_R1881_8_replicate7.sdf']","[-10.015, -10.015, -10.015, -10.015, -10.015, -10.015, -10.015, -10.015, -10.015]"
DHT,2am9,7,"['/home/screener/files/prost_canc/crest_vinardo/results/2am9/replicate 7/DHT/2am9_DHT_0_replicate7.pdbqt', '/home/screener/files/prost_canc/crest_vinardo/results/2am9/replicate 7/DHT/2am9_DHT_1_replicate7.pdbqt', '/home/screener/files/prost_canc/crest_vinardo/results/2am9/replicate 7/DHT/2am9_DHT_2_replicate7.pdbqt', '/home/screener/files/prost_canc/crest_vinardo/results/2am9/replicate 7/DHT/2am9_DHT_4_replicate7.pdbqt', '/home/screener/files/prost_canc/crest_vinardo/results/2am9/replicate 7/DHT/2am9_DHT_5_replicate7.pdbqt', '/home/screener/files/prost_canc/crest_vinardo/results/2am9/replicate 7/DHT/2am9_DHT_3_replicate7.pdbqt', '/home/screener/files/prost_canc/crest_vinardo/results/2am9/replicate 7/DHT/2am9_DHT_6_replicate7.pdbqt', '/home/screener/files/prost_canc/crest_vinardo/results/2am9/replicate 7/DHT/2am9_DHT_7_replicate7.pdbqt']","['/home/screener/files/prost_canc/crest_vinardo/results/2am9/replicate 7/DHT/2am9_DHT_0_replicate7.sdf', '/home/screener/files/prost_canc/crest_vinardo/results/2am9/replicate 7/DHT/2am9_DHT_1_replicate7.sdf', '/home/screener/files/prost_canc/crest_vinardo/results/2am9/replicate 7/DHT/2am9_DHT_2_replicate7.sdf', '/home/screener/files/prost_canc/crest_vinardo/results/2am9/replicate 7/DHT/2am9_DHT_4_replicate7.sdf', '/home/screener/files/prost_canc/crest_vinardo/results/2am9/replicate 7/DHT/2am9_DHT_5_replicate7.sdf', '/home/screener/files/prost_canc/crest_vinardo/results/2am9/replicate 7/DHT/2am9_DHT_3_replicate7.sdf', '/home/screener/files/prost_canc/crest_vinardo/results/2am9/replicate 7/DHT/2am9_DHT_6_replicate7.sdf', '/home/screener/files/prost_canc/crest_vinardo/results/2am9/replicate 7/DHT/2am9_DHT_7_replicate7.sdf']","[-10.948, -10.948, -10.948, -10.948, -10.948, -10.948, -10.948, -10.948]"
RBICALUTAMIDE,2am9,7,"['/home/screener/files/prost_canc/crest_vinardo/results/2am9/replicate 7/RBICALUTAMIDE/2am9_RBICALUTAMIDE_0_replicate7.pdbqt', '/home/screener/files/prost_canc/crest_vinardo/results/2am9/replicate 7/RBICALUTAMIDE/2am9_RBICALUTAMIDE_1_replicate7.pdbqt', '/home/screener/files/prost_canc/crest_vinardo/results/2am9/replicate 7/RBICALUTAMIDE/2am9_RBICALUTAMIDE_3_replicate7.pdbqt', '/home/screener/files/prost_canc/crest_vinardo/results/2am9/replicate 7/RBICALUTAMIDE/2am9_RBICALUTAMIDE_2_replicate7.pdbqt', '/home/screener/files/prost_canc/crest_vinardo/results/2am9/replicate 7/RBICALUTAMIDE/2am9_RBICALUTAMIDE_4_replicate7.pdbqt', '/home/screener/files/prost_canc/crest_vinardo/results/2am9/replicate 7/RBICALUTAMIDE/2am9_RBICALUTAMIDE_5_replicate7.pdbqt', '/home/screener/files/prost_canc/crest_vinardo/results/2am9/replicate 7/RBICALUTAMIDE/2am9_RBICALUTAMIDE_6_replicate7.pdbqt', '/home/screener/files/prost_canc/crest_vinardo/results/2am9/replicate 7/RBICALUTAMIDE/2am9_RBICALUTAMIDE_8_replicate7.pdbqt', '/home/screener/files/prost_canc/crest_vinardo/results/2am9/replicate 7/RBICALUTAMIDE/2am9_RBICALUTAMIDE_7_replicate7.pdbqt', '/home/screener/files/prost_canc/crest_vinardo/results/2am9/replicate 7/RBICALUTAMIDE/2am9_RBICALUTAMIDE_9_replicate7.pdbqt']","['/home/screener/files/prost_canc/crest_vinardo/results/2am9/replicate 7/RBICALUTAMIDE/2am9_RBICALUTAMIDE_0_replicate7.sdf', '/home/screener/files/prost_canc/crest_vinardo/results/2am9/replicate 7/RBICALUTAMIDE/2am9_RBICALUTAMIDE_1_replicate7.sdf', '/home/screener/files/prost_canc/crest_vinardo/results/2am9/replicate 7/RBICALUTAMIDE/2am9_RBICALUTAMIDE_3_replicate7.sdf', '/home/screener/files/prost_canc/crest_vinardo/results/2am9/replicate 7/RBICALUTAMIDE/2am9_RBICALUTAMIDE_2_replicate7.sdf', '/home/screener/files/prost_canc/crest_vinardo/results/2am9/replicate 7/RBICALUTAMIDE/2am9_RBICALUTAMIDE_4_replicate7.sdf', '/home/screener/files/prost_canc/crest_vinardo/results/2am9/replicate 7/RBICALUTAMIDE/2am9_RBICALUTAMIDE_5_replicate7.sdf', '/home/screener/files/prost_canc/crest_vinardo/results/2am9/replicate 7/RBICALUTAMIDE/2am9_RBICALUTAMIDE_6_replicate7.sdf', '/home/screener/files/prost_canc/crest_vinardo/results/2am9/replicate 7/RBICALUTAMIDE/2am9_RBICALUTAMIDE_8_replicate7.sdf', '/home/screener/files/prost_canc/crest_vinardo/results/2am9/replicate 7/RBICALUTAMIDE/2am9_RBICALUTAMIDE_7_replicate7.sdf', '/home/screener/files/prost_canc/crest_vinardo/results/2am9/replicate 7/RBICALUTAMIDE/2am9_RBICALUTAMIDE_9_replicate7.sdf']","[-6.254, -6.254, -6.254, -6.254, -6.254, -6.254, -6.254, -6.254, -6.254, -6.254]"
CBN,2am9,7,"['/home/screener/files/prost_canc/crest_vinardo/results/2am9/replicate 7/CBN/2am9_CBN_1_replicate7.pdbqt', '/home/screener/files/prost_canc/crest_vinardo/results/2am9/replicate 7/CBN/2am9_CBN_0_replicate7.pdbqt', '/home/screener/files/prost_canc/crest_vinardo/results/2am9/replicate 7/CBN/2am9_CBN_2_replicate7.pdbqt', '/home/screener/files/prost_canc/crest_vinardo/results/2am9/replicate 7/CBN/2am9_CBN_3_replicate7.pdbqt', '/home/screener/files/prost_canc/crest_vinardo/results/2am9/replicate 7/CBN/2am9_CBN_6_replicate7.pdbqt', '/home/screener/files/prost_canc/crest_vinardo/results/2am9/replicate 7/CBN/2am9_CBN_5_replicate7.pdbqt', '/home/screener/files/prost_canc/crest_vinardo/results/2am9/replicate 7/CBN/2am9_CBN_4_replicate7.pdbqt', '/home/screener/files/prost_canc/crest_vinardo/results/2am9/replicate 7/CBN/2am9_CBN_7_replicate7.pdbqt', '/home/screener/files/prost_canc/crest_vinardo/results/2am9/replicate 7/CBN/2am9_CBN_9_replicate7.pdbqt', '/home/screener/files/prost_canc/crest_vinardo/results/2am9/replicate 7/CBN/2am9_CBN_8_replicate7.pdbqt']","['/home/screener/files/prost_canc/crest_vinardo/results/2am9/replicate 7/CBN/2am9_CBN_1_replicate7.sdf', '/home/screener/files/prost_canc/crest_vinardo/results/2am9/replicate 7/CBN/2am9_CBN_0_replicate7.sdf', '/home/screener/files/prost_canc/crest_vinardo/results/2am9/replicate 7/CBN/2am9_CBN_2_replicate7.sdf', '/home/screener/files/prost_canc/crest_vinardo/results/2am9/replicate 7/CBN/2am9_CBN_3_replicate7.sdf', '/home/screener/files/prost_canc/crest_vinardo/results/2am9/replicate 7/CBN/2am9_CBN_6_replicate7.sdf', '/home/screener/files/prost_canc/crest_vinardo/results/2am9/replicate 7/CBN/2am9_CBN_5_replicate7.sdf', '/home/screener/files/prost_canc/crest_vinardo/results/2am9/replicate 7/CBN/2am9_CBN_4_replicate7.sdf', '/home/screener/files/prost_canc/crest_vinardo/results/2am9/replicate 7/CBN/2am9_CBN_7_replicate7.sdf', '/home/screener/files/prost_canc/crest_vinardo/results/2am9/replicate 7/CBN/2am9_CBN_9_replicate7.sdf', '/home/screener/files/prost_canc/crest_vinardo/results/2am9/replicate 7/CBN/2am9_CBN_8_replicate7.sdf']","[-7.168, -7.168, -7.168, -7.168, -7.168, -7.168, -7.168, -7.168, -7.168, -7.168]"
CBD,2am9,7,"['/home/screener/files/prost_canc/crest_vinardo/results/2am9/replicate 7/CBD/2am9_CBD_0_replicate7.pdbqt', '/home/screener/files/prost_canc/crest_vinardo/results/2am9/replicate 7/CBD/2am9_CBD_1_replicate7.pdbqt', '/home/screener/files/prost_canc/crest_vinardo/results/2am9/replicate 7/CBD/2am9_CBD_2_replicate7.pdbqt', '/home/screener/files/prost_canc/crest_vinardo/results/2am9/replicate 7/CBD/2am9_CBD_3_replicate7.pdbqt', '/home/screener/files/prost_canc/crest_vinardo/results/2am9/replicate 7/CBD/2am9_CBD_4_replicate7.pdbqt', '/home/screener/files/prost_canc/crest_vinardo/results/2am9/replicate 7/CBD/2am9_CBD_5_replicate7.pdbqt', '/home/screener/files/prost_canc/crest_vinardo/results/2am9/replicate 7/CBD/2am9_CBD_6_replicate7.pdbqt', '/home/screener/files/prost_canc/crest_vinardo/results/2am9/replicate 7/CBD/2am9_CBD_7_replicate7.pdbqt', '/home/screener/files/prost_canc/crest_vinardo/results/2am9/replicate 7/CBD/2am9_CBD_8_replicate7.pdbqt', '/home/screener/files/prost_canc/crest_vinardo/results/2am9/replicate 7/CBD/2am9_CBD_9_replicate7.pdbqt']","['/home/screener/files/prost_canc/crest_vinardo/results/2am9/replicate 7/CBD/2am9_CBD_0_replicate7.sdf', '/home/screener/files/prost_canc/crest_vinardo/results/2am9/replicate 7/CBD/2am9_CBD_1_replicate7.sdf', '/home/screener/files/prost_canc/crest_vinardo/results/2am9/replicate 7/CBD/2am9_CBD_2_replicate7.sdf', '/home/screener/files/prost_canc/crest_vinardo/results/2am9/replicate 7/CBD/2am9_CBD_3_replicate7.sdf', '/home/screener/files/prost_canc/crest_vinardo/results/2am9/replicate 7/CBD/2am9_CBD_4_replicate7.sdf', '/home/screener/files/prost_canc/crest_vinardo/results/2am9/replicate 7/CBD/2am9_CBD_5_replicate7.sdf', '/home/screener/files/prost_canc/crest_vinardo/results/2am9/replicate 7/CBD/2am9_CBD_6_replicate7.sdf', '/home/screener/files/prost_canc/crest_vinardo/results/2am9/replicate 7/CBD/2am9_CBD_7_replicate7.sdf', '/home/screener/files/prost_canc/crest_vinardo/results/2am9/replicate 7/CBD/2am9_CBD_8_replicate7.sdf', '/home/screener/files/prost_canc/crest_vinardo/results/2am9/replicate 7/CBD/2am9_CBD_9_replicate7.sdf']","[-6.669, -6.669, -6.669, -6.669, -6.669, -6.669, -6.669, -6.669, -6.669, -6.669]"
MDMBCHMINACA,2am9,7,"['/home/screener/files/prost_canc/crest_vinardo/results/2am9/replicate 7/MDMBCHMINACA/2am9_MDMBCHMINACA_0_replicate7.pdbqt', '/home/screener/files/prost_canc/crest_vinardo/results/2am9/replicate 7/MDMBCHMINACA/2am9_MDMBCHMINACA_1_replicate7.pdbqt', '/home/screener/files/prost_canc/crest_vinardo/results/2am9/replicate 7/MDMBCHMINACA/2am9_MDMBCHMINACA_2_replicate7.pdbqt', '/home/screener/files/prost_canc/crest_vinardo/results/2am9/replicate 7/MDMBCHMINACA/2am9_MDMBCHMINACA_3_replicate7.pdbqt', '/home/screener/files/prost_canc/crest_vinardo/results/2am9/replicate 7/MDMBCHMINACA/2am9_MDMBCHMINACA_4_replicate7.pdbqt', '/home/screener/files/prost_canc/crest_vinardo/results/2am9/replicate 7/MDMBCHMINACA/2am9_MDMBCHMINACA_5_replicate7.pdbqt', '/home/screener/files/prost_canc/crest_vinardo/results/2am9/replicate 7/MDMBCHMINACA/2am9_MDMBCHMINACA_6_replicate7.pdbqt', '/home/screener/files/prost_canc/crest_vinardo/results/2am9/replicate 7/MDMBCHMINACA/2am9_MDMBCHMINACA_7_replicate7.pdbqt', '/home/screener/files/prost_canc/crest_vinardo/results/2am9/replicate 7/MDMBCHMINACA/2am9_MDMBCHMINACA_8_replicate7.pdbqt', '/home/screener/files/prost_canc/crest_vinardo/results/2am9/replicate 7/MDMBCHMINACA/2am9_MDMBCHMINACA_9_replicate7.pdbqt']","['/home/screener/files/prost_canc/crest_vinardo/results/2am9/replicate 7/MDMBCHMINACA/2am9_MDMBCHMINACA_0_replicate7.sdf', '/home/screener/files/prost_canc/crest_vinardo/results/2am9/replicate 7/MDMBCHMINACA/2am9_MDMBCHMINACA_1_replicate7.sdf', '/home/screener/files/prost_canc/crest_vinardo/results/2am9/replicate 7/MDMBCHMINACA/2am9_MDMBCHMINACA_2_replicate7.sdf', '/home/screener/files/prost_canc/crest_vinardo/results/2am9/replicate 7/MDMBCHMINACA/2am9_MDMBCHMINACA_3_replicate7.sdf', '/home/screener/files/prost_canc/crest_vinardo/results/2am9/replicate 7/MDMBCHMINACA/2am9_MDMBCHMINACA_4_replicate7.sdf', '/home/screener/files/prost_canc/crest_vinardo/results/2am9/replicate 7/MDMBCHMINACA/2am9_MDMBCHMINACA_5_replicate7.sdf', '/home/screener/files/prost_canc/crest_vinardo/results/2am9/replicate 7/MDMBCHMINACA/2am9_MDMBCHMINACA_6_replicate7.sdf', '/home/screener/files/prost_canc/crest_vinardo/results/2am9/replicate 7/MDMBCHMINACA/2am9_MDMBCHMINACA_7_replicate7.sdf', '/home/screener/files/prost_canc/crest_vinardo/results/2am9/replicate 7/MDMBCHMINACA/2am9_MDMBCHMINACA_8_replicate7.sdf', '/home/screener/files/prost_canc/crest_vinardo/results/2am9/replicate 7/MDMBCHMINACA/2am9_MDMBCHMINACA_9_replicate7.sdf']","[-4.631, -4.631, -4.631, -4.631, -4.631, -4.631, -4.631, -4.631, -4.631, -4.631]"
5FAKB48,2am9,7,"['/home/screener/files/prost_canc/crest_vinardo/results/2am9/replicate 7/5FAKB48/2am9_5FAKB48_0_replicate7.pdbqt', '/home/screener/files/prost_canc/crest_vinardo/results/2am9/replicate 7/5FAKB48/2am9_5FAKB48_1_replicate7.pdbqt', '/home/screener/files/prost_canc/crest_vinardo/results/2am9/replicate 7/5FAKB48/2am9_5FAKB48_2_replicate7.pdbqt', '/home/screener/files/prost_canc/crest_vinardo/results/2am9/replicate 7/5FAKB48/2am9_5FAKB48_3_replicate7.pdbqt', '/home/screener/files/prost_canc/crest_vinardo/results/2am9/replicate 7/5FAKB48/2am9_5FAKB48_4_replicate7.pdbqt', '/home/screener/files/prost_canc/crest_vinardo/results/2am9/replicate 7/5FAKB48/2am9_5FAKB48_5_replicate7.pdbqt', '/home/screener/files/prost_canc/crest_vinardo/results/2am9/replicate 7/5FAKB48/2am9_5FAKB48_6_replicate7.pdbqt', '/home/screener/files/prost_canc/crest_vinardo/results/2am9/replicate 7/5FAKB48/2am9_5FAKB48_7_replicate7.pdbqt', '/home/screener/files/prost_canc/crest_vinardo/results/2am9/replicate 7/5FAKB48/2am9_5FAKB48_8_replicate7.pdbqt', '/home/screener/files/prost_canc/crest_vinardo/results/2am9/replicate 7/5FAKB48/2am9_5FAKB48_9_replicate7.pdbqt']","['/home/screener/files/prost_canc/crest_vinardo/results/2am9/replicate 7/5FAKB48/2am9_5FAKB48_0_replicate7.sdf', '/home/screener/files/prost_canc/crest_vinardo/results/2am9/replicate 7/5FAKB48/2am9_5FAKB48_1_replicate7.sdf', '/home/screener/files/prost_canc/crest_vinardo/results/2am9/replicate 7/5FAKB48/2am9_5FAKB48_2_replicate7.sdf', '/home/screener/files/prost_canc/crest_vinardo/results/2am9/replicate 7/5FAKB48/2am9_5FAKB48_3_replicate7.sdf', '/home/screener/files/prost_canc/crest_vinardo/results/2am9/replicate 7/5FAKB48/2am9_5FAKB48_4_replicate7.sdf', '/home/screener/files/prost_canc/crest_vinardo/results/2am9/replicate 7/5FAKB48/2am9_5FAKB48_5_replicate7.sdf', '/home/screener/files/prost_canc/crest_vinardo/results/2am9/replicate 7/5FAKB48/2am9_5FAKB48_6_replicate7.sdf', '/home/screener/files/prost_canc/crest_vinardo/results/2am9/replicate 7/5FAKB48/2am9_5FAKB48_7_replicate7.sdf', '/home/screener/files/prost_canc/crest_vinardo/results/2am9/replicate 7/5FAKB48/2am9_5FAKB48_8_replicate7.sdf', '/home/screener/files/prost_canc/crest_vinardo/results/2am9/replicate 7/5FAKB48/2am9_5FAKB48_9_replicate7.sdf']","[-7.128, -7.128, -7.128, -7.128, -7.128, -7.128, -7.128, -7.128, -7.128, -7.128]"
HU210,2am9,7,"['/home/screener/files/prost_canc/crest_vinardo/results/2am9/replicate 7/HU210/2am9_HU210_0_replicate7.pdbqt', '/home/screener/files/prost_canc/crest_vinardo/results/2am9/replicate 7/HU210/2am9_HU210_1_replicate7.pdbqt', '/home/screener/files/prost_canc/crest_vinardo/results/2am9/replicate 7/HU210/2am9_HU210_2_replicate7.pdbqt', '/home/screener/files/prost_canc/crest_vinardo/results/2am9/replicate 7/HU210/2am9_HU210_3_replicate7.pdbqt', '/home/screener/files/prost_canc/crest_vinardo/results/2am9/replicate 7/HU210/2am9_HU210_5_replicate7.pdbqt', '/home/screener/files/prost_canc/crest_vinardo/results/2am9/replicate 7/HU210/2am9_HU210_4_replicate7.pdbqt', '/home/screener/files/prost_canc/crest_vinardo/results/2am9/replicate 7/HU210/2am9_HU210_7_replicate7.pdbqt', '/home/screener/files/prost_canc/crest_vinardo/results/2am9/replicate 7/HU210/2am9_HU210_6_replicate7.pdbqt', '/home/screener/files/prost_canc/crest_vinardo/results/2am9/replicate 7/HU210/2am9_HU210_8_replicate7.pdbqt', '/home/screener/files/prost_canc/crest_vinardo/results/2am9/replicate 7/HU210/2am9_HU210_9_replicate7.pdbqt']","['/home/screener/files/prost_canc/crest_vinardo/results/2am9/replicate 7/HU210/2am9_HU210_0_replicate7.sdf', '/home/screener/files/prost_canc/crest_vinardo/results/2am9/replicate 7/HU210/2am9_HU210_1_replicate7.sdf', '/home/screener/files/prost_canc/crest_vinardo/results/2am9/replicate 7/HU210/2am9_HU210_2_replicate7.sdf', '/home/screener/files/prost_canc/crest_vinardo/results/2am9/replicate 7/HU210/2am9_HU210_3_replicate7.sdf', '/home/screener/files/prost_canc/crest_vinardo/results/2am9/replicate 7/HU210/2am9_HU210_5_replicate7.sdf', '/home/screener/files/prost_canc/crest_vinardo/results/2am9/replicate 7/HU210/2am9_HU210_4_replicate7.sdf', '/home/screener/files/prost_canc/crest_vinardo/results/2am9/replicate 7/HU210/2am9_HU210_7_replicate7.sdf', '/home/screener/files/prost_canc/crest_vinardo/results/2am9/replicate 7/HU210/2am9_HU210_6_replicate7.sdf', '/home/screener/files/prost_canc/crest_vinardo/results/2am9/replicate 7/HU210/2am9_HU210_8_replicate7.sdf', '/home/screener/files/prost_canc/crest_vinardo/results/2am9/replicate 7/HU210/2am9_HU210_9_replicate7.sdf']","[-4.42, -4.42, -4.42, -4.42, -4.42, -4.42, -4.42, -4.42, -4.42, -4.42]"
Testosterone,2am9,8,"['/home/screener/files/prost_canc/crest_vinardo/results/2am9/replicate 8/Testosterone/2am9_Testosterone_0_replicate8.pdbqt', '/home/screener/files/prost_canc/crest_vinardo/results/2am9/replicate 8/Testosterone/2am9_Testosterone_2_replicate8.pdbqt', '/home/screener/files/prost_canc/crest_vinardo/results/2am9/replicate 8/Testosterone/2am9_Testosterone_1_replicate8.pdbqt', '/home/screener/files/prost_canc/crest_vinardo/results/2am9/replicate 8/Testosterone/2am9_Testosterone_3_replicate8.pdbqt', '/home/screener/files/prost_canc/crest_vinardo/results/2am9/replicate 8/Testosterone/2am9_Testosterone_5_replicate8.pdbqt', '/home/screener/files/prost_canc/crest_vinardo/results/2am9/replicate 8/Testosterone/2am9_Testosterone_6_replicate8.pdbqt', '/home/screener/files/prost_canc/crest_vinardo/results/2am9/replicate 8/Testosterone/2am9_Testosterone_4_replicate8.pdbqt']","['/home/screener/files/prost_canc/crest_vinardo/results/2am9/replicate 8/Testosterone/2am9_Testosterone_0_replicate8.sdf', '/home/screener/files/prost_canc/crest_vinardo/results/2am9/replicate 8/Testosterone/2am9_Testosterone_2_replicate8.sdf', '/home/screener/files/prost_canc/crest_vinardo/results/2am9/replicate 8/Testosterone/2am9_Testosterone_1_replicate8.sdf', '/home/screener/files/prost_canc/crest_vinardo/results/2am9/replicate 8/Testosterone/2am9_Testosterone_3_replicate8.sdf', '/home/screener/files/prost_canc/crest_vinardo/results/2am9/replicate 8/Testosterone/2am9_Testosterone_5_replicate8.sdf', '/home/screener/files/prost_canc/crest_vinardo/results/2am9/replicate 8/Testosterone/2am9_Testosterone_6_replicate8.sdf', '/home/screener/files/prost_canc/crest_vinardo/results/2am9/replicate 8/Testosterone/2am9_Testosterone_4_replicate8.sdf']","[-10.606, -10.606, -10.606, -10.606, -10.606, -10.606, -10.606]"
DTHC,2am9,8,"['/home/screener/files/prost_canc/crest_vinardo/results/2am9/replicate 8/DTHC/2am9_DTHC_0_replicate8.pdbqt', '/home/screener/files/prost_canc/crest_vinardo/results/2am9/replicate 8/DTHC/2am9_DTHC_6_replicate8.pdbqt', '/home/screener/files/prost_canc/crest_vinardo/results/2am9/replicate 8/DTHC/2am9_DTHC_4_replicate8.pdbqt', '/home/screener/files/prost_canc/crest_vinardo/results/2am9/replicate 8/DTHC/2am9_DTHC_1_replicate8.pdbqt', '/home/screener/files/prost_canc/crest_vinardo/results/2am9/replicate 8/DTHC/2am9_DTHC_5_replicate8.pdbqt', '/home/screener/files/prost_canc/crest_vinardo/results/2am9/replicate 8/DTHC/2am9_DTHC_3_replicate8.pdbqt', '/home/screener/files/prost_canc/crest_vinardo/results/2am9/replicate 8/DTHC/2am9_DTHC_2_replicate8.pdbqt', '/home/screener/files/prost_canc/crest_vinardo/results/2am9/replicate 8/DTHC/2am9_DTHC_7_replicate8.pdbqt', '/home/screener/files/prost_canc/crest_vinardo/results/2am9/replicate 8/DTHC/2am9_DTHC_8_replicate8.pdbqt', '/home/screener/files/prost_canc/crest_vinardo/results/2am9/replicate 8/DTHC/2am9_DTHC_9_replicate8.pdbqt']","['/home/screener/files/prost_canc/crest_vinardo/results/2am9/replicate 8/DTHC/2am9_DTHC_0_replicate8.sdf', '/home/screener/files/prost_canc/crest_vinardo/results/2am9/replicate 8/DTHC/2am9_DTHC_6_replicate8.sdf', '/home/screener/files/prost_canc/crest_vinardo/results/2am9/replicate 8/DTHC/2am9_DTHC_4_replicate8.sdf', '/home/screener/files/prost_canc/crest_vinardo/results/2am9/replicate 8/DTHC/2am9_DTHC_1_replicate8.sdf', '/home/screener/files/prost_canc/crest_vinardo/results/2am9/replicate 8/DTHC/2am9_DTHC_5_replicate8.sdf', '/home/screener/files/prost_canc/crest_vinardo/results/2am9/replicate 8/DTHC/2am9_DTHC_3_replicate8.sdf', '/home/screener/files/prost_canc/crest_vinardo/results/2am9/replicate 8/DTHC/2am9_DTHC_2_replicate8.sdf', '/home/screener/files/prost_canc/crest_vinardo/results/2am9/replicate 8/DTHC/2am9_DTHC_7_replicate8.sdf', '/home/screener/files/prost_canc/crest_vinardo/results/2am9/replicate 8/DTHC/2am9_DTHC_8_replicate8.sdf', '/home/screener/files/prost_canc/crest_vinardo/results/2am9/replicate 8/DTHC/2am9_DTHC_9_replicate8.sdf']","[-6.31, -6.31, -6.31, -6.31, -6.31, -6.31, -6.31, -6.31, -6.31, -6.31]"
LTHC,2am9,8,"['/home/screener/files/prost_canc/crest_vinardo/results/2am9/replicate 8/LTHC/2am9_LTHC_0_replicate8.pdbqt', '/home/screener/files/prost_canc/crest_vinardo/results/2am9/replicate 8/LTHC/2am9_LTHC_1_replicate8.pdbqt', '/home/screener/files/prost_canc/crest_vinardo/results/2am9/replicate 8/LTHC/2am9_LTHC_2_replicate8.pdbqt', '/home/screener/files/prost_canc/crest_vinardo/results/2am9/replicate 8/LTHC/2am9_LTHC_3_replicate8.pdbqt', '/home/screener/files/prost_canc/crest_vinardo/results/2am9/replicate 8/LTHC/2am9_LTHC_4_replicate8.pdbqt', '/home/screener/files/prost_canc/crest_vinardo/results/2am9/replicate 8/LTHC/2am9_LTHC_5_replicate8.pdbqt', '/home/screener/files/prost_canc/crest_vinardo/results/2am9/replicate 8/LTHC/2am9_LTHC_6_replicate8.pdbqt', '/home/screener/files/prost_canc/crest_vinardo/results/2am9/replicate 8/LTHC/2am9_LTHC_7_replicate8.pdbqt', '/home/screener/files/prost_canc/crest_vinardo/results/2am9/replicate 8/LTHC/2am9_LTHC_8_replicate8.pdbqt', '/home/screener/files/prost_canc/crest_vinardo/results/2am9/replicate 8/LTHC/2am9_LTHC_9_replicate8.pdbqt']","['/home/screener/files/prost_canc/crest_vinardo/results/2am9/replicate 8/LTHC/2am9_LTHC_0_replicate8.sdf', '/home/screener/files/prost_canc/crest_vinardo/results/2am9/replicate 8/LTHC/2am9_LTHC_1_replicate8.sdf', '/home/screener/files/prost_canc/crest_vinardo/results/2am9/replicate 8/LTHC/2am9_LTHC_2_replicate8.sdf', '/home/screener/files/prost_canc/crest_vinardo/results/2am9/replicate 8/LTHC/2am9_LTHC_3_replicate8.sdf', '/home/screener/files/prost_canc/crest_vinardo/results/2am9/replicate 8/LTHC/2am9_LTHC_4_replicate8.sdf', '/home/screener/files/prost_canc/crest_vinardo/results/2am9/replicate 8/LTHC/2am9_LTHC_5_replicate8.sdf', '/home/screener/files/prost_canc/crest_vinardo/results/2am9/replicate 8/LTHC/2am9_LTHC_6_replicate8.sdf', '/home/screener/files/prost_canc/crest_vinardo/results/2am9/replicate 8/LTHC/2am9_LTHC_7_replicate8.sdf', '/home/screener/files/prost_canc/crest_vinardo/results/2am9/replicate 8/LTHC/2am9_LTHC_8_replicate8.sdf', '/home/screener/files/prost_canc/crest_vinardo/results/2am9/replicate 8/LTHC/2am9_LTHC_9_replicate8.sdf']","[-6.307, -6.307, -6.307, -6.307, -6.307, -6.307, -6.307, -6.307, -6.307, -6.307]"
R1881,2am9,8,"['/home/screener/files/prost_canc/crest_vinardo/results/2am9/replicate 8/R1881/2am9_R1881_0_replicate8.pdbqt', '/home/screener/files/prost_canc/crest_vinardo/results/2am9/replicate 8/R1881/2am9_R1881_1_replicate8.pdbqt', '/home/screener/files/prost_canc/crest_vinardo/results/2am9/replicate 8/R1881/2am9_R1881_2_replicate8.pdbqt', '/home/screener/files/prost_canc/crest_vinardo/results/2am9/replicate 8/R1881/2am9_R1881_3_replicate8.pdbqt', '/home/screener/files/prost_canc/crest_vinardo/results/2am9/replicate 8/R1881/2am9_R1881_4_replicate8.pdbqt', '/home/screener/files/prost_canc/crest_vinardo/results/2am9/replicate 8/R1881/2am9_R1881_5_replicate8.pdbqt', '/home/screener/files/prost_canc/crest_vinardo/results/2am9/replicate 8/R1881/2am9_R1881_6_replicate8.pdbqt', '/home/screener/files/prost_canc/crest_vinardo/results/2am9/replicate 8/R1881/2am9_R1881_7_replicate8.pdbqt', '/home/screener/files/prost_canc/crest_vinardo/results/2am9/replicate 8/R1881/2am9_R1881_8_replicate8.pdbqt']","['/home/screener/files/prost_canc/crest_vinardo/results/2am9/replicate 8/R1881/2am9_R1881_0_replicate8.sdf', '/home/screener/files/prost_canc/crest_vinardo/results/2am9/replicate 8/R1881/2am9_R1881_1_replicate8.sdf', '/home/screener/files/prost_canc/crest_vinardo/results/2am9/replicate 8/R1881/2am9_R1881_2_replicate8.sdf', '/home/screener/files/prost_canc/crest_vinardo/results/2am9/replicate 8/R1881/2am9_R1881_3_replicate8.sdf', '/home/screener/files/prost_canc/crest_vinardo/results/2am9/replicate 8/R1881/2am9_R1881_4_replicate8.sdf', '/home/screener/files/prost_canc/crest_vinardo/results/2am9/replicate 8/R1881/2am9_R1881_5_replicate8.sdf', '/home/screener/files/prost_canc/crest_vinardo/results/2am9/replicate 8/R1881/2am9_R1881_6_replicate8.sdf', '/home/screener/files/prost_canc/crest_vinardo/results/2am9/replicate 8/R1881/2am9_R1881_7_replicate8.sdf', '/home/screener/files/prost_canc/crest_vinardo/results/2am9/replicate 8/R1881/2am9_R1881_8_replicate8.sdf']","[-10.015, -10.015, -10.015, -10.015, -10.015, -10.015, -10.015, -10.015, -10.015]"
DHT,2am9,8,"['/home/screener/files/prost_canc/crest_vinardo/results/2am9/replicate 8/DHT/2am9_DHT_0_replicate8.pdbqt', '/home/screener/files/prost_canc/crest_vinardo/results/2am9/replicate 8/DHT/2am9_DHT_2_replicate8.pdbqt', '/home/screener/files/prost_canc/crest_vinardo/results/2am9/replicate 8/DHT/2am9_DHT_1_replicate8.pdbqt', '/home/screener/files/prost_canc/crest_vinardo/results/2am9/replicate 8/DHT/2am9_DHT_3_replicate8.pdbqt', '/home/screener/files/prost_canc/crest_vinardo/results/2am9/replicate 8/DHT/2am9_DHT_4_replicate8.pdbqt', '/home/screener/files/prost_canc/crest_vinardo/results/2am9/replicate 8/DHT/2am9_DHT_5_replicate8.pdbqt', '/home/screener/files/prost_canc/crest_vinardo/results/2am9/replicate 8/DHT/2am9_DHT_6_replicate8.pdbqt', '/home/screener/files/prost_canc/crest_vinardo/results/2am9/replicate 8/DHT/2am9_DHT_7_replicate8.pdbqt']","['/home/screener/files/prost_canc/crest_vinardo/results/2am9/replicate 8/DHT/2am9_DHT_0_replicate8.sdf', '/home/screener/files/prost_canc/crest_vinardo/results/2am9/replicate 8/DHT/2am9_DHT_2_replicate8.sdf', '/home/screener/files/prost_canc/crest_vinardo/results/2am9/replicate 8/DHT/2am9_DHT_1_replicate8.sdf', '/home/screener/files/prost_canc/crest_vinardo/results/2am9/replicate 8/DHT/2am9_DHT_3_replicate8.sdf', '/home/screener/files/prost_canc/crest_vinardo/results/2am9/replicate 8/DHT/2am9_DHT_4_replicate8.sdf', '/home/screener/files/prost_canc/crest_vinardo/results/2am9/replicate 8/DHT/2am9_DHT_5_replicate8.sdf', '/home/screener/files/prost_canc/crest_vinardo/results/2am9/replicate 8/DHT/2am9_DHT_6_replicate8.sdf', '/home/screener/files/prost_canc/crest_vinardo/results/2am9/replicate 8/DHT/2am9_DHT_7_replicate8.sdf']","[-10.948, -10.948, -10.948, -10.948, -10.948, -10.948, -10.948, -10.948]"
RBICALUTAMIDE,2am9,8,"['/home/screener/files/prost_canc/crest_vinardo/results/2am9/replicate 8/RBICALUTAMIDE/2am9_RBICALUTAMIDE_1_replicate8.pdbqt', '/home/screener/files/prost_canc/crest_vinardo/results/2am9/replicate 8/RBICALUTAMIDE/2am9_RBICALUTAMIDE_0_replicate8.pdbqt', '/home/screener/files/prost_canc/crest_vinardo/results/2am9/replicate 8/RBICALUTAMIDE/2am9_RBICALUTAMIDE_2_replicate8.pdbqt', '/home/screener/files/prost_canc/crest_vinardo/results/2am9/replicate 8/RBICALUTAMIDE/2am9_RBICALUTAMIDE_3_replicate8.pdbqt', '/home/screener/files/prost_canc/crest_vinardo/results/2am9/replicate 8/RBICALUTAMIDE/2am9_RBICALUTAMIDE_4_replicate8.pdbqt', '/home/screener/files/prost_canc/crest_vinardo/results/2am9/replicate 8/RBICALUTAMIDE/2am9_RBICALUTAMIDE_5_replicate8.pdbqt', '/home/screener/files/prost_canc/crest_vinardo/results/2am9/replicate 8/RBICALUTAMIDE/2am9_RBICALUTAMIDE_6_replicate8.pdbqt', '/home/screener/files/prost_canc/crest_vinardo/results/2am9/replicate 8/RBICALUTAMIDE/2am9_RBICALUTAMIDE_9_replicate8.pdbqt', '/home/screener/files/prost_canc/crest_vinardo/results/2am9/replicate 8/RBICALUTAMIDE/2am9_RBICALUTAMIDE_7_replicate8.pdbqt', '/home/screener/files/prost_canc/crest_vinardo/results/2am9/replicate 8/RBICALUTAMIDE/2am9_RBICALUTAMIDE_8_replicate8.pdbqt']","['/home/screener/files/prost_canc/crest_vinardo/results/2am9/replicate 8/RBICALUTAMIDE/2am9_RBICALUTAMIDE_1_replicate8.sdf', '/home/screener/files/prost_canc/crest_vinardo/results/2am9/replicate 8/RBICALUTAMIDE/2am9_RBICALUTAMIDE_0_replicate8.sdf', '/home/screener/files/prost_canc/crest_vinardo/results/2am9/replicate 8/RBICALUTAMIDE/2am9_RBICALUTAMIDE_2_replicate8.sdf', '/home/screener/files/prost_canc/crest_vinardo/results/2am9/replicate 8/RBICALUTAMIDE/2am9_RBICALUTAMIDE_3_replicate8.sdf', '/home/screener/files/prost_canc/crest_vinardo/results/2am9/replicate 8/RBICALUTAMIDE/2am9_RBICALUTAMIDE_4_replicate8.sdf', '/home/screener/files/prost_canc/crest_vinardo/results/2am9/replicate 8/RBICALUTAMIDE/2am9_RBICALUTAMIDE_5_replicate8.sdf', '/home/screener/files/prost_canc/crest_vinardo/results/2am9/replicate 8/RBICALUTAMIDE/2am9_RBICALUTAMIDE_6_replicate8.sdf', '/home/screener/files/prost_canc/crest_vinardo/results/2am9/replicate 8/RBICALUTAMIDE/2am9_RBICALUTAMIDE_9_replicate8.sdf', '/home/screener/files/prost_canc/crest_vinardo/results/2am9/replicate 8/RBICALUTAMIDE/2am9_RBICALUTAMIDE_7_replicate8.sdf', '/home/screener/files/prost_canc/crest_vinardo/results/2am9/replicate 8/RBICALUTAMIDE/2am9_RBICALUTAMIDE_8_replicate8.sdf']","[-6.254, -6.254, -6.254, -6.254, -6.254, -6.254, -6.254, -6.254, -6.254, -6.254]"
CBN,2am9,8,"['/home/screener/files/prost_canc/crest_vinardo/results/2am9/replicate 8/CBN/2am9_CBN_2_replicate8.pdbqt', '/home/screener/files/prost_canc/crest_vinardo/results/2am9/replicate 8/CBN/2am9_CBN_1_replicate8.pdbqt', '/home/screener/files/prost_canc/crest_vinardo/results/2am9/replicate 8/CBN/2am9_CBN_0_replicate8.pdbqt', '/home/screener/files/prost_canc/crest_vinardo/results/2am9/replicate 8/CBN/2am9_CBN_3_replicate8.pdbqt', '/home/screener/files/prost_canc/crest_vinardo/results/2am9/replicate 8/CBN/2am9_CBN_5_replicate8.pdbqt', '/home/screener/files/prost_canc/crest_vinardo/results/2am9/replicate 8/CBN/2am9_CBN_4_replicate8.pdbqt', '/home/screener/files/prost_canc/crest_vinardo/results/2am9/replicate 8/CBN/2am9_CBN_6_replicate8.pdbqt', '/home/screener/files/prost_canc/crest_vinardo/results/2am9/replicate 8/CBN/2am9_CBN_7_replicate8.pdbqt', '/home/screener/files/prost_canc/crest_vinardo/results/2am9/replicate 8/CBN/2am9_CBN_8_replicate8.pdbqt', '/home/screener/files/prost_canc/crest_vinardo/results/2am9/replicate 8/CBN/2am9_CBN_9_replicate8.pdbqt']","['/home/screener/files/prost_canc/crest_vinardo/results/2am9/replicate 8/CBN/2am9_CBN_2_replicate8.sdf', '/home/screener/files/prost_canc/crest_vinardo/results/2am9/replicate 8/CBN/2am9_CBN_1_replicate8.sdf', '/home/screener/files/prost_canc/crest_vinardo/results/2am9/replicate 8/CBN/2am9_CBN_0_replicate8.sdf', '/home/screener/files/prost_canc/crest_vinardo/results/2am9/replicate 8/CBN/2am9_CBN_3_replicate8.sdf', '/home/screener/files/prost_canc/crest_vinardo/results/2am9/replicate 8/CBN/2am9_CBN_5_replicate8.sdf', '/home/screener/files/prost_canc/crest_vinardo/results/2am9/replicate 8/CBN/2am9_CBN_4_replicate8.sdf', '/home/screener/files/prost_canc/crest_vinardo/results/2am9/replicate 8/CBN/2am9_CBN_6_replicate8.sdf', '/home/screener/files/prost_canc/crest_vinardo/results/2am9/replicate 8/CBN/2am9_CBN_7_replicate8.sdf', '/home/screener/files/prost_canc/crest_vinardo/results/2am9/replicate 8/CBN/2am9_CBN_8_replicate8.sdf', '/home/screener/files/prost_canc/crest_vinardo/results/2am9/replicate 8/CBN/2am9_CBN_9_replicate8.sdf']","[-7.168, -7.168, -7.168, -7.168, -7.168, -7.168, -7.168, -7.168, -7.168, -7.168]"
CBD,2am9,8,"['/home/screener/files/prost_canc/crest_vinardo/results/2am9/replicate 8/CBD/2am9_CBD_0_replicate8.pdbqt', '/home/screener/files/prost_canc/crest_vinardo/results/2am9/replicate 8/CBD/2am9_CBD_1_replicate8.pdbqt', '/home/screener/files/prost_canc/crest_vinardo/results/2am9/replicate 8/CBD/2am9_CBD_3_replicate8.pdbqt', '/home/screener/files/prost_canc/crest_vinardo/results/2am9/replicate 8/CBD/2am9_CBD_2_replicate8.pdbqt', '/home/screener/files/prost_canc/crest_vinardo/results/2am9/replicate 8/CBD/2am9_CBD_4_replicate8.pdbqt', '/home/screener/files/prost_canc/crest_vinardo/results/2am9/replicate 8/CBD/2am9_CBD_5_replicate8.pdbqt', '/home/screener/files/prost_canc/crest_vinardo/results/2am9/replicate 8/CBD/2am9_CBD_6_replicate8.pdbqt', '/home/screener/files/prost_canc/crest_vinardo/results/2am9/replicate 8/CBD/2am9_CBD_7_replicate8.pdbqt', '/home/screener/files/prost_canc/crest_vinardo/results/2am9/replicate 8/CBD/2am9_CBD_8_replicate8.pdbqt', '/home/screener/files/prost_canc/crest_vinardo/results/2am9/replicate 8/CBD/2am9_CBD_9_replicate8.pdbqt']","['/home/screener/files/prost_canc/crest_vinardo/results/2am9/replicate 8/CBD/2am9_CBD_0_replicate8.sdf', '/home/screener/files/prost_canc/crest_vinardo/results/2am9/replicate 8/CBD/2am9_CBD_1_replicate8.sdf', '/home/screener/files/prost_canc/crest_vinardo/results/2am9/replicate 8/CBD/2am9_CBD_3_replicate8.sdf', '/home/screener/files/prost_canc/crest_vinardo/results/2am9/replicate 8/CBD/2am9_CBD_2_replicate8.sdf', '/home/screener/files/prost_canc/crest_vinardo/results/2am9/replicate 8/CBD/2am9_CBD_4_replicate8.sdf', '/home/screener/files/prost_canc/crest_vinardo/results/2am9/replicate 8/CBD/2am9_CBD_5_replicate8.sdf', '/home/screener/files/prost_canc/crest_vinardo/results/2am9/replicate 8/CBD/2am9_CBD_6_replicate8.sdf', '/home/screener/files/prost_canc/crest_vinardo/results/2am9/replicate 8/CBD/2am9_CBD_7_replicate8.sdf', '/home/screener/files/prost_canc/crest_vinardo/results/2am9/replicate 8/CBD/2am9_CBD_8_replicate8.sdf', '/home/screener/files/prost_canc/crest_vinardo/results/2am9/replicate 8/CBD/2am9_CBD_9_replicate8.sdf']","[-6.669, -6.669, -6.669, -6.669, -6.669, -6.669, -6.669, -6.669, -6.669, -6.669]"
MDMBCHMINACA,2am9,8,"['/home/screener/files/prost_canc/crest_vinardo/results/2am9/replicate 8/MDMBCHMINACA/2am9_MDMBCHMINACA_0_replicate8.pdbqt', '/home/screener/files/prost_canc/crest_vinardo/results/2am9/replicate 8/MDMBCHMINACA/2am9_MDMBCHMINACA_1_replicate8.pdbqt', '/home/screener/files/prost_canc/crest_vinardo/results/2am9/replicate 8/MDMBCHMINACA/2am9_MDMBCHMINACA_2_replicate8.pdbqt', '/home/screener/files/prost_canc/crest_vinardo/results/2am9/replicate 8/MDMBCHMINACA/2am9_MDMBCHMINACA_3_replicate8.pdbqt', '/home/screener/files/prost_canc/crest_vinardo/results/2am9/replicate 8/MDMBCHMINACA/2am9_MDMBCHMINACA_4_replicate8.pdbqt', '/home/screener/files/prost_canc/crest_vinardo/results/2am9/replicate 8/MDMBCHMINACA/2am9_MDMBCHMINACA_5_replicate8.pdbqt', '/home/screener/files/prost_canc/crest_vinardo/results/2am9/replicate 8/MDMBCHMINACA/2am9_MDMBCHMINACA_6_replicate8.pdbqt', '/home/screener/files/prost_canc/crest_vinardo/results/2am9/replicate 8/MDMBCHMINACA/2am9_MDMBCHMINACA_7_replicate8.pdbqt', '/home/screener/files/prost_canc/crest_vinardo/results/2am9/replicate 8/MDMBCHMINACA/2am9_MDMBCHMINACA_8_replicate8.pdbqt', '/home/screener/files/prost_canc/crest_vinardo/results/2am9/replicate 8/MDMBCHMINACA/2am9_MDMBCHMINACA_9_replicate8.pdbqt']","['/home/screener/files/prost_canc/crest_vinardo/results/2am9/replicate 8/MDMBCHMINACA/2am9_MDMBCHMINACA_0_replicate8.sdf', '/home/screener/files/prost_canc/crest_vinardo/results/2am9/replicate 8/MDMBCHMINACA/2am9_MDMBCHMINACA_1_replicate8.sdf', '/home/screener/files/prost_canc/crest_vinardo/results/2am9/replicate 8/MDMBCHMINACA/2am9_MDMBCHMINACA_2_replicate8.sdf', '/home/screener/files/prost_canc/crest_vinardo/results/2am9/replicate 8/MDMBCHMINACA/2am9_MDMBCHMINACA_3_replicate8.sdf', '/home/screener/files/prost_canc/crest_vinardo/results/2am9/replicate 8/MDMBCHMINACA/2am9_MDMBCHMINACA_4_replicate8.sdf', '/home/screener/files/prost_canc/crest_vinardo/results/2am9/replicate 8/MDMBCHMINACA/2am9_MDMBCHMINACA_5_replicate8.sdf', '/home/screener/files/prost_canc/crest_vinardo/results/2am9/replicate 8/MDMBCHMINACA/2am9_MDMBCHMINACA_6_replicate8.sdf', '/home/screener/files/prost_canc/crest_vinardo/results/2am9/replicate 8/MDMBCHMINACA/2am9_MDMBCHMINACA_7_replicate8.sdf', '/home/screener/files/prost_canc/crest_vinardo/results/2am9/replicate 8/MDMBCHMINACA/2am9_MDMBCHMINACA_8_replicate8.sdf', '/home/screener/files/prost_canc/crest_vinardo/results/2am9/replicate 8/MDMBCHMINACA/2am9_MDMBCHMINACA_9_replicate8.sdf']","[-4.631, -4.631, -4.631, -4.631, -4.631, -4.631, -4.631, -4.631, -4.631, -4.631]"
5FAKB48,2am9,8,"['/home/screener/files/prost_canc/crest_vinardo/results/2am9/replicate 8/5FAKB48/2am9_5FAKB48_0_replicate8.pdbqt', '/home/screener/files/prost_canc/crest_vinardo/results/2am9/replicate 8/5FAKB48/2am9_5FAKB48_1_replicate8.pdbqt', '/home/screener/files/prost_canc/crest_vinardo/results/2am9/replicate 8/5FAKB48/2am9_5FAKB48_2_replicate8.pdbqt', '/home/screener/files/prost_canc/crest_vinardo/results/2am9/replicate 8/5FAKB48/2am9_5FAKB48_3_replicate8.pdbqt', '/home/screener/files/prost_canc/crest_vinardo/results/2am9/replicate 8/5FAKB48/2am9_5FAKB48_4_replicate8.pdbqt', '/home/screener/files/prost_canc/crest_vinardo/results/2am9/replicate 8/5FAKB48/2am9_5FAKB48_5_replicate8.pdbqt', '/home/screener/files/prost_canc/crest_vinardo/results/2am9/replicate 8/5FAKB48/2am9_5FAKB48_6_replicate8.pdbqt', '/home/screener/files/prost_canc/crest_vinardo/results/2am9/replicate 8/5FAKB48/2am9_5FAKB48_7_replicate8.pdbqt', '/home/screener/files/prost_canc/crest_vinardo/results/2am9/replicate 8/5FAKB48/2am9_5FAKB48_8_replicate8.pdbqt', '/home/screener/files/prost_canc/crest_vinardo/results/2am9/replicate 8/5FAKB48/2am9_5FAKB48_9_replicate8.pdbqt']","['/home/screener/files/prost_canc/crest_vinardo/results/2am9/replicate 8/5FAKB48/2am9_5FAKB48_0_replicate8.sdf', '/home/screener/files/prost_canc/crest_vinardo/results/2am9/replicate 8/5FAKB48/2am9_5FAKB48_1_replicate8.sdf', '/home/screener/files/prost_canc/crest_vinardo/results/2am9/replicate 8/5FAKB48/2am9_5FAKB48_2_replicate8.sdf', '/home/screener/files/prost_canc/crest_vinardo/results/2am9/replicate 8/5FAKB48/2am9_5FAKB48_3_replicate8.sdf', '/home/screener/files/prost_canc/crest_vinardo/results/2am9/replicate 8/5FAKB48/2am9_5FAKB48_4_replicate8.sdf', '/home/screener/files/prost_canc/crest_vinardo/results/2am9/replicate 8/5FAKB48/2am9_5FAKB48_5_replicate8.sdf', '/home/screener/files/prost_canc/crest_vinardo/results/2am9/replicate 8/5FAKB48/2am9_5FAKB48_6_replicate8.sdf', '/home/screener/files/prost_canc/crest_vinardo/results/2am9/replicate 8/5FAKB48/2am9_5FAKB48_7_replicate8.sdf', '/home/screener/files/prost_canc/crest_vinardo/results/2am9/replicate 8/5FAKB48/2am9_5FAKB48_8_replicate8.sdf', '/home/screener/files/prost_canc/crest_vinardo/results/2am9/replicate 8/5FAKB48/2am9_5FAKB48_9_replicate8.sdf']","[-7.128, -7.128, -7.128, -7.128, -7.128, -7.128, -7.128, -7.128, -7.128, -7.128]"
HU210,2am9,8,"['/home/screener/files/prost_canc/crest_vinardo/results/2am9/replicate 8/HU210/2am9_HU210_0_replicate8.pdbqt', '/home/screener/files/prost_canc/crest_vinardo/results/2am9/replicate 8/HU210/2am9_HU210_1_replicate8.pdbqt', '/home/screener/files/prost_canc/crest_vinardo/results/2am9/replicate 8/HU210/2am9_HU210_2_replicate8.pdbqt', '/home/screener/files/prost_canc/crest_vinardo/results/2am9/replicate 8/HU210/2am9_HU210_3_replicate8.pdbqt', '/home/screener/files/prost_canc/crest_vinardo/results/2am9/replicate 8/HU210/2am9_HU210_5_replicate8.pdbqt', '/home/screener/files/prost_canc/crest_vinardo/results/2am9/replicate 8/HU210/2am9_HU210_4_replicate8.pdbqt', '/home/screener/files/prost_canc/crest_vinardo/results/2am9/replicate 8/HU210/2am9_HU210_6_replicate8.pdbqt', '/home/screener/files/prost_canc/crest_vinardo/results/2am9/replicate 8/HU210/2am9_HU210_8_replicate8.pdbqt', '/home/screener/files/prost_canc/crest_vinardo/results/2am9/replicate 8/HU210/2am9_HU210_9_replicate8.pdbqt', '/home/screener/files/prost_canc/crest_vinardo/results/2am9/replicate 8/HU210/2am9_HU210_7_replicate8.pdbqt']","['/home/screener/files/prost_canc/crest_vinardo/results/2am9/replicate 8/HU210/2am9_HU210_0_replicate8.sdf', '/home/screener/files/prost_canc/crest_vinardo/results/2am9/replicate 8/HU210/2am9_HU210_1_replicate8.sdf', '/home/screener/files/prost_canc/crest_vinardo/results/2am9/replicate 8/HU210/2am9_HU210_2_replicate8.sdf', '/home/screener/files/prost_canc/crest_vinardo/results/2am9/replicate 8/HU210/2am9_HU210_3_replicate8.sdf', '/home/screener/files/prost_canc/crest_vinardo/results/2am9/replicate 8/HU210/2am9_HU210_5_replicate8.sdf', '/home/screener/files/prost_canc/crest_vinardo/results/2am9/replicate 8/HU210/2am9_HU210_4_replicate8.sdf', '/home/screener/files/prost_canc/crest_vinardo/results/2am9/replicate 8/HU210/2am9_HU210_6_replicate8.sdf', '/home/screener/files/prost_canc/crest_vinardo/results/2am9/replicate 8/HU210/2am9_HU210_8_replicate8.sdf', '/home/screener/files/prost_canc/crest_vinardo/results/2am9/replicate 8/HU210/2am9_HU210_9_replicate8.sdf', '/home/screener/files/prost_canc/crest_vinardo/results/2am9/replicate 8/HU210/2am9_HU210_7_replicate8.sdf']","[-4.42, -4.42, -4.42, -4.42, -4.42, -4.42, -4.42, -4.42, -4.42, -4.42]"
Testosterone,2am9,9,"['/home/screener/files/prost_canc/crest_vinardo/results/2am9/replicate 9/Testosterone/2am9_Testosterone_0_replicate9.pdbqt', '/home/screener/files/prost_canc/crest_vinardo/results/2am9/replicate 9/Testosterone/2am9_Testosterone_3_replicate9.pdbqt', '/home/screener/files/prost_canc/crest_vinardo/results/2am9/replicate 9/Testosterone/2am9_Testosterone_6_replicate9.pdbqt', '/home/screener/files/prost_canc/crest_vinardo/results/2am9/replicate 9/Testosterone/2am9_Testosterone_5_replicate9.pdbqt', '/home/screener/files/prost_canc/crest_vinardo/results/2am9/replicate 9/Testosterone/2am9_Testosterone_4_replicate9.pdbqt', '/home/screener/files/prost_canc/crest_vinardo/results/2am9/replicate 9/Testosterone/2am9_Testosterone_1_replicate9.pdbqt', '/home/screener/files/prost_canc/crest_vinardo/results/2am9/replicate 9/Testosterone/2am9_Testosterone_2_replicate9.pdbqt']","['/home/screener/files/prost_canc/crest_vinardo/results/2am9/replicate 9/Testosterone/2am9_Testosterone_0_replicate9.sdf', '/home/screener/files/prost_canc/crest_vinardo/results/2am9/replicate 9/Testosterone/2am9_Testosterone_3_replicate9.sdf', '/home/screener/files/prost_canc/crest_vinardo/results/2am9/replicate 9/Testosterone/2am9_Testosterone_6_replicate9.sdf', '/home/screener/files/prost_canc/crest_vinardo/results/2am9/replicate 9/Testosterone/2am9_Testosterone_5_replicate9.sdf', '/home/screener/files/prost_canc/crest_vinardo/results/2am9/replicate 9/Testosterone/2am9_Testosterone_4_replicate9.sdf', '/home/screener/files/prost_canc/crest_vinardo/results/2am9/replicate 9/Testosterone/2am9_Testosterone_1_replicate9.sdf', '/home/screener/files/prost_canc/crest_vinardo/results/2am9/replicate 9/Testosterone/2am9_Testosterone_2_replicate9.sdf']","[-10.606, -10.606, -10.606, -10.606, -10.606, -10.606, -10.606]"
DTHC,2am9,9,"['/home/screener/files/prost_canc/crest_vinardo/results/2am9/replicate 9/DTHC/2am9_DTHC_1_replicate9.pdbqt', '/home/screener/files/prost_canc/crest_vinardo/results/2am9/replicate 9/DTHC/2am9_DTHC_0_replicate9.pdbqt', '/home/screener/files/prost_canc/crest_vinardo/results/2am9/replicate 9/DTHC/2am9_DTHC_6_replicate9.pdbqt', '/home/screener/files/prost_canc/crest_vinardo/results/2am9/replicate 9/DTHC/2am9_DTHC_2_replicate9.pdbqt', '/home/screener/files/prost_canc/crest_vinardo/results/2am9/replicate 9/DTHC/2am9_DTHC_5_replicate9.pdbqt', '/home/screener/files/prost_canc/crest_vinardo/results/2am9/replicate 9/DTHC/2am9_DTHC_3_replicate9.pdbqt', '/home/screener/files/prost_canc/crest_vinardo/results/2am9/replicate 9/DTHC/2am9_DTHC_4_replicate9.pdbqt', '/home/screener/files/prost_canc/crest_vinardo/results/2am9/replicate 9/DTHC/2am9_DTHC_7_replicate9.pdbqt', '/home/screener/files/prost_canc/crest_vinardo/results/2am9/replicate 9/DTHC/2am9_DTHC_8_replicate9.pdbqt', '/home/screener/files/prost_canc/crest_vinardo/results/2am9/replicate 9/DTHC/2am9_DTHC_9_replicate9.pdbqt']","['/home/screener/files/prost_canc/crest_vinardo/results/2am9/replicate 9/DTHC/2am9_DTHC_1_replicate9.sdf', '/home/screener/files/prost_canc/crest_vinardo/results/2am9/replicate 9/DTHC/2am9_DTHC_0_replicate9.sdf', '/home/screener/files/prost_canc/crest_vinardo/results/2am9/replicate 9/DTHC/2am9_DTHC_6_replicate9.sdf', '/home/screener/files/prost_canc/crest_vinardo/results/2am9/replicate 9/DTHC/2am9_DTHC_2_replicate9.sdf', '/home/screener/files/prost_canc/crest_vinardo/results/2am9/replicate 9/DTHC/2am9_DTHC_5_replicate9.sdf', '/home/screener/files/prost_canc/crest_vinardo/results/2am9/replicate 9/DTHC/2am9_DTHC_3_replicate9.sdf', '/home/screener/files/prost_canc/crest_vinardo/results/2am9/replicate 9/DTHC/2am9_DTHC_4_replicate9.sdf', '/home/screener/files/prost_canc/crest_vinardo/results/2am9/replicate 9/DTHC/2am9_DTHC_7_replicate9.sdf', '/home/screener/files/prost_canc/crest_vinardo/results/2am9/replicate 9/DTHC/2am9_DTHC_8_replicate9.sdf', '/home/screener/files/prost_canc/crest_vinardo/results/2am9/replicate 9/DTHC/2am9_DTHC_9_replicate9.sdf']","[-6.31, -6.31, -6.31, -6.31, -6.31, -6.31, -6.31, -6.31, -6.31, -6.31]"
LTHC,2am9,9,"['/home/screener/files/prost_canc/crest_vinardo/results/2am9/replicate 9/LTHC/2am9_LTHC_1_replicate9.pdbqt', '/home/screener/files/prost_canc/crest_vinardo/results/2am9/replicate 9/LTHC/2am9_LTHC_2_replicate9.pdbqt', '/home/screener/files/prost_canc/crest_vinardo/results/2am9/replicate 9/LTHC/2am9_LTHC_3_replicate9.pdbqt', '/home/screener/files/prost_canc/crest_vinardo/results/2am9/replicate 9/LTHC/2am9_LTHC_0_replicate9.pdbqt', '/home/screener/files/prost_canc/crest_vinardo/results/2am9/replicate 9/LTHC/2am9_LTHC_4_replicate9.pdbqt', '/home/screener/files/prost_canc/crest_vinardo/results/2am9/replicate 9/LTHC/2am9_LTHC_5_replicate9.pdbqt', '/home/screener/files/prost_canc/crest_vinardo/results/2am9/replicate 9/LTHC/2am9_LTHC_6_replicate9.pdbqt', '/home/screener/files/prost_canc/crest_vinardo/results/2am9/replicate 9/LTHC/2am9_LTHC_7_replicate9.pdbqt', '/home/screener/files/prost_canc/crest_vinardo/results/2am9/replicate 9/LTHC/2am9_LTHC_9_replicate9.pdbqt', '/home/screener/files/prost_canc/crest_vinardo/results/2am9/replicate 9/LTHC/2am9_LTHC_8_replicate9.pdbqt']","['/home/screener/files/prost_canc/crest_vinardo/results/2am9/replicate 9/LTHC/2am9_LTHC_1_replicate9.sdf', '/home/screener/files/prost_canc/crest_vinardo/results/2am9/replicate 9/LTHC/2am9_LTHC_2_replicate9.sdf', '/home/screener/files/prost_canc/crest_vinardo/results/2am9/replicate 9/LTHC/2am9_LTHC_3_replicate9.sdf', '/home/screener/files/prost_canc/crest_vinardo/results/2am9/replicate 9/LTHC/2am9_LTHC_0_replicate9.sdf', '/home/screener/files/prost_canc/crest_vinardo/results/2am9/replicate 9/LTHC/2am9_LTHC_4_replicate9.sdf', '/home/screener/files/prost_canc/crest_vinardo/results/2am9/replicate 9/LTHC/2am9_LTHC_5_replicate9.sdf', '/home/screener/files/prost_canc/crest_vinardo/results/2am9/replicate 9/LTHC/2am9_LTHC_6_replicate9.sdf', '/home/screener/files/prost_canc/crest_vinardo/results/2am9/replicate 9/LTHC/2am9_LTHC_7_replicate9.sdf', '/home/screener/files/prost_canc/crest_vinardo/results/2am9/replicate 9/LTHC/2am9_LTHC_9_replicate9.sdf', '/home/screener/files/prost_canc/crest_vinardo/results/2am9/replicate 9/LTHC/2am9_LTHC_8_replicate9.sdf']","[-6.307, -6.307, -6.307, -6.307, -6.307, -6.307, -6.307, -6.307, -6.307, -6.307]"
R1881,2am9,9,"['/home/screener/files/prost_canc/crest_vinardo/results/2am9/replicate 9/R1881/2am9_R1881_0_replicate9.pdbqt', '/home/screener/files/prost_canc/crest_vinardo/results/2am9/replicate 9/R1881/2am9_R1881_1_replicate9.pdbqt', '/home/screener/files/prost_canc/crest_vinardo/results/2am9/replicate 9/R1881/2am9_R1881_2_replicate9.pdbqt', '/home/screener/files/prost_canc/crest_vinardo/results/2am9/replicate 9/R1881/2am9_R1881_4_replicate9.pdbqt', '/home/screener/files/prost_canc/crest_vinardo/results/2am9/replicate 9/R1881/2am9_R1881_3_replicate9.pdbqt', '/home/screener/files/prost_canc/crest_vinardo/results/2am9/replicate 9/R1881/2am9_R1881_5_replicate9.pdbqt', '/home/screener/files/prost_canc/crest_vinardo/results/2am9/replicate 9/R1881/2am9_R1881_6_replicate9.pdbqt', '/home/screener/files/prost_canc/crest_vinardo/results/2am9/replicate 9/R1881/2am9_R1881_7_replicate9.pdbqt', '/home/screener/files/prost_canc/crest_vinardo/results/2am9/replicate 9/R1881/2am9_R1881_8_replicate9.pdbqt']","['/home/screener/files/prost_canc/crest_vinardo/results/2am9/replicate 9/R1881/2am9_R1881_0_replicate9.sdf', '/home/screener/files/prost_canc/crest_vinardo/results/2am9/replicate 9/R1881/2am9_R1881_1_replicate9.sdf', '/home/screener/files/prost_canc/crest_vinardo/results/2am9/replicate 9/R1881/2am9_R1881_2_replicate9.sdf', '/home/screener/files/prost_canc/crest_vinardo/results/2am9/replicate 9/R1881/2am9_R1881_4_replicate9.sdf', '/home/screener/files/prost_canc/crest_vinardo/results/2am9/replicate 9/R1881/2am9_R1881_3_replicate9.sdf', '/home/screener/files/prost_canc/crest_vinardo/results/2am9/replicate 9/R1881/2am9_R1881_5_replicate9.sdf', '/home/screener/files/prost_canc/crest_vinardo/results/2am9/replicate 9/R1881/2am9_R1881_6_replicate9.sdf', '/home/screener/files/prost_canc/crest_vinardo/results/2am9/replicate 9/R1881/2am9_R1881_7_replicate9.sdf', '/home/screener/files/prost_canc/crest_vinardo/results/2am9/replicate 9/R1881/2am9_R1881_8_replicate9.sdf']","[-10.015, -10.015, -10.015, -10.015, -10.015, -10.015, -10.015, -10.015, -10.015]"
DHT,2am9,9,"['/home/screener/files/prost_canc/crest_vinardo/results/2am9/replicate 9/DHT/2am9_DHT_0_replicate9.pdbqt', '/home/screener/files/prost_canc/crest_vinardo/results/2am9/replicate 9/DHT/2am9_DHT_1_replicate9.pdbqt', '/home/screener/files/prost_canc/crest_vinardo/results/2am9/replicate 9/DHT/2am9_DHT_2_replicate9.pdbqt', '/home/screener/files/prost_canc/crest_vinardo/results/2am9/replicate 9/DHT/2am9_DHT_4_replicate9.pdbqt', '/home/screener/files/prost_canc/crest_vinardo/results/2am9/replicate 9/DHT/2am9_DHT_3_replicate9.pdbqt', '/home/screener/files/prost_canc/crest_vinardo/results/2am9/replicate 9/DHT/2am9_DHT_5_replicate9.pdbqt', '/home/screener/files/prost_canc/crest_vinardo/results/2am9/replicate 9/DHT/2am9_DHT_6_replicate9.pdbqt', '/home/screener/files/prost_canc/crest_vinardo/results/2am9/replicate 9/DHT/2am9_DHT_7_replicate9.pdbqt']","['/home/screener/files/prost_canc/crest_vinardo/results/2am9/replicate 9/DHT/2am9_DHT_0_replicate9.sdf', '/home/screener/files/prost_canc/crest_vinardo/results/2am9/replicate 9/DHT/2am9_DHT_1_replicate9.sdf', '/home/screener/files/prost_canc/crest_vinardo/results/2am9/replicate 9/DHT/2am9_DHT_2_replicate9.sdf', '/home/screener/files/prost_canc/crest_vinardo/results/2am9/replicate 9/DHT/2am9_DHT_4_replicate9.sdf', '/home/screener/files/prost_canc/crest_vinardo/results/2am9/replicate 9/DHT/2am9_DHT_3_replicate9.sdf', '/home/screener/files/prost_canc/crest_vinardo/results/2am9/replicate 9/DHT/2am9_DHT_5_replicate9.sdf', '/home/screener/files/prost_canc/crest_vinardo/results/2am9/replicate 9/DHT/2am9_DHT_6_replicate9.sdf', '/home/screener/files/prost_canc/crest_vinardo/results/2am9/replicate 9/DHT/2am9_DHT_7_replicate9.sdf']","[-10.948, -10.948, -10.948, -10.948, -10.948, -10.948, -10.948, -10.948]"
RBICALUTAMIDE,2am9,9,"['/home/screener/files/prost_canc/crest_vinardo/results/2am9/replicate 9/RBICALUTAMIDE/2am9_RBICALUTAMIDE_0_replicate9.pdbqt', '/home/screener/files/prost_canc/crest_vinardo/results/2am9/replicate 9/RBICALUTAMIDE/2am9_RBICALUTAMIDE_1_replicate9.pdbqt', '/home/screener/files/prost_canc/crest_vinardo/results/2am9/replicate 9/RBICALUTAMIDE/2am9_RBICALUTAMIDE_2_replicate9.pdbqt', '/home/screener/files/prost_canc/crest_vinardo/results/2am9/replicate 9/RBICALUTAMIDE/2am9_RBICALUTAMIDE_3_replicate9.pdbqt', '/home/screener/files/prost_canc/crest_vinardo/results/2am9/replicate 9/RBICALUTAMIDE/2am9_RBICALUTAMIDE_5_replicate9.pdbqt', '/home/screener/files/prost_canc/crest_vinardo/results/2am9/replicate 9/RBICALUTAMIDE/2am9_RBICALUTAMIDE_4_replicate9.pdbqt', '/home/screener/files/prost_canc/crest_vinardo/results/2am9/replicate 9/RBICALUTAMIDE/2am9_RBICALUTAMIDE_6_replicate9.pdbqt', '/home/screener/files/prost_canc/crest_vinardo/results/2am9/replicate 9/RBICALUTAMIDE/2am9_RBICALUTAMIDE_7_replicate9.pdbqt', '/home/screener/files/prost_canc/crest_vinardo/results/2am9/replicate 9/RBICALUTAMIDE/2am9_RBICALUTAMIDE_8_replicate9.pdbqt', '/home/screener/files/prost_canc/crest_vinardo/results/2am9/replicate 9/RBICALUTAMIDE/2am9_RBICALUTAMIDE_9_replicate9.pdbqt']","['/home/screener/files/prost_canc/crest_vinardo/results/2am9/replicate 9/RBICALUTAMIDE/2am9_RBICALUTAMIDE_0_replicate9.sdf', '/home/screener/files/prost_canc/crest_vinardo/results/2am9/replicate 9/RBICALUTAMIDE/2am9_RBICALUTAMIDE_1_replicate9.sdf', '/home/screener/files/prost_canc/crest_vinardo/results/2am9/replicate 9/RBICALUTAMIDE/2am9_RBICALUTAMIDE_2_replicate9.sdf', '/home/screener/files/prost_canc/crest_vinardo/results/2am9/replicate 9/RBICALUTAMIDE/2am9_RBICALUTAMIDE_3_replicate9.sdf', '/home/screener/files/prost_canc/crest_vinardo/results/2am9/replicate 9/RBICALUTAMIDE/2am9_RBICALUTAMIDE_5_replicate9.sdf', '/home/screener/files/prost_canc/crest_vinardo/results/2am9/replicate 9/RBICALUTAMIDE/2am9_RBICALUTAMIDE_4_replicate9.sdf', '/home/screener/files/prost_canc/crest_vinardo/results/2am9/replicate 9/RBICALUTAMIDE/2am9_RBICALUTAMIDE_6_replicate9.sdf', '/home/screener/files/prost_canc/crest_vinardo/results/2am9/replicate 9/RBICALUTAMIDE/2am9_RBICALUTAMIDE_7_replicate9.sdf', '/home/screener/files/prost_canc/crest_vinardo/results/2am9/replicate 9/RBICALUTAMIDE/2am9_RBICALUTAMIDE_8_replicate9.sdf', '/home/screener/files/prost_canc/crest_vinardo/results/2am9/replicate 9/RBICALUTAMIDE/2am9_RBICALUTAMIDE_9_replicate9.sdf']","[-6.254, -6.254, -6.254, -6.254, -6.254, -6.254, -6.254, -6.254, -6.254, -6.254]"
CBN,2am9,9,"['/home/screener/files/prost_canc/crest_vinardo/results/2am9/replicate 9/CBN/2am9_CBN_1_replicate9.pdbqt', '/home/screener/files/prost_canc/crest_vinardo/results/2am9/replicate 9/CBN/2am9_CBN_0_replicate9.pdbqt', '/home/screener/files/prost_canc/crest_vinardo/results/2am9/replicate 9/CBN/2am9_CBN_2_replicate9.pdbqt', '/home/screener/files/prost_canc/crest_vinardo/results/2am9/replicate 9/CBN/2am9_CBN_3_replicate9.pdbqt', '/home/screener/files/prost_canc/crest_vinardo/results/2am9/replicate 9/CBN/2am9_CBN_5_replicate9.pdbqt', '/home/screener/files/prost_canc/crest_vinardo/results/2am9/replicate 9/CBN/2am9_CBN_4_replicate9.pdbqt', '/home/screener/files/prost_canc/crest_vinardo/results/2am9/replicate 9/CBN/2am9_CBN_6_replicate9.pdbqt', '/home/screener/files/prost_canc/crest_vinardo/results/2am9/replicate 9/CBN/2am9_CBN_7_replicate9.pdbqt', '/home/screener/files/prost_canc/crest_vinardo/results/2am9/replicate 9/CBN/2am9_CBN_8_replicate9.pdbqt', '/home/screener/files/prost_canc/crest_vinardo/results/2am9/replicate 9/CBN/2am9_CBN_9_replicate9.pdbqt']","['/home/screener/files/prost_canc/crest_vinardo/results/2am9/replicate 9/CBN/2am9_CBN_1_replicate9.sdf', '/home/screener/files/prost_canc/crest_vinardo/results/2am9/replicate 9/CBN/2am9_CBN_0_replicate9.sdf', '/home/screener/files/prost_canc/crest_vinardo/results/2am9/replicate 9/CBN/2am9_CBN_2_replicate9.sdf', '/home/screener/files/prost_canc/crest_vinardo/results/2am9/replicate 9/CBN/2am9_CBN_3_replicate9.sdf', '/home/screener/files/prost_canc/crest_vinardo/results/2am9/replicate 9/CBN/2am9_CBN_5_replicate9.sdf', '/home/screener/files/prost_canc/crest_vinardo/results/2am9/replicate 9/CBN/2am9_CBN_4_replicate9.sdf', '/home/screener/files/prost_canc/crest_vinardo/results/2am9/replicate 9/CBN/2am9_CBN_6_replicate9.sdf', '/home/screener/files/prost_canc/crest_vinardo/results/2am9/replicate 9/CBN/2am9_CBN_7_replicate9.sdf', '/home/screener/files/prost_canc/crest_vinardo/results/2am9/replicate 9/CBN/2am9_CBN_8_replicate9.sdf', '/home/screener/files/prost_canc/crest_vinardo/results/2am9/replicate 9/CBN/2am9_CBN_9_replicate9.sdf']","[-7.168, -7.168, -7.168, -7.168, -7.168, -7.168, -7.168, -7.168, -7.168, -7.168]"
CBD,2am9,9,"['/home/screener/files/prost_canc/crest_vinardo/results/2am9/replicate 9/CBD/2am9_CBD_0_replicate9.pdbqt', '/home/screener/files/prost_canc/crest_vinardo/results/2am9/replicate 9/CBD/2am9_CBD_1_replicate9.pdbqt', '/home/screener/files/prost_canc/crest_vinardo/results/2am9/replicate 9/CBD/2am9_CBD_2_replicate9.pdbqt', '/home/screener/files/prost_canc/crest_vinardo/results/2am9/replicate 9/CBD/2am9_CBD_3_replicate9.pdbqt', '/home/screener/files/prost_canc/crest_vinardo/results/2am9/replicate 9/CBD/2am9_CBD_4_replicate9.pdbqt', '/home/screener/files/prost_canc/crest_vinardo/results/2am9/replicate 9/CBD/2am9_CBD_5_replicate9.pdbqt', '/home/screener/files/prost_canc/crest_vinardo/results/2am9/replicate 9/CBD/2am9_CBD_6_replicate9.pdbqt', '/home/screener/files/prost_canc/crest_vinardo/results/2am9/replicate 9/CBD/2am9_CBD_7_replicate9.pdbqt', '/home/screener/files/prost_canc/crest_vinardo/results/2am9/replicate 9/CBD/2am9_CBD_8_replicate9.pdbqt', '/home/screener/files/prost_canc/crest_vinardo/results/2am9/replicate 9/CBD/2am9_CBD_9_replicate9.pdbqt']","['/home/screener/files/prost_canc/crest_vinardo/results/2am9/replicate 9/CBD/2am9_CBD_0_replicate9.sdf', '/home/screener/files/prost_canc/crest_vinardo/results/2am9/replicate 9/CBD/2am9_CBD_1_replicate9.sdf', '/home/screener/files/prost_canc/crest_vinardo/results/2am9/replicate 9/CBD/2am9_CBD_2_replicate9.sdf', '/home/screener/files/prost_canc/crest_vinardo/results/2am9/replicate 9/CBD/2am9_CBD_3_replicate9.sdf', '/home/screener/files/prost_canc/crest_vinardo/results/2am9/replicate 9/CBD/2am9_CBD_4_replicate9.sdf', '/home/screener/files/prost_canc/crest_vinardo/results/2am9/replicate 9/CBD/2am9_CBD_5_replicate9.sdf', '/home/screener/files/prost_canc/crest_vinardo/results/2am9/replicate 9/CBD/2am9_CBD_6_replicate9.sdf', '/home/screener/files/prost_canc/crest_vinardo/results/2am9/replicate 9/CBD/2am9_CBD_7_replicate9.sdf', '/home/screener/files/prost_canc/crest_vinardo/results/2am9/replicate 9/CBD/2am9_CBD_8_replicate9.sdf', '/home/screener/files/prost_canc/crest_vinardo/results/2am9/replicate 9/CBD/2am9_CBD_9_replicate9.sdf']","[-6.669, -6.669, -6.669, -6.669, -6.669, -6.669, -6.669, -6.669, -6.669, -6.669]"
MDMBCHMINACA,2am9,9,"['/home/screener/files/prost_canc/crest_vinardo/results/2am9/replicate 9/MDMBCHMINACA/2am9_MDMBCHMINACA_0_replicate9.pdbqt', '/home/screener/files/prost_canc/crest_vinardo/results/2am9/replicate 9/MDMBCHMINACA/2am9_MDMBCHMINACA_1_replicate9.pdbqt', '/home/screener/files/prost_canc/crest_vinardo/results/2am9/replicate 9/MDMBCHMINACA/2am9_MDMBCHMINACA_2_replicate9.pdbqt', '/home/screener/files/prost_canc/crest_vinardo/results/2am9/replicate 9/MDMBCHMINACA/2am9_MDMBCHMINACA_3_replicate9.pdbqt', '/home/screener/files/prost_canc/crest_vinardo/results/2am9/replicate 9/MDMBCHMINACA/2am9_MDMBCHMINACA_4_replicate9.pdbqt', '/home/screener/files/prost_canc/crest_vinardo/results/2am9/replicate 9/MDMBCHMINACA/2am9_MDMBCHMINACA_5_replicate9.pdbqt', '/home/screener/files/prost_canc/crest_vinardo/results/2am9/replicate 9/MDMBCHMINACA/2am9_MDMBCHMINACA_6_replicate9.pdbqt', '/home/screener/files/prost_canc/crest_vinardo/results/2am9/replicate 9/MDMBCHMINACA/2am9_MDMBCHMINACA_7_replicate9.pdbqt', '/home/screener/files/prost_canc/crest_vinardo/results/2am9/replicate 9/MDMBCHMINACA/2am9_MDMBCHMINACA_8_replicate9.pdbqt', '/home/screener/files/prost_canc/crest_vinardo/results/2am9/replicate 9/MDMBCHMINACA/2am9_MDMBCHMINACA_9_replicate9.pdbqt']","['/home/screener/files/prost_canc/crest_vinardo/results/2am9/replicate 9/MDMBCHMINACA/2am9_MDMBCHMINACA_0_replicate9.sdf', '/home/screener/files/prost_canc/crest_vinardo/results/2am9/replicate 9/MDMBCHMINACA/2am9_MDMBCHMINACA_1_replicate9.sdf', '/home/screener/files/prost_canc/crest_vinardo/results/2am9/replicate 9/MDMBCHMINACA/2am9_MDMBCHMINACA_2_replicate9.sdf', '/home/screener/files/prost_canc/crest_vinardo/results/2am9/replicate 9/MDMBCHMINACA/2am9_MDMBCHMINACA_3_replicate9.sdf', '/home/screener/files/prost_canc/crest_vinardo/results/2am9/replicate 9/MDMBCHMINACA/2am9_MDMBCHMINACA_4_replicate9.sdf', '/home/screener/files/prost_canc/crest_vinardo/results/2am9/replicate 9/MDMBCHMINACA/2am9_MDMBCHMINACA_5_replicate9.sdf', '/home/screener/files/prost_canc/crest_vinardo/results/2am9/replicate 9/MDMBCHMINACA/2am9_MDMBCHMINACA_6_replicate9.sdf', '/home/screener/files/prost_canc/crest_vinardo/results/2am9/replicate 9/MDMBCHMINACA/2am9_MDMBCHMINACA_7_replicate9.sdf', '/home/screener/files/prost_canc/crest_vinardo/results/2am9/replicate 9/MDMBCHMINACA/2am9_MDMBCHMINACA_8_replicate9.sdf', '/home/screener/files/prost_canc/crest_vinardo/results/2am9/replicate 9/MDMBCHMINACA/2am9_MDMBCHMINACA_9_replicate9.sdf']","[-4.631, -4.631, -4.631, -4.631, -4.631, -4.631, -4.631, -4.631, -4.631, -4.631]"
5FAKB48,2am9,9,"['/home/screener/files/prost_canc/crest_vinardo/results/2am9/replicate 9/5FAKB48/2am9_5FAKB48_0_replicate9.pdbqt', '/home/screener/files/prost_canc/crest_vinardo/results/2am9/replicate 9/5FAKB48/2am9_5FAKB48_1_replicate9.pdbqt', '/home/screener/files/prost_canc/crest_vinardo/results/2am9/replicate 9/5FAKB48/2am9_5FAKB48_2_replicate9.pdbqt', '/home/screener/files/prost_canc/crest_vinardo/results/2am9/replicate 9/5FAKB48/2am9_5FAKB48_3_replicate9.pdbqt', '/home/screener/files/prost_canc/crest_vinardo/results/2am9/replicate 9/5FAKB48/2am9_5FAKB48_4_replicate9.pdbqt', '/home/screener/files/prost_canc/crest_vinardo/results/2am9/replicate 9/5FAKB48/2am9_5FAKB48_5_replicate9.pdbqt', '/home/screener/files/prost_canc/crest_vinardo/results/2am9/replicate 9/5FAKB48/2am9_5FAKB48_6_replicate9.pdbqt', '/home/screener/files/prost_canc/crest_vinardo/results/2am9/replicate 9/5FAKB48/2am9_5FAKB48_7_replicate9.pdbqt', '/home/screener/files/prost_canc/crest_vinardo/results/2am9/replicate 9/5FAKB48/2am9_5FAKB48_8_replicate9.pdbqt', '/home/screener/files/prost_canc/crest_vinardo/results/2am9/replicate 9/5FAKB48/2am9_5FAKB48_9_replicate9.pdbqt']","['/home/screener/files/prost_canc/crest_vinardo/results/2am9/replicate 9/5FAKB48/2am9_5FAKB48_0_replicate9.sdf', '/home/screener/files/prost_canc/crest_vinardo/results/2am9/replicate 9/5FAKB48/2am9_5FAKB48_1_replicate9.sdf', '/home/screener/files/prost_canc/crest_vinardo/results/2am9/replicate 9/5FAKB48/2am9_5FAKB48_2_replicate9.sdf', '/home/screener/files/prost_canc/crest_vinardo/results/2am9/replicate 9/5FAKB48/2am9_5FAKB48_3_replicate9.sdf', '/home/screener/files/prost_canc/crest_vinardo/results/2am9/replicate 9/5FAKB48/2am9_5FAKB48_4_replicate9.sdf', '/home/screener/files/prost_canc/crest_vinardo/results/2am9/replicate 9/5FAKB48/2am9_5FAKB48_5_replicate9.sdf', '/home/screener/files/prost_canc/crest_vinardo/results/2am9/replicate 9/5FAKB48/2am9_5FAKB48_6_replicate9.sdf', '/home/screener/files/prost_canc/crest_vinardo/results/2am9/replicate 9/5FAKB48/2am9_5FAKB48_7_replicate9.sdf', '/home/screener/files/prost_canc/crest_vinardo/results/2am9/replicate 9/5FAKB48/2am9_5FAKB48_8_replicate9.sdf', '/home/screener/files/prost_canc/crest_vinardo/results/2am9/replicate 9/5FAKB48/2am9_5FAKB48_9_replicate9.sdf']","[-7.128, -7.128, -7.128, -7.128, -7.128, -7.128, -7.128, -7.128, -7.128, -7.128]"
HU210,2am9,9,"['/home/screener/files/prost_canc/crest_vinardo/results/2am9/replicate 9/HU210/2am9_HU210_0_replicate9.pdbqt', '/home/screener/files/prost_canc/crest_vinardo/results/2am9/replicate 9/HU210/2am9_HU210_1_replicate9.pdbqt', '/home/screener/files/prost_canc/crest_vinardo/results/2am9/replicate 9/HU210/2am9_HU210_2_replicate9.pdbqt', '/home/screener/files/prost_canc/crest_vinardo/results/2am9/replicate 9/HU210/2am9_HU210_3_replicate9.pdbqt', '/home/screener/files/prost_canc/crest_vinardo/results/2am9/replicate 9/HU210/2am9_HU210_4_replicate9.pdbqt', '/home/screener/files/prost_canc/crest_vinardo/results/2am9/replicate 9/HU210/2am9_HU210_5_replicate9.pdbqt', '/home/screener/files/prost_canc/crest_vinardo/results/2am9/replicate 9/HU210/2am9_HU210_6_replicate9.pdbqt', '/home/screener/files/prost_canc/crest_vinardo/results/2am9/replicate 9/HU210/2am9_HU210_7_replicate9.pdbqt', '/home/screener/files/prost_canc/crest_vinardo/results/2am9/replicate 9/HU210/2am9_HU210_8_replicate9.pdbqt', '/home/screener/files/prost_canc/crest_vinardo/results/2am9/replicate 9/HU210/2am9_HU210_9_replicate9.pdbqt']","['/home/screener/files/prost_canc/crest_vinardo/results/2am9/replicate 9/HU210/2am9_HU210_0_replicate9.sdf', '/home/screener/files/prost_canc/crest_vinardo/results/2am9/replicate 9/HU210/2am9_HU210_1_replicate9.sdf', '/home/screener/files/prost_canc/crest_vinardo/results/2am9/replicate 9/HU210/2am9_HU210_2_replicate9.sdf', '/home/screener/files/prost_canc/crest_vinardo/results/2am9/replicate 9/HU210/2am9_HU210_3_replicate9.sdf', '/home/screener/files/prost_canc/crest_vinardo/results/2am9/replicate 9/HU210/2am9_HU210_4_replicate9.sdf', '/home/screener/files/prost_canc/crest_vinardo/results/2am9/replicate 9/HU210/2am9_HU210_5_replicate9.sdf', '/home/screener/files/prost_canc/crest_vinardo/results/2am9/replicate 9/HU210/2am9_HU210_6_replicate9.sdf', '/home/screener/files/prost_canc/crest_vinardo/results/2am9/replicate 9/HU210/2am9_HU210_7_replicate9.sdf', '/home/screener/files/prost_canc/crest_vinardo/results/2am9/replicate 9/HU210/2am9_HU210_8_replicate9.sdf', '/home/screener/files/prost_canc/crest_vinardo/results/2am9/replicate 9/HU210/2am9_HU210_9_replicate9.sdf']","[-4.42, -4.42, -4.42, -4.42, -4.42, -4.42, -4.42, -4.42, -4.42, -4.42]"
Testosterone,2am9,10,"['/home/screener/files/prost_canc/crest_vinardo/results/2am9/replicate 10/Testosterone/2am9_Testosterone_0_replicate10.pdbqt', '/home/screener/files/prost_canc/crest_vinardo/results/2am9/replicate 10/Testosterone/2am9_Testosterone_6_replicate10.pdbqt', '/home/screener/files/prost_canc/crest_vinardo/results/2am9/replicate 10/Testosterone/2am9_Testosterone_2_replicate10.pdbqt', '/home/screener/files/prost_canc/crest_vinardo/results/2am9/replicate 10/Testosterone/2am9_Testosterone_1_replicate10.pdbqt', '/home/screener/files/prost_canc/crest_vinardo/results/2am9/replicate 10/Testosterone/2am9_Testosterone_4_replicate10.pdbqt', '/home/screener/files/prost_canc/crest_vinardo/results/2am9/replicate 10/Testosterone/2am9_Testosterone_5_replicate10.pdbqt', '/home/screener/files/prost_canc/crest_vinardo/results/2am9/replicate 10/Testosterone/2am9_Testosterone_3_replicate10.pdbqt']","['/home/screener/files/prost_canc/crest_vinardo/results/2am9/replicate 10/Testosterone/2am9_Testosterone_0_replicate10.sdf', '/home/screener/files/prost_canc/crest_vinardo/results/2am9/replicate 10/Testosterone/2am9_Testosterone_6_replicate10.sdf', '/home/screener/files/prost_canc/crest_vinardo/results/2am9/replicate 10/Testosterone/2am9_Testosterone_2_replicate10.sdf', '/home/screener/files/prost_canc/crest_vinardo/results/2am9/replicate 10/Testosterone/2am9_Testosterone_1_replicate10.sdf', '/home/screener/files/prost_canc/crest_vinardo/results/2am9/replicate 10/Testosterone/2am9_Testosterone_4_replicate10.sdf', '/home/screener/files/prost_canc/crest_vinardo/results/2am9/replicate 10/Testosterone/2am9_Testosterone_5_replicate10.sdf', '/home/screener/files/prost_canc/crest_vinardo/results/2am9/replicate 10/Testosterone/2am9_Testosterone_3_replicate10.sdf']","[-10.606, -10.606, -10.606, -10.606, -10.606, -10.606, -10.606]"
DTHC,2am9,10,"['/home/screener/files/prost_canc/crest_vinardo/results/2am9/replicate 10/DTHC/2am9_DTHC_0_replicate10.pdbqt', '/home/screener/files/prost_canc/crest_vinardo/results/2am9/replicate 10/DTHC/2am9_DTHC_1_replicate10.pdbqt', '/home/screener/files/prost_canc/crest_vinardo/results/2am9/replicate 10/DTHC/2am9_DTHC_3_replicate10.pdbqt', '/home/screener/files/prost_canc/crest_vinardo/results/2am9/replicate 10/DTHC/2am9_DTHC_4_replicate10.pdbqt', '/home/screener/files/prost_canc/crest_vinardo/results/2am9/replicate 10/DTHC/2am9_DTHC_2_replicate10.pdbqt', '/home/screener/files/prost_canc/crest_vinardo/results/2am9/replicate 10/DTHC/2am9_DTHC_5_replicate10.pdbqt', '/home/screener/files/prost_canc/crest_vinardo/results/2am9/replicate 10/DTHC/2am9_DTHC_6_replicate10.pdbqt', '/home/screener/files/prost_canc/crest_vinardo/results/2am9/replicate 10/DTHC/2am9_DTHC_7_replicate10.pdbqt', '/home/screener/files/prost_canc/crest_vinardo/results/2am9/replicate 10/DTHC/2am9_DTHC_8_replicate10.pdbqt', '/home/screener/files/prost_canc/crest_vinardo/results/2am9/replicate 10/DTHC/2am9_DTHC_9_replicate10.pdbqt']","['/home/screener/files/prost_canc/crest_vinardo/results/2am9/replicate 10/DTHC/2am9_DTHC_0_replicate10.sdf', '/home/screener/files/prost_canc/crest_vinardo/results/2am9/replicate 10/DTHC/2am9_DTHC_1_replicate10.sdf', '/home/screener/files/prost_canc/crest_vinardo/results/2am9/replicate 10/DTHC/2am9_DTHC_3_replicate10.sdf', '/home/screener/files/prost_canc/crest_vinardo/results/2am9/replicate 10/DTHC/2am9_DTHC_4_replicate10.sdf', '/home/screener/files/prost_canc/crest_vinardo/results/2am9/replicate 10/DTHC/2am9_DTHC_2_replicate10.sdf', '/home/screener/files/prost_canc/crest_vinardo/results/2am9/replicate 10/DTHC/2am9_DTHC_5_replicate10.sdf', '/home/screener/files/prost_canc/crest_vinardo/results/2am9/replicate 10/DTHC/2am9_DTHC_6_replicate10.sdf', '/home/screener/files/prost_canc/crest_vinardo/results/2am9/replicate 10/DTHC/2am9_DTHC_7_replicate10.sdf', '/home/screener/files/prost_canc/crest_vinardo/results/2am9/replicate 10/DTHC/2am9_DTHC_8_replicate10.sdf', '/home/screener/files/prost_canc/crest_vinardo/results/2am9/replicate 10/DTHC/2am9_DTHC_9_replicate10.sdf']","[-6.31, -6.31, -6.31, -6.31, -6.31, -6.31, -6.31, -6.31, -6.31, -6.31]"
LTHC,2am9,10,"['/home/screener/files/prost_canc/crest_vinardo/results/2am9/replicate 10/LTHC/2am9_LTHC_0_replicate10.pdbqt', '/home/screener/files/prost_canc/crest_vinardo/results/2am9/replicate 10/LTHC/2am9_LTHC_3_replicate10.pdbqt', '/home/screener/files/prost_canc/crest_vinardo/results/2am9/replicate 10/LTHC/2am9_LTHC_1_replicate10.pdbqt', '/home/screener/files/prost_canc/crest_vinardo/results/2am9/replicate 10/LTHC/2am9_LTHC_2_replicate10.pdbqt', '/home/screener/files/prost_canc/crest_vinardo/results/2am9/replicate 10/LTHC/2am9_LTHC_4_replicate10.pdbqt', '/home/screener/files/prost_canc/crest_vinardo/results/2am9/replicate 10/LTHC/2am9_LTHC_5_replicate10.pdbqt', '/home/screener/files/prost_canc/crest_vinardo/results/2am9/replicate 10/LTHC/2am9_LTHC_6_replicate10.pdbqt', '/home/screener/files/prost_canc/crest_vinardo/results/2am9/replicate 10/LTHC/2am9_LTHC_9_replicate10.pdbqt', '/home/screener/files/prost_canc/crest_vinardo/results/2am9/replicate 10/LTHC/2am9_LTHC_7_replicate10.pdbqt', '/home/screener/files/prost_canc/crest_vinardo/results/2am9/replicate 10/LTHC/2am9_LTHC_8_replicate10.pdbqt']","['/home/screener/files/prost_canc/crest_vinardo/results/2am9/replicate 10/LTHC/2am9_LTHC_0_replicate10.sdf', '/home/screener/files/prost_canc/crest_vinardo/results/2am9/replicate 10/LTHC/2am9_LTHC_3_replicate10.sdf', '/home/screener/files/prost_canc/crest_vinardo/results/2am9/replicate 10/LTHC/2am9_LTHC_1_replicate10.sdf', '/home/screener/files/prost_canc/crest_vinardo/results/2am9/replicate 10/LTHC/2am9_LTHC_2_replicate10.sdf', '/home/screener/files/prost_canc/crest_vinardo/results/2am9/replicate 10/LTHC/2am9_LTHC_4_replicate10.sdf', '/home/screener/files/prost_canc/crest_vinardo/results/2am9/replicate 10/LTHC/2am9_LTHC_5_replicate10.sdf', '/home/screener/files/prost_canc/crest_vinardo/results/2am9/replicate 10/LTHC/2am9_LTHC_6_replicate10.sdf', '/home/screener/files/prost_canc/crest_vinardo/results/2am9/replicate 10/LTHC/2am9_LTHC_9_replicate10.sdf', '/home/screener/files/prost_canc/crest_vinardo/results/2am9/replicate 10/LTHC/2am9_LTHC_7_replicate10.sdf', '/home/screener/files/prost_canc/crest_vinardo/results/2am9/replicate 10/LTHC/2am9_LTHC_8_replicate10.sdf']","[-6.307, -6.307, -6.307, -6.307, -6.307, -6.307, -6.307, -6.307, -6.307, -6.307]"
R1881,2am9,10,"['/home/screener/files/prost_canc/crest_vinardo/results/2am9/replicate 10/R1881/2am9_R1881_0_replicate10.pdbqt', '/home/screener/files/prost_canc/crest_vinardo/results/2am9/replicate 10/R1881/2am9_R1881_1_replicate10.pdbqt', '/home/screener/files/prost_canc/crest_vinardo/results/2am9/replicate 10/R1881/2am9_R1881_2_replicate10.pdbqt', '/home/screener/files/prost_canc/crest_vinardo/results/2am9/replicate 10/R1881/2am9_R1881_4_replicate10.pdbqt', '/home/screener/files/prost_canc/crest_vinardo/results/2am9/replicate 10/R1881/2am9_R1881_3_replicate10.pdbqt', '/home/screener/files/prost_canc/crest_vinardo/results/2am9/replicate 10/R1881/2am9_R1881_7_replicate10.pdbqt', '/home/screener/files/prost_canc/crest_vinardo/results/2am9/replicate 10/R1881/2am9_R1881_6_replicate10.pdbqt', '/home/screener/files/prost_canc/crest_vinardo/results/2am9/replicate 10/R1881/2am9_R1881_5_replicate10.pdbqt', '/home/screener/files/prost_canc/crest_vinardo/results/2am9/replicate 10/R1881/2am9_R1881_8_replicate10.pdbqt']","['/home/screener/files/prost_canc/crest_vinardo/results/2am9/replicate 10/R1881/2am9_R1881_0_replicate10.sdf', '/home/screener/files/prost_canc/crest_vinardo/results/2am9/replicate 10/R1881/2am9_R1881_1_replicate10.sdf', '/home/screener/files/prost_canc/crest_vinardo/results/2am9/replicate 10/R1881/2am9_R1881_2_replicate10.sdf', '/home/screener/files/prost_canc/crest_vinardo/results/2am9/replicate 10/R1881/2am9_R1881_4_replicate10.sdf', '/home/screener/files/prost_canc/crest_vinardo/results/2am9/replicate 10/R1881/2am9_R1881_3_replicate10.sdf', '/home/screener/files/prost_canc/crest_vinardo/results/2am9/replicate 10/R1881/2am9_R1881_7_replicate10.sdf', '/home/screener/files/prost_canc/crest_vinardo/results/2am9/replicate 10/R1881/2am9_R1881_6_replicate10.sdf', '/home/screener/files/prost_canc/crest_vinardo/results/2am9/replicate 10/R1881/2am9_R1881_5_replicate10.sdf', '/home/screener/files/prost_canc/crest_vinardo/results/2am9/replicate 10/R1881/2am9_R1881_8_replicate10.sdf']","[-10.015, -10.015, -10.015, -10.015, -10.015, -10.015, -10.015, -10.015, -10.015]"
DHT,2am9,10,"['/home/screener/files/prost_canc/crest_vinardo/results/2am9/replicate 10/DHT/2am9_DHT_0_replicate10.pdbqt', '/home/screener/files/prost_canc/crest_vinardo/results/2am9/replicate 10/DHT/2am9_DHT_1_replicate10.pdbqt', '/home/screener/files/prost_canc/crest_vinardo/results/2am9/replicate 10/DHT/2am9_DHT_2_replicate10.pdbqt', '/home/screener/files/prost_canc/crest_vinardo/results/2am9/replicate 10/DHT/2am9_DHT_5_replicate10.pdbqt', '/home/screener/files/prost_canc/crest_vinardo/results/2am9/replicate 10/DHT/2am9_DHT_4_replicate10.pdbqt', '/home/screener/files/prost_canc/crest_vinardo/results/2am9/replicate 10/DHT/2am9_DHT_6_replicate10.pdbqt', '/home/screener/files/prost_canc/crest_vinardo/results/2am9/replicate 10/DHT/2am9_DHT_3_replicate10.pdbqt', '/home/screener/files/prost_canc/crest_vinardo/results/2am9/replicate 10/DHT/2am9_DHT_7_replicate10.pdbqt']","['/home/screener/files/prost_canc/crest_vinardo/results/2am9/replicate 10/DHT/2am9_DHT_0_replicate10.sdf', '/home/screener/files/prost_canc/crest_vinardo/results/2am9/replicate 10/DHT/2am9_DHT_1_replicate10.sdf', '/home/screener/files/prost_canc/crest_vinardo/results/2am9/replicate 10/DHT/2am9_DHT_2_replicate10.sdf', '/home/screener/files/prost_canc/crest_vinardo/results/2am9/replicate 10/DHT/2am9_DHT_5_replicate10.sdf', '/home/screener/files/prost_canc/crest_vinardo/results/2am9/replicate 10/DHT/2am9_DHT_4_replicate10.sdf', '/home/screener/files/prost_canc/crest_vinardo/results/2am9/replicate 10/DHT/2am9_DHT_6_replicate10.sdf', '/home/screener/files/prost_canc/crest_vinardo/results/2am9/replicate 10/DHT/2am9_DHT_3_replicate10.sdf', '/home/screener/files/prost_canc/crest_vinardo/results/2am9/replicate 10/DHT/2am9_DHT_7_replicate10.sdf']","[-10.948, -10.948, -10.948, -10.948, -10.948, -10.948, -10.948, -10.948]"
RBICALUTAMIDE,2am9,10,"['/home/screener/files/prost_canc/crest_vinardo/results/2am9/replicate 10/RBICALUTAMIDE/2am9_RBICALUTAMIDE_0_replicate10.pdbqt', '/home/screener/files/prost_canc/crest_vinardo/results/2am9/replicate 10/RBICALUTAMIDE/2am9_RBICALUTAMIDE_1_replicate10.pdbqt', '/home/screener/files/prost_canc/crest_vinardo/results/2am9/replicate 10/RBICALUTAMIDE/2am9_RBICALUTAMIDE_2_replicate10.pdbqt', '/home/screener/files/prost_canc/crest_vinardo/results/2am9/replicate 10/RBICALUTAMIDE/2am9_RBICALUTAMIDE_3_replicate10.pdbqt', '/home/screener/files/prost_canc/crest_vinardo/results/2am9/replicate 10/RBICALUTAMIDE/2am9_RBICALUTAMIDE_4_replicate10.pdbqt', '/home/screener/files/prost_canc/crest_vinardo/results/2am9/replicate 10/RBICALUTAMIDE/2am9_RBICALUTAMIDE_5_replicate10.pdbqt', '/home/screener/files/prost_canc/crest_vinardo/results/2am9/replicate 10/RBICALUTAMIDE/2am9_RBICALUTAMIDE_6_replicate10.pdbqt', '/home/screener/files/prost_canc/crest_vinardo/results/2am9/replicate 10/RBICALUTAMIDE/2am9_RBICALUTAMIDE_9_replicate10.pdbqt', '/home/screener/files/prost_canc/crest_vinardo/results/2am9/replicate 10/RBICALUTAMIDE/2am9_RBICALUTAMIDE_8_replicate10.pdbqt', '/home/screener/files/prost_canc/crest_vinardo/results/2am9/replicate 10/RBICALUTAMIDE/2am9_RBICALUTAMIDE_7_replicate10.pdbqt']","['/home/screener/files/prost_canc/crest_vinardo/results/2am9/replicate 10/RBICALUTAMIDE/2am9_RBICALUTAMIDE_0_replicate10.sdf', '/home/screener/files/prost_canc/crest_vinardo/results/2am9/replicate 10/RBICALUTAMIDE/2am9_RBICALUTAMIDE_1_replicate10.sdf', '/home/screener/files/prost_canc/crest_vinardo/results/2am9/replicate 10/RBICALUTAMIDE/2am9_RBICALUTAMIDE_2_replicate10.sdf', '/home/screener/files/prost_canc/crest_vinardo/results/2am9/replicate 10/RBICALUTAMIDE/2am9_RBICALUTAMIDE_3_replicate10.sdf', '/home/screener/files/prost_canc/crest_vinardo/results/2am9/replicate 10/RBICALUTAMIDE/2am9_RBICALUTAMIDE_4_replicate10.sdf', '/home/screener/files/prost_canc/crest_vinardo/results/2am9/replicate 10/RBICALUTAMIDE/2am9_RBICALUTAMIDE_5_replicate10.sdf', '/home/screener/files/prost_canc/crest_vinardo/results/2am9/replicate 10/RBICALUTAMIDE/2am9_RBICALUTAMIDE_6_replicate10.sdf', '/home/screener/files/prost_canc/crest_vinardo/results/2am9/replicate 10/RBICALUTAMIDE/2am9_RBICALUTAMIDE_9_replicate10.sdf', '/home/screener/files/prost_canc/crest_vinardo/results/2am9/replicate 10/RBICALUTAMIDE/2am9_RBICALUTAMIDE_8_replicate10.sdf', '/home/screener/files/prost_canc/crest_vinardo/results/2am9/replicate 10/RBICALUTAMIDE/2am9_RBICALUTAMIDE_7_replicate10.sdf']","[-6.254, -6.254, -6.254, -6.254, -6.254, -6.254, -6.254, -6.254, -6.254, -6.254]"
CBN,2am9,10,"['/home/screener/files/prost_canc/crest_vinardo/results/2am9/replicate 10/CBN/2am9_CBN_0_replicate10.pdbqt', '/home/screener/files/prost_canc/crest_vinardo/results/2am9/replicate 10/CBN/2am9_CBN_2_replicate10.pdbqt', '/home/screener/files/prost_canc/crest_vinardo/results/2am9/replicate 10/CBN/2am9_CBN_1_replicate10.pdbqt', '/home/screener/files/prost_canc/crest_vinardo/results/2am9/replicate 10/CBN/2am9_CBN_3_replicate10.pdbqt', '/home/screener/files/prost_canc/crest_vinardo/results/2am9/replicate 10/CBN/2am9_CBN_4_replicate10.pdbqt', '/home/screener/files/prost_canc/crest_vinardo/results/2am9/replicate 10/CBN/2am9_CBN_5_replicate10.pdbqt', '/home/screener/files/prost_canc/crest_vinardo/results/2am9/replicate 10/CBN/2am9_CBN_6_replicate10.pdbqt', '/home/screener/files/prost_canc/crest_vinardo/results/2am9/replicate 10/CBN/2am9_CBN_7_replicate10.pdbqt', '/home/screener/files/prost_canc/crest_vinardo/results/2am9/replicate 10/CBN/2am9_CBN_8_replicate10.pdbqt', '/home/screener/files/prost_canc/crest_vinardo/results/2am9/replicate 10/CBN/2am9_CBN_9_replicate10.pdbqt']","['/home/screener/files/prost_canc/crest_vinardo/results/2am9/replicate 10/CBN/2am9_CBN_0_replicate10.sdf', '/home/screener/files/prost_canc/crest_vinardo/results/2am9/replicate 10/CBN/2am9_CBN_2_replicate10.sdf', '/home/screener/files/prost_canc/crest_vinardo/results/2am9/replicate 10/CBN/2am9_CBN_1_replicate10.sdf', '/home/screener/files/prost_canc/crest_vinardo/results/2am9/replicate 10/CBN/2am9_CBN_3_replicate10.sdf', '/home/screener/files/prost_canc/crest_vinardo/results/2am9/replicate 10/CBN/2am9_CBN_4_replicate10.sdf', '/home/screener/files/prost_canc/crest_vinardo/results/2am9/replicate 10/CBN/2am9_CBN_5_replicate10.sdf', '/home/screener/files/prost_canc/crest_vinardo/results/2am9/replicate 10/CBN/2am9_CBN_6_replicate10.sdf', '/home/screener/files/prost_canc/crest_vinardo/results/2am9/replicate 10/CBN/2am9_CBN_7_replicate10.sdf', '/home/screener/files/prost_canc/crest_vinardo/results/2am9/replicate 10/CBN/2am9_CBN_8_replicate10.sdf', '/home/screener/files/prost_canc/crest_vinardo/results/2am9/replicate 10/CBN/2am9_CBN_9_replicate10.sdf']","[-7.168, -7.168, -7.168, -7.168, -7.168, -7.168, -7.168, -7.168, -7.168, -7.168]"
CBD,2am9,10,"['/home/screener/files/prost_canc/crest_vinardo/results/2am9/replicate 10/CBD/2am9_CBD_0_replicate10.pdbqt', '/home/screener/files/prost_canc/crest_vinardo/results/2am9/replicate 10/CBD/2am9_CBD_2_replicate10.pdbqt', '/home/screener/files/prost_canc/crest_vinardo/results/2am9/replicate 10/CBD/2am9_CBD_1_replicate10.pdbqt', '/home/screener/files/prost_canc/crest_vinardo/results/2am9/replicate 10/CBD/2am9_CBD_3_replicate10.pdbqt', '/home/screener/files/prost_canc/crest_vinardo/results/2am9/replicate 10/CBD/2am9_CBD_4_replicate10.pdbqt', '/home/screener/files/prost_canc/crest_vinardo/results/2am9/replicate 10/CBD/2am9_CBD_5_replicate10.pdbqt', '/home/screener/files/prost_canc/crest_vinardo/results/2am9/replicate 10/CBD/2am9_CBD_6_replicate10.pdbqt', '/home/screener/files/prost_canc/crest_vinardo/results/2am9/replicate 10/CBD/2am9_CBD_7_replicate10.pdbqt', '/home/screener/files/prost_canc/crest_vinardo/results/2am9/replicate 10/CBD/2am9_CBD_8_replicate10.pdbqt', '/home/screener/files/prost_canc/crest_vinardo/results/2am9/replicate 10/CBD/2am9_CBD_9_replicate10.pdbqt']","['/home/screener/files/prost_canc/crest_vinardo/results/2am9/replicate 10/CBD/2am9_CBD_0_replicate10.sdf', '/home/screener/files/prost_canc/crest_vinardo/results/2am9/replicate 10/CBD/2am9_CBD_2_replicate10.sdf', '/home/screener/files/prost_canc/crest_vinardo/results/2am9/replicate 10/CBD/2am9_CBD_1_replicate10.sdf', '/home/screener/files/prost_canc/crest_vinardo/results/2am9/replicate 10/CBD/2am9_CBD_3_replicate10.sdf', '/home/screener/files/prost_canc/crest_vinardo/results/2am9/replicate 10/CBD/2am9_CBD_4_replicate10.sdf', '/home/screener/files/prost_canc/crest_vinardo/results/2am9/replicate 10/CBD/2am9_CBD_5_replicate10.sdf', '/home/screener/files/prost_canc/crest_vinardo/results/2am9/replicate 10/CBD/2am9_CBD_6_replicate10.sdf', '/home/screener/files/prost_canc/crest_vinardo/results/2am9/replicate 10/CBD/2am9_CBD_7_replicate10.sdf', '/home/screener/files/prost_canc/crest_vinardo/results/2am9/replicate 10/CBD/2am9_CBD_8_replicate10.sdf', '/home/screener/files/prost_canc/crest_vinardo/results/2am9/replicate 10/CBD/2am9_CBD_9_replicate10.sdf']","[-6.669, -6.669, -6.669, -6.669, -6.669, -6.669, -6.669, -6.669, -6.669, -6.669]"
MDMBCHMINACA,2am9,10,"['/home/screener/files/prost_canc/crest_vinardo/results/2am9/replicate 10/MDMBCHMINACA/2am9_MDMBCHMINACA_0_replicate10.pdbqt', '/home/screener/files/prost_canc/crest_vinardo/results/2am9/replicate 10/MDMBCHMINACA/2am9_MDMBCHMINACA_1_replicate10.pdbqt', '/home/screener/files/prost_canc/crest_vinardo/results/2am9/replicate 10/MDMBCHMINACA/2am9_MDMBCHMINACA_2_replicate10.pdbqt', '/home/screener/files/prost_canc/crest_vinardo/results/2am9/replicate 10/MDMBCHMINACA/2am9_MDMBCHMINACA_3_replicate10.pdbqt', '/home/screener/files/prost_canc/crest_vinardo/results/2am9/replicate 10/MDMBCHMINACA/2am9_MDMBCHMINACA_4_replicate10.pdbqt', '/home/screener/files/prost_canc/crest_vinardo/results/2am9/replicate 10/MDMBCHMINACA/2am9_MDMBCHMINACA_5_replicate10.pdbqt', '/home/screener/files/prost_canc/crest_vinardo/results/2am9/replicate 10/MDMBCHMINACA/2am9_MDMBCHMINACA_6_replicate10.pdbqt', '/home/screener/files/prost_canc/crest_vinardo/results/2am9/replicate 10/MDMBCHMINACA/2am9_MDMBCHMINACA_7_replicate10.pdbqt', '/home/screener/files/prost_canc/crest_vinardo/results/2am9/replicate 10/MDMBCHMINACA/2am9_MDMBCHMINACA_8_replicate10.pdbqt', '/home/screener/files/prost_canc/crest_vinardo/results/2am9/replicate 10/MDMBCHMINACA/2am9_MDMBCHMINACA_9_replicate10.pdbqt']","['/home/screener/files/prost_canc/crest_vinardo/results/2am9/replicate 10/MDMBCHMINACA/2am9_MDMBCHMINACA_0_replicate10.sdf', '/home/screener/files/prost_canc/crest_vinardo/results/2am9/replicate 10/MDMBCHMINACA/2am9_MDMBCHMINACA_1_replicate10.sdf', '/home/screener/files/prost_canc/crest_vinardo/results/2am9/replicate 10/MDMBCHMINACA/2am9_MDMBCHMINACA_2_replicate10.sdf', '/home/screener/files/prost_canc/crest_vinardo/results/2am9/replicate 10/MDMBCHMINACA/2am9_MDMBCHMINACA_3_replicate10.sdf', '/home/screener/files/prost_canc/crest_vinardo/results/2am9/replicate 10/MDMBCHMINACA/2am9_MDMBCHMINACA_4_replicate10.sdf', '/home/screener/files/prost_canc/crest_vinardo/results/2am9/replicate 10/MDMBCHMINACA/2am9_MDMBCHMINACA_5_replicate10.sdf', '/home/screener/files/prost_canc/crest_vinardo/results/2am9/replicate 10/MDMBCHMINACA/2am9_MDMBCHMINACA_6_replicate10.sdf', '/home/screener/files/prost_canc/crest_vinardo/results/2am9/replicate 10/MDMBCHMINACA/2am9_MDMBCHMINACA_7_replicate10.sdf', '/home/screener/files/prost_canc/crest_vinardo/results/2am9/replicate 10/MDMBCHMINACA/2am9_MDMBCHMINACA_8_replicate10.sdf', '/home/screener/files/prost_canc/crest_vinardo/results/2am9/replicate 10/MDMBCHMINACA/2am9_MDMBCHMINACA_9_replicate10.sdf']","[-4.631, -4.631, -4.631, -4.631, -4.631, -4.631, -4.631, -4.631, -4.631, -4.631]"
5FAKB48,2am9,10,"['/home/screener/files/prost_canc/crest_vinardo/results/2am9/replicate 10/5FAKB48/2am9_5FAKB48_0_replicate10.pdbqt', '/home/screener/files/prost_canc/crest_vinardo/results/2am9/replicate 10/5FAKB48/2am9_5FAKB48_1_replicate10.pdbqt', '/home/screener/files/prost_canc/crest_vinardo/results/2am9/replicate 10/5FAKB48/2am9_5FAKB48_2_replicate10.pdbqt', '/home/screener/files/prost_canc/crest_vinardo/results/2am9/replicate 10/5FAKB48/2am9_5FAKB48_3_replicate10.pdbqt', '/home/screener/files/prost_canc/crest_vinardo/results/2am9/replicate 10/5FAKB48/2am9_5FAKB48_4_replicate10.pdbqt', '/home/screener/files/prost_canc/crest_vinardo/results/2am9/replicate 10/5FAKB48/2am9_5FAKB48_5_replicate10.pdbqt', '/home/screener/files/prost_canc/crest_vinardo/results/2am9/replicate 10/5FAKB48/2am9_5FAKB48_6_replicate10.pdbqt', '/home/screener/files/prost_canc/crest_vinardo/results/2am9/replicate 10/5FAKB48/2am9_5FAKB48_7_replicate10.pdbqt', '/home/screener/files/prost_canc/crest_vinardo/results/2am9/replicate 10/5FAKB48/2am9_5FAKB48_8_replicate10.pdbqt', '/home/screener/files/prost_canc/crest_vinardo/results/2am9/replicate 10/5FAKB48/2am9_5FAKB48_9_replicate10.pdbqt']","['/home/screener/files/prost_canc/crest_vinardo/results/2am9/replicate 10/5FAKB48/2am9_5FAKB48_0_replicate10.sdf', '/home/screener/files/prost_canc/crest_vinardo/results/2am9/replicate 10/5FAKB48/2am9_5FAKB48_1_replicate10.sdf', '/home/screener/files/prost_canc/crest_vinardo/results/2am9/replicate 10/5FAKB48/2am9_5FAKB48_2_replicate10.sdf', '/home/screener/files/prost_canc/crest_vinardo/results/2am9/replicate 10/5FAKB48/2am9_5FAKB48_3_replicate10.sdf', '/home/screener/files/prost_canc/crest_vinardo/results/2am9/replicate 10/5FAKB48/2am9_5FAKB48_4_replicate10.sdf', '/home/screener/files/prost_canc/crest_vinardo/results/2am9/replicate 10/5FAKB48/2am9_5FAKB48_5_replicate10.sdf', '/home/screener/files/prost_canc/crest_vinardo/results/2am9/replicate 10/5FAKB48/2am9_5FAKB48_6_replicate10.sdf', '/home/screener/files/prost_canc/crest_vinardo/results/2am9/replicate 10/5FAKB48/2am9_5FAKB48_7_replicate10.sdf', '/home/screener/files/prost_canc/crest_vinardo/results/2am9/replicate 10/5FAKB48/2am9_5FAKB48_8_replicate10.sdf', '/home/screener/files/prost_canc/crest_vinardo/results/2am9/replicate 10/5FAKB48/2am9_5FAKB48_9_replicate10.sdf']","[-7.128, -7.128, -7.128, -7.128, -7.128, -7.128, -7.128, -7.128, -7.128, -7.128]"
HU210,2am9,10,"['/home/screener/files/prost_canc/crest_vinardo/results/2am9/replicate 10/HU210/2am9_HU210_0_replicate10.pdbqt', '/home/screener/files/prost_canc/crest_vinardo/results/2am9/replicate 10/HU210/2am9_HU210_1_replicate10.pdbqt', '/home/screener/files/prost_canc/crest_vinardo/results/2am9/replicate 10/HU210/2am9_HU210_2_replicate10.pdbqt', '/home/screener/files/prost_canc/crest_vinardo/results/2am9/replicate 10/HU210/2am9_HU210_3_replicate10.pdbqt', '/home/screener/files/prost_canc/crest_vinardo/results/2am9/replicate 10/HU210/2am9_HU210_4_replicate10.pdbqt', '/home/screener/files/prost_canc/crest_vinardo/results/2am9/replicate 10/HU210/2am9_HU210_5_replicate10.pdbqt', '/home/screener/files/prost_canc/crest_vinardo/results/2am9/replicate 10/HU210/2am9_HU210_6_replicate10.pdbqt', '/home/screener/files/prost_canc/crest_vinardo/results/2am9/replicate 10/HU210/2am9_HU210_8_replicate10.pdbqt', '/home/screener/files/prost_canc/crest_vinardo/results/2am9/replicate 10/HU210/2am9_HU210_7_replicate10.pdbqt', '/home/screener/files/prost_canc/crest_vinardo/results/2am9/replicate 10/HU210/2am9_HU210_9_replicate10.pdbqt']","['/home/screener/files/prost_canc/crest_vinardo/results/2am9/replicate 10/HU210/2am9_HU210_0_replicate10.sdf', '/home/screener/files/prost_canc/crest_vinardo/results/2am9/replicate 10/HU210/2am9_HU210_1_replicate10.sdf', '/home/screener/files/prost_canc/crest_vinardo/results/2am9/replicate 10/HU210/2am9_HU210_2_replicate10.sdf', '/home/screener/files/prost_canc/crest_vinardo/results/2am9/replicate 10/HU210/2am9_HU210_3_replicate10.sdf', '/home/screener/files/prost_canc/crest_vinardo/results/2am9/replicate 10/HU210/2am9_HU210_4_replicate10.sdf', '/home/screener/files/prost_canc/crest_vinardo/results/2am9/replicate 10/HU210/2am9_HU210_5_replicate10.sdf', '/home/screener/files/prost_canc/crest_vinardo/results/2am9/replicate 10/HU210/2am9_HU210_6_replicate10.sdf', '/home/screener/files/prost_canc/crest_vinardo/results/2am9/replicate 10/HU210/2am9_HU210_8_replicate10.sdf', '/home/screener/files/prost_canc/crest_vinardo/results/2am9/replicate 10/HU210/2am9_HU210_7_replicate10.sdf', '/home/screener/files/prost_canc/crest_vinardo/results/2am9/replicate 10/HU210/2am9_HU210_9_replicate10.sdf']","[-4.42, -4.42, -4.42, -4.42, -4.42, -4.42, -4.42, -4.42, -4.42, -4.42]"
