
       ╔════════════════════════════════════════════╗
       ║            ___ ___ ___ ___ _____           ║
       ║           / __| _ \ __/ __|_   _|          ║
       ║          | (__|   / _|\__ \ | |            ║
       ║           \___|_|_\___|___/ |_|            ║
       ║                                            ║
       ║  Conformer-Rotamer Ensemble Sampling Tool  ║
       ║          based on the xTB methods          ║
       ║                                            ║
       ╚════════════════════════════════════════════╝
       Version 3.0.2, Tue, 05 August 16:25:20, 08/05/2025
       commit (6914a25) compiled by 'usr@b54ea9d7c43e'

   Cite work conducted with this code as

   • P.Pracht, F.Bohle, S.Grimme, PCCP, 2020, 22, 7169-7192.
   • S.Grimme, JCTC, 2019, 15, 2847-2862.
   • P.Pracht, S.Grimme, C.Bannwarth, F.Bohle, S.Ehlert,
     G.Feldmann, J.Gorges, M.Müller, T.Neudecker, C.Plett,
     S.Spicher, P.Steinbach, P.Wesołowski, F.Zeller,
     J. Chem. Phys., 2024, 160, 114110.

   for works involving QCG cite

   • S.Spicher, C.Plett, P.Pracht, A.Hansen, S.Grimme,
     JCTC, 2022, 18 (5), 3174-3189.
   • C.Plett, S. Grimme,
     Angew. Chem. Int. Ed. 2023, 62, e202214477.

   for works involving MECP screening cite

   • P.Pracht, C.Bannwarth, JCTC, 2022, 18 (10), 6370-6385.

   Original code
     P.Pracht, S.Grimme, Universität Bonn, MCTC
   with help from (alphabetical order):
     C.Bannwarth, F.Bohle, S.Ehlert, G.Feldmann, J.Gorges,
     S.Grimme, C.Plett, P.Pracht, S.Spicher, P.Steinbach,
     P.Wesolowski, F.Zeller

   Online documentation is available at
   https://crest-lab.github.io/crest-docs/

   This program is distributed in the hope that it will be useful,
   but WITHOUT ANY WARRANTY; without even the implied warranty of
   MERCHANTABILITY or FITNESS FOR A PARTICULAR PURPOSE. See the
   GNU Lesser General Public License (LGPL) for more details.

 Command line input:
 $ crest /home/crest/shared_files/sources/ligands/cannabinoids_inib/CBD/CBD.xyz --gfn2 --ewin 5.0 -T 2

  --gfn2               : Use of GFN2-xTB requested.
  --ewin 5.0
  -T 2 (CPUs/Threads selected)

> Setting up backup calculator ... done.
 ----------------
 Calculation info
 ----------------
> User-defined calculation level:
 : xTB calculation via tblite lib
 : GFN2-xTB level
 :   Molecular charge    : 0
 :   Fermi temperature   : 300.00000
 :   Accuracy            : 1.00000
 :   max SCC cycles      : 500


 -----------------------------
 Initial Geometry Optimization
 -----------------------------
 Geometry successfully optimized.

          ┍━━━━━━━━━━━━━━━━━━━━━━━━━━━━━━━━━━━━━━━━━━━━━━━━━┑
          │              CREST iMTD-GC SAMPLING             │
          ┕━━━━━━━━━━━━━━━━━━━━━━━━━━━━━━━━━━━━━━━━━━━━━━━━━┙

 Input structure:
  53

 C         -3.8271309010       -2.4010859384       -1.4932179187
 C         -3.7444246777       -1.3522835408       -0.3908946111
 C         -4.8115535695       -0.2730256795       -0.5592728753
 C         -4.7514389146        0.8190506405        0.5114841231
 C         -3.7479298035        1.9399260354        0.2055677639
 C         -2.3129829134        1.4981576106        0.2325549285
 C         -1.5576255821        1.4443719310       -0.9277162497
 C         -0.2285587033        1.0381053420       -0.8988470555
 O          0.4994186472        0.9802755266       -2.0509640737
 C          0.3860770004        0.6791695329        0.3018113828
 C          1.8256284539        0.2500214794        0.3656010515
 C          2.7597416382        1.2664779293       -0.2173976899
 C          4.0447908086        0.9580678544       -0.3272878000
 C          5.0930987543        1.8630253224       -0.8898650778
 C          4.4538656319       -0.4074621720        0.1420575246
 C          3.5276706806       -1.4714111410       -0.4631967284
 C          2.0307597489       -1.1133943884       -0.3522116442
 C          1.2273149651       -2.1784254818        0.3571581887
 C          0.0460134056       -2.7045711489       -0.3987315031
 C          1.5329276129       -2.6078184346        1.5710441959
 C         -0.3833960132        0.7369279386        1.4656577263
 O          0.2072220954        0.3976215625        2.6472402042
 C         -1.7103093809        1.1426885854        1.4297589160
 H         -3.0661803095       -3.1647759847       -1.3519516886
 H         -4.8030375635       -2.8825588531       -1.4921449661
 H         -3.6747544481       -1.9424408099       -2.4680939198
 H         -3.8750715880       -1.8367908578        0.5795890092
 H         -2.7556799402       -0.8936764386       -0.3987982616
 H         -4.7126179559        0.1831902617       -1.5469390248
 H         -5.7933689619       -0.7523543215       -0.5196232505
 H         -5.7388013743        1.2789806238        0.6004701679
 H         -4.5108196307        0.3654304688        1.4746851475
 H         -3.9812317384        2.3643357748       -0.7730379622
 H         -3.8835377622        2.7285372089        0.9512587694
 H         -2.0049877283        1.7193626164       -1.8747552434
 H         -0.0433606951        1.2858994527       -2.7874115204
 H          2.0770753862        0.1043819831        1.4212551628
 H          2.3610768905        2.2182193384       -0.5309434314
 H          5.8812195806        2.0328927980       -0.1558566033
 H          4.6661346529        2.8215233291       -1.1741135261
 H          5.5510477268        1.4093302915       -1.7691658006
 H          4.3759999738       -0.4491228676        1.2329816480
 H          5.4885951712       -0.6238300408       -0.1286119831
 H          3.7861320739       -1.5845382354       -1.5178164374
 H          3.7161563170       -2.4288969096        0.0251331908
 H          1.6322122550       -0.9925470057       -1.3613348255
 H          0.3746029437       -3.1837461884       -1.3212658718
 H         -0.6171306740       -1.8834462742       -0.6681777019
 H         -0.5119029464       -3.4267883808        0.1923285574
 H          0.9453922759       -3.3582583718        2.0729389148
 H          2.3778316090       -2.2269559785        2.1184553169
 H         -0.4415773099        0.4684040044        3.3571679879
 H         -2.2782838239        1.1862006960        2.3500232477

 ------------------------------------------------
 Generating MTD length from a flexibility measure
 ------------------------------------------------
 Calculating GFN0-xTB WBOs   ... done.
 Calculating NCI flexibility ... done.
     covalent flexibility measure :   0.365
 non-covalent flexibility measure :   0.711
 flexibility measure :   0.397
 t(MTD) / ps    :    18.0
 Σ(t(MTD)) / ps :   252.0 (14 MTDs)

 -----------------------------------
 Starting trial MTD to test settings
 -----------------------------------
 Trial MTD 1 runtime (1.0 ps) ...        0 min, 19.268 sec
 Estimated runtime for one MTD (18.0 ps) on a single thread: 5 min 47 sec
 Estimated runtime for a batch of 14 MTDs on 2 threads: 40 min 28 sec

******************************************************************************************
**                         N E W   I T E R A T I O N  C Y C L E                         **
******************************************************************************************

 ------------------------------
 Meta-Dynamics Iteration 1
 ------------------------------
 list of applied metadynamics Vbias parameters:
$metadyn    0.15900   1.300
$metadyn    0.07950   1.300
$metadyn    0.03975   1.300
$metadyn    0.15900   0.780
$metadyn    0.07950   0.780
$metadyn    0.03975   0.780
$metadyn    0.15900   0.468
$metadyn    0.07950   0.468
$metadyn    0.03975   0.468
$metadyn    0.15900   0.281
$metadyn    0.07950   0.281
$metadyn    0.03975   0.281
$metadyn    0.05300   0.100
$metadyn    0.26500   0.800

  ::::::::::::: starting MTD    8 :::::::::::::
  |   MD simulation time   :    18.0 ps       |
  |   target T             :   300.0 K        |
  |   timestep dt          :     5.0 fs       |
  |   dump interval(trj)   :   100.0 fs       |
  |   SHAKE algorithm      : true (all bonds) |
  |   dump interval(Vbias) :    1.00 ps       |
  |   Vbias prefactor (k)  :  0.0795 Eh       |
  |   Vbias exponent (α)   :  0.4680 bohr⁻²   |
  ::::::::::::: starting MTD    1 :::::::::::::
  |   MD simulation time   :    18.0 ps       |
  |   target T             :   300.0 K        |
  |   timestep dt          :     5.0 fs       |
  |   dump interval(trj)   :   100.0 fs       |
  |   SHAKE algorithm      : true (all bonds) |
  |   dump interval(Vbias) :    1.00 ps       |
  |   Vbias prefactor (k)  :  0.1590 Eh       |
  |   Vbias exponent (α)   :  1.3000 bohr⁻²   |
*MTD   1 completed successfully ...        6 min, 16.017 sec
  ::::::::::::: starting MTD    2 :::::::::::::
  |   MD simulation time   :    18.0 ps       |
  |   target T             :   300.0 K        |
  |   timestep dt          :     5.0 fs       |
  |   dump interval(trj)   :   100.0 fs       |
  |   SHAKE algorithm      : true (all bonds) |
  |   dump interval(Vbias) :    1.00 ps       |
  |   Vbias prefactor (k)  :  0.0795 Eh       |
  |   Vbias exponent (α)   :  1.3000 bohr⁻²   |
*MTD   8 completed successfully ...        6 min, 16.549 sec
  ::::::::::::: starting MTD    9 :::::::::::::
  |   MD simulation time   :    18.0 ps       |
  |   target T             :   300.0 K        |
  |   timestep dt          :     5.0 fs       |
  |   dump interval(trj)   :   100.0 fs       |
  |   SHAKE algorithm      : true (all bonds) |
  |   dump interval(Vbias) :    1.00 ps       |
  |   Vbias prefactor (k)  :  0.0398 Eh       |
  |   Vbias exponent (α)   :  0.4680 bohr⁻²   |
*MTD   2 completed successfully ...        6 min, 16.215 sec
  ::::::::::::: starting MTD    3 :::::::::::::
  |   MD simulation time   :    18.0 ps       |
  |   target T             :   300.0 K        |
  |   timestep dt          :     5.0 fs       |
  |   dump interval(trj)   :   100.0 fs       |
  |   SHAKE algorithm      : true (all bonds) |
  |   dump interval(Vbias) :    1.00 ps       |
  |   Vbias prefactor (k)  :  0.0398 Eh       |
  |   Vbias exponent (α)   :  1.3000 bohr⁻²   |
*MTD   9 completed successfully ...        6 min, 16.722 sec
  ::::::::::::: starting MTD   10 :::::::::::::
  |   MD simulation time   :    18.0 ps       |
  |   target T             :   300.0 K        |
  |   timestep dt          :     5.0 fs       |
  |   dump interval(trj)   :   100.0 fs       |
  |   SHAKE algorithm      : true (all bonds) |
  |   dump interval(Vbias) :    1.00 ps       |
  |   Vbias prefactor (k)  :  0.1590 Eh       |
  |   Vbias exponent (α)   :  0.2808 bohr⁻²   |
*MTD   3 completed successfully ...        6 min, 15.414 sec
  ::::::::::::: starting MTD    4 :::::::::::::
  |   MD simulation time   :    18.0 ps       |
  |   target T             :   300.0 K        |
  |   timestep dt          :     5.0 fs       |
  |   dump interval(trj)   :   100.0 fs       |
  |   SHAKE algorithm      : true (all bonds) |
  |   dump interval(Vbias) :    1.00 ps       |
  |   Vbias prefactor (k)  :  0.1590 Eh       |
  |   Vbias exponent (α)   :  0.7800 bohr⁻²   |
*MTD  10 completed successfully ...        6 min, 17.004 sec
  ::::::::::::: starting MTD   11 :::::::::::::
  |   MD simulation time   :    18.0 ps       |
  |   target T             :   300.0 K        |
  |   timestep dt          :     5.0 fs       |
  |   dump interval(trj)   :   100.0 fs       |
  |   SHAKE algorithm      : true (all bonds) |
  |   dump interval(Vbias) :    1.00 ps       |
  |   Vbias prefactor (k)  :  0.0795 Eh       |
  |   Vbias exponent (α)   :  0.2808 bohr⁻²   |
*MTD   4 completed successfully ...        6 min, 14.919 sec
  ::::::::::::: starting MTD    5 :::::::::::::
  |   MD simulation time   :    18.0 ps       |
  |   target T             :   300.0 K        |
  |   timestep dt          :     5.0 fs       |
  |   dump interval(trj)   :   100.0 fs       |
  |   SHAKE algorithm      : true (all bonds) |
  |   dump interval(Vbias) :    1.00 ps       |
  |   Vbias prefactor (k)  :  0.0795 Eh       |
  |   Vbias exponent (α)   :  0.7800 bohr⁻²   |
*MTD  11 completed successfully ...        6 min, 16.421 sec
  ::::::::::::: starting MTD   12 :::::::::::::
  |   MD simulation time   :    18.0 ps       |
  |   target T             :   300.0 K        |
  |   timestep dt          :     5.0 fs       |
  |   dump interval(trj)   :   100.0 fs       |
  |   SHAKE algorithm      : true (all bonds) |
  |   dump interval(Vbias) :    1.00 ps       |
  |   Vbias prefactor (k)  :  0.0398 Eh       |
  |   Vbias exponent (α)   :  0.2808 bohr⁻²   |
*MTD   5 completed successfully ...        6 min, 16.117 sec
  ::::::::::::: starting MTD    6 :::::::::::::
  |   MD simulation time   :    18.0 ps       |
  |   target T             :   300.0 K        |
  |   timestep dt          :     5.0 fs       |
  |   dump interval(trj)   :   100.0 fs       |
  |   SHAKE algorithm      : true (all bonds) |
  |   dump interval(Vbias) :    1.00 ps       |
  |   Vbias prefactor (k)  :  0.0398 Eh       |
  |   Vbias exponent (α)   :  0.7800 bohr⁻²   |
*MTD  12 completed successfully ...        6 min, 15.900 sec
  ::::::::::::: starting MTD   13 :::::::::::::
  |   MD simulation time   :    18.0 ps       |
  |   target T             :   300.0 K        |
  |   timestep dt          :     5.0 fs       |
  |   dump interval(trj)   :   100.0 fs       |
  |   SHAKE algorithm      : true (all bonds) |
  |   dump interval(Vbias) :    1.00 ps       |
  |   Vbias prefactor (k)  :  0.0530 Eh       |
  |   Vbias exponent (α)   :  0.1000 bohr⁻²   |
*MTD   6 completed successfully ...        6 min, 14.866 sec
  ::::::::::::: starting MTD    7 :::::::::::::
  |   MD simulation time   :    18.0 ps       |
  |   target T             :   300.0 K        |
  |   timestep dt          :     5.0 fs       |
  |   dump interval(trj)   :   100.0 fs       |
  |   SHAKE algorithm      : true (all bonds) |
  |   dump interval(Vbias) :    1.00 ps       |
  |   Vbias prefactor (k)  :  0.1590 Eh       |
  |   Vbias exponent (α)   :  0.4680 bohr⁻²   |
*MTD  13 completed successfully ...        6 min, 19.178 sec
  ::::::::::::: starting MTD   14 :::::::::::::
  |   MD simulation time   :    18.0 ps       |
  |   target T             :   300.0 K        |
  |   timestep dt          :     5.0 fs       |
  |   dump interval(trj)   :   100.0 fs       |
  |   SHAKE algorithm      : true (all bonds) |
  |   dump interval(Vbias) :    1.00 ps       |
  |   Vbias prefactor (k)  :  0.2650 Eh       |
  |   Vbias exponent (α)   :  0.8000 bohr⁻²   |
*MTD   7 completed successfully ...        6 min, 15.446 sec
*MTD  14 completed successfully ...        6 min, 14.941 sec

 ======================================
 |  Multilevel Ensemble Optimization  |
 ======================================
 Optimizing all 2506 structures from file "crest_dynamics.trj" ...
 ----------------------
 crude pre-optimization
 ----------------------
 Optimization engine: ANCOPT
 Hessian update type: BFGS
 E/G convergence criteria:  0.500E-03 Eh, 0.100E-01 Eh/a0
 maximum optimization steps: 200
 |>0.0% |>7.5% |>15.0% |>22.5% |>30.0% |>37.5% |>45.0% |>52.5% |>60.0% |>67.5% |>75.0% |>82.5% |>90.0% |>97.5% |>100.0%
 done.
> 2506 of 2506 structures successfully optimized (100.0% success)
> Total runtime for 2506 optimizations:
 * wall-time:     0 d,  0 h, 36 min, 37.591 sec
 *  cpu-time:     0 d,  1 h, 13 min, 14.576 sec
 * ratio c/w:     2.000 speedup
> Corresponding to approximately 0.877 sec per processed structure

CREGEN> running RMSDs ... done.
CREGEN> E lowest :   -68.40673
 2015 structures remain within    10.00 kcal/mol window
 ----------------------------------
 optimization with tight thresholds
 ----------------------------------
 Optimization engine: ANCOPT
 Hessian update type: BFGS
 E/G convergence criteria:  0.100E-05 Eh, 0.800E-03 Eh/a0
 maximum optimization steps: 200
 |>0.0% |>7.5% |>15.0% |>22.5% |>30.0% |>37.5% |>45.0% |>52.5% |>60.0% |>67.5% |>75.0% |>82.5% |>90.0% |>97.5% |>100.0%
 done.
> 2014 of 2015 structures successfully optimized (100.0% success)
> Total runtime for 2015 optimizations:
 * wall-time:     0 d,  1 h, 34 min, 29.383 sec
 *  cpu-time:     0 d,  3 h,  8 min, 55.658 sec
 * ratio c/w:     1.999 speedup
> Corresponding to approximately 2.814 sec per processed structure

CREGEN> running RMSDs ... done.
CREGEN> E lowest :   -68.40839
 796 structures remain within     5.00 kcal/mol window

 ------------------------------
 Meta-Dynamics Iteration 2
 ------------------------------
 list of applied metadynamics Vbias parameters:
$metadyn    0.15900   1.300
$metadyn    0.07950   1.300
$metadyn    0.03975   1.300
$metadyn    0.15900   0.780
$metadyn    0.07950   0.780
$metadyn    0.03975   0.780
$metadyn    0.15900   0.468
$metadyn    0.07950   0.468
$metadyn    0.03975   0.468
$metadyn    0.15900   0.281
$metadyn    0.07950   0.281
$metadyn    0.03975   0.281
$metadyn    0.05300   0.100
$metadyn    0.26500   0.800

  ::::::::::::: starting MTD    8 :::::::::::::
  |   MD simulation time   :    18.0 ps       |
  |   target T             :   300.0 K        |
  |   timestep dt          :     5.0 fs       |
  |   dump interval(trj)   :   100.0 fs       |
  |   SHAKE algorithm      : true (all bonds) |
  |   dump interval(Vbias) :    1.00 ps       |
  |   Vbias prefactor (k)  :  0.0795 Eh       |
  |   Vbias exponent (α)   :  0.4680 bohr⁻²   |
  ::::::::::::: starting MTD    1 :::::::::::::
  |   MD simulation time   :    18.0 ps       |
  |   target T             :   300.0 K        |
  |   timestep dt          :     5.0 fs       |
  |   dump interval(trj)   :   100.0 fs       |
  |   SHAKE algorithm      : true (all bonds) |
  |   dump interval(Vbias) :    1.00 ps       |
  |   Vbias prefactor (k)  :  0.1590 Eh       |
  |   Vbias exponent (α)   :  1.3000 bohr⁻²   |
*MTD   8 completed successfully ...        6 min, 16.950 sec
  ::::::::::::: starting MTD    9 :::::::::::::
  |   MD simulation time   :    18.0 ps       |
  |   target T             :   300.0 K        |
  |   timestep dt          :     5.0 fs       |
  |   dump interval(trj)   :   100.0 fs       |
  |   SHAKE algorithm      : true (all bonds) |
  |   dump interval(Vbias) :    1.00 ps       |
  |   Vbias prefactor (k)  :  0.0398 Eh       |
  |   Vbias exponent (α)   :  0.4680 bohr⁻²   |
*MTD   1 completed successfully ...        6 min, 18.782 sec
  ::::::::::::: starting MTD    2 :::::::::::::
  |   MD simulation time   :    18.0 ps       |
  |   target T             :   300.0 K        |
  |   timestep dt          :     5.0 fs       |
  |   dump interval(trj)   :   100.0 fs       |
  |   SHAKE algorithm      : true (all bonds) |
  |   dump interval(Vbias) :    1.00 ps       |
  |   Vbias prefactor (k)  :  0.0795 Eh       |
  |   Vbias exponent (α)   :  1.3000 bohr⁻²   |
*MTD   9 completed successfully ...        6 min, 16.628 sec
  ::::::::::::: starting MTD   10 :::::::::::::
  |   MD simulation time   :    18.0 ps       |
  |   target T             :   300.0 K        |
  |   timestep dt          :     5.0 fs       |
  |   dump interval(trj)   :   100.0 fs       |
  |   SHAKE algorithm      : true (all bonds) |
  |   dump interval(Vbias) :    1.00 ps       |
  |   Vbias prefactor (k)  :  0.1590 Eh       |
  |   Vbias exponent (α)   :  0.2808 bohr⁻²   |
*MTD   2 completed successfully ...        6 min, 17.690 sec
  ::::::::::::: starting MTD    3 :::::::::::::
  |   MD simulation time   :    18.0 ps       |
  |   target T             :   300.0 K        |
  |   timestep dt          :     5.0 fs       |
  |   dump interval(trj)   :   100.0 fs       |
  |   SHAKE algorithm      : true (all bonds) |
  |   dump interval(Vbias) :    1.00 ps       |
  |   Vbias prefactor (k)  :  0.0398 Eh       |
  |   Vbias exponent (α)   :  1.3000 bohr⁻²   |
*MTD  10 completed successfully ...        6 min, 19.516 sec
  ::::::::::::: starting MTD   11 :::::::::::::
  |   MD simulation time   :    18.0 ps       |
  |   target T             :   300.0 K        |
  |   timestep dt          :     5.0 fs       |
  |   dump interval(trj)   :   100.0 fs       |
  |   SHAKE algorithm      : true (all bonds) |
  |   dump interval(Vbias) :    1.00 ps       |
  |   Vbias prefactor (k)  :  0.0795 Eh       |
  |   Vbias exponent (α)   :  0.2808 bohr⁻²   |
*MTD   3 completed successfully ...        6 min, 18.680 sec
  ::::::::::::: starting MTD    4 :::::::::::::
  |   MD simulation time   :    18.0 ps       |
  |   target T             :   300.0 K        |
  |   timestep dt          :     5.0 fs       |
  |   dump interval(trj)   :   100.0 fs       |
  |   SHAKE algorithm      : true (all bonds) |
  |   dump interval(Vbias) :    1.00 ps       |
  |   Vbias prefactor (k)  :  0.1590 Eh       |
  |   Vbias exponent (α)   :  0.7800 bohr⁻²   |
*MTD   4 completed successfully ...        6 min, 16.851 sec
  ::::::::::::: starting MTD    5 :::::::::::::
  |   MD simulation time   :    18.0 ps       |
  |   target T             :   300.0 K        |
  |   timestep dt          :     5.0 fs       |
  |   dump interval(trj)   :   100.0 fs       |
  |   SHAKE algorithm      : true (all bonds) |
  |   dump interval(Vbias) :    1.00 ps       |
  |   Vbias prefactor (k)  :  0.0795 Eh       |
  |   Vbias exponent (α)   :  0.7800 bohr⁻²   |
*MTD  11 completed successfully ...        6 min, 19.329 sec
  ::::::::::::: starting MTD   12 :::::::::::::
  |   MD simulation time   :    18.0 ps       |
  |   target T             :   300.0 K        |
  |   timestep dt          :     5.0 fs       |
  |   dump interval(trj)   :   100.0 fs       |
  |   SHAKE algorithm      : true (all bonds) |
  |   dump interval(Vbias) :    1.00 ps       |
  |   Vbias prefactor (k)  :  0.0398 Eh       |
  |   Vbias exponent (α)   :  0.2808 bohr⁻²   |
*MTD   5 completed successfully ...        6 min, 17.291 sec
  ::::::::::::: starting MTD    6 :::::::::::::
  |   MD simulation time   :    18.0 ps       |
  |   target T             :   300.0 K        |
  |   timestep dt          :     5.0 fs       |
  |   dump interval(trj)   :   100.0 fs       |
  |   SHAKE algorithm      : true (all bonds) |
  |   dump interval(Vbias) :    1.00 ps       |
  |   Vbias prefactor (k)  :  0.0398 Eh       |
  |   Vbias exponent (α)   :  0.7800 bohr⁻²   |
*MTD  12 completed successfully ...        6 min, 19.608 sec
  ::::::::::::: starting MTD   13 :::::::::::::
  |   MD simulation time   :    18.0 ps       |
  |   target T             :   300.0 K        |
  |   timestep dt          :     5.0 fs       |
  |   dump interval(trj)   :   100.0 fs       |
  |   SHAKE algorithm      : true (all bonds) |
  |   dump interval(Vbias) :    1.00 ps       |
  |   Vbias prefactor (k)  :  0.0530 Eh       |
  |   Vbias exponent (α)   :  0.1000 bohr⁻²   |
*MTD   6 completed successfully ...        6 min, 17.265 sec
  ::::::::::::: starting MTD    7 :::::::::::::
  |   MD simulation time   :    18.0 ps       |
  |   target T             :   300.0 K        |
  |   timestep dt          :     5.0 fs       |
  |   dump interval(trj)   :   100.0 fs       |
  |   SHAKE algorithm      : true (all bonds) |
  |   dump interval(Vbias) :    1.00 ps       |
  |   Vbias prefactor (k)  :  0.1590 Eh       |
  |   Vbias exponent (α)   :  0.4680 bohr⁻²   |
*MTD  13 completed successfully ...        6 min, 23.467 sec
  ::::::::::::: starting MTD   14 :::::::::::::
  |   MD simulation time   :    18.0 ps       |
  |   target T             :   300.0 K        |
  |   timestep dt          :     5.0 fs       |
  |   dump interval(trj)   :   100.0 fs       |
  |   SHAKE algorithm      : true (all bonds) |
  |   dump interval(Vbias) :    1.00 ps       |
  |   Vbias prefactor (k)  :  0.2650 Eh       |
  |   Vbias exponent (α)   :  0.8000 bohr⁻²   |
*MTD   7 completed successfully ...        6 min, 15.839 sec
*MTD  14 completed successfully ...        6 min, 18.728 sec

 ======================================
 |  Multilevel Ensemble Optimization  |
 ======================================
 Optimizing all 2506 structures from file "crest_dynamics.trj" ...
 ----------------------
 crude pre-optimization
 ----------------------
 Optimization engine: ANCOPT
 Hessian update type: BFGS
 E/G convergence criteria:  0.500E-03 Eh, 0.100E-01 Eh/a0
 maximum optimization steps: 200
 |>0.0% |>7.5% |>15.0% |>22.5% |>30.0% |>37.5% |>45.0% |>52.5% |>60.0% |>67.5% |>75.0% |>82.5% |>90.0% |>97.5% |>100.0%
 done.
> 2506 of 2506 structures successfully optimized (100.0% success)
> Total runtime for 2506 optimizations:
 * wall-time:     0 d,  0 h, 37 min,  9.049 sec
 *  cpu-time:     0 d,  1 h, 14 min, 14.548 sec
 * ratio c/w:     1.998 speedup
> Corresponding to approximately 0.889 sec per processed structure

CREGEN> running RMSDs ... done.
CREGEN> E lowest :   -68.40533
 2093 structures remain within    10.00 kcal/mol window
 ----------------------------------
 optimization with tight thresholds
 ----------------------------------
 Optimization engine: ANCOPT
 Hessian update type: BFGS
 E/G convergence criteria:  0.100E-05 Eh, 0.800E-03 Eh/a0
 maximum optimization steps: 200
 |>0.0% |>7.5% |>15.0% |>22.5% |>30.0% |>37.5% |>45.0% |>52.5% |>60.0% |>67.5% |>75.0% |>82.5% |>90.0% |>97.5% |>100.0%
 done.
> 2092 of 2093 structures successfully optimized (100.0% success)
> Total runtime for 2093 optimizations:
 * wall-time:     0 d,  1 h, 41 min, 39.203 sec
 *  cpu-time:     0 d,  3 h, 23 min, 11.878 sec
 * ratio c/w:     1.999 speedup
> Corresponding to approximately 2.914 sec per processed structure

CREGEN> running RMSDs ... done.
CREGEN> E lowest :   -68.40792
 855 structures remain within     5.00 kcal/mol window

========================================
           MTD Simulations done         
========================================
 Collecting ensmbles.
CREGEN> running RMSDs ... done.
CREGEN> E lowest :   -68.40839
 1495 structures remain within     5.00 kcal/mol window


 ===============================================
 Additional regular MDs on lowest 4 conformer(s)
 ===============================================
  :::::::::::::: starting MD   1 ::::::::::::::
  |   MD simulation time   :     9.0 ps       |
  |   target T             :   400.0 K        |
  |   timestep dt          :     5.0 fs       |
  |   dump interval(trj)   :   100.0 fs       |
  |   SHAKE algorithm      : true (all bonds) |
  :::::::::::::: starting MD   8 ::::::::::::::
  |   MD simulation time   :     9.0 ps       |
  |   target T             :   500.0 K        |
  |   timestep dt          :     5.0 fs       |
  |   dump interval(trj)   :   100.0 fs       |
  |   SHAKE algorithm      : true (all bonds) |
*MD   1 completed successfully ...        3 min, 13.151 sec
  :::::::::::::: starting MD   2 ::::::::::::::
  |   MD simulation time   :     9.0 ps       |
  |   target T             :   400.0 K        |
  |   timestep dt          :     5.0 fs       |
  |   dump interval(trj)   :   100.0 fs       |
  |   SHAKE algorithm      : true (all bonds) |
*MD   8 completed successfully ...        3 min, 14.816 sec
  :::::::::::::: starting MD   7 ::::::::::::::
  |   MD simulation time   :     9.0 ps       |
  |   target T             :   500.0 K        |
  |   timestep dt          :     5.0 fs       |
  |   dump interval(trj)   :   100.0 fs       |
  |   SHAKE algorithm      : true (all bonds) |
*MD   2 completed successfully ...        3 min, 11.536 sec
  :::::::::::::: starting MD   3 ::::::::::::::
  |   MD simulation time   :     9.0 ps       |
  |   target T             :   400.0 K        |
  |   timestep dt          :     5.0 fs       |
  |   dump interval(trj)   :   100.0 fs       |
  |   SHAKE algorithm      : true (all bonds) |
*MD   7 completed successfully ...        3 min, 14.791 sec
  :::::::::::::: starting MD   6 ::::::::::::::
  |   MD simulation time   :     9.0 ps       |
  |   target T             :   500.0 K        |
  |   timestep dt          :     5.0 fs       |
  |   dump interval(trj)   :   100.0 fs       |
  |   SHAKE algorithm      : true (all bonds) |
*MD   3 completed successfully ...        3 min, 12.447 sec
  :::::::::::::: starting MD   4 ::::::::::::::
  |   MD simulation time   :     9.0 ps       |
  |   target T             :   400.0 K        |
  |   timestep dt          :     5.0 fs       |
  |   dump interval(trj)   :   100.0 fs       |
  |   SHAKE algorithm      : true (all bonds) |
*MD   6 completed successfully ...        3 min, 14.668 sec
  :::::::::::::: starting MD   5 ::::::::::::::
  |   MD simulation time   :     9.0 ps       |
  |   target T             :   500.0 K        |
  |   timestep dt          :     5.0 fs       |
  |   dump interval(trj)   :   100.0 fs       |
  |   SHAKE algorithm      : true (all bonds) |
*MD   4 completed successfully ...        3 min, 13.097 sec
*MD   5 completed successfully ...        3 min, 14.601 sec
 Appending file crest_rotamers_1.xyz with new structures
 Optimizing all 2207 structures from file "crest_rotamers_1.xyz" ...
 ----------------------------------
 optimization with tight thresholds
 ----------------------------------
 Optimization engine: ANCOPT
 Hessian update type: BFGS
 E/G convergence criteria:  0.100E-05 Eh, 0.800E-03 Eh/a0
 maximum optimization steps: 200
 |>0.0% |>7.5% |>15.0% |>22.5% |>30.0% |>37.5% |>45.0% |>52.5% |>60.0% |>67.5% |>75.0% |>82.5% |>90.0% |>97.5% |>100.0%
 done.
> 2207 of 2207 structures successfully optimized (100.0% success)
> Total runtime for 2207 optimizations:
 * wall-time:     0 d,  0 h, 39 min, 39.797 sec
 *  cpu-time:     0 d,  1 h, 19 min, 17.327 sec
 * ratio c/w:     1.999 speedup
> Corresponding to approximately 1.078 sec per processed structure

CREGEN> running RMSDs ... done.
CREGEN> E lowest :   -68.40841
 1606 structures remain within     5.00 kcal/mol window

     ========================================
     |        Structure Crossing (GC)       |
     ========================================

 =============================
  # threads =           2
 =============================
input  file name : crest_rotamers_2.xyz
number of atoms                :      53
number of points on xyz files  :    1606
conformer energy window  /kcal :    5.00
CN per atom difference cut-off :  0.3000
RMSD threshold (Ang, Bohr)     :  0.2500  0.4724
max. # of generated structures :      900
 # in E window        1606
  10.7 % done
  35.9 % done
  60.6 % done
  85.6 % done
 finished.
 average rmsd w.r.t input     :     3.84615
 number of clash discarded    :        1104
 removed identical structures :        1143

 900 structures written to confcross.xyz


 ======================================
 |  Multilevel Ensemble Optimization  |
 ======================================
 Optimizing all 900 structures from file "confcross.xyz" ...
 ----------------------
 crude pre-optimization
 ----------------------
 Optimization engine: ANCOPT
 Hessian update type: BFGS
 E/G convergence criteria:  0.500E-03 Eh, 0.100E-01 Eh/a0
 maximum optimization steps: 200
 |>0.1% |>10.0% |>20.0% |>30.0% |>40.0% |>50.0% |>60.0% |>70.1% |>80.0% |>90.1% |>100.0%
 done.
> 900 of 900 structures successfully optimized (100.0% success)
> Total runtime for 900 optimizations:
 * wall-time:     0 d,  0 h,  3 min, 39.557 sec
 *  cpu-time:     0 d,  0 h,  7 min, 18.713 sec
 * ratio c/w:     1.998 speedup
> Corresponding to approximately 0.244 sec per processed structure

CREGEN> running RMSDs ... done.
CREGEN> E lowest :   -68.40840
 204 structures remain within    10.00 kcal/mol window
 ----------------------------------
 optimization with tight thresholds
 ----------------------------------
 Optimization engine: ANCOPT
 Hessian update type: BFGS
 E/G convergence criteria:  0.100E-05 Eh, 0.800E-03 Eh/a0
 maximum optimization steps: 200
 |>0.5% |>10.3% |>20.1% |>30.4% |>40.2% |>50.0% |>60.3% |>70.1% |>80.4% |>90.2% |>100.0%
 done.
> 204 of 204 structures successfully optimized (100.0% success)
> Total runtime for 204 optimizations:
 * wall-time:     0 d,  0 h,  4 min, 22.082 sec
 *  cpu-time:     0 d,  0 h,  8 min, 44.134 sec
 * ratio c/w:     2.000 speedup
> Corresponding to approximately 1.285 sec per processed structure

CREGEN> running RMSDs ... done.
CREGEN> E lowest :   -68.40841
 183 structures remain within     5.00 kcal/mol window
appending new structures to crest_rotamers_2.xyz
CREGEN> running RMSDs ... done.
CREGEN> E lowest :   -68.40841


   ================================================
   |           Final Geometry Optimization        |
   ================================================
 Optimizing all 1749 structures from file "crest_rotamers_3.xyz" ...
 ---------------------------------------
 optimization with very tight thresholds
 ---------------------------------------
 Optimization engine: ANCOPT
 Hessian update type: BFGS
 E/G convergence criteria:  0.100E-06 Eh, 0.200E-03 Eh/a0
 maximum optimization steps: 200
 |>0.1% |>7.5% |>15.0% |>22.5% |>30.0% |>37.5% |>45.1% |>52.5% |>60.0% |>67.5% |>75.0% |>82.5% |>90.1% |>97.5% |>100.0%
 done.
> 1749 of 1749 structures successfully optimized (100.0% success)
> Total runtime for 1749 optimizations:
 * wall-time:     0 d,  0 h, 31 min, 54.619 sec
 *  cpu-time:     0 d,  1 h,  3 min, 46.255 sec
 * ratio c/w:     1.998 speedup
> Corresponding to approximately 1.095 sec per processed structure

CREGEN> running RMSDs ... done.
CREGEN> E lowest :   -68.40841
 1689 structures remain within     5.00 kcal/mol window


 --------------------------
 Final Ensemble Information
 --------------------------
 input  file name : crest_rotamers_3.xyz
 output file name : crest_rotamers_4.xyz
 number of atoms                :   53
 number of points on xyz files  :   1749
 RMSD threshold                 :   0.1250
 Bconst threshold               :   0.0100
 population threshold           :   0.0500
 # fragment in coord            :     1
 # bonds in reference structure :    54
 number of reliable points      :  1749
 sorting energy window (EWIN)   :    5.0000 / kcal*mol⁻¹
 reference state Etot           :  -68.408407179999998
 number of doubles removed by rot/RMSD         :          60
 total number unique points considered further :        1689
       Erel/kcal        Etot weight/tot  conformer     set   degen     origin
       1   0.000   -68.40841    0.00989    0.13839       1      14
       2   0.000   -68.40841    0.00989
       3   0.000   -68.40841    0.00989
       4   0.000   -68.40841    0.00989
       5   0.000   -68.40841    0.00989
       6   0.000   -68.40841    0.00989
       7   0.000   -68.40841    0.00989
       8   0.000   -68.40841    0.00989
       9   0.000   -68.40841    0.00989
      10   0.001   -68.40841    0.00988
      11   0.001   -68.40841    0.00988
      12   0.001   -68.40841    0.00988
      13   0.001   -68.40841    0.00988
      14   0.002   -68.40840    0.00987
      15   0.170   -68.40814    0.00743    0.02227       2       3
      16   0.170   -68.40814    0.00742
      17   0.170   -68.40814    0.00742
      18   0.303   -68.40792    0.00594    0.07119       3      12
      19   0.303   -68.40792    0.00594
      20   0.303   -68.40792    0.00594
      21   0.303   -68.40792    0.00594
      22   0.303   -68.40792    0.00594
      23   0.303   -68.40792    0.00594
      24   0.303   -68.40792    0.00593
      25   0.304   -68.40792    0.00593
      26   0.304   -68.40792    0.00593
      27   0.304   -68.40792    0.00593
      28   0.304   -68.40792    0.00593
      29   0.304   -68.40792    0.00592
      30   0.328   -68.40788    0.00569    0.05679       4      10
      31   0.328   -68.40788    0.00569
      32   0.328   -68.40788    0.00569
      33   0.328   -68.40788    0.00569
      34   0.328   -68.40788    0.00569
      35   0.329   -68.40788    0.00568
      36   0.330   -68.40788    0.00567
      37   0.330   -68.40788    0.00567
      38   0.331   -68.40788    0.00566
      39   0.331   -68.40788    0.00566
      40   0.369   -68.40782    0.00531    0.14314       5      27
      41   0.369   -68.40782    0.00531
      42   0.369   -68.40782    0.00531
      43   0.369   -68.40782    0.00531
      44   0.369   -68.40782    0.00531
      45   0.369   -68.40782    0.00531
      46   0.369   -68.40782    0.00531
      47   0.369   -68.40782    0.00531
      48   0.369   -68.40782    0.00531
      49   0.369   -68.40782    0.00531
      50   0.370   -68.40782    0.00531
      51   0.370   -68.40782    0.00531
      52   0.370   -68.40782    0.00531
      53   0.370   -68.40782    0.00530
      54   0.370   -68.40782    0.00530
      55   0.370   -68.40782    0.00530
      56   0.370   -68.40782    0.00530
      57   0.370   -68.40782    0.00530
      58   0.370   -68.40782    0.00530
      59   0.370   -68.40782    0.00530
      60   0.371   -68.40782    0.00530
      61   0.371   -68.40782    0.00530
      62   0.371   -68.40782    0.00529
      63   0.372   -68.40782    0.00529
      64   0.372   -68.40782    0.00529
      65   0.372   -68.40781    0.00528
      66   0.372   -68.40781    0.00528
      67   0.447   -68.40770    0.00466    0.05111       6      11
      68   0.447   -68.40769    0.00466
      69   0.448   -68.40769    0.00465
      70   0.448   -68.40769    0.00465
      71   0.448   -68.40769    0.00465
      72   0.448   -68.40769    0.00465
      73   0.448   -68.40769    0.00465
      74   0.449   -68.40769    0.00464
      75   0.449   -68.40769    0.00464
      76   0.449   -68.40769    0.00464
      77   0.449   -68.40769    0.00464
      78   0.449   -68.40769    0.00464    0.03709       7       8
      79   0.449   -68.40769    0.00464
      80   0.449   -68.40769    0.00464
      81   0.450   -68.40769    0.00464
      82   0.449   -68.40769    0.00464
      83   0.450   -68.40769    0.00463
      84   0.450   -68.40769    0.00463
      85   0.449   -68.40769    0.00464
      86   0.483   -68.40764    0.00438    0.00874       8       2
      87   0.487   -68.40763    0.00435
      88   0.510   -68.40759    0.00419    0.02091       9       5
      89   0.510   -68.40759    0.00419
      90   0.511   -68.40759    0.00418
      91   0.511   -68.40759    0.00418
      92   0.511   -68.40759    0.00418
      93   0.518   -68.40758    0.00413    0.00413      10       1
      94   0.615   -68.40743    0.00351    0.02800      11       8
      95   0.615   -68.40743    0.00350
      96   0.616   -68.40743    0.00350
      97   0.616   -68.40743    0.00350
      98   0.616   -68.40743    0.00350
      99   0.616   -68.40743    0.00350
     100   0.616   -68.40743    0.00350
     101   0.619   -68.40742    0.00348
     102   0.634   -68.40740    0.00340    0.02717      12       8
     103   0.634   -68.40740    0.00340
     104   0.634   -68.40740    0.00340
     105   0.634   -68.40740    0.00340
     106   0.634   -68.40740    0.00340
     107   0.634   -68.40740    0.00340
     108   0.634   -68.40740    0.00340
     109   0.635   -68.40740    0.00339
     110   0.640   -68.40739    0.00336    0.06709      13      20
     111   0.640   -68.40739    0.00336
     112   0.640   -68.40739    0.00336
     113   0.640   -68.40739    0.00336
     114   0.640   -68.40739    0.00336
     115   0.641   -68.40739    0.00336
     116   0.641   -68.40739    0.00336
     117   0.641   -68.40739    0.00336
     118   0.641   -68.40739    0.00336
     119   0.641   -68.40739    0.00336
     120   0.641   -68.40739    0.00336
     121   0.641   -68.40738    0.00335
     122   0.642   -68.40738    0.00335
     123   0.642   -68.40738    0.00335
     124   0.642   -68.40738    0.00335
     125   0.643   -68.40738    0.00334
     126   0.644   -68.40738    0.00334
     127   0.642   -68.40738    0.00335
     128   0.644   -68.40738    0.00334
     129   0.642   -68.40738    0.00335
     130   0.644   -68.40738    0.00334    0.02004      14       6
     131   0.644   -68.40738    0.00334
     132   0.643   -68.40738    0.00335
     133   0.647   -68.40738    0.00332
     134   0.643   -68.40738    0.00335
     135   0.643   -68.40738    0.00335
     136   0.662   -68.40735    0.00324    0.00324      15       1
     137   0.759   -68.40720    0.00275    0.00550      16       2
     138   0.761   -68.40719    0.00274
     139   0.776   -68.40717    0.00267    0.02400      17       9
     140   0.777   -68.40717    0.00267
     141   0.777   -68.40717    0.00267
     142   0.777   -68.40717    0.00267
     143   0.777   -68.40717    0.00267
     144   0.778   -68.40717    0.00267
     145   0.779   -68.40717    0.00266
     146   0.779   -68.40717    0.00266
     147   0.779   -68.40717    0.00266
     148   0.798   -68.40714    0.00258    0.03806      18      15
     149   0.798   -68.40714    0.00258
     150   0.798   -68.40714    0.00258
     151   0.799   -68.40713    0.00257
     152   0.799   -68.40713    0.00257
     153   0.799   -68.40713    0.00257
     154   0.799   -68.40713    0.00257
     155   0.799   -68.40713    0.00257
     156   0.802   -68.40713    0.00256
     157   0.819   -68.40710    0.00249
     158   0.819   -68.40710    0.00249
     159   0.819   -68.40710    0.00249
     160   0.819   -68.40710    0.00249
     161   0.820   -68.40710    0.00248
     162   0.820   -68.40710    0.00248
     163   0.843   -68.40706    0.00239    0.01195      19       5
     164   0.843   -68.40706    0.00239
     165   0.843   -68.40706    0.00239
     166   0.843   -68.40706    0.00239
     167   0.843   -68.40706    0.00239
     168   0.843   -68.40706    0.00239    0.01746      20       7
     169   0.811   -68.40712    0.00252
     170   0.811   -68.40711    0.00252
     171   0.812   -68.40711    0.00252
     172   0.812   -68.40711    0.00252
     173   0.813   -68.40711    0.00251
     174   0.819   -68.40710    0.00249
     175   0.858   -68.40704    0.00233    0.00698      21       3
     176   0.859   -68.40704    0.00233
     177   0.859   -68.40704    0.00232
     178   0.868   -68.40702    0.00229    0.00229      22       1
     179   0.882   -68.40700    0.00224    0.00224      23       1
     180   0.951   -68.40689    0.00199    0.00398      24       2
     181   0.952   -68.40689    0.00199
     182   0.966   -68.40687    0.00194    0.00194      25       1
     183   0.967   -68.40687    0.00194    0.00194      26       1
     184   0.969   -68.40686    0.00193    0.00386      27       2
     185   0.970   -68.40686    0.00193
     186   0.995   -68.40682    0.00185    0.01105      28       6
     187   0.996   -68.40682    0.00185
     188   0.997   -68.40682    0.00184
     189   0.998   -68.40682    0.00184
     190   0.998   -68.40682    0.00184
     191   0.999   -68.40682    0.00184
     192   1.039   -68.40675    0.00172    0.02055      29      12
     193   1.039   -68.40675    0.00172
     194   1.039   -68.40675    0.00171
     195   1.039   -68.40675    0.00171
     196   1.039   -68.40675    0.00171
     197   1.040   -68.40675    0.00171
     198   1.040   -68.40675    0.00171
     199   1.040   -68.40675    0.00171
     200   1.040   -68.40675    0.00171
     201   1.041   -68.40675    0.00171
     202   1.041   -68.40675    0.00171
     203   1.043   -68.40674    0.00170
     204   1.044   -68.40674    0.00170    0.00340      30       2
     205   1.046   -68.40674    0.00169
     206   1.046   -68.40674    0.00169    0.01692      31      10
     207   1.047   -68.40674    0.00169
     208   1.047   -68.40674    0.00169
     209   1.047   -68.40674    0.00169
     210   1.046   -68.40674    0.00170
     211   1.047   -68.40674    0.00169
     212   1.047   -68.40674    0.00169
     213   1.047   -68.40674    0.00169
     214   1.048   -68.40674    0.00169
     215   1.050   -68.40673    0.00168
     216   1.054   -68.40673    0.00167    0.00834      32       5
     217   1.055   -68.40673    0.00167
     218   1.056   -68.40672    0.00167
     219   1.056   -68.40672    0.00167
     220   1.059   -68.40672    0.00166
     221   1.059   -68.40672    0.00166    0.00166      33       1
     222   1.147   -68.40658    0.00143    0.00571      34       4
     223   1.148   -68.40658    0.00143
     224   1.149   -68.40658    0.00143
     225   1.149   -68.40658    0.00142
     226   1.154   -68.40657    0.00141    0.00282      35       2
     227   1.155   -68.40657    0.00141
     228   1.171   -68.40654    0.00137    0.00412      36       3
     229   1.171   -68.40654    0.00137
     230   1.171   -68.40654    0.00137
     231   1.175   -68.40653    0.00136    0.00136      37       1
     232   1.194   -68.40650    0.00132    0.00396      38       3
     233   1.195   -68.40650    0.00132
     234   1.195   -68.40650    0.00132
     235   1.254   -68.40641    0.00119    0.00596      39       5
     236   1.255   -68.40641    0.00119
     237   1.255   -68.40641    0.00119
     238   1.255   -68.40641    0.00119
     239   1.255   -68.40641    0.00119
     240   1.260   -68.40640    0.00118    0.01062      40       9
     241   1.261   -68.40640    0.00118
     242   1.261   -68.40640    0.00118
     243   1.261   -68.40640    0.00118
     244   1.261   -68.40640    0.00118
     245   1.261   -68.40640    0.00118
     246   1.261   -68.40640    0.00118
     247   1.261   -68.40640    0.00118
     248   1.261   -68.40640    0.00118
     249   1.273   -68.40638    0.00116    0.00116      41       1
     250   1.323   -68.40630    0.00106    0.00106      42       1
     251   1.345   -68.40626    0.00102    0.00614      43       6
     252   1.345   -68.40626    0.00102
     253   1.345   -68.40626    0.00102
     254   1.347   -68.40626    0.00102
     255   1.345   -68.40626    0.00102
     256   1.347   -68.40626    0.00102
     257   1.347   -68.40626    0.00102    0.00612      44       6
     258   1.348   -68.40626    0.00102
     259   1.346   -68.40626    0.00102
     260   1.348   -68.40626    0.00102
     261   1.348   -68.40626    0.00102
     262   1.346   -68.40626    0.00102
     263   1.357   -68.40625    0.00100    0.00301      45       3
     264   1.357   -68.40625    0.00100
     265   1.358   -68.40624    0.00100
     266   1.360   -68.40624    0.00100    0.00100      46       1
     267   1.358   -68.40624    0.00100    0.00100      47       1
     268   1.440   -68.40611    0.00087    0.00087      48       1
     269   1.445   -68.40610    0.00087    0.00692      49       8
     270   1.445   -68.40610    0.00087
     271   1.445   -68.40610    0.00087
     272   1.445   -68.40610    0.00087
     273   1.445   -68.40610    0.00087
     274   1.445   -68.40610    0.00086
     275   1.446   -68.40610    0.00086
     276   1.446   -68.40610    0.00086
     277   1.505   -68.40601    0.00078    0.00078      50       1
     278   1.595   -68.40587    0.00067    0.00269      51       4
     279   1.595   -68.40587    0.00067
     280   1.595   -68.40586    0.00067
     281   1.595   -68.40586    0.00067
     282   1.756   -68.40561    0.00051    0.00051      52       1
     283   1.788   -68.40556    0.00049    0.00097      53       2
     284   1.789   -68.40556    0.00048
     285   1.803   -68.40553    0.00047    0.00142      54       3
     286   1.803   -68.40553    0.00047
     287   1.804   -68.40553    0.00047
     288   1.807   -68.40553    0.00047    0.00047      55       1
     289   1.815   -68.40551    0.00046    0.00046      56       1
     290   1.897   -68.40538    0.00040    0.00161      57       4
     291   1.897   -68.40538    0.00040
     292   1.897   -68.40538    0.00040
     293   1.908   -68.40537    0.00040
     294   1.933   -68.40533    0.00038    0.00038      58       1
     295   2.048   -68.40514    0.00031    0.00031      59       1
     296   2.134   -68.40501    0.00027    0.00027      60       1
     297   2.144   -68.40499    0.00027    0.00053      61       2
     298   2.145   -68.40499    0.00027
     299   2.193   -68.40491    0.00025    0.00025      62       1
     300   2.239   -68.40484    0.00023    0.00023      63       1
     301   2.371   -68.40463    0.00018    0.00018      64       1
     302   2.439   -68.40452    0.00016    0.00016      65       1
     303   2.468   -68.40447    0.00015    0.00031      66       2
     304   2.468   -68.40447    0.00015
     305   2.491   -68.40444    0.00015    0.00015      67       1
     306   2.502   -68.40442    0.00015    0.00116      68       8
     307   2.503   -68.40442    0.00015
     308   2.503   -68.40442    0.00015
     309   2.503   -68.40442    0.00015
     310   2.504   -68.40442    0.00015
     311   2.506   -68.40441    0.00014
     312   2.507   -68.40441    0.00014
     313   2.507   -68.40441    0.00014
     314   2.507   -68.40441    0.00014    0.00130      69       9
     315   2.507   -68.40441    0.00014
     316   2.507   -68.40441    0.00014
     317   2.507   -68.40441    0.00014
     318   2.507   -68.40441    0.00014
     319   2.507   -68.40441    0.00014
     320   2.508   -68.40441    0.00014
     321   2.508   -68.40441    0.00014
     322   2.509   -68.40441    0.00014
     323   2.589   -68.40428    0.00013    0.00025      70       2
     324   2.591   -68.40428    0.00013
     325   2.594   -68.40427    0.00012    0.00012      71       1
     326   2.596   -68.40427    0.00012    0.00260      72      21
     327   2.596   -68.40427    0.00012
     328   2.596   -68.40427    0.00012
     329   2.596   -68.40427    0.00012
     330   2.596   -68.40427    0.00012
     331   2.596   -68.40427    0.00012
     332   2.596   -68.40427    0.00012
     333   2.596   -68.40427    0.00012
     334   2.597   -68.40427    0.00012
     335   2.597   -68.40427    0.00012
     336   2.597   -68.40427    0.00012
     337   2.597   -68.40427    0.00012
     338   2.597   -68.40427    0.00012
     339   2.597   -68.40427    0.00012
     340   2.597   -68.40427    0.00012
     341   2.598   -68.40427    0.00012
     342   2.598   -68.40427    0.00012
     343   2.599   -68.40427    0.00012
     344   2.599   -68.40427    0.00012
     345   2.600   -68.40426    0.00012
     346   2.600   -68.40426    0.00012
     347   2.641   -68.40420    0.00012    0.00161      73      14
     348   2.641   -68.40420    0.00012
     349   2.641   -68.40420    0.00012
     350   2.641   -68.40420    0.00012
     351   2.641   -68.40420    0.00012
     352   2.641   -68.40420    0.00012
     353   2.642   -68.40420    0.00012
     354   2.642   -68.40420    0.00011
     355   2.643   -68.40420    0.00011
     356   2.643   -68.40420    0.00011
     357   2.643   -68.40420    0.00011
     358   2.643   -68.40419    0.00011
     359   2.644   -68.40419    0.00011
     360   2.644   -68.40419    0.00011
     361   2.645   -68.40419    0.00011    0.00046      74       4
     362   2.646   -68.40419    0.00011
     363   2.649   -68.40419    0.00011
     364   2.650   -68.40418    0.00011
     365   2.701   -68.40410    0.00010    0.00042      75       4
     366   2.701   -68.40410    0.00010
     367   2.701   -68.40410    0.00010
     368   2.702   -68.40410    0.00010
     369   2.716   -68.40408    0.00010    0.00010      76       1
     370   2.721   -68.40407    0.00010    0.00020      77       2
     371   2.724   -68.40407    0.00010
     372   2.726   -68.40406    0.00010    0.00030      78       3
     373   2.726   -68.40406    0.00010
     374   2.727   -68.40406    0.00010
     375   2.734   -68.40405    0.00010    0.00010      79       1
     376   2.736   -68.40405    0.00010    0.00029      80       3
     377   2.746   -68.40403    0.00010
     378   2.738   -68.40404    0.00010
     379   2.745   -68.40403    0.00010    0.00010      81       1
     380   2.757   -68.40401    0.00009    0.00009      82       1
     381   2.789   -68.40396    0.00009    0.00036      83       4
     382   2.789   -68.40396    0.00009
     383   2.789   -68.40396    0.00009
     384   2.789   -68.40396    0.00009
     385   2.800   -68.40395    0.00009    0.00018      84       2
     386   2.801   -68.40394    0.00009
     387   2.803   -68.40394    0.00009    0.00009      85       1
     388   2.813   -68.40393    0.00009    0.00043      86       5
     389   2.813   -68.40392    0.00009
     390   2.813   -68.40392    0.00009
     391   2.813   -68.40393    0.00009
     392   2.813   -68.40392    0.00009
     393   2.813   -68.40392    0.00009    0.00172      87      20
     394   2.813   -68.40392    0.00009
     395   2.813   -68.40392    0.00009
     396   2.813   -68.40392    0.00009
     397   2.814   -68.40392    0.00009
     398   2.814   -68.40392    0.00009
     399   2.814   -68.40392    0.00009
     400   2.814   -68.40392    0.00009
     401   2.814   -68.40392    0.00009
     402   2.814   -68.40392    0.00009
     403   2.814   -68.40392    0.00009
     404   2.815   -68.40392    0.00009
     405   2.815   -68.40392    0.00009
     406   2.816   -68.40392    0.00009
     407   2.816   -68.40392    0.00009
     408   2.816   -68.40392    0.00009
     409   2.817   -68.40392    0.00009
     410   2.818   -68.40392    0.00009
     411   2.818   -68.40392    0.00009
     412   2.819   -68.40392    0.00009
     413   2.834   -68.40389    0.00008    0.00025      88       3
     414   2.834   -68.40389    0.00008
     415   2.836   -68.40389    0.00008
     416   2.855   -68.40386    0.00008    0.00024      89       3
     417   2.855   -68.40386    0.00008
     418   2.856   -68.40386    0.00008
     419   2.875   -68.40383    0.00008    0.00008      90       1
     420   2.909   -68.40377    0.00007    0.00015      91       2
     421   2.913   -68.40376    0.00007
     422   2.924   -68.40375    0.00007    0.00007      92       1
     423   2.930   -68.40374    0.00007    0.00014      93       2
     424   2.930   -68.40374    0.00007
     425   2.945   -68.40371    0.00007    0.00007      94       1
     426   2.946   -68.40371    0.00007    0.00007      95       1
     427   2.947   -68.40371    0.00007    0.00014      96       2
     428   2.947   -68.40371    0.00007
     429   2.948   -68.40371    0.00007    0.00021      97       3
     430   2.948   -68.40371    0.00007
     431   2.948   -68.40371    0.00007
     432   2.961   -68.40369    0.00007    0.00007      98       1
     433   2.963   -68.40369    0.00007    0.00007      99       1
     434   3.021   -68.40359    0.00006    0.00145     100      24
     435   3.021   -68.40359    0.00006
     436   3.021   -68.40359    0.00006
     437   3.021   -68.40359    0.00006
     438   3.021   -68.40359    0.00006
     439   3.021   -68.40359    0.00006
     440   3.021   -68.40359    0.00006
     441   3.021   -68.40359    0.00006
     442   3.021   -68.40359    0.00006
     443   3.021   -68.40359    0.00006
     444   3.021   -68.40359    0.00006
     445   3.022   -68.40359    0.00006
     446   3.022   -68.40359    0.00006
     447   3.022   -68.40359    0.00006
     448   3.022   -68.40359    0.00006
     449   3.022   -68.40359    0.00006
     450   3.022   -68.40359    0.00006
     451   3.023   -68.40359    0.00006
     452   3.027   -68.40358    0.00006
     453   3.027   -68.40358    0.00006
     454   3.027   -68.40358    0.00006
     455   3.023   -68.40359    0.00006
     456   3.027   -68.40358    0.00006
     457   3.027   -68.40358    0.00006
     458   3.027   -68.40358    0.00006    0.00018     101       3
     459   3.027   -68.40358    0.00006
     460   3.027   -68.40358    0.00006
     461   3.027   -68.40358    0.00006    0.00150     102      25
     462   3.027   -68.40358    0.00006
     463   3.027   -68.40358    0.00006
     464   3.027   -68.40358    0.00006
     465   3.027   -68.40358    0.00006
     466   3.027   -68.40358    0.00006
     467   3.027   -68.40358    0.00006
     468   3.027   -68.40358    0.00006
     469   3.028   -68.40358    0.00006
     470   3.028   -68.40358    0.00006
     471   3.028   -68.40358    0.00006
     472   3.028   -68.40358    0.00006
     473   3.028   -68.40358    0.00006
     474   3.028   -68.40358    0.00006
     475   3.029   -68.40358    0.00006
     476   3.028   -68.40358    0.00006
     477   3.029   -68.40358    0.00006
     478   3.029   -68.40358    0.00006
     479   3.028   -68.40358    0.00006
     480   3.030   -68.40358    0.00006
     481   3.029   -68.40358    0.00006
     482   3.029   -68.40358    0.00006
     483   3.029   -68.40358    0.00006
     484   3.030   -68.40358    0.00006
     485   3.031   -68.40358    0.00006
     486   3.031   -68.40358    0.00006    0.00024     103       4
     487   3.031   -68.40358    0.00006
     488   3.029   -68.40358    0.00006
     489   3.031   -68.40358    0.00006
     490   3.031   -68.40358    0.00006    0.00024     104       4
     491   3.031   -68.40358    0.00006
     492   3.031   -68.40358    0.00006
     493   3.031   -68.40358    0.00006
     494   3.031   -68.40358    0.00006    0.00006     105       1
     495   3.031   -68.40358    0.00006    0.00059     106      10
     496   3.031   -68.40358    0.00006
     497   3.031   -68.40358    0.00006
     498   3.034   -68.40357    0.00006
     499   3.035   -68.40357    0.00006
     500   3.034   -68.40357    0.00006
     501   3.035   -68.40357    0.00006
     502   3.033   -68.40357    0.00006
     503   3.034   -68.40357    0.00006
     504   3.035   -68.40357    0.00006
     505   3.035   -68.40357    0.00006    0.00012     107       2
     506   3.035   -68.40357    0.00006
     507   3.035   -68.40357    0.00006    0.00012     108       2
     508   3.035   -68.40357    0.00006
     509   3.036   -68.40357    0.00006    0.00105     109      18
     510   3.036   -68.40357    0.00006
     511   3.036   -68.40357    0.00006
     512   3.036   -68.40357    0.00006
     513   3.037   -68.40357    0.00006
     514   3.037   -68.40357    0.00006
     515   3.038   -68.40357    0.00006
     516   3.040   -68.40356    0.00006
     517   3.040   -68.40356    0.00006
     518   3.049   -68.40355    0.00006
     519   3.049   -68.40355    0.00006
     520   3.059   -68.40353    0.00006
     521   3.059   -68.40353    0.00006
     522   3.059   -68.40353    0.00006
     523   3.059   -68.40353    0.00006
     524   3.059   -68.40353    0.00006
     525   3.059   -68.40353    0.00006
     526   3.059   -68.40353    0.00006
     527   3.023   -68.40359    0.00006    0.00006     110       1
     528   3.059   -68.40353    0.00006    0.00011     111       2
     529   3.059   -68.40353    0.00006
     530   3.060   -68.40353    0.00006    0.00070     112      12
     531   3.060   -68.40353    0.00006
     532   3.023   -68.40359    0.00006
     533   3.060   -68.40353    0.00006
     534   3.023   -68.40359    0.00006
     535   3.060   -68.40353    0.00006
     536   3.060   -68.40353    0.00006
     537   3.061   -68.40353    0.00006
     538   3.026   -68.40358    0.00006
     539   3.026   -68.40358    0.00006
     540   3.061   -68.40353    0.00006
     541   3.062   -68.40353    0.00006
     542   3.065   -68.40352    0.00006    0.00101     113      18
     543   3.065   -68.40352    0.00006
     544   3.065   -68.40352    0.00006
     545   3.066   -68.40352    0.00006
     546   3.066   -68.40352    0.00006
     547   3.066   -68.40352    0.00006
     548   3.066   -68.40352    0.00006
     549   3.066   -68.40352    0.00006
     550   3.066   -68.40352    0.00006
     551   3.066   -68.40352    0.00006
     552   3.066   -68.40352    0.00006
     553   3.067   -68.40352    0.00006
     554   3.067   -68.40352    0.00006
     555   3.067   -68.40352    0.00006
     556   3.068   -68.40352    0.00006
     557   3.068   -68.40352    0.00006
     558   3.068   -68.40352    0.00006
     559   3.069   -68.40352    0.00006
     560   3.075   -68.40351    0.00006    0.00006     114       1
     561   3.114   -68.40344    0.00005    0.00124     115      24
     562   3.114   -68.40344    0.00005
     563   3.114   -68.40344    0.00005
     564   3.114   -68.40344    0.00005
     565   3.114   -68.40344    0.00005
     566   3.114   -68.40344    0.00005
     567   3.115   -68.40344    0.00005
     568   3.115   -68.40344    0.00005
     569   3.115   -68.40344    0.00005
     570   3.115   -68.40344    0.00005
     571   3.115   -68.40344    0.00005
     572   3.115   -68.40344    0.00005
     573   3.115   -68.40344    0.00005
     574   3.115   -68.40344    0.00005
     575   3.116   -68.40344    0.00005
     576   3.115   -68.40344    0.00005
     577   3.115   -68.40344    0.00005
     578   3.115   -68.40344    0.00005
     579   3.116   -68.40344    0.00005
     580   3.116   -68.40344    0.00005
     581   3.116   -68.40344    0.00005
     582   3.116   -68.40344    0.00005
     583   3.118   -68.40344    0.00005
     584   3.116   -68.40344    0.00005
     585   3.116   -68.40344    0.00005    0.00015     116       3
     586   3.119   -68.40344    0.00005
     587   3.116   -68.40344    0.00005
     588   3.120   -68.40344    0.00005    0.00026     117       5
     589   3.117   -68.40344    0.00005
     590   3.117   -68.40344    0.00005
     591   3.121   -68.40343    0.00005
     592   3.122   -68.40343    0.00005
     593   3.122   -68.40343    0.00005    0.00020     118       4
     594   3.126   -68.40343    0.00005
     595   3.130   -68.40342    0.00005
     596   3.132   -68.40342    0.00005
     597   3.135   -68.40341    0.00005    0.00005     119       1
     598   3.136   -68.40341    0.00005    0.00005     120       1
     599   3.148   -68.40339    0.00005    0.00010     121       2
     600   3.150   -68.40339    0.00005
     601   3.152   -68.40338    0.00005    0.00015     122       3
     602   3.152   -68.40338    0.00005
     603   3.152   -68.40338    0.00005
     604   3.155   -68.40338    0.00005    0.00010     123       2
     605   3.155   -68.40338    0.00005
     606   3.157   -68.40338    0.00005    0.00029     124       6
     607   3.158   -68.40337    0.00005
     608   3.159   -68.40337    0.00005
     609   3.161   -68.40337    0.00005
     610   3.162   -68.40337    0.00005
     611   3.162   -68.40337    0.00005
     612   3.171   -68.40335    0.00005    0.00005     125       1
     613   3.172   -68.40335    0.00005    0.00009     126       2
     614   3.172   -68.40335    0.00005
     615   3.197   -68.40331    0.00005    0.00040     127       9
     616   3.198   -68.40331    0.00005
     617   3.198   -68.40331    0.00005
     618   3.198   -68.40331    0.00004
     619   3.199   -68.40331    0.00004
     620   3.199   -68.40331    0.00004
     621   3.199   -68.40331    0.00004
     622   3.200   -68.40331    0.00004
     623   3.201   -68.40331    0.00004
     624   3.202   -68.40330    0.00004    0.00071     128      16
     625   3.202   -68.40330    0.00004
     626   3.202   -68.40330    0.00004
     627   3.202   -68.40330    0.00004
     628   3.202   -68.40330    0.00004
     629   3.202   -68.40330    0.00004
     630   3.203   -68.40330    0.00004
     631   3.203   -68.40330    0.00004
     632   3.203   -68.40330    0.00004
     633   3.203   -68.40330    0.00004
     634   3.203   -68.40330    0.00004
     635   3.204   -68.40330    0.00004
     636   3.204   -68.40330    0.00004
     637   3.204   -68.40330    0.00004
     638   3.204   -68.40330    0.00004
     639   3.204   -68.40330    0.00004
     640   3.204   -68.40330    0.00004    0.00071     129      16
     641   3.204   -68.40330    0.00004
     642   3.203   -68.40330    0.00004
     643   3.204   -68.40330    0.00004
     644   3.203   -68.40330    0.00004
     645   3.204   -68.40330    0.00004
     646   3.204   -68.40330    0.00004
     647   3.204   -68.40330    0.00004
     648   3.203   -68.40330    0.00004
     649   3.204   -68.40330    0.00004
     650   3.204   -68.40330    0.00004
     651   3.205   -68.40330    0.00004
     652   3.205   -68.40330    0.00004
     653   3.205   -68.40330    0.00004
     654   3.205   -68.40330    0.00004
     655   3.205   -68.40330    0.00004
     656   3.206   -68.40330    0.00004    0.00031     130       7
     657   3.206   -68.40330    0.00004
     658   3.206   -68.40330    0.00004
     659   3.208   -68.40329    0.00004
     660   3.216   -68.40328    0.00004
     661   3.203   -68.40330    0.00004
     662   3.203   -68.40330    0.00004
     663   3.226   -68.40327    0.00004    0.00056     131      13
     664   3.226   -68.40327    0.00004
     665   3.226   -68.40327    0.00004
     666   3.226   -68.40327    0.00004
     667   3.226   -68.40327    0.00004
     668   3.227   -68.40327    0.00004
     669   3.227   -68.40326    0.00004
     670   3.227   -68.40326    0.00004
     671   3.227   -68.40326    0.00004
     672   3.227   -68.40326    0.00004
     673   3.228   -68.40326    0.00004
     674   3.228   -68.40326    0.00004
     675   3.227   -68.40326    0.00004
     676   3.227   -68.40326    0.00004    0.00026     132       6
     677   3.229   -68.40326    0.00004
     678   3.229   -68.40326    0.00004
     679   3.229   -68.40326    0.00004
     680   3.229   -68.40326    0.00004
     681   3.227   -68.40326    0.00004
     682   3.247   -68.40323    0.00004    0.00008     133       2
     683   3.247   -68.40323    0.00004
     684   3.266   -68.40320    0.00004    0.00076     134      19
     685   3.266   -68.40320    0.00004
     686   3.266   -68.40320    0.00004
     687   3.266   -68.40320    0.00004
     688   3.266   -68.40320    0.00004
     689   3.266   -68.40320    0.00004
     690   3.266   -68.40320    0.00004
     691   3.266   -68.40320    0.00004
     692   3.266   -68.40320    0.00004
     693   3.267   -68.40320    0.00004
     694   3.267   -68.40320    0.00004
     695   3.267   -68.40320    0.00004
     696   3.267   -68.40320    0.00004
     697   3.267   -68.40320    0.00004
     698   3.267   -68.40320    0.00004
     699   3.268   -68.40320    0.00004
     700   3.268   -68.40320    0.00004
     701   3.269   -68.40320    0.00004
     702   3.270   -68.40320    0.00004
     703   3.272   -68.40319    0.00004    0.00024     135       6
     704   3.272   -68.40319    0.00004
     705   3.272   -68.40319    0.00004
     706   3.272   -68.40319    0.00004
     707   3.272   -68.40319    0.00004
     708   3.272   -68.40319    0.00004
     709   3.315   -68.40312    0.00004    0.00011     136       3
     710   3.316   -68.40312    0.00004
     711   3.317   -68.40312    0.00004
     712   3.317   -68.40312    0.00004    0.00117     137      32
     713   3.317   -68.40312    0.00004
     714   3.318   -68.40312    0.00004
     715   3.318   -68.40312    0.00004
     716   3.318   -68.40312    0.00004
     717   3.318   -68.40312    0.00004
     718   3.318   -68.40312    0.00004
     719   3.318   -68.40312    0.00004
     720   3.318   -68.40312    0.00004
     721   3.318   -68.40312    0.00004
     722   3.318   -68.40312    0.00004
     723   3.317   -68.40312    0.00004
     724   3.318   -68.40312    0.00004
     725   3.318   -68.40312    0.00004
     726   3.319   -68.40312    0.00004
     727   3.319   -68.40312    0.00004
     728   3.319   -68.40312    0.00004
     729   3.319   -68.40312    0.00004
     730   3.319   -68.40312    0.00004
     731   3.320   -68.40312    0.00004
     732   3.320   -68.40312    0.00004
     733   3.320   -68.40312    0.00004
     734   3.320   -68.40312    0.00004
     735   3.320   -68.40312    0.00004
     736   3.321   -68.40312    0.00004
     737   3.321   -68.40312    0.00004
     738   3.321   -68.40312    0.00004
     739   3.321   -68.40312    0.00004
     740   3.321   -68.40312    0.00004
     741   3.321   -68.40311    0.00004
     742   3.322   -68.40311    0.00004
     743   3.324   -68.40311    0.00004
     744   3.330   -68.40310    0.00004    0.00004     138       1
     745   3.337   -68.40309    0.00004    0.00007     139       2
     746   3.337   -68.40309    0.00004
     747   3.360   -68.40305    0.00003    0.00007     140       2
     748   3.362   -68.40305    0.00003
     749   3.360   -68.40305    0.00003    0.00003     141       1
     750   3.379   -68.40302    0.00003    0.00050     142      15
     751   3.380   -68.40302    0.00003
     752   3.380   -68.40302    0.00003
     753   3.380   -68.40302    0.00003
     754   3.380   -68.40302    0.00003
     755   3.380   -68.40302    0.00003
     756   3.380   -68.40302    0.00003
     757   3.380   -68.40302    0.00003
     758   3.380   -68.40302    0.00003
     759   3.380   -68.40302    0.00003
     760   3.380   -68.40302    0.00003
     761   3.380   -68.40302    0.00003
     762   3.381   -68.40302    0.00003
     763   3.381   -68.40302    0.00003
     764   3.382   -68.40302    0.00003
     765   3.382   -68.40302    0.00003    0.00030     143       9
     766   3.382   -68.40302    0.00003
     767   3.382   -68.40302    0.00003
     768   3.382   -68.40302    0.00003
     769   3.382   -68.40302    0.00003
     770   3.383   -68.40302    0.00003
     771   3.383   -68.40302    0.00003
     772   3.383   -68.40302    0.00003
     773   3.384   -68.40302    0.00003
     774   3.384   -68.40301    0.00003    0.00010     144       3
     775   3.385   -68.40301    0.00003
     776   3.385   -68.40301    0.00003
     777   3.398   -68.40299    0.00003    0.00006     145       2
     778   3.398   -68.40299    0.00003
     779   3.405   -68.40298    0.00003    0.00016     146       5
     780   3.405   -68.40298    0.00003
     781   3.405   -68.40298    0.00003
     782   3.405   -68.40298    0.00003
     783   3.406   -68.40298    0.00003
     784   3.411   -68.40297    0.00003    0.00053     147      17
     785   3.411   -68.40297    0.00003
     786   3.411   -68.40297    0.00003
     787   3.411   -68.40297    0.00003
     788   3.411   -68.40297    0.00003
     789   3.411   -68.40297    0.00003
     790   3.411   -68.40297    0.00003
     791   3.411   -68.40297    0.00003
     792   3.411   -68.40297    0.00003
     793   3.411   -68.40297    0.00003
     794   3.412   -68.40297    0.00003
     795   3.411   -68.40297    0.00003
     796   3.411   -68.40297    0.00003
     797   3.412   -68.40297    0.00003
     798   3.412   -68.40297    0.00003
     799   3.412   -68.40297    0.00003
     800   3.412   -68.40297    0.00003
     801   3.412   -68.40297    0.00003    0.00059     148      19
     802   3.412   -68.40297    0.00003
     803   3.412   -68.40297    0.00003
     804   3.412   -68.40297    0.00003
     805   3.412   -68.40297    0.00003
     806   3.412   -68.40297    0.00003
     807   3.412   -68.40297    0.00003
     808   3.413   -68.40297    0.00003
     809   3.413   -68.40297    0.00003
     810   3.413   -68.40297    0.00003
     811   3.413   -68.40297    0.00003
     812   3.413   -68.40297    0.00003
     813   3.413   -68.40297    0.00003
     814   3.412   -68.40297    0.00003
     815   3.414   -68.40297    0.00003
     816   3.414   -68.40297    0.00003
     817   3.415   -68.40297    0.00003
     818   3.416   -68.40296    0.00003
     819   3.416   -68.40296    0.00003
     820   3.435   -68.40293    0.00003    0.00057     149      19
     821   3.435   -68.40293    0.00003
     822   3.435   -68.40293    0.00003
     823   3.435   -68.40293    0.00003
     824   3.435   -68.40293    0.00003
     825   3.435   -68.40293    0.00003
     826   3.435   -68.40293    0.00003
     827   3.435   -68.40293    0.00003
     828   3.435   -68.40293    0.00003
     829   3.435   -68.40293    0.00003
     830   3.436   -68.40293    0.00003
     831   3.436   -68.40293    0.00003
     832   3.437   -68.40293    0.00003
     833   3.436   -68.40293    0.00003
     834   3.436   -68.40293    0.00003
     835   3.436   -68.40293    0.00003
     836   3.436   -68.40293    0.00003
     837   3.436   -68.40293    0.00003
     838   3.439   -68.40293    0.00003
     839   3.437   -68.40293    0.00003    0.00006     150       2
     840   3.437   -68.40293    0.00003
     841   3.477   -68.40287    0.00003    0.00031     151      11
     842   3.477   -68.40287    0.00003
     843   3.477   -68.40287    0.00003
     844   3.477   -68.40287    0.00003
     845   3.477   -68.40287    0.00003
     846   3.477   -68.40287    0.00003
     847   3.477   -68.40287    0.00003
     848   3.478   -68.40286    0.00003
     849   3.479   -68.40286    0.00003
     850   3.479   -68.40286    0.00003
     851   3.479   -68.40286    0.00003
     852   3.479   -68.40286    0.00003    0.00059     152      21
     853   3.479   -68.40286    0.00003
     854   3.479   -68.40286    0.00003
     855   3.479   -68.40286    0.00003
     856   3.479   -68.40286    0.00003
     857   3.480   -68.40286    0.00003
     858   3.480   -68.40286    0.00003
     859   3.480   -68.40286    0.00003
     860   3.480   -68.40286    0.00003
     861   3.480   -68.40286    0.00003
     862   3.480   -68.40286    0.00003
     863   3.480   -68.40286    0.00003
     864   3.480   -68.40286    0.00003
     865   3.480   -68.40286    0.00003
     866   3.480   -68.40286    0.00003
     867   3.480   -68.40286    0.00003
     868   3.480   -68.40286    0.00003
     869   3.480   -68.40286    0.00003
     870   3.480   -68.40286    0.00003
     871   3.481   -68.40286    0.00003
     872   3.479   -68.40286    0.00003
     873   3.482   -68.40286    0.00003    0.00047     153      17
     874   3.482   -68.40286    0.00003
     875   3.482   -68.40286    0.00003
     876   3.482   -68.40286    0.00003
     877   3.482   -68.40286    0.00003
     878   3.482   -68.40286    0.00003
     879   3.482   -68.40286    0.00003
     880   3.482   -68.40286    0.00003
     881   3.482   -68.40286    0.00003
     882   3.483   -68.40286    0.00003
     883   3.483   -68.40286    0.00003
     884   3.483   -68.40286    0.00003
     885   3.483   -68.40286    0.00003
     886   3.483   -68.40286    0.00003
     887   3.483   -68.40286    0.00003
     888   3.483   -68.40286    0.00003
     889   3.483   -68.40286    0.00003
     890   3.483   -68.40286    0.00003    0.00014     154       5
     891   3.483   -68.40286    0.00003
     892   3.483   -68.40286    0.00003
     893   3.483   -68.40286    0.00003
     894   3.483   -68.40286    0.00003
     895   3.483   -68.40286    0.00003    0.00036     155      13
     896   3.483   -68.40286    0.00003
     897   3.483   -68.40286    0.00003
     898   3.483   -68.40286    0.00003
     899   3.483   -68.40286    0.00003
     900   3.483   -68.40286    0.00003
     901   3.483   -68.40286    0.00003
     902   3.483   -68.40286    0.00003
     903   3.484   -68.40286    0.00003
     904   3.483   -68.40286    0.00003
     905   3.484   -68.40286    0.00003
     906   3.484   -68.40286    0.00003
     907   3.484   -68.40286    0.00003
     908   3.486   -68.40285    0.00003    0.00030     156      11
     909   3.487   -68.40285    0.00003
     910   3.488   -68.40285    0.00003
     911   3.487   -68.40285    0.00003
     912   3.488   -68.40285    0.00003
     913   3.487   -68.40285    0.00003
     914   3.487   -68.40285    0.00003
     915   3.487   -68.40285    0.00003
     916   3.488   -68.40285    0.00003
     917   3.488   -68.40285    0.00003
     918   3.488   -68.40285    0.00003
     919   3.488   -68.40285    0.00003    0.00006     157       2
     920   3.487   -68.40285    0.00003
     921   3.487   -68.40285    0.00003    0.00028     158      10
     922   3.488   -68.40285    0.00003
     923   3.488   -68.40285    0.00003
     924   3.488   -68.40285    0.00003
     925   3.488   -68.40285    0.00003
     926   3.489   -68.40285    0.00003
     927   3.489   -68.40285    0.00003
     928   3.488   -68.40285    0.00003
     929   3.490   -68.40285    0.00003
     930   3.491   -68.40284    0.00003
     931   3.491   -68.40284    0.00003    0.00005     159       2
     932   3.490   -68.40285    0.00003
     933   3.493   -68.40284    0.00003    0.00011     160       4
     934   3.491   -68.40284    0.00003
     935   3.494   -68.40284    0.00003
     936   3.496   -68.40284    0.00003
     937   3.520   -68.40280    0.00003    0.00005     161       2
     938   3.520   -68.40280    0.00003
     939   3.559   -68.40274    0.00002    0.00012     162       5
     940   3.561   -68.40273    0.00002
     941   3.559   -68.40274    0.00002
     942   3.559   -68.40274    0.00002
     943   3.560   -68.40273    0.00002
     944   3.561   -68.40273    0.00002    0.00007     163       3
     945   3.561   -68.40273    0.00002
     946   3.560   -68.40273    0.00002
     947   3.565   -68.40273    0.00002    0.00027     164      11
     948   3.565   -68.40273    0.00002
     949   3.565   -68.40273    0.00002
     950   3.566   -68.40272    0.00002
     951   3.566   -68.40272    0.00002
     952   3.565   -68.40273    0.00002
     953   3.565   -68.40273    0.00002
     954   3.565   -68.40273    0.00002
     955   3.566   -68.40273    0.00002
     956   3.566   -68.40272    0.00002
     957   3.566   -68.40272    0.00002
     958   3.566   -68.40272    0.00002    0.00029     165      12
     959   3.566   -68.40272    0.00002
     960   3.566   -68.40272    0.00002
     961   3.566   -68.40272    0.00002
     962   3.568   -68.40272    0.00002
     963   3.567   -68.40272    0.00002
     964   3.567   -68.40272    0.00002
     965   3.567   -68.40272    0.00002
     966   3.568   -68.40272    0.00002
     967   3.568   -68.40272    0.00002
     968   3.568   -68.40272    0.00002
     969   3.568   -68.40272    0.00002
     970   3.568   -68.40272    0.00002    0.00046     166      19
     971   3.568   -68.40272    0.00002
     972   3.566   -68.40272    0.00002
     973   3.568   -68.40272    0.00002
     974   3.569   -68.40272    0.00002
     975   3.567   -68.40272    0.00002
     976   3.567   -68.40272    0.00002
     977   3.566   -68.40272    0.00002
     978   3.569   -68.40272    0.00002
     979   3.568   -68.40272    0.00002
     980   3.571   -68.40272    0.00002
     981   3.571   -68.40272    0.00002
     982   3.572   -68.40272    0.00002
     983   3.569   -68.40272    0.00002
     984   3.570   -68.40272    0.00002
     985   3.572   -68.40272    0.00002
     986   3.570   -68.40272    0.00002
     987   3.570   -68.40272    0.00002
     988   3.570   -68.40272    0.00002
     989   3.570   -68.40272    0.00002    0.00024     167      10
     990   3.572   -68.40272    0.00002
     991   3.572   -68.40271    0.00002
     992   3.572   -68.40271    0.00002
     993   3.572   -68.40271    0.00002
     994   3.570   -68.40272    0.00002
     995   3.571   -68.40272    0.00002
     996   3.574   -68.40271    0.00002
     997   3.575   -68.40271    0.00002
     998   3.571   -68.40272    0.00002
     999   3.577   -68.40271    0.00002    0.00002     168       1
    1000   3.584   -68.40270    0.00002    0.00005     169       2
    1001   3.591   -68.40268    0.00002
    1002   3.592   -68.40268    0.00002    0.00032     170      14
    1003   3.592   -68.40268    0.00002
    1004   3.592   -68.40268    0.00002
    1005   3.592   -68.40268    0.00002
    1006   3.593   -68.40268    0.00002
    1007   3.593   -68.40268    0.00002
    1008   3.594   -68.40268    0.00002
    1009   3.594   -68.40268    0.00002
    1010   3.594   -68.40268    0.00002
    1011   3.594   -68.40268    0.00002
    1012   3.594   -68.40268    0.00002
    1013   3.595   -68.40268    0.00002
    1014   3.597   -68.40268    0.00002
    1015   3.591   -68.40268    0.00002
    1016   3.602   -68.40267    0.00002    0.00030     171      13
    1017   3.602   -68.40267    0.00002
    1018   3.602   -68.40267    0.00002
    1019   3.602   -68.40267    0.00002
    1020   3.602   -68.40267    0.00002
    1021   3.602   -68.40267    0.00002
    1022   3.602   -68.40267    0.00002
    1023   3.603   -68.40267    0.00002
    1024   3.603   -68.40267    0.00002
    1025   3.603   -68.40267    0.00002
    1026   3.603   -68.40267    0.00002
    1027   3.603   -68.40267    0.00002
    1028   3.603   -68.40267    0.00002
    1029   3.606   -68.40266    0.00002    0.00007     172       3
    1030   3.606   -68.40266    0.00002
    1031   3.606   -68.40266    0.00002
    1032   3.607   -68.40266    0.00002    0.00007     173       3
    1033   3.608   -68.40266    0.00002
    1034   3.609   -68.40266    0.00002
    1035   3.623   -68.40263    0.00002    0.00002     174       1
    1036   3.625   -68.40263    0.00002    0.00009     175       4
    1037   3.625   -68.40263    0.00002
    1038   3.625   -68.40263    0.00002
    1039   3.625   -68.40263    0.00002
    1040   3.635   -68.40261    0.00002    0.00006     176       3
    1041   3.635   -68.40261    0.00002
    1042   3.636   -68.40261    0.00002
    1043   3.641   -68.40261    0.00002    0.00002     177       1
    1044   3.648   -68.40259    0.00002    0.00011     178       5
    1045   3.648   -68.40259    0.00002
    1046   3.648   -68.40259    0.00002
    1047   3.649   -68.40259    0.00002
    1048   3.650   -68.40259    0.00002
    1049   3.650   -68.40259    0.00002    0.00015     179       7
    1050   3.650   -68.40259    0.00002
    1051   3.651   -68.40259    0.00002
    1052   3.651   -68.40259    0.00002
    1053   3.651   -68.40259    0.00002
    1054   3.652   -68.40259    0.00002
    1055   3.655   -68.40258    0.00002
    1056   3.665   -68.40257    0.00002    0.00012     180       6
    1057   3.665   -68.40257    0.00002
    1058   3.665   -68.40257    0.00002
    1059   3.665   -68.40257    0.00002
    1060   3.666   -68.40257    0.00002
    1061   3.667   -68.40256    0.00002
    1062   3.677   -68.40255    0.00002    0.00002     181       1
    1063   3.687   -68.40253    0.00002    0.00020     182      10
    1064   3.688   -68.40253    0.00002
    1065   3.688   -68.40253    0.00002
    1066   3.688   -68.40253    0.00002
    1067   3.688   -68.40253    0.00002
    1068   3.689   -68.40253    0.00002
    1069   3.689   -68.40253    0.00002
    1070   3.690   -68.40253    0.00002
    1071   3.690   -68.40253    0.00002
    1072   3.692   -68.40252    0.00002
    1073   3.701   -68.40251    0.00002    0.00006     183       3
    1074   3.702   -68.40251    0.00002
    1075   3.703   -68.40251    0.00002
    1076   3.703   -68.40251    0.00002    0.00012     184       6
    1077   3.701   -68.40251    0.00002
    1078   3.703   -68.40251    0.00002
    1079   3.704   -68.40251    0.00002
    1080   3.704   -68.40250    0.00002
    1081   3.702   -68.40251    0.00002
    1082   3.706   -68.40250    0.00002    0.00088     185      46
    1083   3.706   -68.40250    0.00002
    1084   3.706   -68.40250    0.00002
    1085   3.706   -68.40250    0.00002
    1086   3.706   -68.40250    0.00002
    1087   3.706   -68.40250    0.00002
    1088   3.706   -68.40250    0.00002
    1089   3.706   -68.40250    0.00002
    1090   3.706   -68.40250    0.00002
    1091   3.706   -68.40250    0.00002
    1092   3.706   -68.40250    0.00002
    1093   3.706   -68.40250    0.00002
    1094   3.706   -68.40250    0.00002
    1095   3.707   -68.40250    0.00002
    1096   3.707   -68.40250    0.00002
    1097   3.707   -68.40250    0.00002
    1098   3.707   -68.40250    0.00002
    1099   3.707   -68.40250    0.00002
    1100   3.707   -68.40250    0.00002
    1101   3.707   -68.40250    0.00002
    1102   3.707   -68.40250    0.00002
    1103   3.707   -68.40250    0.00002
    1104   3.707   -68.40250    0.00002
    1105   3.707   -68.40250    0.00002
    1106   3.707   -68.40250    0.00002
    1107   3.707   -68.40250    0.00002
    1108   3.707   -68.40250    0.00002
    1109   3.708   -68.40250    0.00002
    1110   3.708   -68.40250    0.00002
    1111   3.708   -68.40250    0.00002
    1112   3.711   -68.40249    0.00002
    1113   3.711   -68.40249    0.00002
    1114   3.712   -68.40249    0.00002
    1115   3.712   -68.40249    0.00002
    1116   3.712   -68.40249    0.00002
    1117   3.712   -68.40249    0.00002
    1118   3.712   -68.40249    0.00002
    1119   3.712   -68.40249    0.00002
    1120   3.712   -68.40249    0.00002
    1121   3.712   -68.40249    0.00002
    1122   3.712   -68.40249    0.00002
    1123   3.712   -68.40249    0.00002
    1124   3.712   -68.40249    0.00002
    1125   3.712   -68.40249    0.00002
    1126   3.713   -68.40249    0.00002
    1127   3.713   -68.40249    0.00002
    1128   3.713   -68.40249    0.00002    0.00002     186       1
    1129   3.713   -68.40249    0.00002    0.00034     187      18
    1130   3.713   -68.40249    0.00002
    1131   3.713   -68.40249    0.00002
    1132   3.713   -68.40249    0.00002
    1133   3.714   -68.40249    0.00002
    1134   3.714   -68.40249    0.00002
    1135   3.715   -68.40249    0.00002
    1136   3.715   -68.40249    0.00002
    1137   3.716   -68.40249    0.00002
    1138   3.716   -68.40249    0.00002
    1139   3.716   -68.40248    0.00002
    1140   3.717   -68.40248    0.00002
    1141   3.717   -68.40248    0.00002
    1142   3.717   -68.40248    0.00002
    1143   3.717   -68.40248    0.00002
    1144   3.717   -68.40248    0.00002
    1145   3.717   -68.40248    0.00002
    1146   3.717   -68.40248    0.00002
    1147   3.718   -68.40248    0.00002    0.00021     188      11
    1148   3.718   -68.40248    0.00002
    1149   3.718   -68.40248    0.00002
    1150   3.718   -68.40248    0.00002
    1151   3.717   -68.40248    0.00002
    1152   3.718   -68.40248    0.00002
    1153   3.721   -68.40248    0.00002
    1154   3.721   -68.40248    0.00002
    1155   3.717   -68.40248    0.00002
    1156   3.717   -68.40248    0.00002
    1157   3.722   -68.40248    0.00002
    1158   3.717   -68.40248    0.00002    0.00004     189       2
    1159   3.723   -68.40247    0.00002
    1160   3.732   -68.40246    0.00002    0.00002     190       1
    1161   3.743   -68.40244    0.00002    0.00009     191       5
    1162   3.743   -68.40244    0.00002
    1163   3.744   -68.40244    0.00002
    1164   3.744   -68.40244    0.00002
    1165   3.748   -68.40243    0.00002
    1166   3.756   -68.40242    0.00002    0.00005     192       3
    1167   3.757   -68.40242    0.00002
    1168   3.757   -68.40242    0.00002
    1169   3.758   -68.40242    0.00002    0.00028     193      16
    1170   3.758   -68.40242    0.00002
    1171   3.758   -68.40242    0.00002
    1172   3.758   -68.40242    0.00002
    1173   3.758   -68.40242    0.00002
    1174   3.758   -68.40242    0.00002
    1175   3.759   -68.40242    0.00002
    1176   3.759   -68.40242    0.00002
    1177   3.759   -68.40242    0.00002
    1178   3.759   -68.40242    0.00002
    1179   3.759   -68.40242    0.00002
    1180   3.759   -68.40242    0.00002
    1181   3.759   -68.40242    0.00002
    1182   3.759   -68.40242    0.00002
    1183   3.761   -68.40241    0.00002
    1184   3.762   -68.40241    0.00002
    1185   3.769   -68.40240    0.00002    0.00010     194       6
    1186   3.770   -68.40240    0.00002
    1187   3.770   -68.40240    0.00002
    1188   3.770   -68.40240    0.00002
    1189   3.770   -68.40240    0.00002
    1190   3.770   -68.40240    0.00002
    1191   3.773   -68.40239    0.00002    0.00009     195       5
    1192   3.774   -68.40239    0.00002
    1193   3.774   -68.40239    0.00002
    1194   3.774   -68.40239    0.00002
    1195   3.774   -68.40239    0.00002
    1196   3.774   -68.40239    0.00002    0.00009     196       5
    1197   3.774   -68.40239    0.00002
    1198   3.775   -68.40239    0.00002
    1199   3.774   -68.40239    0.00002
    1200   3.774   -68.40239    0.00002
    1201   3.784   -68.40238    0.00002    0.00025     197      15
    1202   3.784   -68.40238    0.00002
    1203   3.784   -68.40238    0.00002
    1204   3.784   -68.40238    0.00002
    1205   3.785   -68.40238    0.00002
    1206   3.785   -68.40238    0.00002
    1207   3.785   -68.40238    0.00002
    1208   3.785   -68.40238    0.00002
    1209   3.785   -68.40238    0.00002
    1210   3.785   -68.40237    0.00002
    1211   3.785   -68.40237    0.00002
    1212   3.787   -68.40237    0.00002
    1213   3.787   -68.40237    0.00002
    1214   3.788   -68.40237    0.00002
    1215   3.788   -68.40237    0.00002
    1216   3.805   -68.40234    0.00002    0.00002     198       1
    1217   3.844   -68.40228    0.00002    0.00005     199       3
    1218   3.844   -68.40228    0.00002
    1219   3.844   -68.40228    0.00002
    1220   3.847   -68.40228    0.00002    0.00021     200      14
    1221   3.847   -68.40228    0.00002
    1222   3.847   -68.40228    0.00002
    1223   3.847   -68.40228    0.00002
    1224   3.847   -68.40228    0.00002
    1225   3.847   -68.40228    0.00002
    1226   3.847   -68.40228    0.00002
    1227   3.847   -68.40228    0.00002
    1228   3.848   -68.40228    0.00002
    1229   3.848   -68.40228    0.00002
    1230   3.848   -68.40228    0.00002
    1231   3.849   -68.40227    0.00002
    1232   3.849   -68.40227    0.00002
    1233   3.849   -68.40227    0.00002
    1234   3.858   -68.40226    0.00001    0.00035     201      24
    1235   3.858   -68.40226    0.00001
    1236   3.858   -68.40226    0.00001
    1237   3.858   -68.40226    0.00001
    1238   3.858   -68.40226    0.00001
    1239   3.858   -68.40226    0.00001
    1240   3.858   -68.40226    0.00001
    1241   3.858   -68.40226    0.00001
    1242   3.858   -68.40226    0.00001
    1243   3.858   -68.40226    0.00001
    1244   3.858   -68.40226    0.00001
    1245   3.858   -68.40226    0.00001
    1246   3.858   -68.40226    0.00001
    1247   3.858   -68.40226    0.00001
    1248   3.858   -68.40226    0.00001
    1249   3.858   -68.40226    0.00001
    1250   3.858   -68.40226    0.00001
    1251   3.858   -68.40226    0.00001
    1252   3.859   -68.40226    0.00001
    1253   3.859   -68.40226    0.00001
    1254   3.859   -68.40226    0.00001
    1255   3.859   -68.40226    0.00001
    1256   3.860   -68.40226    0.00001
    1257   3.860   -68.40226    0.00001
    1258   3.861   -68.40225    0.00001    0.00031     202      21
    1259   3.861   -68.40225    0.00001
    1260   3.861   -68.40225    0.00001
    1261   3.861   -68.40225    0.00001
    1262   3.861   -68.40225    0.00001
    1263   3.861   -68.40225    0.00001
    1264   3.861   -68.40225    0.00001
    1265   3.861   -68.40225    0.00001
    1266   3.861   -68.40225    0.00001
    1267   3.861   -68.40225    0.00001
    1268   3.862   -68.40225    0.00001
    1269   3.862   -68.40225    0.00001
    1270   3.862   -68.40225    0.00001
    1271   3.862   -68.40225    0.00001
    1272   3.862   -68.40225    0.00001
    1273   3.862   -68.40225    0.00001
    1274   3.862   -68.40225    0.00001
    1275   3.862   -68.40225    0.00001
    1276   3.862   -68.40225    0.00001
    1277   3.862   -68.40225    0.00001
    1278   3.862   -68.40225    0.00001
    1279   3.864   -68.40225    0.00001    0.00025     203      17
    1280   3.864   -68.40225    0.00001
    1281   3.864   -68.40225    0.00001
    1282   3.864   -68.40225    0.00001
    1283   3.864   -68.40225    0.00001
    1284   3.864   -68.40225    0.00001
    1285   3.864   -68.40225    0.00001
    1286   3.864   -68.40225    0.00001
    1287   3.864   -68.40225    0.00001
    1288   3.864   -68.40225    0.00001
    1289   3.865   -68.40225    0.00001
    1290   3.865   -68.40225    0.00001
    1291   3.865   -68.40225    0.00001
    1292   3.865   -68.40225    0.00001
    1293   3.865   -68.40225    0.00001
    1294   3.865   -68.40225    0.00001
    1295   3.865   -68.40225    0.00001
    1296   3.865   -68.40225    0.00001    0.00038     204      26
    1297   3.865   -68.40225    0.00001
    1298   3.865   -68.40225    0.00001
    1299   3.865   -68.40225    0.00001
    1300   3.865   -68.40225    0.00001
    1301   3.865   -68.40225    0.00001
    1302   3.865   -68.40225    0.00001
    1303   3.865   -68.40225    0.00001
    1304   3.865   -68.40225    0.00001
    1305   3.865   -68.40225    0.00001
    1306   3.865   -68.40225    0.00001
    1307   3.865   -68.40225    0.00001
    1308   3.865   -68.40225    0.00001
    1309   3.865   -68.40225    0.00001
    1310   3.865   -68.40225    0.00001
    1311   3.865   -68.40225    0.00001
    1312   3.865   -68.40225    0.00001
    1313   3.865   -68.40225    0.00001
    1314   3.865   -68.40225    0.00001
    1315   3.865   -68.40225    0.00001
    1316   3.865   -68.40225    0.00001
    1317   3.865   -68.40225    0.00001
    1318   3.865   -68.40225    0.00001
    1319   3.866   -68.40225    0.00001
    1320   3.866   -68.40225    0.00001
    1321   3.867   -68.40225    0.00001
    1322   3.945   -68.40212    0.00001    0.00019     205      15
    1323   3.945   -68.40212    0.00001
    1324   3.945   -68.40212    0.00001
    1325   3.945   -68.40212    0.00001
    1326   3.945   -68.40212    0.00001
    1327   3.946   -68.40212    0.00001
    1328   3.946   -68.40212    0.00001
    1329   3.946   -68.40212    0.00001
    1330   3.946   -68.40212    0.00001
    1331   3.946   -68.40212    0.00001
    1332   3.946   -68.40212    0.00001
    1333   3.946   -68.40212    0.00001
    1334   3.947   -68.40212    0.00001
    1335   3.947   -68.40212    0.00001
    1336   3.947   -68.40212    0.00001
    1337   3.948   -68.40212    0.00001    0.00022     206      17
    1338   3.948   -68.40212    0.00001
    1339   3.948   -68.40212    0.00001
    1340   3.947   -68.40212    0.00001
    1341   3.947   -68.40212    0.00001
    1342   3.948   -68.40212    0.00001
    1343   3.948   -68.40211    0.00001
    1344   3.949   -68.40211    0.00001
    1345   3.949   -68.40211    0.00001
    1346   3.949   -68.40211    0.00001
    1347   3.949   -68.40211    0.00001
    1348   3.949   -68.40211    0.00001
    1349   3.949   -68.40211    0.00001
    1350   3.950   -68.40211    0.00001
    1351   3.951   -68.40211    0.00001
    1352   3.952   -68.40211    0.00001
    1353   3.952   -68.40211    0.00001
    1354   3.952   -68.40211    0.00001    0.00018     207      14
    1355   3.952   -68.40211    0.00001
    1356   3.952   -68.40211    0.00001
    1357   3.953   -68.40211    0.00001
    1358   3.947   -68.40212    0.00001
    1359   3.953   -68.40211    0.00001
    1360   3.953   -68.40211    0.00001
    1361   3.953   -68.40211    0.00001
    1362   3.954   -68.40211    0.00001
    1363   3.954   -68.40211    0.00001
    1364   3.955   -68.40210    0.00001
    1365   3.955   -68.40211    0.00001
    1366   3.960   -68.40210    0.00001
    1367   3.956   -68.40210    0.00001
    1368   3.956   -68.40210    0.00001    0.00014     208      11
    1369   3.955   -68.40211    0.00001
    1370   3.955   -68.40210    0.00001
    1371   3.956   -68.40210    0.00001
    1372   3.956   -68.40210    0.00001
    1373   3.957   -68.40210    0.00001
    1374   3.957   -68.40210    0.00001
    1375   3.955   -68.40210    0.00001
    1376   3.957   -68.40210    0.00001
    1377   3.957   -68.40210    0.00001
    1378   3.958   -68.40210    0.00001
    1379   3.958   -68.40210    0.00001    0.00001     209       1
    1380   3.977   -68.40207    0.00001    0.00002     210       2
    1381   3.984   -68.40206    0.00001
    1382   4.002   -68.40203    0.00001    0.00005     211       4
    1383   4.003   -68.40203    0.00001
    1384   4.003   -68.40203    0.00001
    1385   4.003   -68.40203    0.00001
    1386   4.019   -68.40200    0.00001    0.00010     212       9
    1387   4.019   -68.40200    0.00001
    1388   4.019   -68.40200    0.00001
    1389   4.019   -68.40200    0.00001
    1390   4.019   -68.40200    0.00001
    1391   4.019   -68.40200    0.00001
    1392   4.019   -68.40200    0.00001
    1393   4.019   -68.40200    0.00001
    1394   4.019   -68.40200    0.00001
    1395   4.020   -68.40200    0.00001    0.00003     213       3
    1396   4.020   -68.40200    0.00001
    1397   4.020   -68.40200    0.00001
    1398   4.020   -68.40200    0.00001    0.00009     214       8
    1399   4.020   -68.40200    0.00001
    1400   4.020   -68.40200    0.00001
    1401   4.021   -68.40200    0.00001
    1402   4.021   -68.40200    0.00001
    1403   4.021   -68.40200    0.00001
    1404   4.021   -68.40200    0.00001
    1405   4.021   -68.40200    0.00001
    1406   4.021   -68.40200    0.00001    0.00022     215      20
    1407   4.021   -68.40200    0.00001
    1408   4.021   -68.40200    0.00001
    1409   4.021   -68.40200    0.00001
    1410   4.021   -68.40200    0.00001
    1411   4.021   -68.40200    0.00001
    1412   4.021   -68.40200    0.00001
    1413   4.021   -68.40200    0.00001
    1414   4.021   -68.40200    0.00001
    1415   4.021   -68.40200    0.00001
    1416   4.021   -68.40200    0.00001
    1417   4.022   -68.40200    0.00001
    1418   4.022   -68.40200    0.00001
    1419   4.022   -68.40200    0.00001
    1420   4.022   -68.40200    0.00001
    1421   4.022   -68.40200    0.00001
    1422   4.021   -68.40200    0.00001
    1423   4.022   -68.40200    0.00001
    1424   4.022   -68.40200    0.00001
    1425   4.022   -68.40200    0.00001
    1426   4.024   -68.40199    0.00001    0.00010     216       9
    1427   4.025   -68.40199    0.00001
    1428   4.025   -68.40199    0.00001
    1429   4.025   -68.40199    0.00001
    1430   4.025   -68.40199    0.00001
    1431   4.025   -68.40199    0.00001
    1432   4.026   -68.40199    0.00001
    1433   4.026   -68.40199    0.00001
    1434   4.026   -68.40199    0.00001
    1435   4.034   -68.40198    0.00001    0.00002     217       2
    1436   4.034   -68.40198    0.00001
    1437   4.037   -68.40197    0.00001    0.00001     218       1
    1438   4.054   -68.40195    0.00001    0.00020     219      19
    1439   4.054   -68.40195    0.00001
    1440   4.054   -68.40195    0.00001
    1441   4.054   -68.40195    0.00001
    1442   4.054   -68.40195    0.00001
    1443   4.054   -68.40195    0.00001
    1444   4.055   -68.40195    0.00001
    1445   4.055   -68.40195    0.00001
    1446   4.055   -68.40195    0.00001
    1447   4.055   -68.40195    0.00001
    1448   4.055   -68.40195    0.00001
    1449   4.055   -68.40195    0.00001
    1450   4.055   -68.40195    0.00001
    1451   4.055   -68.40195    0.00001
    1452   4.055   -68.40195    0.00001
    1453   4.055   -68.40194    0.00001
    1454   4.056   -68.40194    0.00001
    1455   4.056   -68.40194    0.00001
    1456   4.056   -68.40194    0.00001
    1457   4.061   -68.40194    0.00001    0.00001     220       1
    1458   4.068   -68.40192    0.00001    0.00015     221      14
    1459   4.068   -68.40192    0.00001
    1460   4.068   -68.40192    0.00001
    1461   4.068   -68.40192    0.00001
    1462   4.068   -68.40192    0.00001
    1463   4.068   -68.40192    0.00001
    1464   4.068   -68.40192    0.00001
    1465   4.068   -68.40192    0.00001
    1466   4.068   -68.40192    0.00001
    1467   4.068   -68.40192    0.00001
    1468   4.068   -68.40192    0.00001
    1469   4.068   -68.40192    0.00001
    1470   4.068   -68.40192    0.00001
    1471   4.070   -68.40192    0.00001
    1472   4.113   -68.40185    0.00001    0.00001     222       1
    1473   4.114   -68.40185    0.00001    0.00012     223      12
    1474   4.114   -68.40185    0.00001
    1475   4.114   -68.40185    0.00001
    1476   4.114   -68.40185    0.00001
    1477   4.114   -68.40185    0.00001
    1478   4.114   -68.40185    0.00001
    1479   4.114   -68.40185    0.00001
    1480   4.114   -68.40185    0.00001
    1481   4.115   -68.40185    0.00001
    1482   4.115   -68.40185    0.00001
    1483   4.115   -68.40185    0.00001
    1484   4.115   -68.40185    0.00001
    1485   4.132   -68.40182    0.00001    0.00001     224       1
    1486   4.156   -68.40178    0.00001    0.00009     225      10
    1487   4.157   -68.40178    0.00001
    1488   4.157   -68.40178    0.00001
    1489   4.157   -68.40178    0.00001
    1490   4.157   -68.40178    0.00001
    1491   4.157   -68.40178    0.00001
    1492   4.157   -68.40178    0.00001
    1493   4.157   -68.40178    0.00001
    1494   4.157   -68.40178    0.00001
    1495   4.162   -68.40178    0.00001
    1496   4.175   -68.40175    0.00001    0.00005     226       6
    1497   4.175   -68.40175    0.00001
    1498   4.175   -68.40175    0.00001
    1499   4.175   -68.40175    0.00001
    1500   4.175   -68.40175    0.00001
    1501   4.176   -68.40175    0.00001
    1502   4.180   -68.40175    0.00001    0.00018     227      21
    1503   4.181   -68.40175    0.00001
    1504   4.181   -68.40174    0.00001
    1505   4.181   -68.40174    0.00001
    1506   4.181   -68.40174    0.00001
    1507   4.181   -68.40174    0.00001
    1508   4.181   -68.40174    0.00001
    1509   4.181   -68.40174    0.00001
    1510   4.181   -68.40174    0.00001
    1511   4.182   -68.40174    0.00001
    1512   4.182   -68.40174    0.00001
    1513   4.182   -68.40174    0.00001
    1514   4.182   -68.40174    0.00001
    1515   4.182   -68.40174    0.00001
    1516   4.182   -68.40174    0.00001
    1517   4.182   -68.40174    0.00001
    1518   4.182   -68.40174    0.00001
    1519   4.182   -68.40174    0.00001
    1520   4.183   -68.40174    0.00001
    1521   4.183   -68.40174    0.00001
    1522   4.183   -68.40174    0.00001
    1523   4.198   -68.40172    0.00001    0.00005     228       6
    1524   4.198   -68.40172    0.00001
    1525   4.198   -68.40172    0.00001
    1526   4.198   -68.40172    0.00001
    1527   4.198   -68.40172    0.00001
    1528   4.199   -68.40172    0.00001
    1529   4.210   -68.40170    0.00001    0.00001     229       1
    1530   4.238   -68.40165    0.00001    0.00005     230       7
    1531   4.239   -68.40165    0.00001
    1532   4.239   -68.40165    0.00001
    1533   4.239   -68.40165    0.00001
    1534   4.239   -68.40165    0.00001
    1535   4.239   -68.40165    0.00001
    1536   4.240   -68.40165    0.00001
    1537   4.242   -68.40165    0.00001    0.00010     231      13
    1538   4.242   -68.40165    0.00001
    1539   4.242   -68.40165    0.00001
    1540   4.242   -68.40165    0.00001
    1541   4.242   -68.40165    0.00001
    1542   4.242   -68.40165    0.00001
    1543   4.242   -68.40165    0.00001
    1544   4.242   -68.40165    0.00001
    1545   4.242   -68.40165    0.00001
    1546   4.242   -68.40165    0.00001
    1547   4.242   -68.40165    0.00001
    1548   4.242   -68.40165    0.00001
    1549   4.243   -68.40165    0.00001
    1550   4.395   -68.40140    0.00001    0.00002     232       4
    1551   4.395   -68.40140    0.00001
    1552   4.395   -68.40140    0.00001
    1553   4.396   -68.40140    0.00001
    1554   4.402   -68.40139    0.00001    0.00009     233      16
    1555   4.402   -68.40139    0.00001
    1556   4.402   -68.40139    0.00001
    1557   4.402   -68.40139    0.00001
    1558   4.402   -68.40139    0.00001
    1559   4.402   -68.40139    0.00001
    1560   4.402   -68.40139    0.00001
    1561   4.402   -68.40139    0.00001
    1562   4.402   -68.40139    0.00001
    1563   4.402   -68.40139    0.00001
    1564   4.402   -68.40139    0.00001
    1565   4.402   -68.40139    0.00001
    1566   4.403   -68.40139    0.00001
    1567   4.403   -68.40139    0.00001
    1568   4.403   -68.40139    0.00001
    1569   4.403   -68.40139    0.00001
    1570   4.404   -68.40139    0.00001    0.00008     234      14
    1571   4.405   -68.40139    0.00001
    1572   4.405   -68.40139    0.00001
    1573   4.405   -68.40139    0.00001
    1574   4.405   -68.40139    0.00001
    1575   4.405   -68.40139    0.00001
    1576   4.405   -68.40139    0.00001
    1577   4.405   -68.40139    0.00001
    1578   4.405   -68.40139    0.00001
    1579   4.405   -68.40139    0.00001
    1580   4.405   -68.40139    0.00001
    1581   4.405   -68.40139    0.00001
    1582   4.405   -68.40139    0.00001
    1583   4.406   -68.40139    0.00001
    1584   4.406   -68.40139    0.00001    0.00009     235      15
    1585   4.405   -68.40139    0.00001
    1586   4.406   -68.40139    0.00001
    1587   4.406   -68.40139    0.00001
    1588   4.405   -68.40139    0.00001
    1589   4.406   -68.40139    0.00001
    1590   4.406   -68.40139    0.00001
    1591   4.406   -68.40139    0.00001
    1592   4.406   -68.40139    0.00001
    1593   4.406   -68.40139    0.00001
    1594   4.406   -68.40139    0.00001
    1595   4.406   -68.40139    0.00001
    1596   4.406   -68.40139    0.00001
    1597   4.406   -68.40139    0.00001
    1598   4.406   -68.40139    0.00001
    1599   4.406   -68.40139    0.00001    0.00011     236      19
    1600   4.406   -68.40139    0.00001
    1601   4.406   -68.40139    0.00001
    1602   4.406   -68.40139    0.00001
    1603   4.406   -68.40139    0.00001
    1604   4.406   -68.40139    0.00001
    1605   4.406   -68.40139    0.00001
    1606   4.406   -68.40139    0.00001
    1607   4.406   -68.40139    0.00001
    1608   4.406   -68.40139    0.00001
    1609   4.406   -68.40139    0.00001
    1610   4.407   -68.40138    0.00001
    1611   4.407   -68.40138    0.00001
    1612   4.407   -68.40138    0.00001
    1613   4.408   -68.40138    0.00001
    1614   4.406   -68.40139    0.00001
    1615   4.410   -68.40138    0.00001
    1616   4.406   -68.40139    0.00001
    1617   4.406   -68.40139    0.00001
    1618   4.435   -68.40134    0.00001    0.00004     237       8
    1619   4.435   -68.40134    0.00001
    1620   4.435   -68.40134    0.00001
    1621   4.436   -68.40134    0.00001
    1622   4.436   -68.40134    0.00001
    1623   4.436   -68.40134    0.00001
    1624   4.436   -68.40134    0.00001
    1625   4.436   -68.40134    0.00001
    1626   4.443   -68.40133    0.00001    0.00004     238       7
    1627   4.443   -68.40133    0.00001
    1628   4.443   -68.40133    0.00001
    1629   4.443   -68.40133    0.00001
    1630   4.444   -68.40133    0.00001
    1631   4.444   -68.40132    0.00001
    1632   4.444   -68.40132    0.00001
    1633   4.459   -68.40130    0.00001    0.00001     239       2
    1634   4.459   -68.40130    0.00001
    1635   4.460   -68.40130    0.00001    0.00002     240       3
    1636   4.460   -68.40130    0.00001
    1637   4.460   -68.40130    0.00001
    1638   4.466   -68.40129    0.00001    0.00001     241       2
    1639   4.467   -68.40129    0.00001
    1640   4.484   -68.40126    0.00001    0.00001     242       1
    1641   4.518   -68.40121    0.00000    0.00001     243       3
    1642   4.519   -68.40121    0.00000
    1643   4.521   -68.40120    0.00000
    1644   4.540   -68.40117    0.00000    0.00002     244       5
    1645   4.540   -68.40117    0.00000
    1646   4.541   -68.40117    0.00000
    1647   4.541   -68.40117    0.00000
    1648   4.541   -68.40117    0.00000
    1649   4.578   -68.40111    0.00000    0.00000     245       1
    1650   4.578   -68.40111    0.00000    0.00001     246       2
    1651   4.579   -68.40111    0.00000
    1652   4.596   -68.40108    0.00000    0.00002     247       5
    1653   4.596   -68.40108    0.00000
    1654   4.596   -68.40108    0.00000
    1655   4.596   -68.40108    0.00000
    1656   4.596   -68.40108    0.00000
    1657   4.648   -68.40100    0.00000    0.00002     248       4
    1658   4.649   -68.40100    0.00000
    1659   4.649   -68.40100    0.00000
    1660   4.650   -68.40100    0.00000
    1661   4.652   -68.40099    0.00000    0.00001     249       3
    1662   4.652   -68.40099    0.00000
    1663   4.653   -68.40099    0.00000
    1664   4.655   -68.40099    0.00000    0.00002     250       4
    1665   4.655   -68.40099    0.00000
    1666   4.656   -68.40099    0.00000
    1667   4.657   -68.40099    0.00000
    1668   4.656   -68.40099    0.00000    0.00000     251       1
    1669   4.657   -68.40099    0.00000    0.00000     252       1
    1670   4.790   -68.40077    0.00000    0.00000     253       1
    1671   4.791   -68.40077    0.00000    0.00001     254       2
    1672   4.793   -68.40077    0.00000
    1673   4.793   -68.40077    0.00000    0.00001     255       2
    1674   4.793   -68.40077    0.00000
    1675   4.794   -68.40077    0.00000    0.00001     256       2
    1676   4.795   -68.40077    0.00000
    1677   4.838   -68.40070    0.00000    0.00000     257       1
    1678   4.847   -68.40068    0.00000    0.00000     258       1
    1679   4.848   -68.40068    0.00000    0.00000     259       1
    1680   4.855   -68.40067    0.00000    0.00001     260       2
    1681   4.860   -68.40066    0.00000
    1682   4.857   -68.40067    0.00000    0.00000     261       1
    1683   4.917   -68.40057    0.00000    0.00000     262       2
    1684   4.917   -68.40057    0.00000
    1685   4.930   -68.40055    0.00000    0.00000     263       1
    1686   4.983   -68.40047    0.00000    0.00000     264       1
    1687   4.994   -68.40045    0.00000    0.00001     265       3
    1688   4.994   -68.40045    0.00000
    1689   4.994   -68.40045    0.00000
T /K                                  :   298.15
E lowest                              :   -68.40841
ensemble average energy (kcal)        :    0.655
ensemble entropy (J/mol K, cal/mol K) :   47.557   11.366
ensemble free energy (kcal/mol)       :   -3.389
population of lowest in %             :   13.839
 number of unique conformers for further calc          265
 list of relative energies saved as "crest.energies"

 -----------------
 Wall Time Summary
 -----------------
 CREST runtime (total)               0 d,  7 h, 31 min, 43.332 sec
 ------------------------------------------------------------------
 Trial metadynamics (MTD)   ...        0 min, 19.271 sec (  0.071%)
 Metadynamics (MTD)         ...       88 min, 11.716 sec ( 19.524%)
 Geometry optimization      ...      342 min,  3.292 sec ( 75.722%)
 Molecular dynamics (MD)    ...       12 min, 59.086 sec (  2.875%)
 Genetic crossing (GC)      ...        8 min,  5.327 sec (  1.791%)
 I/O and setup              ...        0 min,  4.640 sec (  0.017%)
 ------------------------------------------------------------------
 * wall-time:     0 d,  7 h, 31 min, 43.332 sec
 *  cpu-time:     0 d, 15 h,  1 min, 39.401 sec
 * ratio c/w:     1.996 speedup
 ------------------------------------------------------------------
 * Total number of energy+grad calls: 607483

 CREST terminated normally.
