    -68.408407183251    -68.408407183251         0.92639E-04
    -68.408406504193    -68.408406504193         0.97884E-04
    -68.408406868594    -68.408406868594         0.15420E-03
    -68.408406880275    -68.408406880275         0.71059E-04
    -68.408405783905    -68.408405783905         0.14259E-03
    -68.408406546774    -68.408406546774         0.87762E-04
    -68.408406576985    -68.408406576985         0.18036E-03
    -68.408405758787    -68.408405758787         0.19455E-03
    -68.408406668160    -68.408406668160         0.15157E-03
    -68.408406723771    -68.408406723771         0.47375E-04
    -68.408406294937    -68.408406294937         0.17955E-03
    -68.408406918159    -68.408406918159         0.14434E-03
    -68.408405482005    -68.408405482005         0.17140E-03
    -68.408135667322    -68.408135667322         0.10660E-03
    -68.408135520750    -68.408135520750         0.17101E-03
    -68.408404489244    -68.408404489244         0.16022E-03
    -68.407924370307    -68.407924370307         0.99252E-04
    -68.408136041219    -68.408136041219         0.12209E-03
    -68.407924580127    -68.407924580127         0.14960E-03
    -68.407924238312    -68.407924238312         0.15280E-03
    -68.407924553320    -68.407924553320         0.80547E-04
    -68.407924349102    -68.407924349102         0.14569E-03
    -68.407922575931    -68.407922575931         0.15062E-03
    -68.407923088780    -68.407923088780         0.89637E-04
    -68.407923245602    -68.407923245602         0.10233E-03
    -68.407922998688    -68.407922998688         0.68603E-04
    -68.407922642831    -68.407922642831         0.11035E-03
    -68.407924460378    -68.407924460378         0.17613E-03
    -68.407884143995    -68.407884143995         0.10001E-03
    -68.407923883782    -68.407923883782         0.18922E-03
    -68.407883954754    -68.407883954754         0.17919E-03
    -68.407884236353    -68.407884236353         0.89254E-04
    -68.407884557481    -68.407884557481         0.13116E-03
    -68.407883326603    -68.407883326603         0.94650E-04
    -68.407884804413    -68.407884804413         0.84951E-04
    -68.407880692104    -68.407880692104         0.49748E-04
    -68.407879679320    -68.407879679320         0.68135E-04
    -68.407880617507    -68.407880617507         0.16768E-03
    -68.407879688560    -68.407879688560         0.13206E-03
    -68.407870636108    -68.407870636108         0.60549E-04
    -68.407819105613    -68.407819105613         0.19764E-03
    -68.407879181956    -68.407879181956         0.11491E-03
    -68.407818923429    -68.407818923429         0.11320E-03
    -68.407819126657    -68.407819126657         0.17352E-03
    -68.407818784237    -68.407818784237         0.14810E-03
    -68.407818305419    -68.407818305419         0.16726E-03
    -68.407818249285    -68.407818249285         0.19590E-03
    -68.407818882622    -68.407818882622         0.10333E-03
    -68.407819024961    -68.407819024961         0.13561E-03
    -68.407818809461    -68.407818809461         0.18296E-03
    -68.407817289698    -68.407817289698         0.19801E-03
    -68.407818259084    -68.407818259084         0.16393E-03
    -68.407818392383    -68.407818392383         0.11098E-03
    -68.407817291128    -68.407817291128         0.14798E-03
    -68.407817880607    -68.407817880607         0.82326E-04
    -68.407818938105    -68.407818938105         0.91371E-04
    -68.407815625875    -68.407815625875         0.17332E-03
    -68.407816547674    -68.407816547674         0.16332E-03
    -68.407817174210    -68.407817174210         0.18270E-03
    -68.407813997839    -68.407813997839         0.12076E-03
    -68.407816491260    -68.407816491260         0.16272E-03
    -68.407817540433    -68.407817540433         0.78188E-04
    -68.407817724286    -68.407817724286         0.14581E-03
    -68.407815021196    -68.407815021196         0.50253E-04
    -68.407818715427    -68.407818715427         0.79807E-04
    -68.407817682631    -68.407817682631         0.17283E-03
    -68.407815085795    -68.407815085795         0.54174E-04
    -68.407694746524    -68.407694746524         0.15003E-03
    -68.407695630604    -68.407695630604         0.15241E-03
    -68.407814461245    -68.407814461245         0.86146E-04
    -68.407691554172    -68.407691554172         0.80832E-04
    -68.407691251745    -68.407691251745         0.15740E-03
    -68.407694013004    -68.407694013004         0.16230E-03
    -68.407690214591    -68.407690214591         0.19509E-03
    -68.407691441520    -68.407691441520         0.69628E-04
    -68.407691312966    -68.407691312966         0.13530E-03
    -68.407691220291    -68.407691220291         0.90802E-04
    -68.407689532576    -68.407689532576         0.19983E-03
    -68.407691010893    -68.407691010893         0.16632E-03
    -68.407692811884    -68.407692811884         0.15352E-03
    -68.407690747360    -68.407690747360         0.16179E-03
    -68.407691845852    -68.407691845852         0.16080E-03
    -68.407693239986    -68.407693239986         0.16431E-03
    -68.407692935349    -68.407692935349         0.16524E-03
    -68.407692786014    -68.407692786014         0.15695E-03
    -68.407691327888    -68.407691327888         0.14728E-03
    -68.407637729294    -68.407637729294         0.11626E-03
    -68.407594874457    -68.407594874457         0.13701E-03
    -68.407593085096    -68.407593085096         0.12437E-03
    -68.407631061921    -68.407631061921         0.46760E-04
    -68.407594470770    -68.407594470770         0.87803E-04
    -68.407592825161    -68.407592825161         0.17196E-03
    -68.407592469880    -68.407592469880         0.14297E-03
    -68.407582100802    -68.407582100802         0.15570E-03
    -68.407426628593    -68.407426628593         0.87353E-04
    -68.407426193282    -68.407426193282         0.12344E-03
    -68.407426494579    -68.407426494579         0.11637E-03
    -68.407425199395    -68.407425199395         0.18074E-03
    -68.407425241727    -68.407425241727         0.16694E-03
    -68.407425735828    -68.407425735828         0.13763E-03
    -68.407425361261    -68.407425361261         0.13156E-03
    -68.407421054797    -68.407421054797         0.16282E-03
    -68.407396766111    -68.407396766111         0.16432E-03
    -68.407396424246    -68.407396424246         0.11364E-03
    -68.407396790168    -68.407396790168         0.60114E-04
    -68.407396592613    -68.407396592613         0.14367E-03
    -68.407396720481    -68.407396720481         0.10659E-03
    -68.407396577598    -68.407396577598         0.12702E-03
    -68.407396756446    -68.407396756446         0.73211E-04
    -68.407395908251    -68.407395908251         0.11889E-03
    -68.407387413474    -68.407387413474         0.45056E-04
    -68.407387388667    -68.407387388667         0.17352E-03
    -68.407386739885    -68.407386739885         0.15714E-03
    -68.407386507960    -68.407386507960         0.82032E-04
    -68.407386303902    -68.407386303902         0.16760E-03
    -68.407384585596    -68.407384585596         0.17244E-03
    -68.407386202696    -68.407386202696         0.11707E-03
    -68.407384674240    -68.407384674240         0.21426E-04
    -68.407385721510    -68.407385721510         0.13278E-03
    -68.407387127720    -68.407387127720         0.85925E-04
    -68.407382666628    -68.407382666628         0.19797E-03
    -68.407386254667    -68.407386254667         0.67813E-04
    -68.407380535855    -68.407380535855         0.19945E-03
    -68.407385370312    -68.407385370312         0.18995E-03
    -68.407386313481    -68.407386313481         0.11114E-03
    -68.407380506932    -68.407380506932         0.87837E-04
    -68.407382940593    -68.407382940593         0.20330E-04
    -68.407380108910    -68.407380108910         0.58383E-04
    -68.407375396022    -68.407375396022         0.89514E-04
    -68.407383275297    -68.407383275297         0.12768E-03
    -68.407351689462    -68.407351689462         0.11541E-03
    -68.407382086159    -68.407382086159         0.67254E-04
    -68.407380764571    -68.407380764571         0.16653E-03
    -68.407383707240    -68.407383707240         0.15024E-03
    -68.407383635926    -68.407383635926         0.15868E-03
    -68.407383726616    -68.407383726616         0.32556E-04
    -68.407384937395    -68.407384937395         0.53134E-04
    -68.407198292525    -68.407198292525         0.82582E-04
    -68.407169931372    -68.407169931372         0.11214E-03
    -68.407194535127    -68.407194535127         0.77787E-04
    -68.407169736214    -68.407169736214         0.17848E-03
    -68.407168141319    -68.407168141319         0.16046E-03
    -68.407169338392    -68.407169338392         0.63815E-04
    -68.407168177393    -68.407168177393         0.16781E-03
    -68.407166321631    -68.407166321631         0.17810E-03
    -68.407168667811    -68.407168667811         0.14636E-03
    -68.407166533933    -68.407166533933         0.75486E-04
    -68.407165422520    -68.407165422520         0.58540E-04
    -68.407135801206    -68.407135801206         0.87619E-04
    -68.407135777695    -68.407135777695         0.13358E-03
    -68.407133283766    -68.407133283766         0.12948E-03
    -68.407134181703    -68.407134181703         0.85107E-04
    -68.407134249487    -68.407134249487         0.87000E-04
    -68.407134604011    -68.407134604011         0.83472E-04
    -68.407129088340    -68.407129088340         0.18081E-03
    -68.407133518008    -68.407133518008         0.76813E-04
    -68.407102723136    -68.407102723136         0.13145E-03
    -68.407101754103    -68.407101754103         0.83298E-04
    -68.407100573365    -68.407100573365         0.12658E-03
    -68.407113988212    -68.407113988212         0.11775E-03
    -68.407100680562    -68.407100680562         0.99675E-04
    -68.407101528790    -68.407101528790         0.12131E-03
    -68.407064146533    -68.407064146533         0.11599E-03
    -68.407064414380    -68.407064414380         0.11794E-03
    -68.407064177825    -68.407064177825         0.83989E-04
    -68.407113474408    -68.407113474408         0.90131E-04
    -68.407064430522    -68.407064430522         0.18306E-03
    -68.407064353531    -68.407064353531         0.17664E-03
    -68.407115026992    -68.407115026992         0.17468E-03
    -68.407064465514    -68.407064465514         0.16682E-03
    -68.407111846756    -68.407111846756         0.15081E-03
    -68.407113893675    -68.407113893675         0.12163E-03
    -68.407101903909    -68.407101903909         0.10417E-03
    -68.407135211347    -68.407135211347         0.16389E-03
    -68.407102050136    -68.407102050136         0.19332E-03
    -68.407038811543    -68.407038811543         0.13719E-03
    -68.407040601436    -68.407040601436         0.16636E-03
    -68.407001370605    -68.407001370605         0.12718E-03
    -68.407023311142    -68.407023311142         0.69478E-04
    -68.406890469827    -68.406890469827         0.98493E-04
    -68.406891101170    -68.406891101170         0.47120E-04
    -68.407037494711    -68.407037494711         0.76252E-04
    -68.406868139537    -68.406868139537         0.85424E-04
    -68.406861837542    -68.406861837542         0.12224E-03
    -68.406862387358    -68.406862387358         0.10845E-03
    -68.406820776041    -68.406820776041         0.13571E-03
    -68.406866864630    -68.406866864630         0.14427E-03
    -68.406820124666    -68.406820124666         0.82763E-04
    -68.406816172766    -68.406816172766         0.15017E-03
    -68.406816427674    -68.406816427674         0.19406E-03
    -68.406815641191    -68.406815641191         0.16201E-03
    -68.406751413603    -68.406751413603         0.19941E-03
    -68.406750806545    -68.406750806545         0.17719E-03
    -68.406818899131    -68.406818899131         0.17117E-03
    -68.406751649877    -68.406751649877         0.11236E-03
    -68.406750560235    -68.406750560235         0.14693E-03
    -68.406750243054    -68.406750243054         0.15226E-03
    -68.406750799430    -68.406750799430         0.53959E-04
    -68.406749866512    -68.406749866512         0.18197E-03
    -68.406749345419    -68.406749345419         0.17942E-03
    -68.406738842689    -68.406738842689         0.17137E-03
    -68.406739266217    -68.406739266217         0.90435E-04
    -68.406740055306    -68.406740055306         0.14115E-03
    -68.406750701696    -68.406750701696         0.15533E-03
    -68.406734287370    -68.406734287370         0.15290E-03
    -68.406744291313    -68.406744291313         0.19608E-03
    -68.406726892034    -68.406726892034         0.13664E-03
    -68.406744033961    -68.406744033961         0.99492E-04
    -68.406738739427    -68.406738739427         0.17878E-03
    -68.406739834323    -68.406739834323         0.13019E-03
    -68.406739026655    -68.406739026655         0.12904E-03
    -68.406739495236    -68.406739495236         0.15310E-03
    -68.406726201759    -68.406726201759         0.81524E-04
    -68.406748340553    -68.406748340553         0.17267E-03
    -68.406739206428    -68.406739206428         0.16025E-03
    -68.406738522634    -68.406738522634         0.13621E-03
    -68.406737821320    -68.406737821320         0.18961E-03
    -68.406724937745    -68.406724937745         0.13200E-03
    -68.406747907458    -68.406747907458         0.19291E-03
    -68.406725960112    -68.406725960112         0.72447E-04
    -68.406724073533    -68.406724073533         0.99473E-04
    -68.406719161193    -68.406719161193         0.18900E-03
    -68.406734339978    -68.406734339978         0.32653E-04
    -68.406721741290    -68.406721741290         0.18581E-03
    -68.406566404546    -68.406566404546         0.15882E-03
    -68.406719677383    -68.406719677383         0.93979E-04
    -68.406567380852    -68.406567380852         0.10140E-03
    -68.406576774321    -68.406576774321         0.68294E-04
    -68.406578232077    -68.406578232077         0.87315E-04
    -68.406541129145    -68.406541129145         0.10958E-03
    -68.406579405604    -68.406579405604         0.16830E-03
    -68.406540443043    -68.406540443043         0.18986E-03
    -68.406541434774    -68.406541434774         0.16242E-03
    -68.406534408074    -68.406534408074         0.88711E-04
    -68.406575829148    -68.406575829148         0.37030E-04
    -68.406503234356    -68.406503234356         0.12613E-03
    -68.406503642293    -68.406503642293         0.52657E-04
    -68.406407391242    -68.406407391242         0.12830E-03
    -68.406502402534    -68.406502402534         0.98741E-04
    -68.406406454647    -68.406406454647         0.93229E-04
    -68.406406725645    -68.406406725645         0.17314E-03
    -68.406397374671    -68.406397374671         0.15255E-03
    -68.406397869273    -68.406397869273         0.13482E-03
    -68.406408595964    -68.406408595964         0.14562E-03
    -68.406397749762    -68.406397749762         0.17530E-03
    -68.406398089679    -68.406398089679         0.13018E-03
    -68.406397897946    -68.406397897946         0.11770E-03
    -68.406398281367    -68.406398281367         0.14764E-03
    -68.406398181233    -68.406398181233         0.97958E-04
    -68.406396955786    -68.406396955786         0.19445E-03
    -68.406398446080    -68.406398446080         0.12848E-03
    -68.406378964496    -68.406378964496         0.13233E-03
    -68.406299622273    -68.406299622273         0.12415E-03
    -68.406407708509    -68.406407708509         0.57243E-04
    -68.406264326626    -68.406264326626         0.99259E-04
    -68.406260773860    -68.406260773860         0.18287E-03
    -68.406262995649    -68.406262995649         0.39802E-04
    -68.406243673386    -68.406243673386         0.18256E-03
    -68.406262700259    -68.406262700259         0.94055E-04
    -68.406263439783    -68.406263439783         0.12509E-03
    -68.406256220668    -68.406256220668         0.51454E-04
    -68.406243662178    -68.406243662178         0.10010E-03
    -68.406259578985    -68.406259578985         0.18190E-03
    -68.406258212280    -68.406258212280         0.56008E-04
    -68.406262065310    -68.406262065310         0.19880E-03
    -68.406261229718    -68.406261229718         0.18589E-03
    -68.406259793087    -68.406259793087         0.39156E-04
    -68.406245022331    -68.406245022331         0.91444E-04
    -68.406261196145    -68.406261196145         0.19093E-03
    -68.406239840139    -68.406239840139         0.16076E-03
    -68.406259126473    -68.406259126473         0.82168E-04
    -68.406245185728    -68.406245185728         0.96565E-04
    -68.406111716851    -68.406111716851         0.12528E-03
    -68.406104927897    -68.406104927897         0.12190E-03
    -68.406104309608    -68.406104309608         0.16090E-03
    -68.406104281282    -68.406104281282         0.14876E-03
    -68.406104677352    -68.406104677352         0.14868E-03
    -68.406104475653    -68.406104475653         0.13622E-03
    -68.406103566822    -68.406103566822         0.82655E-04
    -68.406103452889    -68.406103452889         0.19696E-03
    -68.406103960534    -68.406103960534         0.15939E-03
    -68.406009106087    -68.406009106087         0.13993E-03
    -68.405864964002    -68.405864964002         0.18891E-03
    -68.405865519846    -68.405865519846         0.69343E-04
    -68.405865128616    -68.405865128616         0.48032E-04
    -68.405608523896    -68.405608523896         0.92758E-04
    -68.405864877089    -68.405864877089         0.17181E-03
    -68.405556140168    -68.405556140168         0.16357E-03
    -68.405534533810    -68.405534533810         0.16247E-03
    -68.405558264511    -68.405558264511         0.98288E-04
    -68.405532932463    -68.405532932463         0.15573E-03
    -68.405526745701    -68.405526745701         0.98059E-04
    -68.405533835669    -68.405533835669         0.12844E-03
    -68.405383557594    -68.405383557594         0.11194E-03
    -68.405514700321    -68.405514700321         0.14781E-03
    -68.405384229921    -68.405384229921         0.14027E-03
    -68.405383700697    -68.405383700697         0.16303E-03
    -68.405327258883    -68.405327258883         0.14342E-03
    -68.405380385850    -68.405380385850         0.17957E-03
    -68.405366835074    -68.405366835074         0.63074E-04
    -68.405143271556    -68.405143271556         0.11316E-03
    -68.405005888794    -68.405005888794         0.11033E-03
    -68.404989534397    -68.404989534397         0.18366E-03
    -68.407589141935    -68.407589141935         0.19949E-03
    -68.404838859852    -68.404838859852         0.19861E-03
    -68.404912704921    -68.404912704921         0.12328E-03
    -68.404519684814    -68.404519684814         0.18869E-03
    -68.404628502022    -68.404628502022         0.16738E-03
    -68.404473418991    -68.404473418991         0.18145E-03
    -68.404419667253    -68.404419667253         0.61334E-04
    -68.404473739518    -68.404473739518         0.18862E-03
    -68.404417767630    -68.404417767630         0.91100E-04
    -68.404417606374    -68.404417606374         0.10353E-03
    -68.404412797264    -68.404412797264         0.86393E-04
    -68.404418183145    -68.404418183145         0.89593E-04
    -68.404413925315    -68.404413925315         0.13706E-03
    -68.404412453653    -68.404412453653         0.16919E-03
    -68.404409985209    -68.404409985209         0.18849E-03
    -68.404411997881    -68.404411997881         0.15424E-03
    -68.404412764286    -68.404412764286         0.14502E-03
    -68.404410433225    -68.404410433225         0.18885E-03
    -68.404410430032    -68.404410430032         0.19608E-03
    -68.404409395454    -68.404409395454         0.17208E-03
    -68.404436761347    -68.404436761347         0.92556E-04
    -68.404411969635    -68.404411969635         0.12780E-03
    -68.404412005318    -68.404412005318         0.32640E-04
    -68.404416902229    -68.404416902229         0.15377E-03
    -68.404411988734    -68.404411988734         0.11752E-03
    -68.404270234369    -68.404270234369         0.14613E-03
    -68.404268913263    -68.404268913263         0.16897E-03
    -68.404269154523    -68.404269154523         0.13695E-03
    -68.404268367920    -68.404268367920         0.11752E-03
    -68.404268732937    -68.404268732937         0.18169E-03
    -68.404412053414    -68.404412053414         0.66892E-04
    -68.404267414017    -68.404267414017         0.16140E-03
    -68.404270261613    -68.404270261613         0.94560E-04
    -68.404269528865    -68.404269528865         0.76028E-04
    -68.404272723353    -68.404272723353         0.17846E-03
    -68.404266130210    -68.404266130210         0.11224E-03
    -68.404268327661    -68.404268327661         0.15173E-03
    -68.404269624574    -68.404269624574         0.77452E-04
    -68.404269222584    -68.404269222584         0.19385E-03
    -68.404263060735    -68.404263060735         0.19322E-03
    -68.404269852862    -68.404269852862         0.15960E-03
    -68.404281718045    -68.404281718045         0.18235E-03
    -68.404267341867    -68.404267341867         0.97676E-04
    -68.404269612190    -68.404269612190         0.60257E-04
    -68.404278883833    -68.404278883833         0.19617E-03
    -68.404263591140    -68.404263591140         0.19103E-03
    -68.404267927066    -68.404267927066         0.18281E-03
    -68.404267017504    -68.404267017504         0.14482E-03
    -68.404269826731    -68.404269826731         0.65577E-04
    -68.404265791474    -68.404265791474         0.91833E-04
    -68.404269762766    -68.404269762766         0.18304E-03
    -68.404198647389    -68.404198647389         0.17685E-03
    -68.404198379306    -68.404198379306         0.11190E-03
    -68.404270285555    -68.404270285555         0.16501E-03
    -68.404197553160    -68.404197553160         0.19446E-03
    -68.404196800572    -68.404196800572         0.19996E-03
    -68.404198300077    -68.404198300077         0.17132E-03
    -68.404198044464    -68.404198044464         0.17522E-03
    -68.404197743355    -68.404197743355         0.10787E-03
    -68.404194128591    -68.404194128591         0.78317E-04
    -68.404196053660    -68.404196053660         0.19510E-03
    -68.404194825285    -68.404194825285         0.15486E-03
    -68.404191586837    -68.404191586837         0.99278E-04
    -68.404192073483    -68.404192073483         0.40328E-04
    -68.404185449478    -68.404185449478         0.57607E-04
    -68.404195501799    -68.404195501799         0.17350E-03
    -68.404189880049    -68.404189880049         0.19106E-03
    -68.404191901004    -68.404191901004         0.14962E-03
    -68.404188998379    -68.404188998379         0.45175E-04
    -68.404195597282    -68.404195597282         0.23774E-04
    -68.404198224018    -68.404198224018         0.11541E-03
    -68.404190732454    -68.404190732454         0.32349E-04
    -68.404183933956    -68.404183933956         0.53211E-04
    -68.404193737864    -68.404193737864         0.98372E-04
    -68.404103116928    -68.404103116928         0.13337E-03
    -68.404103314104    -68.404103314104         0.16975E-03
    -68.404102374991    -68.404102374991         0.12968E-03
    -68.404078432776    -68.404078432776         0.14543E-03
    -68.404070435026    -68.404070435026         0.18649E-03
    -68.404062825897    -68.404062825897         0.11624E-03
    -68.404101034612    -68.404101034612         0.14646E-03
    -68.404062257432    -68.404062257432         0.17466E-03
    -68.404061511950    -68.404061511950         0.14370E-03
    -68.404065559423    -68.404065559423         0.18699E-03
    -68.404046707033    -68.404046707033         0.19965E-03
    -68.404031016665    -68.404031016665         0.75112E-04
    -68.404051006493    -68.404051006493         0.15805E-03
    -68.404043496189    -68.404043496189         0.95485E-04
    -68.404032381513    -68.404032381513         0.17501E-03
    -68.406260627863    -68.406260627863         0.84998E-04
    -68.404012902828    -68.404012902828         0.14319E-03
    -68.403962803696    -68.403962803696         0.43715E-04
    -68.406264365927    -68.406264365927         0.13638E-03
    -68.403962294778    -68.403962294778         0.10838E-03
    -68.403962501502    -68.403962501502         0.11531E-03
    -68.403962243442    -68.403962243442         0.12946E-03
    -68.403945291421    -68.403945291421         0.56655E-04
    -68.403923348219    -68.403923348219         0.14646E-03
    -68.403924760541    -68.403924760541         0.16169E-03
    -68.403943645259    -68.403943645259         0.10871E-03
    -68.403924914479    -68.403924914479         0.10790E-03
    -68.403925143660    -68.403925143660         0.86893E-04
    -68.403940666888    -68.403940666888         0.19167E-03
    -68.403922073093    -68.403922073093         0.19456E-03
    -68.403922933584    -68.403922933584         0.92586E-04
    -68.403921954067    -68.403921954067         0.13084E-03
    -68.403918528197    -68.403918528197         0.14272E-03
    -68.403924870033    -68.403924870033         0.15912E-03
    -68.403923405666    -68.403923405666         0.16618E-03
    -68.403916583648    -68.403916583648         0.46418E-04
    -68.403924249234    -68.403924249234         0.17362E-03
    -68.403922613699    -68.403922613699         0.84022E-04
    -68.403915186422    -68.403915186422         0.18175E-03
    -68.403922697403    -68.403922697403         0.18852E-03
    -68.403922152934    -68.403922152934         0.19994E-03
    -68.403924486435    -68.403924486435         0.13031E-03
    -68.403925149596    -68.403925149596         0.14304E-03
    -68.403915835849    -68.403915835849         0.51299E-04
    -68.403891282205    -68.403891282205         0.10608E-03
    -68.403924037913    -68.403924037913         0.17881E-03
    -68.403920137570    -68.403920137570         0.48096E-04
    -68.403919653174    -68.403919653174         0.10057E-03
    -68.403924584335    -68.403924584335         0.54494E-04
    -68.403920930764    -68.403920930764         0.14785E-03
    -68.403890852616    -68.403890852616         0.13225E-03
    -68.403922898648    -68.403922898648         0.11541E-03
    -68.403922915597    -68.403922915597         0.19966E-03
    -68.403888344402    -68.403888344402         0.16967E-03
    -68.403919511955    -68.403919511955         0.47116E-04
    -68.403856544099    -68.403856544099         0.18254E-03
    -68.403857337181    -68.403857337181         0.14881E-03
    -68.403856753334    -68.403856753334         0.11171E-03
    -68.403826128405    -68.403826128405         0.18350E-03
    -68.403771504265    -68.403771504265         0.19092E-03
    -68.403764794174    -68.403764794174         0.14234E-03
    -68.403747801402    -68.403747801402         0.16666E-03
    -68.403737509423    -68.403737509423         0.90933E-04
    -68.406261312371    -68.406261312371         0.15236E-03
    -68.403738193529    -68.403738193529         0.93711E-04
    -68.403710878919    -68.403710878919         0.17035E-03
    -68.403714102344    -68.403714102344         0.19277E-03
    -68.403710847556    -68.403710847556         0.13557E-03
    -68.403709850464    -68.403709850464         0.14613E-03
    -68.403708763040    -68.403708763040         0.14975E-03
    -68.403709454014    -68.403709454014         0.11930E-03
    -68.403685876900    -68.403685876900         0.19519E-03
    -68.403688397437    -68.403688397437         0.98379E-04
    -68.403592930159    -68.403592930159         0.12352E-03
    -68.403712612638    -68.403712612638         0.15530E-03
    -68.403591934617    -68.403591934617         0.19877E-03
    -68.403592455345    -68.403592455345         0.78033E-04
    -68.403591622500    -68.403591622500         0.15642E-03
    -68.403592005694    -68.403592005694         0.19451E-03
    -68.403593031787    -68.403593031787         0.71605E-04
    -68.403593038605    -68.403593038605         0.17556E-03
    -68.403593226216    -68.403593226216         0.12089E-03
    -68.403590530164    -68.403590530164         0.12858E-03
    -68.403590274298    -68.403590274298         0.19247E-03
    -68.403589120903    -68.403589120903         0.13398E-03
    -68.403593014461    -68.403593014461         0.17723E-03
    -68.403592734607    -68.403592734607         0.19649E-03
    -68.403592752990    -68.403592752990         0.11636E-03
    -68.403593014029    -68.403593014029         0.68187E-04
    -68.403583141090    -68.403583141090         0.15365E-03
    -68.403582700922    -68.403582700922         0.15723E-03
    -68.403592490632    -68.403592490632         0.14358E-03
    -68.403582895058    -68.403582895058         0.69461E-04
    -68.403583126709    -68.403583126709         0.11790E-03
    -68.403582572401    -68.403582572401         0.17134E-03
    -68.403581842294    -68.403581842294         0.11490E-03
    -68.403592796563    -68.403592796563         0.78038E-04
    -68.403581744956    -68.403581744956         0.15055E-03
    -68.403577723930    -68.403577723930         0.13366E-03
    -68.403582851211    -68.403582851211         0.94930E-04
    -68.403583141587    -68.403583141587         0.12193E-03
    -68.403581017831    -68.403581017831         0.17810E-03
    -68.403580503599    -68.403580503599         0.18874E-03
    -68.403590602869    -68.403590602869         0.18183E-03
    -68.403583534276    -68.403583534276         0.14690E-03
    -68.403582633723    -68.403582633723         0.16215E-03
    -68.403583053825    -68.403583053825         0.14525E-03
    -68.403577588271    -68.403577588271         0.12713E-03
    -68.403582313161    -68.403582313161         0.18749E-03
    -68.403580025815    -68.403580025815         0.18215E-03
    -68.403582305399    -68.403582305399         0.19028E-03
    -68.403571190336    -68.403571190336         0.11597E-03
    -68.403583916388    -68.403583916388         0.19863E-03
    -68.403584319157    -68.403584319157         0.42953E-04
    -68.403583374019    -68.403583374019         0.13578E-03
    -68.403572132749    -68.403572132749         0.10180E-03
    -68.403576502196    -68.403576502196         0.17623E-03
    -68.403570588081    -68.403570588081         0.13547E-03
    -68.403570833838    -68.403570833838         0.51024E-04
    -68.403570378645    -68.403570378645         0.17015E-03
    -68.403582229825    -68.403582229825         0.68881E-04
    -68.403590865304    -68.403590865304         0.10007E-03
    -68.403582368871    -68.403582368871         0.12218E-03
    -68.403570678091    -68.403570678091         0.75165E-04
    -68.403563146755    -68.403563146755         0.18290E-03
    -68.403577645599    -68.403577645599         0.10630E-03
    -68.403583397843    -68.403583397843         0.73258E-04
    -68.403577135673    -68.403577135673         0.18176E-03
    -68.403569255689    -68.403569255689         0.19268E-03
    -68.403583387752    -68.403583387752         0.13579E-03
    -68.403569567519    -68.403569567519         0.19661E-03
    -68.403571639729    -68.403571639729         0.12427E-03
    -68.403566904600    -68.403566904600         0.79016E-04
    -68.403568826026    -68.403568826026         0.15861E-03
    -68.403578370154    -68.403578370154         0.11579E-03
    -68.403577127710    -68.403577127710         0.45976E-04
    -68.403566558920    -68.403566558920         0.19196E-03
    -68.403570585031    -68.403570585031         0.40678E-04
    -68.403568198448    -68.403568198448         0.17822E-03
    -68.403584056285    -68.403584056285         0.90447E-04
    -68.403573401433    -68.403573401433         0.10545E-03
    -68.403580626306    -68.403580626306         0.36108E-04
    -68.403574907713    -68.403574907713         0.98025E-04
    -68.403568462738    -68.403568462738         0.14983E-03
    -68.403576527490    -68.403576527490         0.19834E-03
    -68.403531197643    -68.403531197643         0.16605E-03
    -68.403532033722    -68.403532033722         0.14827E-03
    -68.403548185261    -68.403548185261         0.19022E-03
    -68.403532473322    -68.403532473322         0.19077E-03
    -68.403547990709    -68.403547990709         0.86971E-04
    -68.403532249034    -68.403532249034         0.92458E-04
    -68.403579518977    -68.403579518977         0.19682E-03
    -68.403577401552    -68.403577401552         0.87638E-04
    -68.403571592126    -68.403571592126         0.15880E-03
    -68.403579644691    -68.403579644691         0.18379E-03
    -68.403531214977    -68.403531214977         0.17722E-03
    -68.403531167473    -68.403531167473         0.18676E-03
    -68.403522353472    -68.403522353472         0.44744E-04
    -68.403532894094    -68.403532894094         0.10530E-03
    -68.403569894711    -68.403569894711         0.17676E-03
    -68.403579374014    -68.403579374014         0.12418E-03
    -68.403531662739    -68.403531662739         0.16774E-03
    -68.403581836863    -68.403581836863         0.15590E-03
    -68.403532984897    -68.403532984897         0.19491E-03
    -68.403522163540    -68.403522163540         0.12286E-03
    -68.403522168992    -68.403522168992         0.88020E-04
    -68.403521769640    -68.403521769640         0.17150E-03
    -68.403577694905    -68.403577694905         0.10258E-03
    -68.403584164546    -68.403584164546         0.16846E-03
    -68.403589359901    -68.403589359901         0.10114E-03
    -68.403562633099    -68.403562633099         0.42225E-04
    -68.403589814539    -68.403589814539         0.17902E-03
    -68.403521099922    -68.403521099922         0.16644E-03
    -68.403531836700    -68.403531836700         0.17136E-03
    -68.403531758812    -68.403531758812         0.69892E-04
    -68.403531635397    -68.403531635397         0.12235E-03
    -68.403521942438    -68.403521942438         0.69235E-04
    -68.403520399475    -68.403520399475         0.13827E-03
    -68.403520693818    -68.403520693818         0.15861E-03
    -68.403583881651    -68.403583881651         0.10103E-03
    -68.403590146362    -68.403590146362         0.19385E-03
    -68.403577739587    -68.403577739587         0.69743E-04
    -68.403517410555    -68.403517410555         0.18622E-03
    -68.403531103009    -68.403531103009         0.10484E-03
    -68.403521986281    -68.403521986281         0.18291E-03
    -68.403517587072    -68.403517587072         0.18434E-03
    -68.403576978196    -68.403576978196         0.18693E-03
    -68.403582590675    -68.403582590675         0.13423E-03
    -68.403530324875    -68.403530324875         0.14091E-03
    -68.403527154599    -68.403527154599         0.38189E-04
    -68.403521208556    -68.403521208556         0.16170E-03
    -68.403528868276    -68.403528868276         0.19810E-03
    -68.403518579079    -68.403518579079         0.19239E-03
    -68.403518535667    -68.403518535667         0.10386E-03
    -68.403579051471    -68.403579051471         0.14554E-03
    -68.403519040068    -68.403519040068         0.61748E-04
    -68.403579949107    -68.403579949107         0.19661E-03
    -68.403518962932    -68.403518962932         0.18014E-03
    -68.403531402034    -68.403531402034         0.15483E-03
    -68.403521937703    -68.403521937703         0.18549E-03
    -68.403529198820    -68.403529198820         0.18744E-03
    -68.403520687501    -68.403520687501         0.18923E-03
    -68.403516349342    -68.403516349342         0.69981E-04
    -68.403444228743    -68.403444228743         0.15779E-03
    -68.403529668095    -68.403529668095         0.17716E-03
    -68.403444142102    -68.403444142102         0.78547E-04
    -68.403443759611    -68.403443759611         0.13152E-03
    -68.403443688019    -68.403443688019         0.11133E-03
    -68.403444001540    -68.403444001540         0.97248E-04
    -68.403443724833    -68.403443724833         0.17442E-03
    -68.403443609985    -68.403443609985         0.16360E-03
    -68.403442876740    -68.403442876740         0.18063E-03
    -68.403444350712    -68.403444350712         0.37835E-04
    -68.403444111923    -68.403444111923         0.10587E-03
    -68.403443403583    -68.403443403583         0.14503E-03
    -68.403441805502    -68.403441805502         0.17533E-03
    -68.403443677792    -68.403443677792         0.74894E-04
    -68.403444191138    -68.403444191138         0.12832E-03
    -68.403440312207    -68.403440312207         0.73687E-04
    -68.403507227056    -68.403507227056         0.69513E-04
    -68.403442342426    -68.403442342426         0.16816E-03
    -68.403441355160    -68.403441355160         0.19232E-03
    -68.403432994244    -68.403432994244         0.18107E-03
    -68.403442001565    -68.403442001565         0.12970E-03
    -68.403426368408    -68.403426368408         0.16965E-03
    -68.403442252022    -68.403442252022         0.96532E-04
    -68.403431200817    -68.403431200817         0.19736E-03
    -68.403440862569    -68.403440862569         0.18262E-03
    -68.403442095954    -68.403442095954         0.34465E-04
    -68.403441564029    -68.403441564029         0.99201E-04
    -68.403437827411    -68.403437827411         0.26457E-04
    -68.403443119629    -68.403443119629         0.20928E-04
    -68.403436646290    -68.403436646290         0.17130E-03
    -68.403440605401    -68.403440605401         0.16069E-03
    -68.403442724434    -68.403442724434         0.10047E-03
    -68.403442233580    -68.403442233580         0.93833E-04
    -68.403410799603    -68.403410799603         0.75114E-04
    -68.403390631648    -68.403390631648         0.16031E-03
    -68.403384268183    -68.403384268183         0.11468E-03
    -68.403375732230    -68.403375732230         0.46606E-04
    -68.403442333361    -68.403442333361         0.15208E-03
    -68.403383802751    -68.403383802751         0.66248E-04
    -68.403379331372    -68.403379331372         0.13926E-03
    -68.403374798691    -68.403374798691         0.75941E-04
    -68.403372927854    -68.403372927854         0.19221E-03
    -68.403435892435    -68.403435892435         0.19952E-03
    -68.403384336217    -68.403384336217         0.14231E-03
    -68.403352305085    -68.403352305085         0.89765E-04
    -68.403432616861    -68.403432616861         0.36987E-04
    -68.403351938431    -68.403351938431         0.13981E-03
    -68.403368645204    -68.403368645204         0.18255E-03
    -68.403378713423    -68.403378713423         0.18678E-03
    -68.403369798277    -68.403369798277         0.41131E-04
    -68.403386788459    -68.403386788459         0.71683E-04
    -68.403419190841    -68.403419190841         0.45061E-04
    -68.403353674310    -68.403353674310         0.14159E-03
    -68.403415425083    -68.403415425083         0.82688E-04
    -68.403409827220    -68.403409827220         0.61396E-04
    -68.403311860265    -68.403311860265         0.87643E-04
    -68.403308669763    -68.403308669763         0.19522E-03
    -68.403368788948    -68.403368788948         0.16930E-03
    -68.403311358631    -68.403311358631         0.16812E-03
    -68.403311427726    -68.403311427726         0.17247E-03
    -68.403303380066    -68.403303380066         0.11068E-03
    -68.403303587224    -68.403303587224         0.18556E-03
    -68.403302757671    -68.403302757671         0.65212E-04
    -68.403302450034    -68.403302450034         0.45403E-04
    -68.403304362728    -68.403304362728         0.79299E-04
    -68.403301209808    -68.403301209808         0.19067E-03
    -68.403301703964    -68.403301703964         0.19737E-03
    -68.403303704450    -68.403303704450         0.76290E-04
    -68.403302685848    -68.403302685848         0.15015E-03
    -68.403300844096    -68.403300844096         0.19571E-03
    -68.403300854205    -68.403300854205         0.12642E-03
    -68.403309885782    -68.403309885782         0.17188E-03
    -68.403301486891    -68.403301486891         0.55730E-04
    -68.403299620410    -68.403299620410         0.19092E-03
    -68.403301702507    -68.403301702507         0.18107E-03
    -68.403301575623    -68.403301575623         0.85069E-04
    -68.403309756040    -68.403309756040         0.55112E-04
    -68.403299332766    -68.403299332766         0.16983E-03
    -68.403298125729    -68.403298125729         0.18870E-03
    -68.403303421351    -68.403303421351         0.12867E-03
    -68.403299925442    -68.403299925442         0.91353E-04
    -68.403308414707    -68.403308414707         0.15758E-03
    -68.403302087684    -68.403302087684         0.15432E-03
    -68.403303543768    -68.403303543768         0.19108E-03
    -68.403301949886    -68.403301949886         0.12957E-03
    -68.403303998661    -68.403303998661         0.70028E-04
    -68.403305915402    -68.403305915402         0.58835E-04
    -68.403310475319    -68.403310475319         0.10449E-03
    -68.403304515060    -68.403304515060         0.12726E-03
    -68.403303377135    -68.403303377135         0.18829E-03
    -68.403302473165    -68.403302473165         0.14445E-03
    -68.403301770655    -68.403301770655         0.14797E-03
    -68.403298645945    -68.403298645945         0.14182E-03
    -68.403301747507    -68.403301747507         0.12612E-03
    -68.403300463149    -68.403300463149         0.13863E-03
    -68.403294882320    -68.403294882320         0.18509E-03
    -68.403300706699    -68.403300706699         0.16013E-03
    -68.403295016536    -68.403295016536         0.34470E-04
    -68.403266185317    -68.403266185317         0.18477E-03
    -68.403282660638    -68.403282660638         0.99343E-04
    -68.403303849999    -68.403303849999         0.72495E-04
    -68.403303744272    -68.403303744272         0.15094E-03
    -68.403298810746    -68.403298810746         0.19396E-03
    -68.403300406727    -68.403300406727         0.50008E-04
    -68.403265945822    -68.403265945822         0.17474E-03
    -68.403300916802    -68.403300916802         0.98766E-04
    -68.403266489896    -68.403266489896         0.13365E-03
    -68.403301851331    -68.403301851331         0.15197E-03
    -68.403261956716    -68.403261956716         0.82185E-04
    -68.403266261854    -68.403266261854         0.15224E-03
    -68.403262000402    -68.403262000402         0.14373E-03
    -68.403264223747    -68.403264223747         0.14142E-03
    -68.403265498339    -68.403265498339         0.13541E-03
    -68.403263962584    -68.403263962584         0.98833E-04
    -68.403263810051    -68.403263810051         0.16064E-03
    -68.403264935771    -68.403264935771         0.14132E-03
    -68.403232832936    -68.403232832936         0.63722E-04
    -68.403263948686    -68.403263948686         0.15856E-03
    -68.403264627481    -68.403264627481         0.18534E-03
    -68.403264433633    -68.403264433633         0.74995E-04
    -68.403260711132    -68.403260711132         0.18675E-03
    -68.403264710131    -68.403264710131         0.14663E-03
    -68.403300429851    -68.403300429851         0.18523E-03
    -68.403232621296    -68.403232621296         0.89452E-04
    -68.403261175838    -68.403261175838         0.17328E-03
    -68.403297448756    -68.403297448756         0.15659E-03
    -68.403203113003    -68.403203113003         0.12346E-03
    -68.403200212452    -68.403200212452         0.14065E-03
    -68.403265152037    -68.403265152037         0.13972E-03
    -68.403202743918    -68.403202743918         0.70056E-04
    -68.403201905605    -68.403201905605         0.69580E-04
    -68.403202204020    -68.403202204020         0.17927E-03
    -68.403262904519    -68.403262904519         0.11990E-03
    -68.403193042840    -68.403193042840         0.18076E-03
    -68.403201812095    -68.403201812095         0.16602E-03
    -68.403201711811    -68.403201711811         0.16399E-03
    -68.403199422169    -68.403199422169         0.17424E-03
    -68.403199354331    -68.403199354331         0.19946E-03
    -68.403202202956    -68.403202202956         0.66712E-04
    -68.403193309792    -68.403193309792         0.47007E-04
    -68.403202332010    -68.403202332010         0.11279E-03
    -68.403192768810    -68.403192768810         0.15371E-03
    -68.403200598225    -68.403200598225         0.16250E-03
    -68.403200236180    -68.403200236180         0.16916E-03
    -68.403192294826    -68.403192294826         0.92154E-04
    -68.403192332413    -68.403192332413         0.15147E-03
    -68.403201667457    -68.403201667457         0.14926E-03
    -68.403201318415    -68.403201318415         0.24714E-04
    -68.403196865446    -68.403196865446         0.99385E-04
    -68.403200564631    -68.403200564631         0.14239E-03
    -68.403201726509    -68.403201726509         0.15142E-03
    -68.403193316487    -68.403193316487         0.12139E-03
    -68.403198681385    -68.403198681385         0.49723E-04
    -68.403123857833    -68.403123857833         0.18015E-03
    -68.403120099103    -68.403120099103         0.12882E-03
    -68.403120110395    -68.403120110395         0.15078E-03
    -68.403197967898    -68.403197967898         0.16879E-03
    -68.403119308529    -68.403119308529         0.17445E-03
    -68.403118583968    -68.403118583968         0.19434E-03
    -68.403118383068    -68.403118383068         0.17721E-03
    -68.403116717061    -68.403116717061         0.18773E-03
    -68.403120845334    -68.403120845334         0.18212E-03
    -68.403121094834    -68.403121094834         0.16743E-03
    -68.403119856319    -68.403119856319         0.90728E-04
    -68.403120144128    -68.403120144128         0.12141E-03
    -68.403118187380    -68.403118187380         0.65891E-04
    -68.403119980954    -68.403119980954         0.16224E-03
    -68.403118545782    -68.403118545782         0.14474E-03
    -68.403118079369    -68.403118079369         0.74941E-04
    -68.403116171713    -68.403116171713         0.15595E-03
    -68.403119818271    -68.403119818271         0.10596E-03
    -68.403121115844    -68.403121115844         0.89722E-04
    -68.403122117141    -68.403122117141         0.13417E-03
    -68.403119992871    -68.403119992871         0.93914E-04
    -68.403120804750    -68.403120804750         0.15637E-03
    -68.403115328917    -68.403115328917         0.88602E-04
    -68.403115143121    -68.403115143121         0.19491E-03
    -68.403117224737    -68.403117224737         0.17849E-03
    -68.403118981032    -68.403118981032         0.18747E-03
    -68.403110299187    -68.403110299187         0.42000E-04
    -68.403119819730    -68.403119819730         0.87919E-04
    -68.403115102885    -68.403115102885         0.17330E-03
    -68.403114339058    -68.403114339058         0.15841E-03
    -68.403120362709    -68.403120362709         0.15078E-03
    -68.403115202496    -68.403115202496         0.78270E-04
    -68.403112903714    -68.403112903714         0.75278E-04
    -68.403115397930    -68.403115397930         0.81298E-04
    -68.403116214920    -68.403116214920         0.14031E-03
    -68.403116235448    -68.403116235448         0.95825E-04
    -68.403088996989    -68.403088996989         0.74796E-04
    -68.403099223901    -68.403099223901         0.19614E-03
    -68.403052201176    -68.403052201176         0.19080E-03
    -68.403089166657    -68.403089166657         0.11191E-03
    -68.403052792120    -68.403052792120         0.17432E-03
    -68.403048999774    -68.403048999774         0.96773E-04
    -68.403021612117    -68.403021612117         0.50351E-04
    -68.403020560929    -68.403020560929         0.16098E-03
    -68.403020378308    -68.403020378308         0.18945E-03
    -68.403020856150    -68.403020856150         0.76959E-04
    -68.403019679246    -68.403019679246         0.18105E-03
    -68.403017824033    -68.403017824033         0.10636E-03
    -68.403020526238    -68.403020526238         0.10534E-03
    -68.403020459913    -68.403020459913         0.46071E-04
    -68.403014168464    -68.403014168464         0.57009E-04
    -68.403021141534    -68.403021141534         0.63165E-04
    -68.403017270681    -68.403017270681         0.13818E-03
    -68.403020347341    -68.403020347341         0.16926E-03
    -68.403020823716    -68.403020823716         0.11197E-03
    -68.403019539218    -68.403019539218         0.15398E-03
    -68.403016000552    -68.403016000552         0.18453E-03
    -68.403013575829    -68.403013575829         0.75838E-04
    -68.403013311962    -68.403013311962         0.14814E-03
    -68.403017629659    -68.403017629659         0.11171E-03
    -68.403015365767    -68.403015365767         0.15357E-03
    -68.403018291391    -68.403018291391         0.15203E-03
    -68.403017166837    -68.403017166837         0.14727E-03
    -68.403015036771    -68.403015036771         0.18256E-03
    -68.403020414350    -68.403020414350         0.12836E-03
    -68.403016295254    -68.403016295254         0.11349E-03
    -68.403017634665    -68.403017634665         0.10125E-03
    -68.403020580811    -68.403020580811         0.14625E-03
    -68.403020449303    -68.403020449303         0.10038E-03
    -68.402980790827    -68.402980790827         0.63574E-04
    -68.402991879424    -68.402991879424         0.16873E-03
    -68.402981158359    -68.402981158359         0.12181E-03
    -68.402980865450    -68.402980865450         0.16910E-03
    -68.402971616934    -68.402971616934         0.12478E-03
    -68.402981061133    -68.402981061133         0.63601E-04
    -68.402970976327    -68.402970976327         0.15313E-03
    -68.402968838409    -68.402968838409         0.15080E-03
    -68.402971232307    -68.402971232307         0.10685E-03
    -68.402970629584    -68.402970629584         0.11970E-03
    -68.402970975527    -68.402970975527         0.94336E-04
    -68.402971027569    -68.402971027569         0.67813E-04
    -68.402963679047    -68.402963679047         0.19060E-03
    -68.402970493310    -68.402970493310         0.13279E-03
    -68.402970881955    -68.402970881955         0.13803E-03
    -68.402969500781    -68.402969500781         0.11495E-03
    -68.402970886968    -68.402970886968         0.75735E-04
    -68.402970500349    -68.402970500349         0.83209E-04
    -68.402967991057    -68.402967991057         0.17809E-03
    -68.402971242571    -68.402971242571         0.86373E-04
    -68.402969818343    -68.402969818343         0.57231E-04
    -68.402969717341    -68.402969717341         0.15448E-03
    -68.402969076272    -68.402969076272         0.17030E-03
    -68.402970797275    -68.402970797275         0.11110E-03
    -68.402969500427    -68.402969500427         0.18124E-03
    -68.402969532761    -68.402969532761         0.14539E-03
    -68.402969957461    -68.402969957461         0.62794E-04
    -68.402992800411    -68.402992800411         0.14014E-03
    -68.402969053185    -68.402969053185         0.63799E-04
    -68.402969523265    -68.402969523265         0.14333E-03
    -68.402966222250    -68.402966222250         0.18925E-03
    -68.402979777539    -68.402979777539         0.18679E-03
    -68.402968446944    -68.402968446944         0.90118E-04
    -68.402969667000    -68.402969667000         0.13356E-03
    -68.402964008645    -68.402964008645         0.52343E-04
    -68.402965628402    -68.402965628402         0.15597E-03
    -68.402969596401    -68.402969596401         0.15793E-03
    -68.402967994863    -68.402967994863         0.13452E-03
    -68.402966124147    -68.402966124147         0.16009E-03
    -68.402970158885    -68.402970158885         0.19918E-03
    -68.402970125807    -68.402970125807         0.13967E-03
    -68.402932726316    -68.402932726316         0.18175E-03
    -68.402932942989    -68.402932942989         0.16870E-03
    -68.402932292390    -68.402932292390         0.19558E-03
    -68.402968479780    -68.402968479780         0.15038E-03
    -68.402932146150    -68.402932146150         0.72512E-04
    -68.402931958678    -68.402931958678         0.11096E-03
    -68.402933314396    -68.402933314396         0.73910E-04
    -68.402932945051    -68.402932945051         0.11320E-03
    -68.402933005563    -68.402933005563         0.60294E-04
    -68.402933055680    -68.402933055680         0.96152E-04
    -68.402931519774    -68.402931519774         0.16658E-03
    -68.402932898435    -68.402932898435         0.14591E-03
    -68.402931018736    -68.402931018736         0.19149E-03
    -68.402931511798    -68.402931511798         0.19085E-03
    -68.402930073489    -68.402930073489         0.18788E-03
    -68.402931520472    -68.402931520472         0.16628E-03
    -68.402932845545    -68.402932845545         0.15706E-03
    -68.402932425313    -68.402932425313         0.78475E-04
    -68.402932932114    -68.402932932114         0.55497E-04
    -68.402930732460    -68.402930732460         0.19819E-03
    -68.402926171792    -68.402926171792         0.14781E-03
    -68.402865780734    -68.402865780734         0.18129E-03
    -68.402865643506    -68.402865643506         0.16933E-03
    -68.402866358957    -68.402866358957         0.33369E-04
    -68.402929866168    -68.402929866168         0.58022E-04
    -68.402866327633    -68.402866327633         0.18292E-03
    -68.402862179979    -68.402862179979         0.12542E-03
    -68.402866607632    -68.402866607632         0.86033E-04
    -68.402862226872    -68.402862226872         0.12722E-03
    -68.402861017763    -68.402861017763         0.15726E-03
    -68.402861063586    -68.402861063586         0.64328E-04
    -68.402861589463    -68.402861589463         0.13732E-03
    -68.402861732707    -68.402861732707         0.17984E-03
    -68.402862136975    -68.402862136975         0.15905E-03
    -68.402862452905    -68.402862452905         0.87974E-04
    -68.402862546503    -68.402862546503         0.14315E-03
    -68.402862617175    -68.402862617175         0.10042E-03
    -68.402857997146    -68.402857997146         0.12033E-03
    -68.402861846058    -68.402861846058         0.17763E-03
    -68.402857923158    -68.402857923158         0.35519E-04
    -68.402862473569    -68.402862473569         0.12432E-03
    -68.402856340157    -68.402856340157         0.15702E-03
    -68.402856340361    -68.402856340361         0.77966E-04
    -68.402857927945    -68.402857927945         0.34298E-04
    -68.402857308556    -68.402857308556         0.51057E-04
    -68.402856888825    -68.402856888825         0.73394E-04
    -68.402862522839    -68.402862522839         0.14219E-03
    -68.402862314243    -68.402862314243         0.70428E-04
    -68.402856036022    -68.402856036022         0.13650E-03
    -68.402856724855    -68.402856724855         0.14540E-03
    -68.402857626517    -68.402857626517         0.12732E-03
    -68.402857916224    -68.402857916224         0.11644E-03
    -68.402857335759    -68.402857335759         0.10445E-03
    -68.402856864625    -68.402856864625         0.14846E-03
    -68.402856843079    -68.402856843079         0.16310E-03
    -68.402857336425    -68.402857336425         0.15965E-03
    -68.402858009257    -68.402858009257         0.66158E-04
    -68.402857096674    -68.402857096674         0.12706E-03
    -68.402856402870    -68.402856402870         0.16449E-03
    -68.402862151049    -68.402862151049         0.14328E-03
    -68.402857055659    -68.402857055659         0.15912E-03
    -68.402857024396    -68.402857024396         0.86559E-04
    -68.402856661415    -68.402856661415         0.13995E-03
    -68.402862206170    -68.402862206170         0.92347E-04
    -68.402856794031    -68.402856794031         0.17408E-03
    -68.402856350234    -68.402856350234         0.15590E-03
    -68.402856768456    -68.402856768456         0.52793E-04
    -68.402862178920    -68.402862178920         0.10982E-03
    -68.402855917920    -68.402855917920         0.62130E-04
    -68.402849292827    -68.402849292827         0.13645E-03
    -68.402863280917    -68.402863280917         0.55653E-04
    -68.402857762429    -68.402857762429         0.15499E-03
    -68.402849261759    -68.402849261759         0.18477E-03
    -68.402850499269    -68.402850499269         0.13505E-03
    -68.402857877025    -68.402857877025         0.14361E-03
    -68.402850738773    -68.402850738773         0.70254E-04
    -68.402861684264    -68.402861684264         0.51689E-04
    -68.402855298883    -68.402855298883         0.18891E-03
    -68.402848401168    -68.402848401168         0.14616E-03
    -68.402849118317    -68.402849118317         0.17268E-03
    -68.402866559732    -68.402866559732         0.13504E-03
    -68.402855820013    -68.402855820013         0.13093E-03
    -68.402862467739    -68.402862467739         0.57927E-04
    -68.402860906416    -68.402860906416         0.14416E-03
    -68.402848507077    -68.402848507077         0.16318E-03
    -68.402848119253    -68.402848119253         0.12712E-03
    -68.402847172465    -68.402847172465         0.16349E-03
    -68.402848894113    -68.402848894113         0.95207E-04
    -68.402851117756    -68.402851117756         0.68216E-04
    -68.402846199729    -68.402846199729         0.13836E-03
    -68.402849069344    -68.402849069344         0.43398E-04
    -68.402856577329    -68.402856577329         0.74382E-04
    -68.402848640764    -68.402848640764         0.13822E-03
    -68.402850136582    -68.402850136582         0.83807E-04
    -68.402861422668    -68.402861422668         0.16833E-03
    -68.402857787391    -68.402857787391         0.15085E-03
    -68.402856417763    -68.402856417763         0.17721E-03
    -68.402850691913    -68.402850691913         0.75971E-04
    -68.402866691925    -68.402866691925         0.10572E-03
    -68.402850805166    -68.402850805166         0.14939E-03
    -68.402850542882    -68.402850542882         0.11231E-03
    -68.402850374357    -68.402850374357         0.19614E-03
    -68.402855223054    -68.402855223054         0.15633E-03
    -68.402855357447    -68.402855357447         0.55856E-04
    -68.402857299360    -68.402857299360         0.14520E-03
    -68.402848126510    -68.402848126510         0.14561E-03
    -68.402859791650    -68.402859791650         0.19592E-03
    -68.402864610085    -68.402864610085         0.74890E-04
    -68.402844010308    -68.402844010308         0.42197E-04
    -68.402847092310    -68.402847092310         0.19462E-03
    -68.402845523061    -68.402845523061         0.29893E-04
    -68.402862852616    -68.402862852616         0.19533E-03
    -68.402843402578    -68.402843402578         0.18255E-03
    -68.402844144345    -68.402844144345         0.18055E-03
    -68.402839807275    -68.402839807275         0.50156E-04
    -68.402797741889    -68.402797741889         0.14002E-03
    -68.402798355796    -68.402798355796         0.68655E-04
    -68.402835547846    -68.402835547846         0.39619E-04
    -68.402735725277    -68.402735725277         0.76566E-04
    -68.402836630721    -68.402836630721         0.40650E-04
    -68.402723788238    -68.402723788238         0.48623E-04
    -68.402731798309    -68.402731798309         0.19652E-03
    -68.402722674349    -68.402722674349         0.10953E-03
    -68.402717735417    -68.402717735417         0.17056E-03
    -68.402725800177    -68.402725800177         0.12151E-03
    -68.402723870331    -68.402723870331         0.11363E-03
    -68.402720762791    -68.402720762791         0.19624E-03
    -68.402721938164    -68.402721938164         0.51357E-04
    -68.402723550999    -68.402723550999         0.19500E-03
    -68.402723912086    -68.402723912086         0.16395E-03
    -68.402726718719    -68.402726718719         0.19438E-03
    -68.402724040772    -68.402724040772         0.19673E-03
    -68.402721654360    -68.402721654360         0.14267E-03
    -68.402718471333    -68.402718471333         0.19032E-03
    -68.402720632798    -68.402720632798         0.14687E-03
    -68.402731708978    -68.402731708978         0.11847E-03
    -68.402732011403    -68.402732011403         0.18674E-03
    -68.402721629311    -68.402721629311         0.16782E-03
    -68.402723640488    -68.402723640488         0.93025E-04
    -68.402721335954    -68.402721335954         0.15121E-03
    -68.402721279369    -68.402721279369         0.14715E-03
    -68.402725935488    -68.402725935488         0.10903E-03
    -68.402719857459    -68.402719857459         0.18113E-03
    -68.402724049448    -68.402724049448         0.17709E-03
    -68.402717870677    -68.402717870677         0.16177E-03
    -68.402722631988    -68.402722631988         0.15093E-03
    -68.402717321807    -68.402717321807         0.15766E-03
    -68.402725396685    -68.402725396685         0.14144E-03
    -68.402715602569    -68.402715602569         0.19645E-03
    -68.402721845104    -68.402721845104         0.11031E-03
    -68.402723296199    -68.402723296199         0.49109E-04
    -68.402718023547    -68.402718023547         0.62276E-04
    -68.402724267819    -68.402724267819         0.13716E-03
    -68.402725028317    -68.402725028317         0.61174E-04
    -68.402735045454    -68.402735045454         0.19272E-03
    -68.402724390322    -68.402724390322         0.15501E-03
    -68.402717746967    -68.402717746967         0.19431E-03
    -68.402724076657    -68.402724076657         0.17385E-03
    -68.402725399351    -68.402725399351         0.18406E-03
    -68.402841218265    -68.402841218265         0.32293E-04
    -68.402718639871    -68.402718639871         0.10599E-03
    -68.402725848396    -68.402725848396         0.11202E-03
    -68.402715875752    -68.402715875752         0.14483E-03
    -68.402724385140    -68.402724385140         0.16176E-03
    -68.402715197589    -68.402715197589         0.14283E-03
    -68.402723560613    -68.402723560613         0.11934E-03
    -68.402679815978    -68.402679815978         0.16301E-03
    -68.402715347234    -68.402715347234         0.17428E-03
    -68.402681963284    -68.402681963284         0.18043E-03
    -68.402718931314    -68.402718931314         0.71870E-04
    -68.402714638428    -68.402714638428         0.77261E-04
    -68.402720590582    -68.402720590582         0.16373E-03
    -68.402682811535    -68.402682811535         0.18651E-03
    -68.402683800936    -68.402683800936         0.14622E-03
    -68.402707495181    -68.402707495181         0.85344E-04
    -68.402714603041    -68.402714603041         0.99368E-04
    -68.402682552854    -68.402682552854         0.11402E-03
    -68.402683625936    -68.402683625936         0.17399E-03
    -68.402719483151    -68.402719483151         0.17986E-03
    -68.402666888114    -68.402666888114         0.13674E-03
    -68.402679657004    -68.402679657004         0.19954E-03
    -68.402666515495    -68.402666515495         0.15460E-03
    -68.402666082012    -68.402666082012         0.13680E-03
    -68.402717136025    -68.402717136025         0.12535E-03
    -68.402666138025    -68.402666138025         0.92298E-04
    -68.402678550916    -68.402678550916         0.91107E-04
    -68.402716462939    -68.402716462939         0.36710E-04
    -68.402666756453    -68.402666756453         0.85776E-04
    -68.402680664606    -68.402680664606         0.81301E-04
    -68.402712100768    -68.402712100768         0.57984E-04
    -68.402665910081    -68.402665910081         0.14848E-03
    -68.402666476930    -68.402666476930         0.90641E-04
    -68.402665087874    -68.402665087874         0.19343E-03
    -68.402679017809    -68.402679017809         0.46824E-04
    -68.402680055215    -68.402680055215         0.16396E-03
    -68.402679602826    -68.402679602826         0.18327E-03
    -68.402666122020    -68.402666122020         0.59064E-04
    -68.402660489893    -68.402660489893         0.15809E-03
    -68.402666288541    -68.402666288541         0.99044E-04
    -68.402666616805    -68.402666616805         0.99770E-04
    -68.402667202484    -68.402667202484         0.11231E-03
    -68.402684401081    -68.402684401081         0.12323E-03
    -68.402657606561    -68.402657606561         0.11654E-03
    -68.402710364917    -68.402710364917         0.52202E-04
    -68.402665782135    -68.402665782135         0.13351E-03
    -68.402678699056    -68.402678699056         0.18924E-03
    -68.402658896772    -68.402658896772         0.83592E-04
    -68.402707978123    -68.402707978123         0.32603E-04
    -68.402714908807    -68.402714908807         0.55811E-04
    -68.402716458269    -68.402716458269         0.48595E-04
    -68.402655776571    -68.402655776571         0.14123E-03
    -68.402660369659    -68.402660369659         0.17901E-03
    -68.402683183228    -68.402683183228         0.18638E-03
    -68.402660688050    -68.402660688050         0.59432E-04
    -68.402630227527    -68.402630227527         0.10101E-03
    -68.402633575588    -68.402633575588         0.11872E-03
    -68.402630452053    -68.402630452053         0.14923E-03
    -68.402695617720    -68.402695617720         0.82865E-04
    -68.402630235247    -68.402630235247         0.16455E-03
    -68.402630260951    -68.402630260951         0.17704E-03
    -68.402848906212    -68.402848906212         0.15588E-03
    -68.402675440049    -68.402675440049         0.90925E-04
    -68.402701888807    -68.402701888807         0.59222E-04
    -68.402605365741    -68.402605365741         0.14983E-03
    -68.402734186209    -68.402734186209         0.16261E-03
    -68.402734407491    -68.402734407491         0.96733E-04
    -68.402612724393    -68.402612724393         0.16393E-03
    -68.402613889073    -68.402613889073         0.11969E-03
    -68.402736041931    -68.402736041931         0.16340E-03
    -68.402614184769    -68.402614184769         0.31460E-04
    -68.402592942624    -68.402592942624         0.17982E-03
    -68.402593086941    -68.402593086941         0.11852E-03
    -68.402589015916    -68.402589015916         0.87783E-04
    -68.402594013189    -68.402594013189         0.11963E-03
    -68.402590202567    -68.402590202567         0.12909E-03
    -68.402581947156    -68.402581947156         0.87578E-04
    -68.402588892299    -68.402588892299         0.12784E-03
    -68.402589852917    -68.402589852917         0.28880E-04
    -68.402587993608    -68.402587993608         0.12600E-03
    -68.402591412360    -68.402591412360         0.63592E-04
    -68.402589693821    -68.402589693821         0.81125E-04
    -68.402590248108    -68.402590248108         0.12106E-03
    -68.402566372776    -68.402566372776         0.79753E-04
    -68.402566185444    -68.402566185444         0.14572E-03
    -68.402564043395    -68.402564043395         0.19866E-03
    -68.402566202386    -68.402566202386         0.93386E-04
    -68.402566448333    -68.402566448333         0.97160E-04
    -68.402530621928    -68.402530621928         0.56425E-04
    -68.402547380626    -68.402547380626         0.17322E-03
    -68.402565313631    -68.402565313631         0.19014E-03
    -68.402530461249    -68.402530461249         0.99087E-04
    -68.402527280792    -68.402527280792         0.19334E-03
    -68.402530941506    -68.402530941506         0.11750E-03
    -68.402529784464    -68.402529784464         0.91445E-04
    -68.402529810074    -68.402529810074         0.90746E-04
    -68.402523250112    -68.402523250112         0.50619E-04
    -68.402526172997    -68.402526172997         0.30026E-04
    -68.402509346816    -68.402509346816         0.16357E-03
    -68.402501458298    -68.402501458298         0.18689E-03
    -68.402528082674    -68.402528082674         0.12905E-03
    -68.402501315395    -68.402501315395         0.43821E-04
    -68.402500581419    -68.402500581419         0.16193E-03
    -68.402500242628    -68.402500242628         0.10796E-03
    -68.402500432663    -68.402500432663         0.15431E-03
    -68.402500453816    -68.402500453816         0.14318E-03
    -68.402501364361    -68.402501364361         0.11786E-03
    -68.402499917691    -68.402499917691         0.11048E-03
    -68.402508324051    -68.402508324051         0.16974E-03
    -68.402501069021    -68.402501069021         0.14030E-03
    -68.402499731889    -68.402499731889         0.17684E-03
    -68.402500973282    -68.402500973282         0.14965E-03
    -68.402528125598    -68.402528125598         0.13844E-03
    -68.402498529077    -68.402498529077         0.12485E-03
    -68.402501051287    -68.402501051287         0.10078E-03
    -68.402500708271    -68.402500708271         0.16709E-03
    -68.402500534904    -68.402500534904         0.16091E-03
    -68.402501329941    -68.402501329941         0.99020E-04
    -68.402500376833    -68.402500376833         0.11233E-03
    -68.402500680930    -68.402500680930         0.17953E-03
    -68.402500399676    -68.402500399676         0.76673E-04
    -68.402500371576    -68.402500371576         0.19462E-03
    -68.402500492649    -68.402500492649         0.66109E-04
    -68.402501415633    -68.402501415633         0.15369E-03
    -68.402499111205    -68.402499111205         0.11442E-03
    -68.402498611449    -68.402498611449         0.17965E-03
    -68.402492917542    -68.402492917542         0.97284E-04
    -68.402500098905    -68.402500098905         0.19419E-03
    -68.402489665254    -68.402489665254         0.16025E-03
    -68.402492695160    -68.402492695160         0.10637E-03
    -68.402501758797    -68.402501758797         0.90949E-04
    -68.402501296225    -68.402501296225         0.19426E-03
    -68.402500203569    -68.402500203569         0.11221E-03
    -68.402496316525    -68.402496316525         0.16305E-03
    -68.402492133970    -68.402492133970         0.12744E-03
    -68.402492242311    -68.402492242311         0.13270E-03
    -68.402488857064    -68.402488857064         0.19532E-03
    -68.402489590269    -68.402489590269         0.11149E-03
    -68.402483899470    -68.402483899470         0.14503E-03
    -68.402489454882    -68.402489454882         0.13313E-03
    -68.402489437071    -68.402489437071         0.95202E-04
    -68.402492050842    -68.402492050842         0.71221E-04
    -68.402491863259    -68.402491863259         0.10416E-03
    -68.402489519363    -68.402489519363         0.99147E-04
    -68.402492415532    -68.402492415532         0.13853E-03
    -68.402490448267    -68.402490448267         0.16000E-03
    -68.402492235213    -68.402492235213         0.10968E-03
    -68.402507851585    -68.402507851585         0.15203E-03
    -68.402492396328    -68.402492396328         0.19179E-03
    -68.402505041512    -68.402505041512         0.15079E-03
    -68.402492068356    -68.402492068356         0.10979E-03
    -68.402485956847    -68.402485956847         0.18991E-03
    -68.402500203975    -68.402500203975         0.16606E-03
    -68.402492030566    -68.402492030566         0.11730E-03
    -68.402492198320    -68.402492198320         0.68328E-04
    -68.402500476306    -68.402500476306         0.99061E-04
    -68.402478093837    -68.402478093837         0.52004E-04
    -68.402498631473    -68.402498631473         0.52127E-04
    -68.402482202352    -68.402482202352         0.14659E-03
    -68.402486625874    -68.402486625874         0.75108E-04
    -68.402484041607    -68.402484041607         0.92880E-04
    -68.402483932163    -68.402483932163         0.18872E-03
    -68.402484487843    -68.402484487843         0.18214E-03
    -68.402483984573    -68.402483984573         0.17886E-03
    -68.402474353880    -68.402474353880         0.84110E-04
    -68.402482976284    -68.402482976284         0.10594E-03
    -68.402483391398    -68.402483391398         0.13275E-03
    -68.402505761907    -68.402505761907         0.12325E-03
    -68.402483996003    -68.402483996003         0.67107E-04
    -68.402490853716    -68.402490853716         0.16306E-03
    -68.402492380057    -68.402492380057         0.16397E-03
    -68.402488942924    -68.402488942924         0.52911E-04
    -68.402483347032    -68.402483347032         0.15623E-03
    -68.402487026759    -68.402487026759         0.16718E-03
    -68.402483570425    -68.402483570425         0.13489E-03
    -68.402483373579    -68.402483373579         0.11585E-03
    -68.402485113801    -68.402485113801         0.17013E-03
    -68.402484692569    -68.402484692569         0.14626E-03
    -68.402492072443    -68.402492072443         0.14355E-03
    -68.407691334832    -68.407691334832         0.11132E-03
    -68.402503945443    -68.402503945443         0.89363E-04
    -68.402482702644    -68.402482702644         0.24090E-04
    -68.402482429435    -68.402482429435         0.13195E-03
    -68.402485628817    -68.402485628817         0.16790E-03
    -68.402486042306    -68.402486042306         0.19219E-03
    -68.402476085425    -68.402476085425         0.43926E-04
    -68.402506336347    -68.402506336347         0.93381E-04
    -68.402486270099    -68.402486270099         0.79148E-04
    -68.402505822607    -68.402505822607         0.15051E-03
    -68.402442205484    -68.402442205484         0.16764E-03
    -68.402441499185    -68.402441499185         0.10875E-03
    -68.402441421255    -68.402441421255         0.13614E-03
    -68.402442189212    -68.402442189212         0.17355E-03
    -68.402433704412    -68.402433704412         0.17564E-03
    -68.402421972441    -68.402421972441         0.37590E-04
    -68.402419209145    -68.402419209145         0.17076E-03
    -68.402509368301    -68.402509368301         0.10184E-03
    -68.402417773314    -68.402417773314         0.10098E-03
    -68.402417516650    -68.402417516650         0.17629E-03
    -68.402417300259    -68.402417300259         0.13685E-03
    -68.402505915043    -68.402505915043         0.18035E-03
    -68.402418298257    -68.402418298257         0.19142E-03
    -68.402419922111    -68.402419922111         0.12115E-03
    -68.402477240175    -68.402477240175         0.37905E-04
    -68.402482195020    -68.402482195020         0.17816E-03
    -68.402416985190    -68.402416985190         0.19249E-03
    -68.402417763755    -68.402417763755         0.19371E-03
    -68.402412234981    -68.402412234981         0.19604E-03
    -68.402419587530    -68.402419587530         0.11336E-03
    -68.402416215234    -68.402416215234         0.19975E-03
    -68.402418009770    -68.402418009770         0.15160E-03
    -68.402460205950    -68.402460205950         0.18896E-03
    -68.402416841646    -68.402416841646         0.12496E-03
    -68.402417673019    -68.402417673019         0.19552E-03
    -68.402416069550    -68.402416069550         0.16502E-03
    -68.402417588813    -68.402417588813         0.17079E-03
    -68.402482505503    -68.402482505503         0.19768E-03
    -68.402399862093    -68.402399862093         0.92232E-04
    -68.402398795768    -68.402398795768         0.11065E-03
    -68.402399726786    -68.402399726786         0.18665E-03
    -68.402481537700    -68.402481537700         0.18667E-03
    -68.402413450205    -68.402413450205         0.16518E-03
    -68.402400043292    -68.402400043292         0.14550E-03
    -68.402412962062    -68.402412962062         0.87127E-04
    -68.402417068024    -68.402417068024         0.15230E-03
    -68.402398810711    -68.402398810711         0.16491E-03
    -68.402400536292    -68.402400536292         0.51588E-04
    -68.402392915551    -68.402392915551         0.18995E-03
    -68.402393302578    -68.402393302578         0.14270E-03
    -68.402392243160    -68.402392243160         0.15505E-03
    -68.402393610732    -68.402393610732         0.80747E-04
    -68.402392999919    -68.402392999919         0.18220E-03
    -68.402393932016    -68.402393932016         0.83893E-04
    -68.402393577691    -68.402393577691         0.16664E-03
    -68.402392200239    -68.402392200239         0.15548E-03
    -68.402392769808    -68.402392769808         0.86168E-04
    -68.402376608271    -68.402376608271         0.11001E-03
    -68.402391656711    -68.402391656711         0.15301E-03
    -68.402376337180    -68.402376337180         0.11853E-03
    -68.402376553474    -68.402376553474         0.12912E-03
    -68.402375689222    -68.402375689222         0.13997E-03
    -68.402375469962    -68.402375469962         0.11920E-03
    -68.402376294416    -68.402376294416         0.17755E-03
    -68.402374610894    -68.402374610894         0.19254E-03
    -68.402372219684    -68.402372219684         0.18655E-03
    -68.402375930246    -68.402375930246         0.10053E-03
    -68.402375112458    -68.402375112458         0.17581E-03
    -68.402375829253    -68.402375829253         0.93242E-04
    -68.402374796417    -68.402374796417         0.72761E-04
    -68.402371203789    -68.402371203789         0.17695E-03
    -68.402373675685    -68.402373675685         0.12335E-03
    -68.402371612191    -68.402371612191         0.45643E-04
    -68.402371414110    -68.402371414110         0.81363E-04
    -68.402281466430    -68.402281466430         0.14353E-03
    -68.402275572788    -68.402275572788         0.13951E-03
    -68.402343014900    -68.402343014900         0.19159E-03
    -68.402276378747    -68.402276378747         0.10716E-03
    -68.402275788768    -68.402275788768         0.80810E-04
    -68.402275952272    -68.402275952272         0.15864E-03
    -68.402273403044    -68.402273403044         0.19845E-03
    -68.402273169918    -68.402273169918         0.17697E-03
    -68.402272929295    -68.402272929295         0.18913E-03
    -68.402276208572    -68.402276208572         0.14529E-03
    -68.402281213204    -68.402281213204         0.72717E-04
    -68.402276139943    -68.402276139943         0.14866E-03
    -68.402275719015    -68.402275719015         0.11790E-03
    -68.402280985854    -68.402280985854         0.19266E-03
    -68.402276066486    -68.402276066486         0.17062E-03
    -68.402276351202    -68.402276351202         0.90473E-04
    -68.402275982183    -68.402275982183         0.10353E-03
    -68.402259104556    -68.402259104556         0.10009E-03
    -68.402259193446    -68.402259193446         0.83512E-04
    -68.402276225708    -68.402276225708         0.11640E-03
    -68.402258814465    -68.402258814465         0.13007E-03
    -68.402258855883    -68.402258855883         0.88583E-04
    -68.402258820567    -68.402258820567         0.15857E-03
    -68.402259106462    -68.402259106462         0.74361E-04
    -68.402258610743    -68.402258610743         0.10795E-03
    -68.402258565811    -68.402258565811         0.18270E-03
    -68.402258458445    -68.402258458445         0.13650E-03
    -68.402258828499    -68.402258828499         0.18967E-03
    -68.402257749361    -68.402257749361         0.18737E-03
    -68.402258403642    -68.402258403642         0.14505E-03
    -68.402256626153    -68.402256626153         0.16893E-03
    -68.402258635385    -68.402258635385         0.10765E-03
    -68.402258161427    -68.402258161427         0.17976E-03
    -68.402258702753    -68.402258702753         0.14652E-03
    -68.402259190565    -68.402259190565         0.11224E-03
    -68.402259312794    -68.402259312794         0.11306E-03
    -68.402259264483    -68.402259264483         0.91904E-04
    -68.402253307455    -68.402253307455         0.11991E-03
    -68.402258077624    -68.402258077624         0.19701E-03
    -68.402254009708    -68.402254009708         0.87132E-04
    -68.402253468776    -68.402253468776         0.15584E-03
    -68.402258432697    -68.402258432697         0.10257E-03
    -68.402257782543    -68.402257782543         0.18673E-03
    -68.402253229611    -68.402253229611         0.11803E-03
    -68.402253583842    -68.402253583842         0.11124E-03
    -68.402253586438    -68.402253586438         0.15023E-03
    -68.402253488943    -68.402253488943         0.58705E-04
    -68.402253111289    -68.402253111289         0.15152E-03
    -68.402256638027    -68.402256638027         0.11567E-03
    -68.402258640208    -68.402258640208         0.15517E-03
    -68.402253250085    -68.402253250085         0.16085E-03
    -68.402252941329    -68.402252941329         0.13146E-03
    -68.402253587472    -68.402253587472         0.89688E-04
    -68.402251995019    -68.402251995019         0.18113E-03
    -68.402253805672    -68.402253805672         0.62085E-04
    -68.402253384943    -68.402253384943         0.17393E-03
    -68.402253199765    -68.402253199765         0.12663E-03
    -68.402253300293    -68.402253300293         0.12942E-03
    -68.402253973039    -68.402253973039         0.90191E-04
    -68.402253242414    -68.402253242414         0.12720E-03
    -68.402248699620    -68.402248699620         0.14972E-03
    -68.402248963826    -68.402248963826         0.19954E-03
    -68.402248491091    -68.402248491091         0.11716E-03
    -68.402248666438    -68.402248666438         0.13379E-03
    -68.402248108324    -68.402248108324         0.69386E-04
    -68.402248166369    -68.402248166369         0.79100E-04
    -68.402248036684    -68.402248036684         0.13694E-03
    -68.402248388482    -68.402248388482         0.18950E-03
    -68.402248372406    -68.402248372406         0.95274E-04
    -68.402248764476    -68.402248764476         0.16072E-03
    -68.402253546809    -68.402253546809         0.12416E-03
    -68.402248442585    -68.402248442585         0.11801E-03
    -68.402248735390    -68.402248735390         0.13666E-03
    -68.402248843068    -68.402248843068         0.79684E-04
    -68.402248167599    -68.402248167599         0.12020E-03
    -68.402247696911    -68.402247696911         0.19559E-03
    -68.402247298932    -68.402247298932         0.18418E-03
    -68.402247234473    -68.402247234473         0.19648E-03
    -68.402246498636    -68.402246498636         0.19977E-03
    -68.402247832256    -68.402247832256         0.18643E-03
    -68.402249272549    -68.402249272549         0.99488E-04
    -68.402249089941    -68.402249089941         0.11818E-03
    -68.402249308374    -68.402249308374         0.92636E-04
    -68.402248254464    -68.402248254464         0.81903E-04
    -68.402247875325    -68.402247875325         0.15440E-03
    -68.402247791405    -68.402247791405         0.17565E-03
    -68.402247057731    -68.402247057731         0.15556E-03
    -68.402245320694    -68.402245320694         0.19855E-03
    -68.402248160912    -68.402248160912         0.13086E-03
    -68.402248364838    -68.402248364838         0.17550E-03
    -68.402249333071    -68.402249333071         0.16833E-03
    -68.402247609366    -68.402247609366         0.12870E-03
    -68.402248343048    -68.402248343048         0.14956E-03
    -68.402247456204    -68.402247456204         0.13556E-03
    -68.402249496216    -68.402249496216         0.13164E-03
    -68.402248022292    -68.402248022292         0.16389E-03
    -68.402247369647    -68.402247369647         0.18563E-03
    -68.402248382693    -68.402248382693         0.80648E-04
    -68.402247868942    -68.402247868942         0.13385E-03
    -68.402248321047    -68.402248321047         0.15269E-03
    -68.402247729020    -68.402247729020         0.14568E-03
    -68.402247695506    -68.402247695506         0.15095E-03
    -68.402253628549    -68.402253628549         0.11934E-03
    -68.402248641208    -68.402248641208         0.74078E-04
    -68.402248801935    -68.402248801935         0.72710E-04
    -68.402253674352    -68.402253674352         0.11354E-03
    -68.402120094605    -68.402120094605         0.14902E-03
    -68.402118749824    -68.402118749824         0.14860E-03
    -68.402118744426    -68.402118744426         0.18029E-03
    -68.402107648854    -68.402107648854         0.18683E-03
    -68.402120324481    -68.402120324481         0.12689E-03
    -68.402109823451    -68.402109823451         0.17277E-03
    -68.402117653470    -68.402117653470         0.12887E-03
    -68.402117713557    -68.402117713557         0.14475E-03
    -68.402117599206    -68.402117599206         0.12250E-03
    -68.402113645743    -68.402113645743         0.17889E-03
    -68.402106316365    -68.402106316365         0.14483E-03
    -68.402117532833    -68.402117532833         0.16582E-03
    -68.402117183228    -68.402117183228         0.11032E-03
    -68.402116537466    -68.402116537466         0.15757E-03
    -68.402120168232    -68.402120168232         0.14014E-03
    -68.402119443326    -68.402119443326         0.17723E-03
    -68.402105251683    -68.402105251683         0.15533E-03
    -68.402108821267    -68.402108821267         0.18421E-03
    -68.402113389007    -68.402113389007         0.45270E-04
    -68.402101846611    -68.402101846611         0.15358E-03
    -68.402113339667    -68.402113339667         0.16218E-03
    -68.402104617083    -68.402104617083         0.16979E-03
    -68.402109168846    -68.402109168846         0.13032E-03
    -68.402102871197    -68.402102871197         0.10039E-03
    -68.402114147218    -68.402114147218         0.18211E-03
    -68.402103729312    -68.402103729312         0.17952E-03
    -68.402101525336    -68.402101525336         0.19070E-03
    -68.402109529544    -68.402109529544         0.17997E-03
    -68.402114019107    -68.402114019107         0.10860E-03
    -68.402107824667    -68.402107824667         0.18667E-03
    -68.402100360670    -68.402100360670         0.19462E-03
    -68.402112096402    -68.402112096402         0.16410E-03
    -68.402117069339    -68.402117069339         0.14276E-03
    -68.402120119753    -68.402120119753         0.13041E-03
    -68.402119098039    -68.402119098039         0.11754E-03
    -68.402118415093    -68.402118415093         0.13784E-03
    -68.402118135830    -68.402118135830         0.19555E-03
    -68.402107062064    -68.402107062064         0.62821E-04
    -68.402101562683    -68.402101562683         0.19527E-03
    -68.402120193150    -68.402120193150         0.13010E-03
    -68.402118154069    -68.402118154069         0.79736E-04
    -68.402103822915    -68.402103822915         0.17716E-03
    -68.402105629879    -68.402105629879         0.16379E-03
    -68.402102754659    -68.402102754659         0.16274E-03
    -68.402111878801    -68.402111878801         0.12148E-03
    -68.402096432576    -68.402096432576         0.58285E-04
    -68.402114958215    -68.402114958215         0.17806E-03
    -68.402103334094    -68.402103334094         0.16961E-03
    -68.402116094491    -68.402116094491         0.14648E-03
    -68.402111730968    -68.402111730968         0.18419E-03
    -68.402115994782    -68.402115994782         0.19311E-03
    -68.402103258341    -68.402103258341         0.16188E-03
    -68.402101677728    -68.402101677728         0.18690E-03
    -68.402105035745    -68.402105035745         0.10868E-03
    -68.402108376733    -68.402108376733         0.13430E-03
    -68.402117740464    -68.402117740464         0.19796E-03
    -68.402068915262    -68.402068915262         0.19147E-03
    -68.402114831588    -68.402114831588         0.17269E-03
    -68.402110700530    -68.402110700530         0.44030E-04
    -68.402119265944    -68.402119265944         0.12082E-03
    -68.402115805658    -68.402115805658         0.68650E-04
    -68.402114326441    -68.402114326441         0.19278E-03
    -68.402113782992    -68.402113782992         0.15029E-03
    -68.402109136635    -68.402109136635         0.18284E-03
    -68.402099525802    -68.402099525802         0.17428E-03
    -68.402115336749    -68.402115336749         0.17557E-03
    -68.402028849231    -68.402028849231         0.13424E-03
    -68.402058589746    -68.402058589746         0.68020E-04
    -68.402028450296    -68.402028450296         0.19922E-03
    -68.402028787192    -68.402028787192         0.11733E-03
    -68.402001785570    -68.402001785570         0.17044E-03
    -68.402027529604    -68.402027529604         0.15420E-03
    -68.402002947342    -68.402002947342         0.11759E-03
    -68.401998474299    -68.401998474299         0.87464E-04
    -68.402002540599    -68.402002540599         0.15366E-03
    -68.401999799085    -68.401999799085         0.72906E-04
    -68.401998208071    -68.401998208071         0.98701E-04
    -68.402000681400    -68.402000681400         0.15432E-03
    -68.401997664274    -68.401997664274         0.94547E-04
    -68.402002528786    -68.402002528786         0.15439E-03
    -68.401998961023    -68.401998961023         0.10231E-03
    -68.402000185708    -68.402000185708         0.97772E-04
    -68.401998608178    -68.401998608178         0.18289E-03
    -68.401998173639    -68.401998173639         0.93850E-04
    -68.402001073380    -68.402001073380         0.10757E-03
    -68.401999129800    -68.401999129800         0.19253E-03
    -68.401999108503    -68.401999108503         0.16925E-03
    -68.401998964491    -68.401998964491         0.12029E-03
    -68.401999172091    -68.401999172091         0.12411E-03
    -68.402002446485    -68.402002446485         0.13892E-03
    -68.401998988420    -68.401998988420         0.12222E-03
    -68.402002877746    -68.402002877746         0.93503E-04
    -68.402000765153    -68.402000765153         0.12661E-03
    -68.401993673988    -68.401993673988         0.17759E-03
    -68.402003063801    -68.402003063801         0.84418E-04
    -68.401993763360    -68.401993763360         0.15935E-03
    -68.401998660844    -68.401998660844         0.93182E-04
    -68.401993715597    -68.401993715597         0.17583E-03
    -68.401997997100    -68.401997997100         0.13960E-03
    -68.401998256108    -68.401998256108         0.16041E-03
    -68.401999130409    -68.401999130409         0.14098E-03
    -68.401998586177    -68.401998586177         0.10325E-03
    -68.401999056668    -68.401999056668         0.14407E-03
    -68.402000829336    -68.402000829336         0.14495E-03
    -68.401998581139    -68.401998581139         0.10225E-03
    -68.401992495530    -68.401992495530         0.19460E-03
    -68.402002249455    -68.402002249455         0.84877E-04
    -68.402002802241    -68.402002802241         0.11028E-03
    -68.401998665997    -68.401998665997         0.15865E-03
    -68.401999158708    -68.401999158708         0.11874E-03
    -68.401993530234    -68.401993530234         0.92194E-04
    -68.401991576105    -68.401991576105         0.14116E-03
    -68.401998751619    -68.401998751619         0.58195E-04
    -68.401991315410    -68.401991315410         0.17505E-03
    -68.401998403099    -68.401998403099         0.18734E-03
    -68.402000126609    -68.402000126609         0.13791E-03
    -68.401998926498    -68.401998926498         0.13545E-03
    -68.401993330309    -68.401993330309         0.16126E-03
    -68.401998154368    -68.401998154368         0.16694E-03
    -68.401991770397    -68.401991770397         0.17693E-03
    -68.401978363896    -68.401978363896         0.12783E-03
    -68.401978705567    -68.401978705567         0.12619E-03
    -68.401974369117    -68.401974369117         0.19728E-03
    -68.401945742539    -68.401945742539         0.10573E-03
    -68.401945694971    -68.401945694971         0.14051E-03
    -68.401945911203    -68.401945911203         0.12056E-03
    -68.401945883614    -68.401945883614         0.15581E-03
    -68.401945378254    -68.401945378254         0.17333E-03
    -68.401944147162    -68.401944147162         0.16758E-03
    -68.401946085618    -68.401946085618         0.16696E-03
    -68.401943894150    -68.401943894150         0.16368E-03
    -68.401943290868    -68.401943290868         0.16920E-03
    -68.401946318307    -68.401946318307         0.11388E-03
    -68.401944579990    -68.401944579990         0.19079E-03
    -68.401945904114    -68.401945904114         0.51472E-04
    -68.401946717061    -68.401946717061         0.97030E-04
    -68.401945342478    -68.401945342478         0.16992E-03
    -68.401946600731    -68.401946600731         0.10540E-03
    -68.401946382831    -68.401946382831         0.11619E-03
    -68.401945913782    -68.401945913782         0.61707E-04
    -68.401945033928    -68.401945033928         0.17009E-03
    -68.401924547385    -68.401924547385         0.96083E-04
    -68.401924094040    -68.401924094040         0.14247E-03
    -68.401923856097    -68.401923856097         0.15898E-03
    -68.401946248034    -68.401946248034         0.14885E-03
    -68.401924034685    -68.401924034685         0.17012E-03
    -68.401924408828    -68.401924408828         0.13332E-03
    -68.401924197825    -68.401924197825         0.89257E-04
    -68.401923993318    -68.401923993318         0.14926E-03
    -68.401924864907    -68.401924864907         0.75065E-04
    -68.401924128697    -68.401924128697         0.16154E-03
    -68.401935473269    -68.401935473269         0.16418E-03
    -68.401921259144    -68.401921259144         0.13985E-03
    -68.401924463561    -68.401924463561         0.19349E-03
    -68.401924198254    -68.401924198254         0.14307E-03
    -68.401924024490    -68.401924024490         0.97516E-04
    -68.401851559525    -68.401851559525         0.11314E-03
    -68.401924696685    -68.401924696685         0.14385E-03
    -68.401852474687    -68.401852474687         0.15878E-03
    -68.401849881449    -68.401849881449         0.16075E-03
    -68.401850033693    -68.401850033693         0.14226E-03
    -68.401851502887    -68.401851502887         0.15546E-03
    -68.401850681376    -68.401850681376         0.11468E-03
    -68.401851003504    -68.401851003504         0.15946E-03
    -68.401850184290    -68.401850184290         0.14265E-03
    -68.401851121669    -68.401851121669         0.93930E-04
    -68.401850861370    -68.401850861370         0.92489E-04
    -68.401849732498    -68.401849732498         0.19568E-03
    -68.401850923600    -68.401850923600         0.54883E-04
    -68.401823123263    -68.401823123263         0.18477E-03
    -68.401783505016    -68.401783505016         0.49782E-04
    -68.401850709551    -68.401850709551         0.85118E-04
    -68.401783071999    -68.401783071999         0.92247E-04
    -68.401782618353    -68.401782618353         0.10819E-03
    -68.401783177620    -68.401783177620         0.10221E-03
    -68.401782141215    -68.401782141215         0.17641E-03
    -68.401783206955    -68.401783206955         0.13288E-03
    -68.401782638467    -68.401782638467         0.15615E-03
    -68.401783103737    -68.401783103737         0.12611E-03
    -68.401781997449    -68.401781997449         0.84134E-04
    -68.401753274670    -68.401753274670         0.12274E-03
    -68.401752822093    -68.401752822093         0.69128E-04
    -68.401775214744    -68.401775214744         0.19013E-03
    -68.401753846529    -68.401753846529         0.95805E-04
    -68.401745032537    -68.401745032537         0.19956E-03
    -68.401753529972    -68.401753529972         0.10560E-03
    -68.401745488380    -68.401745488380         0.10002E-03
    -68.401753185116    -68.401753185116         0.19955E-03
    -68.401744221131    -68.401744221131         0.14668E-03
    -68.401753873476    -68.401753873476         0.13182E-03
    -68.401743269197    -68.401743269197         0.16024E-03
    -68.401743980086    -68.401743980086         0.15976E-03
    -68.401743985365    -68.401743985365         0.16060E-03
    -68.401743411928    -68.401743411928         0.10942E-03
    -68.401744239417    -68.401744239417         0.76277E-04
    -68.401743343113    -68.401743343113         0.12907E-03
    -68.401743693988    -68.401743693988         0.15381E-03
    -68.401742653765    -68.401742653765         0.15069E-03
    -68.401741382943    -68.401741382943         0.17206E-03
    -68.401742800357    -68.401742800357         0.77825E-04
    -68.401741502046    -68.401741502046         0.19205E-03
    -68.401742060169    -68.401742060169         0.17061E-03
    -68.401742426998    -68.401742426998         0.18832E-03
    -68.401744290436    -68.401744290436         0.11342E-03
    -68.401740676240    -68.401740676240         0.93938E-04
    -68.401743756634    -68.401743756634         0.11151E-03
    -68.401743316088    -68.401743316088         0.17470E-03
    -68.401742907851    -68.401742907851         0.16694E-03
    -68.401740063694    -68.401740063694         0.19409E-03
    -68.401739947915    -68.401739947915         0.30604E-04
    -68.401717214198    -68.401717214198         0.13035E-03
    -68.401716784732    -68.401716784732         0.13009E-03
    -68.401741812579    -68.401741812579         0.19413E-03
    -68.401716231387    -68.401716231387         0.13127E-03
    -68.401716488040    -68.401716488040         0.81828E-04
    -68.401716954302    -68.401716954302         0.86149E-04
    -68.401716979350    -68.401716979350         0.15649E-03
    -68.401652856663    -68.401652856663         0.13751E-03
    -68.401652120883    -68.401652120883         0.19400E-03
    -68.401698734369    -68.401698734369         0.16992E-03
    -68.401649909745    -68.401649909745         0.19290E-03
    -68.401652587270    -68.401652587270         0.87482E-04
    -68.401647271718    -68.401647271718         0.12020E-03
    -68.401647438801    -68.401647438801         0.12551E-03
    -68.401646436062    -68.401646436062         0.74192E-04
    -68.401647331132    -68.401647331132         0.11974E-03
    -68.401646431207    -68.401646431207         0.13208E-03
    -68.401646934446    -68.401646934446         0.12407E-03
    -68.401645932998    -68.401645932998         0.19035E-03
    -68.401647103189    -68.401647103189         0.17506E-03
    -68.401647256790    -68.401647256790         0.11858E-03
    -68.401652668342    -68.401652668342         0.45036E-04
    -68.401652278901    -68.401652278901         0.11703E-03
    -68.401647414020    -68.401647414020         0.81849E-04
    -68.401652578019    -68.401652578019         0.47769E-04
    -68.401647536742    -68.401647536742         0.13363E-03
    -68.401647193943    -68.401647193943         0.16520E-03
    -68.401402949808    -68.401402949808         0.18443E-03
    -68.401647455948    -68.401647455948         0.11588E-03
    -68.401403356450    -68.401403356450         0.12054E-03
    -68.401392099542    -68.401392099542         0.16291E-03
    -68.401391672128    -68.401391672128         0.18672E-03
    -68.401391310171    -68.401391310171         0.10437E-03
    -68.401401613817    -68.401401613817         0.16890E-03
    -68.401391889288    -68.401391889288         0.12652E-03
    -68.401391939821    -68.401391939821         0.13495E-03
    -68.401390654697    -68.401390654697         0.18415E-03
    -68.401391154269    -68.401391154269         0.10177E-03
    -68.401391650902    -68.401391650902         0.12607E-03
    -68.401386386096    -68.401386386096         0.11419E-03
    -68.401388066138    -68.401388066138         0.10430E-03
    -68.401391827535    -68.401391827535         0.88743E-04
    -68.401392024747    -68.401392024747         0.13536E-03
    -68.401390874145    -68.401390874145         0.92539E-04
    -68.401385700041    -68.401385700041         0.12529E-03
    -68.401392270419    -68.401392270419         0.15162E-03
    -68.401384473986    -68.401384473986         0.19079E-03
    -68.401387319457    -68.401387319457         0.60602E-04
    -68.401387698067    -68.401387698067         0.76662E-04
    -68.401385730200    -68.401385730200         0.95497E-04
    -68.401392529636    -68.401392529636         0.99596E-04
    -68.401387114345    -68.401387114345         0.69208E-04
    -68.401385789010    -68.401385789010         0.53125E-04
    -68.401386484158    -68.401386484158         0.12053E-03
    -68.401392492419    -68.401392492419         0.19220E-03
    -68.401386346348    -68.401386346348         0.18453E-03
    -68.401392274121    -68.401392274121         0.64864E-04
    -68.401384638622    -68.401384638622         0.14193E-03
    -68.401386011389    -68.401386011389         0.16538E-03
    -68.401386587673    -68.401386587673         0.17703E-03
    -68.401392545484    -68.401392545484         0.10838E-03
    -68.401387060478    -68.401387060478         0.19631E-03
    -68.401386673507    -68.401386673507         0.10638E-03
    -68.401386171787    -68.401386171787         0.82130E-04
    -68.401385719109    -68.401385719109         0.94729E-04
    -68.401386210957    -68.401386210957         0.15730E-03
    -68.401386676142    -68.401386676142         0.97850E-04
    -68.401386440507    -68.401386440507         0.11387E-03
    -68.401386033321    -68.401386033321         0.10220E-03
    -68.401384718640    -68.401384718640         0.76450E-04
    -68.401386265177    -68.401386265177         0.19212E-03
    -68.401385275327    -68.401385275327         0.18595E-03
    -68.401385005915    -68.401385005915         0.19161E-03
    -68.401387881777    -68.401387881777         0.41224E-04
    -68.401385213800    -68.401385213800         0.12984E-03
    -68.401385537651    -68.401385537651         0.15017E-03
    -68.401387116952    -68.401387116952         0.17219E-03
    -68.401386707807    -68.401386707807         0.12717E-03
    -68.401386473922    -68.401386473922         0.16386E-03
    -68.401383001408    -68.401383001408         0.16994E-03
    -68.401386270365    -68.401386270365         0.13815E-03
    -68.401379496943    -68.401379496943         0.19598E-03
    -68.401386181465    -68.401386181465         0.19209E-03
    -68.401387969046    -68.401387969046         0.14634E-03
    -68.401385336825    -68.401385336825         0.11169E-03
    -68.401388101315    -68.401388101315         0.19319E-03
    -68.401385116534    -68.401385116534         0.13789E-03
    -68.401385799885    -68.401385799885         0.18535E-03
    -68.401388256179    -68.401388256179         0.75530E-04
    -68.401386330190    -68.401386330190         0.97085E-04
    -68.401388013257    -68.401388013257         0.93480E-04
    -68.401385738536    -68.401385738536         0.17655E-03
    -68.401385464312    -68.401385464312         0.13952E-03
    -68.401386051509    -68.401386051509         0.11182E-03
    -68.401385123432    -68.401385123432         0.15294E-03
    -68.401339047185    -68.401339047185         0.65540E-04
    -68.401338322464    -68.401338322464         0.17835E-03
    -68.401402530245    -68.401402530245         0.18200E-03
    -68.401338622796    -68.401338622796         0.10080E-03
    -68.401337630303    -68.401337630303         0.17003E-03
    -68.401337876092    -68.401337876092         0.94998E-04
    -68.401339010989    -68.401339010989         0.12910E-03
    -68.401337862708    -68.401337862708         0.18343E-03
    -68.401326324839    -68.401326324839         0.13658E-03
    -68.401339158377    -68.401339158377         0.83553E-04
    -68.401325200973    -68.401325200973         0.17533E-03
    -68.401324968211    -68.401324968211         0.19931E-03
    -68.401324914709    -68.401324914709         0.18262E-03
    -68.401326338639    -68.401326338639         0.13686E-03
    -68.401326243284    -68.401326243284         0.18047E-03
    -68.401326251840    -68.401326251840         0.14559E-03
    -68.401300134316    -68.401300134316         0.12076E-03
    -68.401299865779    -68.401299865779         0.81669E-04
    -68.401299905968    -68.401299905968         0.19090E-03
    -68.401287846689    -68.401287846689         0.14375E-03
    -68.401301939314    -68.401301939314         0.14706E-03
    -68.401289356171    -68.401289356171         0.12288E-03
    -68.401301521606    -68.401301521606         0.86401E-04
    -68.403577619206    -68.403577619206         0.11589E-03
    -68.401206759156    -68.401206759156         0.13621E-03
    -68.401171281212    -68.401171281212         0.16643E-03
    -68.401262119224    -68.401262119224         0.35142E-04
    -68.401171614684    -68.401171614684         0.12436E-03
    -68.401170428583    -68.401170428583         0.18945E-03
    -68.401201833195    -68.401201833195         0.11584E-03
    -68.401205987047    -68.401205987047         0.16022E-03
    -68.401171647588    -68.401171647588         0.17979E-03
    -68.401110595548    -68.401110595548         0.11377E-03
    -68.401169912136    -68.401169912136         0.11033E-03
    -68.401111343817    -68.401111343817         0.96731E-04
    -68.401083565190    -68.401083565190         0.13578E-03
    -68.401111835571    -68.401111835571         0.12348E-03
    -68.401083130079    -68.401083130079         0.10565E-03
    -68.401083772493    -68.401083772493         0.11346E-03
    -68.401083740912    -68.401083740912         0.10338E-03
    -68.401083514866    -68.401083514866         0.99180E-04
    -68.403230824598    -68.403230824598         0.17770E-03
    -68.403100882559    -68.403100882559         0.10455E-03
    -68.400998923250    -68.400998923250         0.14920E-03
    -68.401000865345    -68.401000865345         0.18486E-03
    -68.400992412870    -68.400992412870         0.76135E-04
    -68.400987879841    -68.400987879841         0.14785E-03
    -68.400997213446    -68.400997213446         0.17965E-03
    -68.400993137463    -68.400993137463         0.75832E-04
    -68.400987319572    -68.400987319572         0.15032E-03
    -68.400988765242    -68.400988765242         0.17442E-03
    -68.400993161399    -68.400993161399         0.77501E-04
    -68.400985148423    -68.400985148423         0.17252E-03
    -68.400998818245    -68.400998818245         0.15812E-03
    -68.400986309114    -68.400986309114         0.55974E-04
    -68.400988625356    -68.400988625356         0.15954E-03
    -68.400767211989    -68.400767211989         0.15792E-03
    -68.400774606637    -68.400774606637         0.17416E-03
    -68.400768983664    -68.400768983664         0.15250E-03
    -68.400769167380    -68.400769167380         0.17595E-03
    -68.400769703985    -68.400769703985         0.15708E-03
    -68.400772154426    -68.400772154426         0.18671E-03
    -68.400765241559    -68.400765241559         0.18174E-03
    -68.400767915754    -68.400767915754         0.14094E-03
    -68.402971284051    -68.402971284051         0.17254E-03
    -68.400697699621    -68.400697699621         0.14334E-03
    -68.402967070932    -68.402967070932         0.18199E-03
    -68.400670084552    -68.400670084552         0.16160E-03
    -68.400681457153    -68.400681457153         0.16741E-03
    -68.400667125338    -68.400667125338         0.11567E-03
    -68.400662414109    -68.400662414109         0.12749E-03
    -68.402968002073    -68.402968002073         0.65432E-04
    -68.402970552954    -68.402970552954         0.83344E-04
    -68.400682502624    -68.400682502624         0.58323E-04
    -68.402970623592    -68.402970623592         0.17282E-03
    -68.400571482876    -68.400571482876         0.10804E-03
    -68.400551162561    -68.400551162561         0.11118E-03
    -68.400571359944    -68.400571359944         0.84967E-04
    -68.400466849542    -68.400466849542         0.11820E-03
    -68.400449464042    -68.400449464042         0.12980E-03
    -68.400449272711    -68.400449272711         0.11447E-03
    -68.404990576767    -68.404990576767         0.83933E-04
    -68.400448988448    -68.400448988448         0.94981E-04
