ligand_id,target_id,replicate,docked_pdbqt,docked_sdf,energies
Testosterone,1z95,1,"['/home/screener/files/prost_canc/crest_vinardo/results/1z95/replicate 1/Testosterone/1z95_Testosterone_6_replicate1.pdbqt', '/home/screener/files/prost_canc/crest_vinardo/results/1z95/replicate 1/Testosterone/1z95_Testosterone_2_replicate1.pdbqt', '/home/screener/files/prost_canc/crest_vinardo/results/1z95/replicate 1/Testosterone/1z95_Testosterone_1_replicate1.pdbqt', '/home/screener/files/prost_canc/crest_vinardo/results/1z95/replicate 1/Testosterone/1z95_Testosterone_3_replicate1.pdbqt', '/home/screener/files/prost_canc/crest_vinardo/results/1z95/replicate 1/Testosterone/1z95_Testosterone_5_replicate1.pdbqt', '/home/screener/files/prost_canc/crest_vinardo/results/1z95/replicate 1/Testosterone/1z95_Testosterone_4_replicate1.pdbqt', '/home/screener/files/prost_canc/crest_vinardo/results/1z95/replicate 1/Testosterone/1z95_Testosterone_0_replicate1.pdbqt']","['/home/screener/files/prost_canc/crest_vinardo/results/1z95/replicate 1/Testosterone/1z95_Testosterone_6_replicate1.sdf', '/home/screener/files/prost_canc/crest_vinardo/results/1z95/replicate 1/Testosterone/1z95_Testosterone_2_replicate1.sdf', '/home/screener/files/prost_canc/crest_vinardo/results/1z95/replicate 1/Testosterone/1z95_Testosterone_1_replicate1.sdf', '/home/screener/files/prost_canc/crest_vinardo/results/1z95/replicate 1/Testosterone/1z95_Testosterone_3_replicate1.sdf', '/home/screener/files/prost_canc/crest_vinardo/results/1z95/replicate 1/Testosterone/1z95_Testosterone_5_replicate1.sdf', '/home/screener/files/prost_canc/crest_vinardo/results/1z95/replicate 1/Testosterone/1z95_Testosterone_4_replicate1.sdf', '/home/screener/files/prost_canc/crest_vinardo/results/1z95/replicate 1/Testosterone/1z95_Testosterone_0_replicate1.sdf']","[-7.42, -7.42, -7.42, -7.42, -7.42, -7.42, -7.42]"
DTHC,1z95,1,"['/home/screener/files/prost_canc/crest_vinardo/results/1z95/replicate 1/DTHC/1z95_DTHC_0_replicate1.pdbqt', '/home/screener/files/prost_canc/crest_vinardo/results/1z95/replicate 1/DTHC/1z95_DTHC_1_replicate1.pdbqt', '/home/screener/files/prost_canc/crest_vinardo/results/1z95/replicate 1/DTHC/1z95_DTHC_4_replicate1.pdbqt', '/home/screener/files/prost_canc/crest_vinardo/results/1z95/replicate 1/DTHC/1z95_DTHC_2_replicate1.pdbqt', '/home/screener/files/prost_canc/crest_vinardo/results/1z95/replicate 1/DTHC/1z95_DTHC_5_replicate1.pdbqt', '/home/screener/files/prost_canc/crest_vinardo/results/1z95/replicate 1/DTHC/1z95_DTHC_3_replicate1.pdbqt', '/home/screener/files/prost_canc/crest_vinardo/results/1z95/replicate 1/DTHC/1z95_DTHC_6_replicate1.pdbqt', '/home/screener/files/prost_canc/crest_vinardo/results/1z95/replicate 1/DTHC/1z95_DTHC_7_replicate1.pdbqt', '/home/screener/files/prost_canc/crest_vinardo/results/1z95/replicate 1/DTHC/1z95_DTHC_9_replicate1.pdbqt', '/home/screener/files/prost_canc/crest_vinardo/results/1z95/replicate 1/DTHC/1z95_DTHC_8_replicate1.pdbqt']","['/home/screener/files/prost_canc/crest_vinardo/results/1z95/replicate 1/DTHC/1z95_DTHC_0_replicate1.sdf', '/home/screener/files/prost_canc/crest_vinardo/results/1z95/replicate 1/DTHC/1z95_DTHC_1_replicate1.sdf', '/home/screener/files/prost_canc/crest_vinardo/results/1z95/replicate 1/DTHC/1z95_DTHC_4_replicate1.sdf', '/home/screener/files/prost_canc/crest_vinardo/results/1z95/replicate 1/DTHC/1z95_DTHC_2_replicate1.sdf', '/home/screener/files/prost_canc/crest_vinardo/results/1z95/replicate 1/DTHC/1z95_DTHC_5_replicate1.sdf', '/home/screener/files/prost_canc/crest_vinardo/results/1z95/replicate 1/DTHC/1z95_DTHC_3_replicate1.sdf', '/home/screener/files/prost_canc/crest_vinardo/results/1z95/replicate 1/DTHC/1z95_DTHC_6_replicate1.sdf', '/home/screener/files/prost_canc/crest_vinardo/results/1z95/replicate 1/DTHC/1z95_DTHC_7_replicate1.sdf', '/home/screener/files/prost_canc/crest_vinardo/results/1z95/replicate 1/DTHC/1z95_DTHC_9_replicate1.sdf', '/home/screener/files/prost_canc/crest_vinardo/results/1z95/replicate 1/DTHC/1z95_DTHC_8_replicate1.sdf']","[-7.602, -7.602, -7.602, -7.602, -7.602, -7.602, -7.602, -7.602, -7.602, -7.602]"
R1881,1z95,1,"['/home/screener/files/prost_canc/crest_vinardo/results/1z95/replicate 1/R1881/1z95_R1881_2_replicate1.pdbqt', '/home/screener/files/prost_canc/crest_vinardo/results/1z95/replicate 1/R1881/1z95_R1881_0_replicate1.pdbqt', '/home/screener/files/prost_canc/crest_vinardo/results/1z95/replicate 1/R1881/1z95_R1881_1_replicate1.pdbqt', '/home/screener/files/prost_canc/crest_vinardo/results/1z95/replicate 1/R1881/1z95_R1881_3_replicate1.pdbqt', '/home/screener/files/prost_canc/crest_vinardo/results/1z95/replicate 1/R1881/1z95_R1881_4_replicate1.pdbqt', '/home/screener/files/prost_canc/crest_vinardo/results/1z95/replicate 1/R1881/1z95_R1881_6_replicate1.pdbqt', '/home/screener/files/prost_canc/crest_vinardo/results/1z95/replicate 1/R1881/1z95_R1881_7_replicate1.pdbqt', '/home/screener/files/prost_canc/crest_vinardo/results/1z95/replicate 1/R1881/1z95_R1881_5_replicate1.pdbqt', '/home/screener/files/prost_canc/crest_vinardo/results/1z95/replicate 1/R1881/1z95_R1881_8_replicate1.pdbqt']","['/home/screener/files/prost_canc/crest_vinardo/results/1z95/replicate 1/R1881/1z95_R1881_2_replicate1.sdf', '/home/screener/files/prost_canc/crest_vinardo/results/1z95/replicate 1/R1881/1z95_R1881_0_replicate1.sdf', '/home/screener/files/prost_canc/crest_vinardo/results/1z95/replicate 1/R1881/1z95_R1881_1_replicate1.sdf', '/home/screener/files/prost_canc/crest_vinardo/results/1z95/replicate 1/R1881/1z95_R1881_3_replicate1.sdf', '/home/screener/files/prost_canc/crest_vinardo/results/1z95/replicate 1/R1881/1z95_R1881_4_replicate1.sdf', '/home/screener/files/prost_canc/crest_vinardo/results/1z95/replicate 1/R1881/1z95_R1881_6_replicate1.sdf', '/home/screener/files/prost_canc/crest_vinardo/results/1z95/replicate 1/R1881/1z95_R1881_7_replicate1.sdf', '/home/screener/files/prost_canc/crest_vinardo/results/1z95/replicate 1/R1881/1z95_R1881_5_replicate1.sdf', '/home/screener/files/prost_canc/crest_vinardo/results/1z95/replicate 1/R1881/1z95_R1881_8_replicate1.sdf']","[-9.532, -9.532, -9.532, -9.532, -9.532, -9.532, -9.532, -9.532, -9.532]"
DHT,1z95,1,"['/home/screener/files/prost_canc/crest_vinardo/results/1z95/replicate 1/DHT/1z95_DHT_0_replicate1.pdbqt', '/home/screener/files/prost_canc/crest_vinardo/results/1z95/replicate 1/DHT/1z95_DHT_2_replicate1.pdbqt', '/home/screener/files/prost_canc/crest_vinardo/results/1z95/replicate 1/DHT/1z95_DHT_1_replicate1.pdbqt', '/home/screener/files/prost_canc/crest_vinardo/results/1z95/replicate 1/DHT/1z95_DHT_5_replicate1.pdbqt', '/home/screener/files/prost_canc/crest_vinardo/results/1z95/replicate 1/DHT/1z95_DHT_3_replicate1.pdbqt', '/home/screener/files/prost_canc/crest_vinardo/results/1z95/replicate 1/DHT/1z95_DHT_4_replicate1.pdbqt', '/home/screener/files/prost_canc/crest_vinardo/results/1z95/replicate 1/DHT/1z95_DHT_6_replicate1.pdbqt', '/home/screener/files/prost_canc/crest_vinardo/results/1z95/replicate 1/DHT/1z95_DHT_7_replicate1.pdbqt']","['/home/screener/files/prost_canc/crest_vinardo/results/1z95/replicate 1/DHT/1z95_DHT_0_replicate1.sdf', '/home/screener/files/prost_canc/crest_vinardo/results/1z95/replicate 1/DHT/1z95_DHT_2_replicate1.sdf', '/home/screener/files/prost_canc/crest_vinardo/results/1z95/replicate 1/DHT/1z95_DHT_1_replicate1.sdf', '/home/screener/files/prost_canc/crest_vinardo/results/1z95/replicate 1/DHT/1z95_DHT_5_replicate1.sdf', '/home/screener/files/prost_canc/crest_vinardo/results/1z95/replicate 1/DHT/1z95_DHT_3_replicate1.sdf', '/home/screener/files/prost_canc/crest_vinardo/results/1z95/replicate 1/DHT/1z95_DHT_4_replicate1.sdf', '/home/screener/files/prost_canc/crest_vinardo/results/1z95/replicate 1/DHT/1z95_DHT_6_replicate1.sdf', '/home/screener/files/prost_canc/crest_vinardo/results/1z95/replicate 1/DHT/1z95_DHT_7_replicate1.sdf']","[-7.48, -7.48, -7.48, -7.48, -7.48, -7.48, -7.48, -7.48]"
RBICALUTAMIDE,1z95,1,"['/home/screener/files/prost_canc/crest_vinardo/results/1z95/replicate 1/RBICALUTAMIDE/1z95_RBICALUTAMIDE_0_replicate1.pdbqt', '/home/screener/files/prost_canc/crest_vinardo/results/1z95/replicate 1/RBICALUTAMIDE/1z95_RBICALUTAMIDE_3_replicate1.pdbqt', '/home/screener/files/prost_canc/crest_vinardo/results/1z95/replicate 1/RBICALUTAMIDE/1z95_RBICALUTAMIDE_1_replicate1.pdbqt', '/home/screener/files/prost_canc/crest_vinardo/results/1z95/replicate 1/RBICALUTAMIDE/1z95_RBICALUTAMIDE_2_replicate1.pdbqt', '/home/screener/files/prost_canc/crest_vinardo/results/1z95/replicate 1/RBICALUTAMIDE/1z95_RBICALUTAMIDE_4_replicate1.pdbqt', '/home/screener/files/prost_canc/crest_vinardo/results/1z95/replicate 1/RBICALUTAMIDE/1z95_RBICALUTAMIDE_6_replicate1.pdbqt', '/home/screener/files/prost_canc/crest_vinardo/results/1z95/replicate 1/RBICALUTAMIDE/1z95_RBICALUTAMIDE_5_replicate1.pdbqt', '/home/screener/files/prost_canc/crest_vinardo/results/1z95/replicate 1/RBICALUTAMIDE/1z95_RBICALUTAMIDE_7_replicate1.pdbqt', '/home/screener/files/prost_canc/crest_vinardo/results/1z95/replicate 1/RBICALUTAMIDE/1z95_RBICALUTAMIDE_8_replicate1.pdbqt', '/home/screener/files/prost_canc/crest_vinardo/results/1z95/replicate 1/RBICALUTAMIDE/1z95_RBICALUTAMIDE_9_replicate1.pdbqt']","['/home/screener/files/prost_canc/crest_vinardo/results/1z95/replicate 1/RBICALUTAMIDE/1z95_RBICALUTAMIDE_0_replicate1.sdf', '/home/screener/files/prost_canc/crest_vinardo/results/1z95/replicate 1/RBICALUTAMIDE/1z95_RBICALUTAMIDE_3_replicate1.sdf', '/home/screener/files/prost_canc/crest_vinardo/results/1z95/replicate 1/RBICALUTAMIDE/1z95_RBICALUTAMIDE_1_replicate1.sdf', '/home/screener/files/prost_canc/crest_vinardo/results/1z95/replicate 1/RBICALUTAMIDE/1z95_RBICALUTAMIDE_2_replicate1.sdf', '/home/screener/files/prost_canc/crest_vinardo/results/1z95/replicate 1/RBICALUTAMIDE/1z95_RBICALUTAMIDE_4_replicate1.sdf', '/home/screener/files/prost_canc/crest_vinardo/results/1z95/replicate 1/RBICALUTAMIDE/1z95_RBICALUTAMIDE_6_replicate1.sdf', '/home/screener/files/prost_canc/crest_vinardo/results/1z95/replicate 1/RBICALUTAMIDE/1z95_RBICALUTAMIDE_5_replicate1.sdf', '/home/screener/files/prost_canc/crest_vinardo/results/1z95/replicate 1/RBICALUTAMIDE/1z95_RBICALUTAMIDE_7_replicate1.sdf', '/home/screener/files/prost_canc/crest_vinardo/results/1z95/replicate 1/RBICALUTAMIDE/1z95_RBICALUTAMIDE_8_replicate1.sdf', '/home/screener/files/prost_canc/crest_vinardo/results/1z95/replicate 1/RBICALUTAMIDE/1z95_RBICALUTAMIDE_9_replicate1.sdf']","[-10.434, -10.434, -10.434, -10.434, -10.434, -10.434, -10.434, -10.434, -10.434, -10.434]"
LTHC,1z95,1,"['/home/screener/files/prost_canc/crest_vinardo/results/1z95/replicate 1/LTHC/1z95_LTHC_0_replicate1.pdbqt', '/home/screener/files/prost_canc/crest_vinardo/results/1z95/replicate 1/LTHC/1z95_LTHC_1_replicate1.pdbqt', '/home/screener/files/prost_canc/crest_vinardo/results/1z95/replicate 1/LTHC/1z95_LTHC_2_replicate1.pdbqt', '/home/screener/files/prost_canc/crest_vinardo/results/1z95/replicate 1/LTHC/1z95_LTHC_3_replicate1.pdbqt', '/home/screener/files/prost_canc/crest_vinardo/results/1z95/replicate 1/LTHC/1z95_LTHC_4_replicate1.pdbqt', '/home/screener/files/prost_canc/crest_vinardo/results/1z95/replicate 1/LTHC/1z95_LTHC_5_replicate1.pdbqt', '/home/screener/files/prost_canc/crest_vinardo/results/1z95/replicate 1/LTHC/1z95_LTHC_6_replicate1.pdbqt', '/home/screener/files/prost_canc/crest_vinardo/results/1z95/replicate 1/LTHC/1z95_LTHC_7_replicate1.pdbqt', '/home/screener/files/prost_canc/crest_vinardo/results/1z95/replicate 1/LTHC/1z95_LTHC_8_replicate1.pdbqt', '/home/screener/files/prost_canc/crest_vinardo/results/1z95/replicate 1/LTHC/1z95_LTHC_9_replicate1.pdbqt']","['/home/screener/files/prost_canc/crest_vinardo/results/1z95/replicate 1/LTHC/1z95_LTHC_0_replicate1.sdf', '/home/screener/files/prost_canc/crest_vinardo/results/1z95/replicate 1/LTHC/1z95_LTHC_1_replicate1.sdf', '/home/screener/files/prost_canc/crest_vinardo/results/1z95/replicate 1/LTHC/1z95_LTHC_2_replicate1.sdf', '/home/screener/files/prost_canc/crest_vinardo/results/1z95/replicate 1/LTHC/1z95_LTHC_3_replicate1.sdf', '/home/screener/files/prost_canc/crest_vinardo/results/1z95/replicate 1/LTHC/1z95_LTHC_4_replicate1.sdf', '/home/screener/files/prost_canc/crest_vinardo/results/1z95/replicate 1/LTHC/1z95_LTHC_5_replicate1.sdf', '/home/screener/files/prost_canc/crest_vinardo/results/1z95/replicate 1/LTHC/1z95_LTHC_6_replicate1.sdf', '/home/screener/files/prost_canc/crest_vinardo/results/1z95/replicate 1/LTHC/1z95_LTHC_7_replicate1.sdf', '/home/screener/files/prost_canc/crest_vinardo/results/1z95/replicate 1/LTHC/1z95_LTHC_8_replicate1.sdf', '/home/screener/files/prost_canc/crest_vinardo/results/1z95/replicate 1/LTHC/1z95_LTHC_9_replicate1.sdf']","[-7.594, -7.594, -7.594, -7.594, -7.594, -7.594, -7.594, -7.594, -7.594, -7.594]"
5FAKB48,1z95,1,"['/home/screener/files/prost_canc/crest_vinardo/results/1z95/replicate 1/5FAKB48/1z95_5FAKB48_0_replicate1.pdbqt', '/home/screener/files/prost_canc/crest_vinardo/results/1z95/replicate 1/5FAKB48/1z95_5FAKB48_1_replicate1.pdbqt', '/home/screener/files/prost_canc/crest_vinardo/results/1z95/replicate 1/5FAKB48/1z95_5FAKB48_2_replicate1.pdbqt', '/home/screener/files/prost_canc/crest_vinardo/results/1z95/replicate 1/5FAKB48/1z95_5FAKB48_4_replicate1.pdbqt', '/home/screener/files/prost_canc/crest_vinardo/results/1z95/replicate 1/5FAKB48/1z95_5FAKB48_3_replicate1.pdbqt', '/home/screener/files/prost_canc/crest_vinardo/results/1z95/replicate 1/5FAKB48/1z95_5FAKB48_5_replicate1.pdbqt', '/home/screener/files/prost_canc/crest_vinardo/results/1z95/replicate 1/5FAKB48/1z95_5FAKB48_6_replicate1.pdbqt', '/home/screener/files/prost_canc/crest_vinardo/results/1z95/replicate 1/5FAKB48/1z95_5FAKB48_7_replicate1.pdbqt', '/home/screener/files/prost_canc/crest_vinardo/results/1z95/replicate 1/5FAKB48/1z95_5FAKB48_8_replicate1.pdbqt', '/home/screener/files/prost_canc/crest_vinardo/results/1z95/replicate 1/5FAKB48/1z95_5FAKB48_9_replicate1.pdbqt']","['/home/screener/files/prost_canc/crest_vinardo/results/1z95/replicate 1/5FAKB48/1z95_5FAKB48_0_replicate1.sdf', '/home/screener/files/prost_canc/crest_vinardo/results/1z95/replicate 1/5FAKB48/1z95_5FAKB48_1_replicate1.sdf', '/home/screener/files/prost_canc/crest_vinardo/results/1z95/replicate 1/5FAKB48/1z95_5FAKB48_2_replicate1.sdf', '/home/screener/files/prost_canc/crest_vinardo/results/1z95/replicate 1/5FAKB48/1z95_5FAKB48_4_replicate1.sdf', '/home/screener/files/prost_canc/crest_vinardo/results/1z95/replicate 1/5FAKB48/1z95_5FAKB48_3_replicate1.sdf', '/home/screener/files/prost_canc/crest_vinardo/results/1z95/replicate 1/5FAKB48/1z95_5FAKB48_5_replicate1.sdf', '/home/screener/files/prost_canc/crest_vinardo/results/1z95/replicate 1/5FAKB48/1z95_5FAKB48_6_replicate1.sdf', '/home/screener/files/prost_canc/crest_vinardo/results/1z95/replicate 1/5FAKB48/1z95_5FAKB48_7_replicate1.sdf', '/home/screener/files/prost_canc/crest_vinardo/results/1z95/replicate 1/5FAKB48/1z95_5FAKB48_8_replicate1.sdf', '/home/screener/files/prost_canc/crest_vinardo/results/1z95/replicate 1/5FAKB48/1z95_5FAKB48_9_replicate1.sdf']","[-7.637, -7.637, -7.637, -7.637, -7.637, -7.637, -7.637, -7.637, -7.637, -7.637]"
CBN,1z95,1,"['/home/screener/files/prost_canc/crest_vinardo/results/1z95/replicate 1/CBN/1z95_CBN_0_replicate1.pdbqt', '/home/screener/files/prost_canc/crest_vinardo/results/1z95/replicate 1/CBN/1z95_CBN_1_replicate1.pdbqt', '/home/screener/files/prost_canc/crest_vinardo/results/1z95/replicate 1/CBN/1z95_CBN_2_replicate1.pdbqt', '/home/screener/files/prost_canc/crest_vinardo/results/1z95/replicate 1/CBN/1z95_CBN_3_replicate1.pdbqt', '/home/screener/files/prost_canc/crest_vinardo/results/1z95/replicate 1/CBN/1z95_CBN_4_replicate1.pdbqt', '/home/screener/files/prost_canc/crest_vinardo/results/1z95/replicate 1/CBN/1z95_CBN_5_replicate1.pdbqt', '/home/screener/files/prost_canc/crest_vinardo/results/1z95/replicate 1/CBN/1z95_CBN_6_replicate1.pdbqt', '/home/screener/files/prost_canc/crest_vinardo/results/1z95/replicate 1/CBN/1z95_CBN_7_replicate1.pdbqt', '/home/screener/files/prost_canc/crest_vinardo/results/1z95/replicate 1/CBN/1z95_CBN_8_replicate1.pdbqt', '/home/screener/files/prost_canc/crest_vinardo/results/1z95/replicate 1/CBN/1z95_CBN_9_replicate1.pdbqt']","['/home/screener/files/prost_canc/crest_vinardo/results/1z95/replicate 1/CBN/1z95_CBN_0_replicate1.sdf', '/home/screener/files/prost_canc/crest_vinardo/results/1z95/replicate 1/CBN/1z95_CBN_1_replicate1.sdf', '/home/screener/files/prost_canc/crest_vinardo/results/1z95/replicate 1/CBN/1z95_CBN_2_replicate1.sdf', '/home/screener/files/prost_canc/crest_vinardo/results/1z95/replicate 1/CBN/1z95_CBN_3_replicate1.sdf', '/home/screener/files/prost_canc/crest_vinardo/results/1z95/replicate 1/CBN/1z95_CBN_4_replicate1.sdf', '/home/screener/files/prost_canc/crest_vinardo/results/1z95/replicate 1/CBN/1z95_CBN_5_replicate1.sdf', '/home/screener/files/prost_canc/crest_vinardo/results/1z95/replicate 1/CBN/1z95_CBN_6_replicate1.sdf', '/home/screener/files/prost_canc/crest_vinardo/results/1z95/replicate 1/CBN/1z95_CBN_7_replicate1.sdf', '/home/screener/files/prost_canc/crest_vinardo/results/1z95/replicate 1/CBN/1z95_CBN_8_replicate1.sdf', '/home/screener/files/prost_canc/crest_vinardo/results/1z95/replicate 1/CBN/1z95_CBN_9_replicate1.sdf']","[-7.166, -7.166, -7.166, -7.166, -7.166, -7.166, -7.166, -7.166, -7.166, -7.166]"
CBD,1z95,1,"['/home/screener/files/prost_canc/crest_vinardo/results/1z95/replicate 1/CBD/1z95_CBD_0_replicate1.pdbqt', '/home/screener/files/prost_canc/crest_vinardo/results/1z95/replicate 1/CBD/1z95_CBD_1_replicate1.pdbqt', '/home/screener/files/prost_canc/crest_vinardo/results/1z95/replicate 1/CBD/1z95_CBD_2_replicate1.pdbqt', '/home/screener/files/prost_canc/crest_vinardo/results/1z95/replicate 1/CBD/1z95_CBD_3_replicate1.pdbqt', '/home/screener/files/prost_canc/crest_vinardo/results/1z95/replicate 1/CBD/1z95_CBD_4_replicate1.pdbqt', '/home/screener/files/prost_canc/crest_vinardo/results/1z95/replicate 1/CBD/1z95_CBD_5_replicate1.pdbqt', '/home/screener/files/prost_canc/crest_vinardo/results/1z95/replicate 1/CBD/1z95_CBD_6_replicate1.pdbqt', '/home/screener/files/prost_canc/crest_vinardo/results/1z95/replicate 1/CBD/1z95_CBD_8_replicate1.pdbqt', '/home/screener/files/prost_canc/crest_vinardo/results/1z95/replicate 1/CBD/1z95_CBD_7_replicate1.pdbqt', '/home/screener/files/prost_canc/crest_vinardo/results/1z95/replicate 1/CBD/1z95_CBD_9_replicate1.pdbqt']","['/home/screener/files/prost_canc/crest_vinardo/results/1z95/replicate 1/CBD/1z95_CBD_0_replicate1.sdf', '/home/screener/files/prost_canc/crest_vinardo/results/1z95/replicate 1/CBD/1z95_CBD_1_replicate1.sdf', '/home/screener/files/prost_canc/crest_vinardo/results/1z95/replicate 1/CBD/1z95_CBD_2_replicate1.sdf', '/home/screener/files/prost_canc/crest_vinardo/results/1z95/replicate 1/CBD/1z95_CBD_3_replicate1.sdf', '/home/screener/files/prost_canc/crest_vinardo/results/1z95/replicate 1/CBD/1z95_CBD_4_replicate1.sdf', '/home/screener/files/prost_canc/crest_vinardo/results/1z95/replicate 1/CBD/1z95_CBD_5_replicate1.sdf', '/home/screener/files/prost_canc/crest_vinardo/results/1z95/replicate 1/CBD/1z95_CBD_6_replicate1.sdf', '/home/screener/files/prost_canc/crest_vinardo/results/1z95/replicate 1/CBD/1z95_CBD_8_replicate1.sdf', '/home/screener/files/prost_canc/crest_vinardo/results/1z95/replicate 1/CBD/1z95_CBD_7_replicate1.sdf', '/home/screener/files/prost_canc/crest_vinardo/results/1z95/replicate 1/CBD/1z95_CBD_9_replicate1.sdf']","[-6.993, -6.993, -6.993, -6.993, -6.993, -6.993, -6.993, -6.993, -6.993, -6.993]"
MDMBCHMINACA,1z95,1,"['/home/screener/files/prost_canc/crest_vinardo/results/1z95/replicate 1/MDMBCHMINACA/1z95_MDMBCHMINACA_0_replicate1.pdbqt', '/home/screener/files/prost_canc/crest_vinardo/results/1z95/replicate 1/MDMBCHMINACA/1z95_MDMBCHMINACA_1_replicate1.pdbqt', '/home/screener/files/prost_canc/crest_vinardo/results/1z95/replicate 1/MDMBCHMINACA/1z95_MDMBCHMINACA_2_replicate1.pdbqt', '/home/screener/files/prost_canc/crest_vinardo/results/1z95/replicate 1/MDMBCHMINACA/1z95_MDMBCHMINACA_3_replicate1.pdbqt', '/home/screener/files/prost_canc/crest_vinardo/results/1z95/replicate 1/MDMBCHMINACA/1z95_MDMBCHMINACA_4_replicate1.pdbqt', '/home/screener/files/prost_canc/crest_vinardo/results/1z95/replicate 1/MDMBCHMINACA/1z95_MDMBCHMINACA_5_replicate1.pdbqt', '/home/screener/files/prost_canc/crest_vinardo/results/1z95/replicate 1/MDMBCHMINACA/1z95_MDMBCHMINACA_6_replicate1.pdbqt', '/home/screener/files/prost_canc/crest_vinardo/results/1z95/replicate 1/MDMBCHMINACA/1z95_MDMBCHMINACA_7_replicate1.pdbqt', '/home/screener/files/prost_canc/crest_vinardo/results/1z95/replicate 1/MDMBCHMINACA/1z95_MDMBCHMINACA_8_replicate1.pdbqt', '/home/screener/files/prost_canc/crest_vinardo/results/1z95/replicate 1/MDMBCHMINACA/1z95_MDMBCHMINACA_9_replicate1.pdbqt']","['/home/screener/files/prost_canc/crest_vinardo/results/1z95/replicate 1/MDMBCHMINACA/1z95_MDMBCHMINACA_0_replicate1.sdf', '/home/screener/files/prost_canc/crest_vinardo/results/1z95/replicate 1/MDMBCHMINACA/1z95_MDMBCHMINACA_1_replicate1.sdf', '/home/screener/files/prost_canc/crest_vinardo/results/1z95/replicate 1/MDMBCHMINACA/1z95_MDMBCHMINACA_2_replicate1.sdf', '/home/screener/files/prost_canc/crest_vinardo/results/1z95/replicate 1/MDMBCHMINACA/1z95_MDMBCHMINACA_3_replicate1.sdf', '/home/screener/files/prost_canc/crest_vinardo/results/1z95/replicate 1/MDMBCHMINACA/1z95_MDMBCHMINACA_4_replicate1.sdf', '/home/screener/files/prost_canc/crest_vinardo/results/1z95/replicate 1/MDMBCHMINACA/1z95_MDMBCHMINACA_5_replicate1.sdf', '/home/screener/files/prost_canc/crest_vinardo/results/1z95/replicate 1/MDMBCHMINACA/1z95_MDMBCHMINACA_6_replicate1.sdf', '/home/screener/files/prost_canc/crest_vinardo/results/1z95/replicate 1/MDMBCHMINACA/1z95_MDMBCHMINACA_7_replicate1.sdf', '/home/screener/files/prost_canc/crest_vinardo/results/1z95/replicate 1/MDMBCHMINACA/1z95_MDMBCHMINACA_8_replicate1.sdf', '/home/screener/files/prost_canc/crest_vinardo/results/1z95/replicate 1/MDMBCHMINACA/1z95_MDMBCHMINACA_9_replicate1.sdf']","[-8.673, -8.673, -8.673, -8.673, -8.673, -8.673, -8.673, -8.673, -8.673, -8.673]"
HU210,1z95,1,"['/home/screener/files/prost_canc/crest_vinardo/results/1z95/replicate 1/HU210/1z95_HU210_0_replicate1.pdbqt', '/home/screener/files/prost_canc/crest_vinardo/results/1z95/replicate 1/HU210/1z95_HU210_1_replicate1.pdbqt', '/home/screener/files/prost_canc/crest_vinardo/results/1z95/replicate 1/HU210/1z95_HU210_2_replicate1.pdbqt', '/home/screener/files/prost_canc/crest_vinardo/results/1z95/replicate 1/HU210/1z95_HU210_3_replicate1.pdbqt', '/home/screener/files/prost_canc/crest_vinardo/results/1z95/replicate 1/HU210/1z95_HU210_4_replicate1.pdbqt', '/home/screener/files/prost_canc/crest_vinardo/results/1z95/replicate 1/HU210/1z95_HU210_5_replicate1.pdbqt', '/home/screener/files/prost_canc/crest_vinardo/results/1z95/replicate 1/HU210/1z95_HU210_6_replicate1.pdbqt', '/home/screener/files/prost_canc/crest_vinardo/results/1z95/replicate 1/HU210/1z95_HU210_7_replicate1.pdbqt', '/home/screener/files/prost_canc/crest_vinardo/results/1z95/replicate 1/HU210/1z95_HU210_8_replicate1.pdbqt', '/home/screener/files/prost_canc/crest_vinardo/results/1z95/replicate 1/HU210/1z95_HU210_9_replicate1.pdbqt']","['/home/screener/files/prost_canc/crest_vinardo/results/1z95/replicate 1/HU210/1z95_HU210_0_replicate1.sdf', '/home/screener/files/prost_canc/crest_vinardo/results/1z95/replicate 1/HU210/1z95_HU210_1_replicate1.sdf', '/home/screener/files/prost_canc/crest_vinardo/results/1z95/replicate 1/HU210/1z95_HU210_2_replicate1.sdf', '/home/screener/files/prost_canc/crest_vinardo/results/1z95/replicate 1/HU210/1z95_HU210_3_replicate1.sdf', '/home/screener/files/prost_canc/crest_vinardo/results/1z95/replicate 1/HU210/1z95_HU210_4_replicate1.sdf', '/home/screener/files/prost_canc/crest_vinardo/results/1z95/replicate 1/HU210/1z95_HU210_5_replicate1.sdf', '/home/screener/files/prost_canc/crest_vinardo/results/1z95/replicate 1/HU210/1z95_HU210_6_replicate1.sdf', '/home/screener/files/prost_canc/crest_vinardo/results/1z95/replicate 1/HU210/1z95_HU210_7_replicate1.sdf', '/home/screener/files/prost_canc/crest_vinardo/results/1z95/replicate 1/HU210/1z95_HU210_8_replicate1.sdf', '/home/screener/files/prost_canc/crest_vinardo/results/1z95/replicate 1/HU210/1z95_HU210_9_replicate1.sdf']","[-4.707, -4.707, -4.707, -4.707, -4.707, -4.707, -4.707, -4.707, -4.707, -4.707]"
Testosterone,1z95,2,"['/home/screener/files/prost_canc/crest_vinardo/results/1z95/replicate 2/Testosterone/1z95_Testosterone_2_replicate2.pdbqt', '/home/screener/files/prost_canc/crest_vinardo/results/1z95/replicate 2/Testosterone/1z95_Testosterone_1_replicate2.pdbqt', '/home/screener/files/prost_canc/crest_vinardo/results/1z95/replicate 2/Testosterone/1z95_Testosterone_6_replicate2.pdbqt', '/home/screener/files/prost_canc/crest_vinardo/results/1z95/replicate 2/Testosterone/1z95_Testosterone_4_replicate2.pdbqt', '/home/screener/files/prost_canc/crest_vinardo/results/1z95/replicate 2/Testosterone/1z95_Testosterone_0_replicate2.pdbqt', '/home/screener/files/prost_canc/crest_vinardo/results/1z95/replicate 2/Testosterone/1z95_Testosterone_3_replicate2.pdbqt', '/home/screener/files/prost_canc/crest_vinardo/results/1z95/replicate 2/Testosterone/1z95_Testosterone_5_replicate2.pdbqt']","['/home/screener/files/prost_canc/crest_vinardo/results/1z95/replicate 2/Testosterone/1z95_Testosterone_2_replicate2.sdf', '/home/screener/files/prost_canc/crest_vinardo/results/1z95/replicate 2/Testosterone/1z95_Testosterone_1_replicate2.sdf', '/home/screener/files/prost_canc/crest_vinardo/results/1z95/replicate 2/Testosterone/1z95_Testosterone_6_replicate2.sdf', '/home/screener/files/prost_canc/crest_vinardo/results/1z95/replicate 2/Testosterone/1z95_Testosterone_4_replicate2.sdf', '/home/screener/files/prost_canc/crest_vinardo/results/1z95/replicate 2/Testosterone/1z95_Testosterone_0_replicate2.sdf', '/home/screener/files/prost_canc/crest_vinardo/results/1z95/replicate 2/Testosterone/1z95_Testosterone_3_replicate2.sdf', '/home/screener/files/prost_canc/crest_vinardo/results/1z95/replicate 2/Testosterone/1z95_Testosterone_5_replicate2.sdf']","[-7.42, -7.42, -7.42, -7.42, -7.42, -7.42, -7.42]"
DTHC,1z95,2,"['/home/screener/files/prost_canc/crest_vinardo/results/1z95/replicate 2/DTHC/1z95_DTHC_0_replicate2.pdbqt', '/home/screener/files/prost_canc/crest_vinardo/results/1z95/replicate 2/DTHC/1z95_DTHC_1_replicate2.pdbqt', '/home/screener/files/prost_canc/crest_vinardo/results/1z95/replicate 2/DTHC/1z95_DTHC_6_replicate2.pdbqt', '/home/screener/files/prost_canc/crest_vinardo/results/1z95/replicate 2/DTHC/1z95_DTHC_5_replicate2.pdbqt', '/home/screener/files/prost_canc/crest_vinardo/results/1z95/replicate 2/DTHC/1z95_DTHC_3_replicate2.pdbqt', '/home/screener/files/prost_canc/crest_vinardo/results/1z95/replicate 2/DTHC/1z95_DTHC_4_replicate2.pdbqt', '/home/screener/files/prost_canc/crest_vinardo/results/1z95/replicate 2/DTHC/1z95_DTHC_2_replicate2.pdbqt', '/home/screener/files/prost_canc/crest_vinardo/results/1z95/replicate 2/DTHC/1z95_DTHC_7_replicate2.pdbqt', '/home/screener/files/prost_canc/crest_vinardo/results/1z95/replicate 2/DTHC/1z95_DTHC_8_replicate2.pdbqt', '/home/screener/files/prost_canc/crest_vinardo/results/1z95/replicate 2/DTHC/1z95_DTHC_9_replicate2.pdbqt']","['/home/screener/files/prost_canc/crest_vinardo/results/1z95/replicate 2/DTHC/1z95_DTHC_0_replicate2.sdf', '/home/screener/files/prost_canc/crest_vinardo/results/1z95/replicate 2/DTHC/1z95_DTHC_1_replicate2.sdf', '/home/screener/files/prost_canc/crest_vinardo/results/1z95/replicate 2/DTHC/1z95_DTHC_6_replicate2.sdf', '/home/screener/files/prost_canc/crest_vinardo/results/1z95/replicate 2/DTHC/1z95_DTHC_5_replicate2.sdf', '/home/screener/files/prost_canc/crest_vinardo/results/1z95/replicate 2/DTHC/1z95_DTHC_3_replicate2.sdf', '/home/screener/files/prost_canc/crest_vinardo/results/1z95/replicate 2/DTHC/1z95_DTHC_4_replicate2.sdf', '/home/screener/files/prost_canc/crest_vinardo/results/1z95/replicate 2/DTHC/1z95_DTHC_2_replicate2.sdf', '/home/screener/files/prost_canc/crest_vinardo/results/1z95/replicate 2/DTHC/1z95_DTHC_7_replicate2.sdf', '/home/screener/files/prost_canc/crest_vinardo/results/1z95/replicate 2/DTHC/1z95_DTHC_8_replicate2.sdf', '/home/screener/files/prost_canc/crest_vinardo/results/1z95/replicate 2/DTHC/1z95_DTHC_9_replicate2.sdf']","[-7.602, -7.602, -7.602, -7.602, -7.602, -7.602, -7.602, -7.602, -7.602, -7.602]"
R1881,1z95,2,"['/home/screener/files/prost_canc/crest_vinardo/results/1z95/replicate 2/R1881/1z95_R1881_3_replicate2.pdbqt', '/home/screener/files/prost_canc/crest_vinardo/results/1z95/replicate 2/R1881/1z95_R1881_2_replicate2.pdbqt', '/home/screener/files/prost_canc/crest_vinardo/results/1z95/replicate 2/R1881/1z95_R1881_1_replicate2.pdbqt', '/home/screener/files/prost_canc/crest_vinardo/results/1z95/replicate 2/R1881/1z95_R1881_0_replicate2.pdbqt', '/home/screener/files/prost_canc/crest_vinardo/results/1z95/replicate 2/R1881/1z95_R1881_4_replicate2.pdbqt', '/home/screener/files/prost_canc/crest_vinardo/results/1z95/replicate 2/R1881/1z95_R1881_5_replicate2.pdbqt', '/home/screener/files/prost_canc/crest_vinardo/results/1z95/replicate 2/R1881/1z95_R1881_6_replicate2.pdbqt', '/home/screener/files/prost_canc/crest_vinardo/results/1z95/replicate 2/R1881/1z95_R1881_7_replicate2.pdbqt', '/home/screener/files/prost_canc/crest_vinardo/results/1z95/replicate 2/R1881/1z95_R1881_8_replicate2.pdbqt']","['/home/screener/files/prost_canc/crest_vinardo/results/1z95/replicate 2/R1881/1z95_R1881_3_replicate2.sdf', '/home/screener/files/prost_canc/crest_vinardo/results/1z95/replicate 2/R1881/1z95_R1881_2_replicate2.sdf', '/home/screener/files/prost_canc/crest_vinardo/results/1z95/replicate 2/R1881/1z95_R1881_1_replicate2.sdf', '/home/screener/files/prost_canc/crest_vinardo/results/1z95/replicate 2/R1881/1z95_R1881_0_replicate2.sdf', '/home/screener/files/prost_canc/crest_vinardo/results/1z95/replicate 2/R1881/1z95_R1881_4_replicate2.sdf', '/home/screener/files/prost_canc/crest_vinardo/results/1z95/replicate 2/R1881/1z95_R1881_5_replicate2.sdf', '/home/screener/files/prost_canc/crest_vinardo/results/1z95/replicate 2/R1881/1z95_R1881_6_replicate2.sdf', '/home/screener/files/prost_canc/crest_vinardo/results/1z95/replicate 2/R1881/1z95_R1881_7_replicate2.sdf', '/home/screener/files/prost_canc/crest_vinardo/results/1z95/replicate 2/R1881/1z95_R1881_8_replicate2.sdf']","[-9.532, -9.532, -9.532, -9.532, -9.532, -9.532, -9.532, -9.532, -9.532]"
DHT,1z95,2,"['/home/screener/files/prost_canc/crest_vinardo/results/1z95/replicate 2/DHT/1z95_DHT_0_replicate2.pdbqt', '/home/screener/files/prost_canc/crest_vinardo/results/1z95/replicate 2/DHT/1z95_DHT_1_replicate2.pdbqt', '/home/screener/files/prost_canc/crest_vinardo/results/1z95/replicate 2/DHT/1z95_DHT_2_replicate2.pdbqt', '/home/screener/files/prost_canc/crest_vinardo/results/1z95/replicate 2/DHT/1z95_DHT_3_replicate2.pdbqt', '/home/screener/files/prost_canc/crest_vinardo/results/1z95/replicate 2/DHT/1z95_DHT_5_replicate2.pdbqt', '/home/screener/files/prost_canc/crest_vinardo/results/1z95/replicate 2/DHT/1z95_DHT_4_replicate2.pdbqt', '/home/screener/files/prost_canc/crest_vinardo/results/1z95/replicate 2/DHT/1z95_DHT_6_replicate2.pdbqt', '/home/screener/files/prost_canc/crest_vinardo/results/1z95/replicate 2/DHT/1z95_DHT_7_replicate2.pdbqt']","['/home/screener/files/prost_canc/crest_vinardo/results/1z95/replicate 2/DHT/1z95_DHT_0_replicate2.sdf', '/home/screener/files/prost_canc/crest_vinardo/results/1z95/replicate 2/DHT/1z95_DHT_1_replicate2.sdf', '/home/screener/files/prost_canc/crest_vinardo/results/1z95/replicate 2/DHT/1z95_DHT_2_replicate2.sdf', '/home/screener/files/prost_canc/crest_vinardo/results/1z95/replicate 2/DHT/1z95_DHT_3_replicate2.sdf', '/home/screener/files/prost_canc/crest_vinardo/results/1z95/replicate 2/DHT/1z95_DHT_5_replicate2.sdf', '/home/screener/files/prost_canc/crest_vinardo/results/1z95/replicate 2/DHT/1z95_DHT_4_replicate2.sdf', '/home/screener/files/prost_canc/crest_vinardo/results/1z95/replicate 2/DHT/1z95_DHT_6_replicate2.sdf', '/home/screener/files/prost_canc/crest_vinardo/results/1z95/replicate 2/DHT/1z95_DHT_7_replicate2.sdf']","[-7.48, -7.48, -7.48, -7.48, -7.48, -7.48, -7.48, -7.48]"
RBICALUTAMIDE,1z95,2,"['/home/screener/files/prost_canc/crest_vinardo/results/1z95/replicate 2/RBICALUTAMIDE/1z95_RBICALUTAMIDE_0_replicate2.pdbqt', '/home/screener/files/prost_canc/crest_vinardo/results/1z95/replicate 2/RBICALUTAMIDE/1z95_RBICALUTAMIDE_4_replicate2.pdbqt', '/home/screener/files/prost_canc/crest_vinardo/results/1z95/replicate 2/RBICALUTAMIDE/1z95_RBICALUTAMIDE_2_replicate2.pdbqt', '/home/screener/files/prost_canc/crest_vinardo/results/1z95/replicate 2/RBICALUTAMIDE/1z95_RBICALUTAMIDE_3_replicate2.pdbqt', '/home/screener/files/prost_canc/crest_vinardo/results/1z95/replicate 2/RBICALUTAMIDE/1z95_RBICALUTAMIDE_1_replicate2.pdbqt', '/home/screener/files/prost_canc/crest_vinardo/results/1z95/replicate 2/RBICALUTAMIDE/1z95_RBICALUTAMIDE_5_replicate2.pdbqt', '/home/screener/files/prost_canc/crest_vinardo/results/1z95/replicate 2/RBICALUTAMIDE/1z95_RBICALUTAMIDE_6_replicate2.pdbqt', '/home/screener/files/prost_canc/crest_vinardo/results/1z95/replicate 2/RBICALUTAMIDE/1z95_RBICALUTAMIDE_7_replicate2.pdbqt', '/home/screener/files/prost_canc/crest_vinardo/results/1z95/replicate 2/RBICALUTAMIDE/1z95_RBICALUTAMIDE_8_replicate2.pdbqt', '/home/screener/files/prost_canc/crest_vinardo/results/1z95/replicate 2/RBICALUTAMIDE/1z95_RBICALUTAMIDE_9_replicate2.pdbqt']","['/home/screener/files/prost_canc/crest_vinardo/results/1z95/replicate 2/RBICALUTAMIDE/1z95_RBICALUTAMIDE_0_replicate2.sdf', '/home/screener/files/prost_canc/crest_vinardo/results/1z95/replicate 2/RBICALUTAMIDE/1z95_RBICALUTAMIDE_4_replicate2.sdf', '/home/screener/files/prost_canc/crest_vinardo/results/1z95/replicate 2/RBICALUTAMIDE/1z95_RBICALUTAMIDE_2_replicate2.sdf', '/home/screener/files/prost_canc/crest_vinardo/results/1z95/replicate 2/RBICALUTAMIDE/1z95_RBICALUTAMIDE_3_replicate2.sdf', '/home/screener/files/prost_canc/crest_vinardo/results/1z95/replicate 2/RBICALUTAMIDE/1z95_RBICALUTAMIDE_1_replicate2.sdf', '/home/screener/files/prost_canc/crest_vinardo/results/1z95/replicate 2/RBICALUTAMIDE/1z95_RBICALUTAMIDE_5_replicate2.sdf', '/home/screener/files/prost_canc/crest_vinardo/results/1z95/replicate 2/RBICALUTAMIDE/1z95_RBICALUTAMIDE_6_replicate2.sdf', '/home/screener/files/prost_canc/crest_vinardo/results/1z95/replicate 2/RBICALUTAMIDE/1z95_RBICALUTAMIDE_7_replicate2.sdf', '/home/screener/files/prost_canc/crest_vinardo/results/1z95/replicate 2/RBICALUTAMIDE/1z95_RBICALUTAMIDE_8_replicate2.sdf', '/home/screener/files/prost_canc/crest_vinardo/results/1z95/replicate 2/RBICALUTAMIDE/1z95_RBICALUTAMIDE_9_replicate2.sdf']","[-10.434, -10.434, -10.434, -10.434, -10.434, -10.434, -10.434, -10.434, -10.434, -10.434]"
LTHC,1z95,2,"['/home/screener/files/prost_canc/crest_vinardo/results/1z95/replicate 2/LTHC/1z95_LTHC_0_replicate2.pdbqt', '/home/screener/files/prost_canc/crest_vinardo/results/1z95/replicate 2/LTHC/1z95_LTHC_1_replicate2.pdbqt', '/home/screener/files/prost_canc/crest_vinardo/results/1z95/replicate 2/LTHC/1z95_LTHC_2_replicate2.pdbqt', '/home/screener/files/prost_canc/crest_vinardo/results/1z95/replicate 2/LTHC/1z95_LTHC_3_replicate2.pdbqt', '/home/screener/files/prost_canc/crest_vinardo/results/1z95/replicate 2/LTHC/1z95_LTHC_4_replicate2.pdbqt', '/home/screener/files/prost_canc/crest_vinardo/results/1z95/replicate 2/LTHC/1z95_LTHC_5_replicate2.pdbqt', '/home/screener/files/prost_canc/crest_vinardo/results/1z95/replicate 2/LTHC/1z95_LTHC_6_replicate2.pdbqt', '/home/screener/files/prost_canc/crest_vinardo/results/1z95/replicate 2/LTHC/1z95_LTHC_7_replicate2.pdbqt', '/home/screener/files/prost_canc/crest_vinardo/results/1z95/replicate 2/LTHC/1z95_LTHC_8_replicate2.pdbqt', '/home/screener/files/prost_canc/crest_vinardo/results/1z95/replicate 2/LTHC/1z95_LTHC_9_replicate2.pdbqt']","['/home/screener/files/prost_canc/crest_vinardo/results/1z95/replicate 2/LTHC/1z95_LTHC_0_replicate2.sdf', '/home/screener/files/prost_canc/crest_vinardo/results/1z95/replicate 2/LTHC/1z95_LTHC_1_replicate2.sdf', '/home/screener/files/prost_canc/crest_vinardo/results/1z95/replicate 2/LTHC/1z95_LTHC_2_replicate2.sdf', '/home/screener/files/prost_canc/crest_vinardo/results/1z95/replicate 2/LTHC/1z95_LTHC_3_replicate2.sdf', '/home/screener/files/prost_canc/crest_vinardo/results/1z95/replicate 2/LTHC/1z95_LTHC_4_replicate2.sdf', '/home/screener/files/prost_canc/crest_vinardo/results/1z95/replicate 2/LTHC/1z95_LTHC_5_replicate2.sdf', '/home/screener/files/prost_canc/crest_vinardo/results/1z95/replicate 2/LTHC/1z95_LTHC_6_replicate2.sdf', '/home/screener/files/prost_canc/crest_vinardo/results/1z95/replicate 2/LTHC/1z95_LTHC_7_replicate2.sdf', '/home/screener/files/prost_canc/crest_vinardo/results/1z95/replicate 2/LTHC/1z95_LTHC_8_replicate2.sdf', '/home/screener/files/prost_canc/crest_vinardo/results/1z95/replicate 2/LTHC/1z95_LTHC_9_replicate2.sdf']","[-7.594, -7.594, -7.594, -7.594, -7.594, -7.594, -7.594, -7.594, -7.594, -7.594]"
5FAKB48,1z95,2,"['/home/screener/files/prost_canc/crest_vinardo/results/1z95/replicate 2/5FAKB48/1z95_5FAKB48_0_replicate2.pdbqt', '/home/screener/files/prost_canc/crest_vinardo/results/1z95/replicate 2/5FAKB48/1z95_5FAKB48_1_replicate2.pdbqt', '/home/screener/files/prost_canc/crest_vinardo/results/1z95/replicate 2/5FAKB48/1z95_5FAKB48_2_replicate2.pdbqt', '/home/screener/files/prost_canc/crest_vinardo/results/1z95/replicate 2/5FAKB48/1z95_5FAKB48_4_replicate2.pdbqt', '/home/screener/files/prost_canc/crest_vinardo/results/1z95/replicate 2/5FAKB48/1z95_5FAKB48_3_replicate2.pdbqt', '/home/screener/files/prost_canc/crest_vinardo/results/1z95/replicate 2/5FAKB48/1z95_5FAKB48_5_replicate2.pdbqt', '/home/screener/files/prost_canc/crest_vinardo/results/1z95/replicate 2/5FAKB48/1z95_5FAKB48_6_replicate2.pdbqt', '/home/screener/files/prost_canc/crest_vinardo/results/1z95/replicate 2/5FAKB48/1z95_5FAKB48_7_replicate2.pdbqt', '/home/screener/files/prost_canc/crest_vinardo/results/1z95/replicate 2/5FAKB48/1z95_5FAKB48_8_replicate2.pdbqt', '/home/screener/files/prost_canc/crest_vinardo/results/1z95/replicate 2/5FAKB48/1z95_5FAKB48_9_replicate2.pdbqt']","['/home/screener/files/prost_canc/crest_vinardo/results/1z95/replicate 2/5FAKB48/1z95_5FAKB48_0_replicate2.sdf', '/home/screener/files/prost_canc/crest_vinardo/results/1z95/replicate 2/5FAKB48/1z95_5FAKB48_1_replicate2.sdf', '/home/screener/files/prost_canc/crest_vinardo/results/1z95/replicate 2/5FAKB48/1z95_5FAKB48_2_replicate2.sdf', '/home/screener/files/prost_canc/crest_vinardo/results/1z95/replicate 2/5FAKB48/1z95_5FAKB48_4_replicate2.sdf', '/home/screener/files/prost_canc/crest_vinardo/results/1z95/replicate 2/5FAKB48/1z95_5FAKB48_3_replicate2.sdf', '/home/screener/files/prost_canc/crest_vinardo/results/1z95/replicate 2/5FAKB48/1z95_5FAKB48_5_replicate2.sdf', '/home/screener/files/prost_canc/crest_vinardo/results/1z95/replicate 2/5FAKB48/1z95_5FAKB48_6_replicate2.sdf', '/home/screener/files/prost_canc/crest_vinardo/results/1z95/replicate 2/5FAKB48/1z95_5FAKB48_7_replicate2.sdf', '/home/screener/files/prost_canc/crest_vinardo/results/1z95/replicate 2/5FAKB48/1z95_5FAKB48_8_replicate2.sdf', '/home/screener/files/prost_canc/crest_vinardo/results/1z95/replicate 2/5FAKB48/1z95_5FAKB48_9_replicate2.sdf']","[-7.637, -7.637, -7.637, -7.637, -7.637, -7.637, -7.637, -7.637, -7.637, -7.637]"
CBN,1z95,2,"['/home/screener/files/prost_canc/crest_vinardo/results/1z95/replicate 2/CBN/1z95_CBN_0_replicate2.pdbqt', '/home/screener/files/prost_canc/crest_vinardo/results/1z95/replicate 2/CBN/1z95_CBN_1_replicate2.pdbqt', '/home/screener/files/prost_canc/crest_vinardo/results/1z95/replicate 2/CBN/1z95_CBN_2_replicate2.pdbqt', '/home/screener/files/prost_canc/crest_vinardo/results/1z95/replicate 2/CBN/1z95_CBN_3_replicate2.pdbqt', '/home/screener/files/prost_canc/crest_vinardo/results/1z95/replicate 2/CBN/1z95_CBN_4_replicate2.pdbqt', '/home/screener/files/prost_canc/crest_vinardo/results/1z95/replicate 2/CBN/1z95_CBN_5_replicate2.pdbqt', '/home/screener/files/prost_canc/crest_vinardo/results/1z95/replicate 2/CBN/1z95_CBN_6_replicate2.pdbqt', '/home/screener/files/prost_canc/crest_vinardo/results/1z95/replicate 2/CBN/1z95_CBN_7_replicate2.pdbqt', '/home/screener/files/prost_canc/crest_vinardo/results/1z95/replicate 2/CBN/1z95_CBN_8_replicate2.pdbqt', '/home/screener/files/prost_canc/crest_vinardo/results/1z95/replicate 2/CBN/1z95_CBN_9_replicate2.pdbqt']","['/home/screener/files/prost_canc/crest_vinardo/results/1z95/replicate 2/CBN/1z95_CBN_0_replicate2.sdf', '/home/screener/files/prost_canc/crest_vinardo/results/1z95/replicate 2/CBN/1z95_CBN_1_replicate2.sdf', '/home/screener/files/prost_canc/crest_vinardo/results/1z95/replicate 2/CBN/1z95_CBN_2_replicate2.sdf', '/home/screener/files/prost_canc/crest_vinardo/results/1z95/replicate 2/CBN/1z95_CBN_3_replicate2.sdf', '/home/screener/files/prost_canc/crest_vinardo/results/1z95/replicate 2/CBN/1z95_CBN_4_replicate2.sdf', '/home/screener/files/prost_canc/crest_vinardo/results/1z95/replicate 2/CBN/1z95_CBN_5_replicate2.sdf', '/home/screener/files/prost_canc/crest_vinardo/results/1z95/replicate 2/CBN/1z95_CBN_6_replicate2.sdf', '/home/screener/files/prost_canc/crest_vinardo/results/1z95/replicate 2/CBN/1z95_CBN_7_replicate2.sdf', '/home/screener/files/prost_canc/crest_vinardo/results/1z95/replicate 2/CBN/1z95_CBN_8_replicate2.sdf', '/home/screener/files/prost_canc/crest_vinardo/results/1z95/replicate 2/CBN/1z95_CBN_9_replicate2.sdf']","[-7.166, -7.166, -7.166, -7.166, -7.166, -7.166, -7.166, -7.166, -7.166, -7.166]"
CBD,1z95,2,"['/home/screener/files/prost_canc/crest_vinardo/results/1z95/replicate 2/CBD/1z95_CBD_0_replicate2.pdbqt', '/home/screener/files/prost_canc/crest_vinardo/results/1z95/replicate 2/CBD/1z95_CBD_1_replicate2.pdbqt', '/home/screener/files/prost_canc/crest_vinardo/results/1z95/replicate 2/CBD/1z95_CBD_2_replicate2.pdbqt', '/home/screener/files/prost_canc/crest_vinardo/results/1z95/replicate 2/CBD/1z95_CBD_3_replicate2.pdbqt', '/home/screener/files/prost_canc/crest_vinardo/results/1z95/replicate 2/CBD/1z95_CBD_4_replicate2.pdbqt', '/home/screener/files/prost_canc/crest_vinardo/results/1z95/replicate 2/CBD/1z95_CBD_5_replicate2.pdbqt', '/home/screener/files/prost_canc/crest_vinardo/results/1z95/replicate 2/CBD/1z95_CBD_6_replicate2.pdbqt', '/home/screener/files/prost_canc/crest_vinardo/results/1z95/replicate 2/CBD/1z95_CBD_8_replicate2.pdbqt', '/home/screener/files/prost_canc/crest_vinardo/results/1z95/replicate 2/CBD/1z95_CBD_7_replicate2.pdbqt', '/home/screener/files/prost_canc/crest_vinardo/results/1z95/replicate 2/CBD/1z95_CBD_9_replicate2.pdbqt']","['/home/screener/files/prost_canc/crest_vinardo/results/1z95/replicate 2/CBD/1z95_CBD_0_replicate2.sdf', '/home/screener/files/prost_canc/crest_vinardo/results/1z95/replicate 2/CBD/1z95_CBD_1_replicate2.sdf', '/home/screener/files/prost_canc/crest_vinardo/results/1z95/replicate 2/CBD/1z95_CBD_2_replicate2.sdf', '/home/screener/files/prost_canc/crest_vinardo/results/1z95/replicate 2/CBD/1z95_CBD_3_replicate2.sdf', '/home/screener/files/prost_canc/crest_vinardo/results/1z95/replicate 2/CBD/1z95_CBD_4_replicate2.sdf', '/home/screener/files/prost_canc/crest_vinardo/results/1z95/replicate 2/CBD/1z95_CBD_5_replicate2.sdf', '/home/screener/files/prost_canc/crest_vinardo/results/1z95/replicate 2/CBD/1z95_CBD_6_replicate2.sdf', '/home/screener/files/prost_canc/crest_vinardo/results/1z95/replicate 2/CBD/1z95_CBD_8_replicate2.sdf', '/home/screener/files/prost_canc/crest_vinardo/results/1z95/replicate 2/CBD/1z95_CBD_7_replicate2.sdf', '/home/screener/files/prost_canc/crest_vinardo/results/1z95/replicate 2/CBD/1z95_CBD_9_replicate2.sdf']","[-6.993, -6.993, -6.993, -6.993, -6.993, -6.993, -6.993, -6.993, -6.993, -6.993]"
MDMBCHMINACA,1z95,2,"['/home/screener/files/prost_canc/crest_vinardo/results/1z95/replicate 2/MDMBCHMINACA/1z95_MDMBCHMINACA_0_replicate2.pdbqt', '/home/screener/files/prost_canc/crest_vinardo/results/1z95/replicate 2/MDMBCHMINACA/1z95_MDMBCHMINACA_1_replicate2.pdbqt', '/home/screener/files/prost_canc/crest_vinardo/results/1z95/replicate 2/MDMBCHMINACA/1z95_MDMBCHMINACA_2_replicate2.pdbqt', '/home/screener/files/prost_canc/crest_vinardo/results/1z95/replicate 2/MDMBCHMINACA/1z95_MDMBCHMINACA_3_replicate2.pdbqt', '/home/screener/files/prost_canc/crest_vinardo/results/1z95/replicate 2/MDMBCHMINACA/1z95_MDMBCHMINACA_5_replicate2.pdbqt', '/home/screener/files/prost_canc/crest_vinardo/results/1z95/replicate 2/MDMBCHMINACA/1z95_MDMBCHMINACA_4_replicate2.pdbqt', '/home/screener/files/prost_canc/crest_vinardo/results/1z95/replicate 2/MDMBCHMINACA/1z95_MDMBCHMINACA_6_replicate2.pdbqt', '/home/screener/files/prost_canc/crest_vinardo/results/1z95/replicate 2/MDMBCHMINACA/1z95_MDMBCHMINACA_7_replicate2.pdbqt', '/home/screener/files/prost_canc/crest_vinardo/results/1z95/replicate 2/MDMBCHMINACA/1z95_MDMBCHMINACA_8_replicate2.pdbqt', '/home/screener/files/prost_canc/crest_vinardo/results/1z95/replicate 2/MDMBCHMINACA/1z95_MDMBCHMINACA_9_replicate2.pdbqt']","['/home/screener/files/prost_canc/crest_vinardo/results/1z95/replicate 2/MDMBCHMINACA/1z95_MDMBCHMINACA_0_replicate2.sdf', '/home/screener/files/prost_canc/crest_vinardo/results/1z95/replicate 2/MDMBCHMINACA/1z95_MDMBCHMINACA_1_replicate2.sdf', '/home/screener/files/prost_canc/crest_vinardo/results/1z95/replicate 2/MDMBCHMINACA/1z95_MDMBCHMINACA_2_replicate2.sdf', '/home/screener/files/prost_canc/crest_vinardo/results/1z95/replicate 2/MDMBCHMINACA/1z95_MDMBCHMINACA_3_replicate2.sdf', '/home/screener/files/prost_canc/crest_vinardo/results/1z95/replicate 2/MDMBCHMINACA/1z95_MDMBCHMINACA_5_replicate2.sdf', '/home/screener/files/prost_canc/crest_vinardo/results/1z95/replicate 2/MDMBCHMINACA/1z95_MDMBCHMINACA_4_replicate2.sdf', '/home/screener/files/prost_canc/crest_vinardo/results/1z95/replicate 2/MDMBCHMINACA/1z95_MDMBCHMINACA_6_replicate2.sdf', '/home/screener/files/prost_canc/crest_vinardo/results/1z95/replicate 2/MDMBCHMINACA/1z95_MDMBCHMINACA_7_replicate2.sdf', '/home/screener/files/prost_canc/crest_vinardo/results/1z95/replicate 2/MDMBCHMINACA/1z95_MDMBCHMINACA_8_replicate2.sdf', '/home/screener/files/prost_canc/crest_vinardo/results/1z95/replicate 2/MDMBCHMINACA/1z95_MDMBCHMINACA_9_replicate2.sdf']","[-8.673, -8.673, -8.673, -8.673, -8.673, -8.673, -8.673, -8.673, -8.673, -8.673]"
HU210,1z95,2,"['/home/screener/files/prost_canc/crest_vinardo/results/1z95/replicate 2/HU210/1z95_HU210_0_replicate2.pdbqt', '/home/screener/files/prost_canc/crest_vinardo/results/1z95/replicate 2/HU210/1z95_HU210_1_replicate2.pdbqt', '/home/screener/files/prost_canc/crest_vinardo/results/1z95/replicate 2/HU210/1z95_HU210_2_replicate2.pdbqt', '/home/screener/files/prost_canc/crest_vinardo/results/1z95/replicate 2/HU210/1z95_HU210_3_replicate2.pdbqt', '/home/screener/files/prost_canc/crest_vinardo/results/1z95/replicate 2/HU210/1z95_HU210_4_replicate2.pdbqt', '/home/screener/files/prost_canc/crest_vinardo/results/1z95/replicate 2/HU210/1z95_HU210_5_replicate2.pdbqt', '/home/screener/files/prost_canc/crest_vinardo/results/1z95/replicate 2/HU210/1z95_HU210_6_replicate2.pdbqt', '/home/screener/files/prost_canc/crest_vinardo/results/1z95/replicate 2/HU210/1z95_HU210_7_replicate2.pdbqt', '/home/screener/files/prost_canc/crest_vinardo/results/1z95/replicate 2/HU210/1z95_HU210_8_replicate2.pdbqt', '/home/screener/files/prost_canc/crest_vinardo/results/1z95/replicate 2/HU210/1z95_HU210_9_replicate2.pdbqt']","['/home/screener/files/prost_canc/crest_vinardo/results/1z95/replicate 2/HU210/1z95_HU210_0_replicate2.sdf', '/home/screener/files/prost_canc/crest_vinardo/results/1z95/replicate 2/HU210/1z95_HU210_1_replicate2.sdf', '/home/screener/files/prost_canc/crest_vinardo/results/1z95/replicate 2/HU210/1z95_HU210_2_replicate2.sdf', '/home/screener/files/prost_canc/crest_vinardo/results/1z95/replicate 2/HU210/1z95_HU210_3_replicate2.sdf', '/home/screener/files/prost_canc/crest_vinardo/results/1z95/replicate 2/HU210/1z95_HU210_4_replicate2.sdf', '/home/screener/files/prost_canc/crest_vinardo/results/1z95/replicate 2/HU210/1z95_HU210_5_replicate2.sdf', '/home/screener/files/prost_canc/crest_vinardo/results/1z95/replicate 2/HU210/1z95_HU210_6_replicate2.sdf', '/home/screener/files/prost_canc/crest_vinardo/results/1z95/replicate 2/HU210/1z95_HU210_7_replicate2.sdf', '/home/screener/files/prost_canc/crest_vinardo/results/1z95/replicate 2/HU210/1z95_HU210_8_replicate2.sdf', '/home/screener/files/prost_canc/crest_vinardo/results/1z95/replicate 2/HU210/1z95_HU210_9_replicate2.sdf']","[-4.707, -4.707, -4.707, -4.707, -4.707, -4.707, -4.707, -4.707, -4.707, -4.707]"
Testosterone,1z95,3,"['/home/screener/files/prost_canc/crest_vinardo/results/1z95/replicate 3/Testosterone/1z95_Testosterone_1_replicate3.pdbqt', '/home/screener/files/prost_canc/crest_vinardo/results/1z95/replicate 3/Testosterone/1z95_Testosterone_2_replicate3.pdbqt', '/home/screener/files/prost_canc/crest_vinardo/results/1z95/replicate 3/Testosterone/1z95_Testosterone_0_replicate3.pdbqt', '/home/screener/files/prost_canc/crest_vinardo/results/1z95/replicate 3/Testosterone/1z95_Testosterone_6_replicate3.pdbqt', '/home/screener/files/prost_canc/crest_vinardo/results/1z95/replicate 3/Testosterone/1z95_Testosterone_3_replicate3.pdbqt', '/home/screener/files/prost_canc/crest_vinardo/results/1z95/replicate 3/Testosterone/1z95_Testosterone_5_replicate3.pdbqt', '/home/screener/files/prost_canc/crest_vinardo/results/1z95/replicate 3/Testosterone/1z95_Testosterone_4_replicate3.pdbqt']","['/home/screener/files/prost_canc/crest_vinardo/results/1z95/replicate 3/Testosterone/1z95_Testosterone_1_replicate3.sdf', '/home/screener/files/prost_canc/crest_vinardo/results/1z95/replicate 3/Testosterone/1z95_Testosterone_2_replicate3.sdf', '/home/screener/files/prost_canc/crest_vinardo/results/1z95/replicate 3/Testosterone/1z95_Testosterone_0_replicate3.sdf', '/home/screener/files/prost_canc/crest_vinardo/results/1z95/replicate 3/Testosterone/1z95_Testosterone_6_replicate3.sdf', '/home/screener/files/prost_canc/crest_vinardo/results/1z95/replicate 3/Testosterone/1z95_Testosterone_3_replicate3.sdf', '/home/screener/files/prost_canc/crest_vinardo/results/1z95/replicate 3/Testosterone/1z95_Testosterone_5_replicate3.sdf', '/home/screener/files/prost_canc/crest_vinardo/results/1z95/replicate 3/Testosterone/1z95_Testosterone_4_replicate3.sdf']","[-7.42, -7.42, -7.42, -7.42, -7.42, -7.42, -7.42]"
DTHC,1z95,3,"['/home/screener/files/prost_canc/crest_vinardo/results/1z95/replicate 3/DTHC/1z95_DTHC_0_replicate3.pdbqt', '/home/screener/files/prost_canc/crest_vinardo/results/1z95/replicate 3/DTHC/1z95_DTHC_6_replicate3.pdbqt', '/home/screener/files/prost_canc/crest_vinardo/results/1z95/replicate 3/DTHC/1z95_DTHC_5_replicate3.pdbqt', '/home/screener/files/prost_canc/crest_vinardo/results/1z95/replicate 3/DTHC/1z95_DTHC_2_replicate3.pdbqt', '/home/screener/files/prost_canc/crest_vinardo/results/1z95/replicate 3/DTHC/1z95_DTHC_1_replicate3.pdbqt', '/home/screener/files/prost_canc/crest_vinardo/results/1z95/replicate 3/DTHC/1z95_DTHC_3_replicate3.pdbqt', '/home/screener/files/prost_canc/crest_vinardo/results/1z95/replicate 3/DTHC/1z95_DTHC_4_replicate3.pdbqt', '/home/screener/files/prost_canc/crest_vinardo/results/1z95/replicate 3/DTHC/1z95_DTHC_7_replicate3.pdbqt', '/home/screener/files/prost_canc/crest_vinardo/results/1z95/replicate 3/DTHC/1z95_DTHC_8_replicate3.pdbqt', '/home/screener/files/prost_canc/crest_vinardo/results/1z95/replicate 3/DTHC/1z95_DTHC_9_replicate3.pdbqt']","['/home/screener/files/prost_canc/crest_vinardo/results/1z95/replicate 3/DTHC/1z95_DTHC_0_replicate3.sdf', '/home/screener/files/prost_canc/crest_vinardo/results/1z95/replicate 3/DTHC/1z95_DTHC_6_replicate3.sdf', '/home/screener/files/prost_canc/crest_vinardo/results/1z95/replicate 3/DTHC/1z95_DTHC_5_replicate3.sdf', '/home/screener/files/prost_canc/crest_vinardo/results/1z95/replicate 3/DTHC/1z95_DTHC_2_replicate3.sdf', '/home/screener/files/prost_canc/crest_vinardo/results/1z95/replicate 3/DTHC/1z95_DTHC_1_replicate3.sdf', '/home/screener/files/prost_canc/crest_vinardo/results/1z95/replicate 3/DTHC/1z95_DTHC_3_replicate3.sdf', '/home/screener/files/prost_canc/crest_vinardo/results/1z95/replicate 3/DTHC/1z95_DTHC_4_replicate3.sdf', '/home/screener/files/prost_canc/crest_vinardo/results/1z95/replicate 3/DTHC/1z95_DTHC_7_replicate3.sdf', '/home/screener/files/prost_canc/crest_vinardo/results/1z95/replicate 3/DTHC/1z95_DTHC_8_replicate3.sdf', '/home/screener/files/prost_canc/crest_vinardo/results/1z95/replicate 3/DTHC/1z95_DTHC_9_replicate3.sdf']","[-7.602, -7.602, -7.602, -7.602, -7.602, -7.602, -7.602, -7.602, -7.602, -7.602]"
R1881,1z95,3,"['/home/screener/files/prost_canc/crest_vinardo/results/1z95/replicate 3/R1881/1z95_R1881_0_replicate3.pdbqt', '/home/screener/files/prost_canc/crest_vinardo/results/1z95/replicate 3/R1881/1z95_R1881_1_replicate3.pdbqt', '/home/screener/files/prost_canc/crest_vinardo/results/1z95/replicate 3/R1881/1z95_R1881_2_replicate3.pdbqt', '/home/screener/files/prost_canc/crest_vinardo/results/1z95/replicate 3/R1881/1z95_R1881_3_replicate3.pdbqt', '/home/screener/files/prost_canc/crest_vinardo/results/1z95/replicate 3/R1881/1z95_R1881_4_replicate3.pdbqt', '/home/screener/files/prost_canc/crest_vinardo/results/1z95/replicate 3/R1881/1z95_R1881_5_replicate3.pdbqt', '/home/screener/files/prost_canc/crest_vinardo/results/1z95/replicate 3/R1881/1z95_R1881_6_replicate3.pdbqt', '/home/screener/files/prost_canc/crest_vinardo/results/1z95/replicate 3/R1881/1z95_R1881_7_replicate3.pdbqt', '/home/screener/files/prost_canc/crest_vinardo/results/1z95/replicate 3/R1881/1z95_R1881_8_replicate3.pdbqt']","['/home/screener/files/prost_canc/crest_vinardo/results/1z95/replicate 3/R1881/1z95_R1881_0_replicate3.sdf', '/home/screener/files/prost_canc/crest_vinardo/results/1z95/replicate 3/R1881/1z95_R1881_1_replicate3.sdf', '/home/screener/files/prost_canc/crest_vinardo/results/1z95/replicate 3/R1881/1z95_R1881_2_replicate3.sdf', '/home/screener/files/prost_canc/crest_vinardo/results/1z95/replicate 3/R1881/1z95_R1881_3_replicate3.sdf', '/home/screener/files/prost_canc/crest_vinardo/results/1z95/replicate 3/R1881/1z95_R1881_4_replicate3.sdf', '/home/screener/files/prost_canc/crest_vinardo/results/1z95/replicate 3/R1881/1z95_R1881_5_replicate3.sdf', '/home/screener/files/prost_canc/crest_vinardo/results/1z95/replicate 3/R1881/1z95_R1881_6_replicate3.sdf', '/home/screener/files/prost_canc/crest_vinardo/results/1z95/replicate 3/R1881/1z95_R1881_7_replicate3.sdf', '/home/screener/files/prost_canc/crest_vinardo/results/1z95/replicate 3/R1881/1z95_R1881_8_replicate3.sdf']","[-9.532, -9.532, -9.532, -9.532, -9.532, -9.532, -9.532, -9.532, -9.532]"
DHT,1z95,3,"['/home/screener/files/prost_canc/crest_vinardo/results/1z95/replicate 3/DHT/1z95_DHT_0_replicate3.pdbqt', '/home/screener/files/prost_canc/crest_vinardo/results/1z95/replicate 3/DHT/1z95_DHT_1_replicate3.pdbqt', '/home/screener/files/prost_canc/crest_vinardo/results/1z95/replicate 3/DHT/1z95_DHT_2_replicate3.pdbqt', '/home/screener/files/prost_canc/crest_vinardo/results/1z95/replicate 3/DHT/1z95_DHT_3_replicate3.pdbqt', '/home/screener/files/prost_canc/crest_vinardo/results/1z95/replicate 3/DHT/1z95_DHT_4_replicate3.pdbqt', '/home/screener/files/prost_canc/crest_vinardo/results/1z95/replicate 3/DHT/1z95_DHT_5_replicate3.pdbqt', '/home/screener/files/prost_canc/crest_vinardo/results/1z95/replicate 3/DHT/1z95_DHT_6_replicate3.pdbqt', '/home/screener/files/prost_canc/crest_vinardo/results/1z95/replicate 3/DHT/1z95_DHT_7_replicate3.pdbqt']","['/home/screener/files/prost_canc/crest_vinardo/results/1z95/replicate 3/DHT/1z95_DHT_0_replicate3.sdf', '/home/screener/files/prost_canc/crest_vinardo/results/1z95/replicate 3/DHT/1z95_DHT_1_replicate3.sdf', '/home/screener/files/prost_canc/crest_vinardo/results/1z95/replicate 3/DHT/1z95_DHT_2_replicate3.sdf', '/home/screener/files/prost_canc/crest_vinardo/results/1z95/replicate 3/DHT/1z95_DHT_3_replicate3.sdf', '/home/screener/files/prost_canc/crest_vinardo/results/1z95/replicate 3/DHT/1z95_DHT_4_replicate3.sdf', '/home/screener/files/prost_canc/crest_vinardo/results/1z95/replicate 3/DHT/1z95_DHT_5_replicate3.sdf', '/home/screener/files/prost_canc/crest_vinardo/results/1z95/replicate 3/DHT/1z95_DHT_6_replicate3.sdf', '/home/screener/files/prost_canc/crest_vinardo/results/1z95/replicate 3/DHT/1z95_DHT_7_replicate3.sdf']","[-7.48, -7.48, -7.48, -7.48, -7.48, -7.48, -7.48, -7.48]"
RBICALUTAMIDE,1z95,3,"['/home/screener/files/prost_canc/crest_vinardo/results/1z95/replicate 3/RBICALUTAMIDE/1z95_RBICALUTAMIDE_0_replicate3.pdbqt', '/home/screener/files/prost_canc/crest_vinardo/results/1z95/replicate 3/RBICALUTAMIDE/1z95_RBICALUTAMIDE_1_replicate3.pdbqt', '/home/screener/files/prost_canc/crest_vinardo/results/1z95/replicate 3/RBICALUTAMIDE/1z95_RBICALUTAMIDE_3_replicate3.pdbqt', '/home/screener/files/prost_canc/crest_vinardo/results/1z95/replicate 3/RBICALUTAMIDE/1z95_RBICALUTAMIDE_2_replicate3.pdbqt', '/home/screener/files/prost_canc/crest_vinardo/results/1z95/replicate 3/RBICALUTAMIDE/1z95_RBICALUTAMIDE_4_replicate3.pdbqt', '/home/screener/files/prost_canc/crest_vinardo/results/1z95/replicate 3/RBICALUTAMIDE/1z95_RBICALUTAMIDE_5_replicate3.pdbqt', '/home/screener/files/prost_canc/crest_vinardo/results/1z95/replicate 3/RBICALUTAMIDE/1z95_RBICALUTAMIDE_6_replicate3.pdbqt', '/home/screener/files/prost_canc/crest_vinardo/results/1z95/replicate 3/RBICALUTAMIDE/1z95_RBICALUTAMIDE_7_replicate3.pdbqt', '/home/screener/files/prost_canc/crest_vinardo/results/1z95/replicate 3/RBICALUTAMIDE/1z95_RBICALUTAMIDE_8_replicate3.pdbqt', '/home/screener/files/prost_canc/crest_vinardo/results/1z95/replicate 3/RBICALUTAMIDE/1z95_RBICALUTAMIDE_9_replicate3.pdbqt']","['/home/screener/files/prost_canc/crest_vinardo/results/1z95/replicate 3/RBICALUTAMIDE/1z95_RBICALUTAMIDE_0_replicate3.sdf', '/home/screener/files/prost_canc/crest_vinardo/results/1z95/replicate 3/RBICALUTAMIDE/1z95_RBICALUTAMIDE_1_replicate3.sdf', '/home/screener/files/prost_canc/crest_vinardo/results/1z95/replicate 3/RBICALUTAMIDE/1z95_RBICALUTAMIDE_3_replicate3.sdf', '/home/screener/files/prost_canc/crest_vinardo/results/1z95/replicate 3/RBICALUTAMIDE/1z95_RBICALUTAMIDE_2_replicate3.sdf', '/home/screener/files/prost_canc/crest_vinardo/results/1z95/replicate 3/RBICALUTAMIDE/1z95_RBICALUTAMIDE_4_replicate3.sdf', '/home/screener/files/prost_canc/crest_vinardo/results/1z95/replicate 3/RBICALUTAMIDE/1z95_RBICALUTAMIDE_5_replicate3.sdf', '/home/screener/files/prost_canc/crest_vinardo/results/1z95/replicate 3/RBICALUTAMIDE/1z95_RBICALUTAMIDE_6_replicate3.sdf', '/home/screener/files/prost_canc/crest_vinardo/results/1z95/replicate 3/RBICALUTAMIDE/1z95_RBICALUTAMIDE_7_replicate3.sdf', '/home/screener/files/prost_canc/crest_vinardo/results/1z95/replicate 3/RBICALUTAMIDE/1z95_RBICALUTAMIDE_8_replicate3.sdf', '/home/screener/files/prost_canc/crest_vinardo/results/1z95/replicate 3/RBICALUTAMIDE/1z95_RBICALUTAMIDE_9_replicate3.sdf']","[-10.434, -10.434, -10.434, -10.434, -10.434, -10.434, -10.434, -10.434, -10.434, -10.434]"
LTHC,1z95,3,"['/home/screener/files/prost_canc/crest_vinardo/results/1z95/replicate 3/LTHC/1z95_LTHC_0_replicate3.pdbqt', '/home/screener/files/prost_canc/crest_vinardo/results/1z95/replicate 3/LTHC/1z95_LTHC_1_replicate3.pdbqt', '/home/screener/files/prost_canc/crest_vinardo/results/1z95/replicate 3/LTHC/1z95_LTHC_2_replicate3.pdbqt', '/home/screener/files/prost_canc/crest_vinardo/results/1z95/replicate 3/LTHC/1z95_LTHC_3_replicate3.pdbqt', '/home/screener/files/prost_canc/crest_vinardo/results/1z95/replicate 3/LTHC/1z95_LTHC_4_replicate3.pdbqt', '/home/screener/files/prost_canc/crest_vinardo/results/1z95/replicate 3/LTHC/1z95_LTHC_5_replicate3.pdbqt', '/home/screener/files/prost_canc/crest_vinardo/results/1z95/replicate 3/LTHC/1z95_LTHC_6_replicate3.pdbqt', '/home/screener/files/prost_canc/crest_vinardo/results/1z95/replicate 3/LTHC/1z95_LTHC_7_replicate3.pdbqt', '/home/screener/files/prost_canc/crest_vinardo/results/1z95/replicate 3/LTHC/1z95_LTHC_8_replicate3.pdbqt', '/home/screener/files/prost_canc/crest_vinardo/results/1z95/replicate 3/LTHC/1z95_LTHC_9_replicate3.pdbqt']","['/home/screener/files/prost_canc/crest_vinardo/results/1z95/replicate 3/LTHC/1z95_LTHC_0_replicate3.sdf', '/home/screener/files/prost_canc/crest_vinardo/results/1z95/replicate 3/LTHC/1z95_LTHC_1_replicate3.sdf', '/home/screener/files/prost_canc/crest_vinardo/results/1z95/replicate 3/LTHC/1z95_LTHC_2_replicate3.sdf', '/home/screener/files/prost_canc/crest_vinardo/results/1z95/replicate 3/LTHC/1z95_LTHC_3_replicate3.sdf', '/home/screener/files/prost_canc/crest_vinardo/results/1z95/replicate 3/LTHC/1z95_LTHC_4_replicate3.sdf', '/home/screener/files/prost_canc/crest_vinardo/results/1z95/replicate 3/LTHC/1z95_LTHC_5_replicate3.sdf', '/home/screener/files/prost_canc/crest_vinardo/results/1z95/replicate 3/LTHC/1z95_LTHC_6_replicate3.sdf', '/home/screener/files/prost_canc/crest_vinardo/results/1z95/replicate 3/LTHC/1z95_LTHC_7_replicate3.sdf', '/home/screener/files/prost_canc/crest_vinardo/results/1z95/replicate 3/LTHC/1z95_LTHC_8_replicate3.sdf', '/home/screener/files/prost_canc/crest_vinardo/results/1z95/replicate 3/LTHC/1z95_LTHC_9_replicate3.sdf']","[-7.594, -7.594, -7.594, -7.594, -7.594, -7.594, -7.594, -7.594, -7.594, -7.594]"
5FAKB48,1z95,3,"['/home/screener/files/prost_canc/crest_vinardo/results/1z95/replicate 3/5FAKB48/1z95_5FAKB48_1_replicate3.pdbqt', '/home/screener/files/prost_canc/crest_vinardo/results/1z95/replicate 3/5FAKB48/1z95_5FAKB48_0_replicate3.pdbqt', '/home/screener/files/prost_canc/crest_vinardo/results/1z95/replicate 3/5FAKB48/1z95_5FAKB48_2_replicate3.pdbqt', '/home/screener/files/prost_canc/crest_vinardo/results/1z95/replicate 3/5FAKB48/1z95_5FAKB48_3_replicate3.pdbqt', '/home/screener/files/prost_canc/crest_vinardo/results/1z95/replicate 3/5FAKB48/1z95_5FAKB48_4_replicate3.pdbqt', '/home/screener/files/prost_canc/crest_vinardo/results/1z95/replicate 3/5FAKB48/1z95_5FAKB48_5_replicate3.pdbqt', '/home/screener/files/prost_canc/crest_vinardo/results/1z95/replicate 3/5FAKB48/1z95_5FAKB48_6_replicate3.pdbqt', '/home/screener/files/prost_canc/crest_vinardo/results/1z95/replicate 3/5FAKB48/1z95_5FAKB48_8_replicate3.pdbqt', '/home/screener/files/prost_canc/crest_vinardo/results/1z95/replicate 3/5FAKB48/1z95_5FAKB48_7_replicate3.pdbqt', '/home/screener/files/prost_canc/crest_vinardo/results/1z95/replicate 3/5FAKB48/1z95_5FAKB48_9_replicate3.pdbqt']","['/home/screener/files/prost_canc/crest_vinardo/results/1z95/replicate 3/5FAKB48/1z95_5FAKB48_1_replicate3.sdf', '/home/screener/files/prost_canc/crest_vinardo/results/1z95/replicate 3/5FAKB48/1z95_5FAKB48_0_replicate3.sdf', '/home/screener/files/prost_canc/crest_vinardo/results/1z95/replicate 3/5FAKB48/1z95_5FAKB48_2_replicate3.sdf', '/home/screener/files/prost_canc/crest_vinardo/results/1z95/replicate 3/5FAKB48/1z95_5FAKB48_3_replicate3.sdf', '/home/screener/files/prost_canc/crest_vinardo/results/1z95/replicate 3/5FAKB48/1z95_5FAKB48_4_replicate3.sdf', '/home/screener/files/prost_canc/crest_vinardo/results/1z95/replicate 3/5FAKB48/1z95_5FAKB48_5_replicate3.sdf', '/home/screener/files/prost_canc/crest_vinardo/results/1z95/replicate 3/5FAKB48/1z95_5FAKB48_6_replicate3.sdf', '/home/screener/files/prost_canc/crest_vinardo/results/1z95/replicate 3/5FAKB48/1z95_5FAKB48_8_replicate3.sdf', '/home/screener/files/prost_canc/crest_vinardo/results/1z95/replicate 3/5FAKB48/1z95_5FAKB48_7_replicate3.sdf', '/home/screener/files/prost_canc/crest_vinardo/results/1z95/replicate 3/5FAKB48/1z95_5FAKB48_9_replicate3.sdf']","[-7.637, -7.637, -7.637, -7.637, -7.637, -7.637, -7.637, -7.637, -7.637, -7.637]"
CBN,1z95,3,"['/home/screener/files/prost_canc/crest_vinardo/results/1z95/replicate 3/CBN/1z95_CBN_0_replicate3.pdbqt', '/home/screener/files/prost_canc/crest_vinardo/results/1z95/replicate 3/CBN/1z95_CBN_1_replicate3.pdbqt', '/home/screener/files/prost_canc/crest_vinardo/results/1z95/replicate 3/CBN/1z95_CBN_2_replicate3.pdbqt', '/home/screener/files/prost_canc/crest_vinardo/results/1z95/replicate 3/CBN/1z95_CBN_3_replicate3.pdbqt', '/home/screener/files/prost_canc/crest_vinardo/results/1z95/replicate 3/CBN/1z95_CBN_4_replicate3.pdbqt', '/home/screener/files/prost_canc/crest_vinardo/results/1z95/replicate 3/CBN/1z95_CBN_5_replicate3.pdbqt', '/home/screener/files/prost_canc/crest_vinardo/results/1z95/replicate 3/CBN/1z95_CBN_7_replicate3.pdbqt', '/home/screener/files/prost_canc/crest_vinardo/results/1z95/replicate 3/CBN/1z95_CBN_6_replicate3.pdbqt', '/home/screener/files/prost_canc/crest_vinardo/results/1z95/replicate 3/CBN/1z95_CBN_8_replicate3.pdbqt', '/home/screener/files/prost_canc/crest_vinardo/results/1z95/replicate 3/CBN/1z95_CBN_9_replicate3.pdbqt']","['/home/screener/files/prost_canc/crest_vinardo/results/1z95/replicate 3/CBN/1z95_CBN_0_replicate3.sdf', '/home/screener/files/prost_canc/crest_vinardo/results/1z95/replicate 3/CBN/1z95_CBN_1_replicate3.sdf', '/home/screener/files/prost_canc/crest_vinardo/results/1z95/replicate 3/CBN/1z95_CBN_2_replicate3.sdf', '/home/screener/files/prost_canc/crest_vinardo/results/1z95/replicate 3/CBN/1z95_CBN_3_replicate3.sdf', '/home/screener/files/prost_canc/crest_vinardo/results/1z95/replicate 3/CBN/1z95_CBN_4_replicate3.sdf', '/home/screener/files/prost_canc/crest_vinardo/results/1z95/replicate 3/CBN/1z95_CBN_5_replicate3.sdf', '/home/screener/files/prost_canc/crest_vinardo/results/1z95/replicate 3/CBN/1z95_CBN_7_replicate3.sdf', '/home/screener/files/prost_canc/crest_vinardo/results/1z95/replicate 3/CBN/1z95_CBN_6_replicate3.sdf', '/home/screener/files/prost_canc/crest_vinardo/results/1z95/replicate 3/CBN/1z95_CBN_8_replicate3.sdf', '/home/screener/files/prost_canc/crest_vinardo/results/1z95/replicate 3/CBN/1z95_CBN_9_replicate3.sdf']","[-7.166, -7.166, -7.166, -7.166, -7.166, -7.166, -7.166, -7.166, -7.166, -7.166]"
CBD,1z95,3,"['/home/screener/files/prost_canc/crest_vinardo/results/1z95/replicate 3/CBD/1z95_CBD_0_replicate3.pdbqt', '/home/screener/files/prost_canc/crest_vinardo/results/1z95/replicate 3/CBD/1z95_CBD_1_replicate3.pdbqt', '/home/screener/files/prost_canc/crest_vinardo/results/1z95/replicate 3/CBD/1z95_CBD_2_replicate3.pdbqt', '/home/screener/files/prost_canc/crest_vinardo/results/1z95/replicate 3/CBD/1z95_CBD_4_replicate3.pdbqt', '/home/screener/files/prost_canc/crest_vinardo/results/1z95/replicate 3/CBD/1z95_CBD_3_replicate3.pdbqt', '/home/screener/files/prost_canc/crest_vinardo/results/1z95/replicate 3/CBD/1z95_CBD_5_replicate3.pdbqt', '/home/screener/files/prost_canc/crest_vinardo/results/1z95/replicate 3/CBD/1z95_CBD_6_replicate3.pdbqt', '/home/screener/files/prost_canc/crest_vinardo/results/1z95/replicate 3/CBD/1z95_CBD_7_replicate3.pdbqt', '/home/screener/files/prost_canc/crest_vinardo/results/1z95/replicate 3/CBD/1z95_CBD_8_replicate3.pdbqt', '/home/screener/files/prost_canc/crest_vinardo/results/1z95/replicate 3/CBD/1z95_CBD_9_replicate3.pdbqt']","['/home/screener/files/prost_canc/crest_vinardo/results/1z95/replicate 3/CBD/1z95_CBD_0_replicate3.sdf', '/home/screener/files/prost_canc/crest_vinardo/results/1z95/replicate 3/CBD/1z95_CBD_1_replicate3.sdf', '/home/screener/files/prost_canc/crest_vinardo/results/1z95/replicate 3/CBD/1z95_CBD_2_replicate3.sdf', '/home/screener/files/prost_canc/crest_vinardo/results/1z95/replicate 3/CBD/1z95_CBD_4_replicate3.sdf', '/home/screener/files/prost_canc/crest_vinardo/results/1z95/replicate 3/CBD/1z95_CBD_3_replicate3.sdf', '/home/screener/files/prost_canc/crest_vinardo/results/1z95/replicate 3/CBD/1z95_CBD_5_replicate3.sdf', '/home/screener/files/prost_canc/crest_vinardo/results/1z95/replicate 3/CBD/1z95_CBD_6_replicate3.sdf', '/home/screener/files/prost_canc/crest_vinardo/results/1z95/replicate 3/CBD/1z95_CBD_7_replicate3.sdf', '/home/screener/files/prost_canc/crest_vinardo/results/1z95/replicate 3/CBD/1z95_CBD_8_replicate3.sdf', '/home/screener/files/prost_canc/crest_vinardo/results/1z95/replicate 3/CBD/1z95_CBD_9_replicate3.sdf']","[-6.993, -6.993, -6.993, -6.993, -6.993, -6.993, -6.993, -6.993, -6.993, -6.993]"
MDMBCHMINACA,1z95,3,"['/home/screener/files/prost_canc/crest_vinardo/results/1z95/replicate 3/MDMBCHMINACA/1z95_MDMBCHMINACA_0_replicate3.pdbqt', '/home/screener/files/prost_canc/crest_vinardo/results/1z95/replicate 3/MDMBCHMINACA/1z95_MDMBCHMINACA_1_replicate3.pdbqt', '/home/screener/files/prost_canc/crest_vinardo/results/1z95/replicate 3/MDMBCHMINACA/1z95_MDMBCHMINACA_2_replicate3.pdbqt', '/home/screener/files/prost_canc/crest_vinardo/results/1z95/replicate 3/MDMBCHMINACA/1z95_MDMBCHMINACA_3_replicate3.pdbqt', '/home/screener/files/prost_canc/crest_vinardo/results/1z95/replicate 3/MDMBCHMINACA/1z95_MDMBCHMINACA_4_replicate3.pdbqt', '/home/screener/files/prost_canc/crest_vinardo/results/1z95/replicate 3/MDMBCHMINACA/1z95_MDMBCHMINACA_5_replicate3.pdbqt', '/home/screener/files/prost_canc/crest_vinardo/results/1z95/replicate 3/MDMBCHMINACA/1z95_MDMBCHMINACA_6_replicate3.pdbqt', '/home/screener/files/prost_canc/crest_vinardo/results/1z95/replicate 3/MDMBCHMINACA/1z95_MDMBCHMINACA_7_replicate3.pdbqt', '/home/screener/files/prost_canc/crest_vinardo/results/1z95/replicate 3/MDMBCHMINACA/1z95_MDMBCHMINACA_8_replicate3.pdbqt', '/home/screener/files/prost_canc/crest_vinardo/results/1z95/replicate 3/MDMBCHMINACA/1z95_MDMBCHMINACA_9_replicate3.pdbqt']","['/home/screener/files/prost_canc/crest_vinardo/results/1z95/replicate 3/MDMBCHMINACA/1z95_MDMBCHMINACA_0_replicate3.sdf', '/home/screener/files/prost_canc/crest_vinardo/results/1z95/replicate 3/MDMBCHMINACA/1z95_MDMBCHMINACA_1_replicate3.sdf', '/home/screener/files/prost_canc/crest_vinardo/results/1z95/replicate 3/MDMBCHMINACA/1z95_MDMBCHMINACA_2_replicate3.sdf', '/home/screener/files/prost_canc/crest_vinardo/results/1z95/replicate 3/MDMBCHMINACA/1z95_MDMBCHMINACA_3_replicate3.sdf', '/home/screener/files/prost_canc/crest_vinardo/results/1z95/replicate 3/MDMBCHMINACA/1z95_MDMBCHMINACA_4_replicate3.sdf', '/home/screener/files/prost_canc/crest_vinardo/results/1z95/replicate 3/MDMBCHMINACA/1z95_MDMBCHMINACA_5_replicate3.sdf', '/home/screener/files/prost_canc/crest_vinardo/results/1z95/replicate 3/MDMBCHMINACA/1z95_MDMBCHMINACA_6_replicate3.sdf', '/home/screener/files/prost_canc/crest_vinardo/results/1z95/replicate 3/MDMBCHMINACA/1z95_MDMBCHMINACA_7_replicate3.sdf', '/home/screener/files/prost_canc/crest_vinardo/results/1z95/replicate 3/MDMBCHMINACA/1z95_MDMBCHMINACA_8_replicate3.sdf', '/home/screener/files/prost_canc/crest_vinardo/results/1z95/replicate 3/MDMBCHMINACA/1z95_MDMBCHMINACA_9_replicate3.sdf']","[-8.673, -8.673, -8.673, -8.673, -8.673, -8.673, -8.673, -8.673, -8.673, -8.673]"
HU210,1z95,3,"['/home/screener/files/prost_canc/crest_vinardo/results/1z95/replicate 3/HU210/1z95_HU210_0_replicate3.pdbqt', '/home/screener/files/prost_canc/crest_vinardo/results/1z95/replicate 3/HU210/1z95_HU210_1_replicate3.pdbqt', '/home/screener/files/prost_canc/crest_vinardo/results/1z95/replicate 3/HU210/1z95_HU210_2_replicate3.pdbqt', '/home/screener/files/prost_canc/crest_vinardo/results/1z95/replicate 3/HU210/1z95_HU210_3_replicate3.pdbqt', '/home/screener/files/prost_canc/crest_vinardo/results/1z95/replicate 3/HU210/1z95_HU210_4_replicate3.pdbqt', '/home/screener/files/prost_canc/crest_vinardo/results/1z95/replicate 3/HU210/1z95_HU210_5_replicate3.pdbqt', '/home/screener/files/prost_canc/crest_vinardo/results/1z95/replicate 3/HU210/1z95_HU210_6_replicate3.pdbqt', '/home/screener/files/prost_canc/crest_vinardo/results/1z95/replicate 3/HU210/1z95_HU210_7_replicate3.pdbqt', '/home/screener/files/prost_canc/crest_vinardo/results/1z95/replicate 3/HU210/1z95_HU210_9_replicate3.pdbqt', '/home/screener/files/prost_canc/crest_vinardo/results/1z95/replicate 3/HU210/1z95_HU210_8_replicate3.pdbqt']","['/home/screener/files/prost_canc/crest_vinardo/results/1z95/replicate 3/HU210/1z95_HU210_0_replicate3.sdf', '/home/screener/files/prost_canc/crest_vinardo/results/1z95/replicate 3/HU210/1z95_HU210_1_replicate3.sdf', '/home/screener/files/prost_canc/crest_vinardo/results/1z95/replicate 3/HU210/1z95_HU210_2_replicate3.sdf', '/home/screener/files/prost_canc/crest_vinardo/results/1z95/replicate 3/HU210/1z95_HU210_3_replicate3.sdf', '/home/screener/files/prost_canc/crest_vinardo/results/1z95/replicate 3/HU210/1z95_HU210_4_replicate3.sdf', '/home/screener/files/prost_canc/crest_vinardo/results/1z95/replicate 3/HU210/1z95_HU210_5_replicate3.sdf', '/home/screener/files/prost_canc/crest_vinardo/results/1z95/replicate 3/HU210/1z95_HU210_6_replicate3.sdf', '/home/screener/files/prost_canc/crest_vinardo/results/1z95/replicate 3/HU210/1z95_HU210_7_replicate3.sdf', '/home/screener/files/prost_canc/crest_vinardo/results/1z95/replicate 3/HU210/1z95_HU210_9_replicate3.sdf', '/home/screener/files/prost_canc/crest_vinardo/results/1z95/replicate 3/HU210/1z95_HU210_8_replicate3.sdf']","[-4.707, -4.707, -4.707, -4.707, -4.707, -4.707, -4.707, -4.707, -4.707, -4.707]"
Testosterone,1z95,4,"['/home/screener/files/prost_canc/crest_vinardo/results/1z95/replicate 4/Testosterone/1z95_Testosterone_0_replicate4.pdbqt', '/home/screener/files/prost_canc/crest_vinardo/results/1z95/replicate 4/Testosterone/1z95_Testosterone_6_replicate4.pdbqt', '/home/screener/files/prost_canc/crest_vinardo/results/1z95/replicate 4/Testosterone/1z95_Testosterone_2_replicate4.pdbqt', '/home/screener/files/prost_canc/crest_vinardo/results/1z95/replicate 4/Testosterone/1z95_Testosterone_3_replicate4.pdbqt', '/home/screener/files/prost_canc/crest_vinardo/results/1z95/replicate 4/Testosterone/1z95_Testosterone_4_replicate4.pdbqt', '/home/screener/files/prost_canc/crest_vinardo/results/1z95/replicate 4/Testosterone/1z95_Testosterone_1_replicate4.pdbqt', '/home/screener/files/prost_canc/crest_vinardo/results/1z95/replicate 4/Testosterone/1z95_Testosterone_5_replicate4.pdbqt']","['/home/screener/files/prost_canc/crest_vinardo/results/1z95/replicate 4/Testosterone/1z95_Testosterone_0_replicate4.sdf', '/home/screener/files/prost_canc/crest_vinardo/results/1z95/replicate 4/Testosterone/1z95_Testosterone_6_replicate4.sdf', '/home/screener/files/prost_canc/crest_vinardo/results/1z95/replicate 4/Testosterone/1z95_Testosterone_2_replicate4.sdf', '/home/screener/files/prost_canc/crest_vinardo/results/1z95/replicate 4/Testosterone/1z95_Testosterone_3_replicate4.sdf', '/home/screener/files/prost_canc/crest_vinardo/results/1z95/replicate 4/Testosterone/1z95_Testosterone_4_replicate4.sdf', '/home/screener/files/prost_canc/crest_vinardo/results/1z95/replicate 4/Testosterone/1z95_Testosterone_1_replicate4.sdf', '/home/screener/files/prost_canc/crest_vinardo/results/1z95/replicate 4/Testosterone/1z95_Testosterone_5_replicate4.sdf']","[-7.42, -7.42, -7.42, -7.42, -7.42, -7.42, -7.42]"
DTHC,1z95,4,"['/home/screener/files/prost_canc/crest_vinardo/results/1z95/replicate 4/DTHC/1z95_DTHC_0_replicate4.pdbqt', '/home/screener/files/prost_canc/crest_vinardo/results/1z95/replicate 4/DTHC/1z95_DTHC_6_replicate4.pdbqt', '/home/screener/files/prost_canc/crest_vinardo/results/1z95/replicate 4/DTHC/1z95_DTHC_1_replicate4.pdbqt', '/home/screener/files/prost_canc/crest_vinardo/results/1z95/replicate 4/DTHC/1z95_DTHC_5_replicate4.pdbqt', '/home/screener/files/prost_canc/crest_vinardo/results/1z95/replicate 4/DTHC/1z95_DTHC_2_replicate4.pdbqt', '/home/screener/files/prost_canc/crest_vinardo/results/1z95/replicate 4/DTHC/1z95_DTHC_4_replicate4.pdbqt', '/home/screener/files/prost_canc/crest_vinardo/results/1z95/replicate 4/DTHC/1z95_DTHC_3_replicate4.pdbqt', '/home/screener/files/prost_canc/crest_vinardo/results/1z95/replicate 4/DTHC/1z95_DTHC_7_replicate4.pdbqt', '/home/screener/files/prost_canc/crest_vinardo/results/1z95/replicate 4/DTHC/1z95_DTHC_8_replicate4.pdbqt', '/home/screener/files/prost_canc/crest_vinardo/results/1z95/replicate 4/DTHC/1z95_DTHC_9_replicate4.pdbqt']","['/home/screener/files/prost_canc/crest_vinardo/results/1z95/replicate 4/DTHC/1z95_DTHC_0_replicate4.sdf', '/home/screener/files/prost_canc/crest_vinardo/results/1z95/replicate 4/DTHC/1z95_DTHC_6_replicate4.sdf', '/home/screener/files/prost_canc/crest_vinardo/results/1z95/replicate 4/DTHC/1z95_DTHC_1_replicate4.sdf', '/home/screener/files/prost_canc/crest_vinardo/results/1z95/replicate 4/DTHC/1z95_DTHC_5_replicate4.sdf', '/home/screener/files/prost_canc/crest_vinardo/results/1z95/replicate 4/DTHC/1z95_DTHC_2_replicate4.sdf', '/home/screener/files/prost_canc/crest_vinardo/results/1z95/replicate 4/DTHC/1z95_DTHC_4_replicate4.sdf', '/home/screener/files/prost_canc/crest_vinardo/results/1z95/replicate 4/DTHC/1z95_DTHC_3_replicate4.sdf', '/home/screener/files/prost_canc/crest_vinardo/results/1z95/replicate 4/DTHC/1z95_DTHC_7_replicate4.sdf', '/home/screener/files/prost_canc/crest_vinardo/results/1z95/replicate 4/DTHC/1z95_DTHC_8_replicate4.sdf', '/home/screener/files/prost_canc/crest_vinardo/results/1z95/replicate 4/DTHC/1z95_DTHC_9_replicate4.sdf']","[-7.602, -7.602, -7.602, -7.602, -7.602, -7.602, -7.602, -7.602, -7.602, -7.602]"
R1881,1z95,4,"['/home/screener/files/prost_canc/crest_vinardo/results/1z95/replicate 4/R1881/1z95_R1881_0_replicate4.pdbqt', '/home/screener/files/prost_canc/crest_vinardo/results/1z95/replicate 4/R1881/1z95_R1881_2_replicate4.pdbqt', '/home/screener/files/prost_canc/crest_vinardo/results/1z95/replicate 4/R1881/1z95_R1881_3_replicate4.pdbqt', '/home/screener/files/prost_canc/crest_vinardo/results/1z95/replicate 4/R1881/1z95_R1881_1_replicate4.pdbqt', '/home/screener/files/prost_canc/crest_vinardo/results/1z95/replicate 4/R1881/1z95_R1881_5_replicate4.pdbqt', '/home/screener/files/prost_canc/crest_vinardo/results/1z95/replicate 4/R1881/1z95_R1881_4_replicate4.pdbqt', '/home/screener/files/prost_canc/crest_vinardo/results/1z95/replicate 4/R1881/1z95_R1881_6_replicate4.pdbqt', '/home/screener/files/prost_canc/crest_vinardo/results/1z95/replicate 4/R1881/1z95_R1881_7_replicate4.pdbqt', '/home/screener/files/prost_canc/crest_vinardo/results/1z95/replicate 4/R1881/1z95_R1881_8_replicate4.pdbqt']","['/home/screener/files/prost_canc/crest_vinardo/results/1z95/replicate 4/R1881/1z95_R1881_0_replicate4.sdf', '/home/screener/files/prost_canc/crest_vinardo/results/1z95/replicate 4/R1881/1z95_R1881_2_replicate4.sdf', '/home/screener/files/prost_canc/crest_vinardo/results/1z95/replicate 4/R1881/1z95_R1881_3_replicate4.sdf', '/home/screener/files/prost_canc/crest_vinardo/results/1z95/replicate 4/R1881/1z95_R1881_1_replicate4.sdf', '/home/screener/files/prost_canc/crest_vinardo/results/1z95/replicate 4/R1881/1z95_R1881_5_replicate4.sdf', '/home/screener/files/prost_canc/crest_vinardo/results/1z95/replicate 4/R1881/1z95_R1881_4_replicate4.sdf', '/home/screener/files/prost_canc/crest_vinardo/results/1z95/replicate 4/R1881/1z95_R1881_6_replicate4.sdf', '/home/screener/files/prost_canc/crest_vinardo/results/1z95/replicate 4/R1881/1z95_R1881_7_replicate4.sdf', '/home/screener/files/prost_canc/crest_vinardo/results/1z95/replicate 4/R1881/1z95_R1881_8_replicate4.sdf']","[-9.532, -9.532, -9.532, -9.532, -9.532, -9.532, -9.532, -9.532, -9.532]"
DHT,1z95,4,"['/home/screener/files/prost_canc/crest_vinardo/results/1z95/replicate 4/DHT/1z95_DHT_1_replicate4.pdbqt', '/home/screener/files/prost_canc/crest_vinardo/results/1z95/replicate 4/DHT/1z95_DHT_0_replicate4.pdbqt', '/home/screener/files/prost_canc/crest_vinardo/results/1z95/replicate 4/DHT/1z95_DHT_5_replicate4.pdbqt', '/home/screener/files/prost_canc/crest_vinardo/results/1z95/replicate 4/DHT/1z95_DHT_2_replicate4.pdbqt', '/home/screener/files/prost_canc/crest_vinardo/results/1z95/replicate 4/DHT/1z95_DHT_3_replicate4.pdbqt', '/home/screener/files/prost_canc/crest_vinardo/results/1z95/replicate 4/DHT/1z95_DHT_4_replicate4.pdbqt', '/home/screener/files/prost_canc/crest_vinardo/results/1z95/replicate 4/DHT/1z95_DHT_6_replicate4.pdbqt', '/home/screener/files/prost_canc/crest_vinardo/results/1z95/replicate 4/DHT/1z95_DHT_7_replicate4.pdbqt']","['/home/screener/files/prost_canc/crest_vinardo/results/1z95/replicate 4/DHT/1z95_DHT_1_replicate4.sdf', '/home/screener/files/prost_canc/crest_vinardo/results/1z95/replicate 4/DHT/1z95_DHT_0_replicate4.sdf', '/home/screener/files/prost_canc/crest_vinardo/results/1z95/replicate 4/DHT/1z95_DHT_5_replicate4.sdf', '/home/screener/files/prost_canc/crest_vinardo/results/1z95/replicate 4/DHT/1z95_DHT_2_replicate4.sdf', '/home/screener/files/prost_canc/crest_vinardo/results/1z95/replicate 4/DHT/1z95_DHT_3_replicate4.sdf', '/home/screener/files/prost_canc/crest_vinardo/results/1z95/replicate 4/DHT/1z95_DHT_4_replicate4.sdf', '/home/screener/files/prost_canc/crest_vinardo/results/1z95/replicate 4/DHT/1z95_DHT_6_replicate4.sdf', '/home/screener/files/prost_canc/crest_vinardo/results/1z95/replicate 4/DHT/1z95_DHT_7_replicate4.sdf']","[-7.48, -7.48, -7.48, -7.48, -7.48, -7.48, -7.48, -7.48]"
RBICALUTAMIDE,1z95,4,"['/home/screener/files/prost_canc/crest_vinardo/results/1z95/replicate 4/RBICALUTAMIDE/1z95_RBICALUTAMIDE_0_replicate4.pdbqt', '/home/screener/files/prost_canc/crest_vinardo/results/1z95/replicate 4/RBICALUTAMIDE/1z95_RBICALUTAMIDE_3_replicate4.pdbqt', '/home/screener/files/prost_canc/crest_vinardo/results/1z95/replicate 4/RBICALUTAMIDE/1z95_RBICALUTAMIDE_1_replicate4.pdbqt', '/home/screener/files/prost_canc/crest_vinardo/results/1z95/replicate 4/RBICALUTAMIDE/1z95_RBICALUTAMIDE_2_replicate4.pdbqt', '/home/screener/files/prost_canc/crest_vinardo/results/1z95/replicate 4/RBICALUTAMIDE/1z95_RBICALUTAMIDE_4_replicate4.pdbqt', '/home/screener/files/prost_canc/crest_vinardo/results/1z95/replicate 4/RBICALUTAMIDE/1z95_RBICALUTAMIDE_5_replicate4.pdbqt', '/home/screener/files/prost_canc/crest_vinardo/results/1z95/replicate 4/RBICALUTAMIDE/1z95_RBICALUTAMIDE_6_replicate4.pdbqt', '/home/screener/files/prost_canc/crest_vinardo/results/1z95/replicate 4/RBICALUTAMIDE/1z95_RBICALUTAMIDE_7_replicate4.pdbqt', '/home/screener/files/prost_canc/crest_vinardo/results/1z95/replicate 4/RBICALUTAMIDE/1z95_RBICALUTAMIDE_9_replicate4.pdbqt', '/home/screener/files/prost_canc/crest_vinardo/results/1z95/replicate 4/RBICALUTAMIDE/1z95_RBICALUTAMIDE_8_replicate4.pdbqt']","['/home/screener/files/prost_canc/crest_vinardo/results/1z95/replicate 4/RBICALUTAMIDE/1z95_RBICALUTAMIDE_0_replicate4.sdf', '/home/screener/files/prost_canc/crest_vinardo/results/1z95/replicate 4/RBICALUTAMIDE/1z95_RBICALUTAMIDE_3_replicate4.sdf', '/home/screener/files/prost_canc/crest_vinardo/results/1z95/replicate 4/RBICALUTAMIDE/1z95_RBICALUTAMIDE_1_replicate4.sdf', '/home/screener/files/prost_canc/crest_vinardo/results/1z95/replicate 4/RBICALUTAMIDE/1z95_RBICALUTAMIDE_2_replicate4.sdf', '/home/screener/files/prost_canc/crest_vinardo/results/1z95/replicate 4/RBICALUTAMIDE/1z95_RBICALUTAMIDE_4_replicate4.sdf', '/home/screener/files/prost_canc/crest_vinardo/results/1z95/replicate 4/RBICALUTAMIDE/1z95_RBICALUTAMIDE_5_replicate4.sdf', '/home/screener/files/prost_canc/crest_vinardo/results/1z95/replicate 4/RBICALUTAMIDE/1z95_RBICALUTAMIDE_6_replicate4.sdf', '/home/screener/files/prost_canc/crest_vinardo/results/1z95/replicate 4/RBICALUTAMIDE/1z95_RBICALUTAMIDE_7_replicate4.sdf', '/home/screener/files/prost_canc/crest_vinardo/results/1z95/replicate 4/RBICALUTAMIDE/1z95_RBICALUTAMIDE_9_replicate4.sdf', '/home/screener/files/prost_canc/crest_vinardo/results/1z95/replicate 4/RBICALUTAMIDE/1z95_RBICALUTAMIDE_8_replicate4.sdf']","[-10.434, -10.434, -10.434, -10.434, -10.434, -10.434, -10.434, -10.434, -10.434, -10.434]"
LTHC,1z95,4,"['/home/screener/files/prost_canc/crest_vinardo/results/1z95/replicate 4/LTHC/1z95_LTHC_0_replicate4.pdbqt', '/home/screener/files/prost_canc/crest_vinardo/results/1z95/replicate 4/LTHC/1z95_LTHC_1_replicate4.pdbqt', '/home/screener/files/prost_canc/crest_vinardo/results/1z95/replicate 4/LTHC/1z95_LTHC_2_replicate4.pdbqt', '/home/screener/files/prost_canc/crest_vinardo/results/1z95/replicate 4/LTHC/1z95_LTHC_3_replicate4.pdbqt', '/home/screener/files/prost_canc/crest_vinardo/results/1z95/replicate 4/LTHC/1z95_LTHC_5_replicate4.pdbqt', '/home/screener/files/prost_canc/crest_vinardo/results/1z95/replicate 4/LTHC/1z95_LTHC_4_replicate4.pdbqt', '/home/screener/files/prost_canc/crest_vinardo/results/1z95/replicate 4/LTHC/1z95_LTHC_6_replicate4.pdbqt', '/home/screener/files/prost_canc/crest_vinardo/results/1z95/replicate 4/LTHC/1z95_LTHC_7_replicate4.pdbqt', '/home/screener/files/prost_canc/crest_vinardo/results/1z95/replicate 4/LTHC/1z95_LTHC_9_replicate4.pdbqt', '/home/screener/files/prost_canc/crest_vinardo/results/1z95/replicate 4/LTHC/1z95_LTHC_8_replicate4.pdbqt']","['/home/screener/files/prost_canc/crest_vinardo/results/1z95/replicate 4/LTHC/1z95_LTHC_0_replicate4.sdf', '/home/screener/files/prost_canc/crest_vinardo/results/1z95/replicate 4/LTHC/1z95_LTHC_1_replicate4.sdf', '/home/screener/files/prost_canc/crest_vinardo/results/1z95/replicate 4/LTHC/1z95_LTHC_2_replicate4.sdf', '/home/screener/files/prost_canc/crest_vinardo/results/1z95/replicate 4/LTHC/1z95_LTHC_3_replicate4.sdf', '/home/screener/files/prost_canc/crest_vinardo/results/1z95/replicate 4/LTHC/1z95_LTHC_5_replicate4.sdf', '/home/screener/files/prost_canc/crest_vinardo/results/1z95/replicate 4/LTHC/1z95_LTHC_4_replicate4.sdf', '/home/screener/files/prost_canc/crest_vinardo/results/1z95/replicate 4/LTHC/1z95_LTHC_6_replicate4.sdf', '/home/screener/files/prost_canc/crest_vinardo/results/1z95/replicate 4/LTHC/1z95_LTHC_7_replicate4.sdf', '/home/screener/files/prost_canc/crest_vinardo/results/1z95/replicate 4/LTHC/1z95_LTHC_9_replicate4.sdf', '/home/screener/files/prost_canc/crest_vinardo/results/1z95/replicate 4/LTHC/1z95_LTHC_8_replicate4.sdf']","[-7.594, -7.594, -7.594, -7.594, -7.594, -7.594, -7.594, -7.594, -7.594, -7.594]"
5FAKB48,1z95,4,"['/home/screener/files/prost_canc/crest_vinardo/results/1z95/replicate 4/5FAKB48/1z95_5FAKB48_0_replicate4.pdbqt', '/home/screener/files/prost_canc/crest_vinardo/results/1z95/replicate 4/5FAKB48/1z95_5FAKB48_1_replicate4.pdbqt', '/home/screener/files/prost_canc/crest_vinardo/results/1z95/replicate 4/5FAKB48/1z95_5FAKB48_2_replicate4.pdbqt', '/home/screener/files/prost_canc/crest_vinardo/results/1z95/replicate 4/5FAKB48/1z95_5FAKB48_4_replicate4.pdbqt', '/home/screener/files/prost_canc/crest_vinardo/results/1z95/replicate 4/5FAKB48/1z95_5FAKB48_3_replicate4.pdbqt', '/home/screener/files/prost_canc/crest_vinardo/results/1z95/replicate 4/5FAKB48/1z95_5FAKB48_5_replicate4.pdbqt', '/home/screener/files/prost_canc/crest_vinardo/results/1z95/replicate 4/5FAKB48/1z95_5FAKB48_6_replicate4.pdbqt', '/home/screener/files/prost_canc/crest_vinardo/results/1z95/replicate 4/5FAKB48/1z95_5FAKB48_7_replicate4.pdbqt', '/home/screener/files/prost_canc/crest_vinardo/results/1z95/replicate 4/5FAKB48/1z95_5FAKB48_8_replicate4.pdbqt', '/home/screener/files/prost_canc/crest_vinardo/results/1z95/replicate 4/5FAKB48/1z95_5FAKB48_9_replicate4.pdbqt']","['/home/screener/files/prost_canc/crest_vinardo/results/1z95/replicate 4/5FAKB48/1z95_5FAKB48_0_replicate4.sdf', '/home/screener/files/prost_canc/crest_vinardo/results/1z95/replicate 4/5FAKB48/1z95_5FAKB48_1_replicate4.sdf', '/home/screener/files/prost_canc/crest_vinardo/results/1z95/replicate 4/5FAKB48/1z95_5FAKB48_2_replicate4.sdf', '/home/screener/files/prost_canc/crest_vinardo/results/1z95/replicate 4/5FAKB48/1z95_5FAKB48_4_replicate4.sdf', '/home/screener/files/prost_canc/crest_vinardo/results/1z95/replicate 4/5FAKB48/1z95_5FAKB48_3_replicate4.sdf', '/home/screener/files/prost_canc/crest_vinardo/results/1z95/replicate 4/5FAKB48/1z95_5FAKB48_5_replicate4.sdf', '/home/screener/files/prost_canc/crest_vinardo/results/1z95/replicate 4/5FAKB48/1z95_5FAKB48_6_replicate4.sdf', '/home/screener/files/prost_canc/crest_vinardo/results/1z95/replicate 4/5FAKB48/1z95_5FAKB48_7_replicate4.sdf', '/home/screener/files/prost_canc/crest_vinardo/results/1z95/replicate 4/5FAKB48/1z95_5FAKB48_8_replicate4.sdf', '/home/screener/files/prost_canc/crest_vinardo/results/1z95/replicate 4/5FAKB48/1z95_5FAKB48_9_replicate4.sdf']","[-7.637, -7.637, -7.637, -7.637, -7.637, -7.637, -7.637, -7.637, -7.637, -7.637]"
CBN,1z95,4,"['/home/screener/files/prost_canc/crest_vinardo/results/1z95/replicate 4/CBN/1z95_CBN_0_replicate4.pdbqt', '/home/screener/files/prost_canc/crest_vinardo/results/1z95/replicate 4/CBN/1z95_CBN_1_replicate4.pdbqt', '/home/screener/files/prost_canc/crest_vinardo/results/1z95/replicate 4/CBN/1z95_CBN_2_replicate4.pdbqt', '/home/screener/files/prost_canc/crest_vinardo/results/1z95/replicate 4/CBN/1z95_CBN_3_replicate4.pdbqt', '/home/screener/files/prost_canc/crest_vinardo/results/1z95/replicate 4/CBN/1z95_CBN_4_replicate4.pdbqt', '/home/screener/files/prost_canc/crest_vinardo/results/1z95/replicate 4/CBN/1z95_CBN_5_replicate4.pdbqt', '/home/screener/files/prost_canc/crest_vinardo/results/1z95/replicate 4/CBN/1z95_CBN_6_replicate4.pdbqt', '/home/screener/files/prost_canc/crest_vinardo/results/1z95/replicate 4/CBN/1z95_CBN_7_replicate4.pdbqt', '/home/screener/files/prost_canc/crest_vinardo/results/1z95/replicate 4/CBN/1z95_CBN_8_replicate4.pdbqt', '/home/screener/files/prost_canc/crest_vinardo/results/1z95/replicate 4/CBN/1z95_CBN_9_replicate4.pdbqt']","['/home/screener/files/prost_canc/crest_vinardo/results/1z95/replicate 4/CBN/1z95_CBN_0_replicate4.sdf', '/home/screener/files/prost_canc/crest_vinardo/results/1z95/replicate 4/CBN/1z95_CBN_1_replicate4.sdf', '/home/screener/files/prost_canc/crest_vinardo/results/1z95/replicate 4/CBN/1z95_CBN_2_replicate4.sdf', '/home/screener/files/prost_canc/crest_vinardo/results/1z95/replicate 4/CBN/1z95_CBN_3_replicate4.sdf', '/home/screener/files/prost_canc/crest_vinardo/results/1z95/replicate 4/CBN/1z95_CBN_4_replicate4.sdf', '/home/screener/files/prost_canc/crest_vinardo/results/1z95/replicate 4/CBN/1z95_CBN_5_replicate4.sdf', '/home/screener/files/prost_canc/crest_vinardo/results/1z95/replicate 4/CBN/1z95_CBN_6_replicate4.sdf', '/home/screener/files/prost_canc/crest_vinardo/results/1z95/replicate 4/CBN/1z95_CBN_7_replicate4.sdf', '/home/screener/files/prost_canc/crest_vinardo/results/1z95/replicate 4/CBN/1z95_CBN_8_replicate4.sdf', '/home/screener/files/prost_canc/crest_vinardo/results/1z95/replicate 4/CBN/1z95_CBN_9_replicate4.sdf']","[-7.166, -7.166, -7.166, -7.166, -7.166, -7.166, -7.166, -7.166, -7.166, -7.166]"
CBD,1z95,4,"['/home/screener/files/prost_canc/crest_vinardo/results/1z95/replicate 4/CBD/1z95_CBD_0_replicate4.pdbqt', '/home/screener/files/prost_canc/crest_vinardo/results/1z95/replicate 4/CBD/1z95_CBD_1_replicate4.pdbqt', '/home/screener/files/prost_canc/crest_vinardo/results/1z95/replicate 4/CBD/1z95_CBD_2_replicate4.pdbqt', '/home/screener/files/prost_canc/crest_vinardo/results/1z95/replicate 4/CBD/1z95_CBD_3_replicate4.pdbqt', '/home/screener/files/prost_canc/crest_vinardo/results/1z95/replicate 4/CBD/1z95_CBD_4_replicate4.pdbqt', '/home/screener/files/prost_canc/crest_vinardo/results/1z95/replicate 4/CBD/1z95_CBD_5_replicate4.pdbqt', '/home/screener/files/prost_canc/crest_vinardo/results/1z95/replicate 4/CBD/1z95_CBD_6_replicate4.pdbqt', '/home/screener/files/prost_canc/crest_vinardo/results/1z95/replicate 4/CBD/1z95_CBD_7_replicate4.pdbqt', '/home/screener/files/prost_canc/crest_vinardo/results/1z95/replicate 4/CBD/1z95_CBD_8_replicate4.pdbqt', '/home/screener/files/prost_canc/crest_vinardo/results/1z95/replicate 4/CBD/1z95_CBD_9_replicate4.pdbqt']","['/home/screener/files/prost_canc/crest_vinardo/results/1z95/replicate 4/CBD/1z95_CBD_0_replicate4.sdf', '/home/screener/files/prost_canc/crest_vinardo/results/1z95/replicate 4/CBD/1z95_CBD_1_replicate4.sdf', '/home/screener/files/prost_canc/crest_vinardo/results/1z95/replicate 4/CBD/1z95_CBD_2_replicate4.sdf', '/home/screener/files/prost_canc/crest_vinardo/results/1z95/replicate 4/CBD/1z95_CBD_3_replicate4.sdf', '/home/screener/files/prost_canc/crest_vinardo/results/1z95/replicate 4/CBD/1z95_CBD_4_replicate4.sdf', '/home/screener/files/prost_canc/crest_vinardo/results/1z95/replicate 4/CBD/1z95_CBD_5_replicate4.sdf', '/home/screener/files/prost_canc/crest_vinardo/results/1z95/replicate 4/CBD/1z95_CBD_6_replicate4.sdf', '/home/screener/files/prost_canc/crest_vinardo/results/1z95/replicate 4/CBD/1z95_CBD_7_replicate4.sdf', '/home/screener/files/prost_canc/crest_vinardo/results/1z95/replicate 4/CBD/1z95_CBD_8_replicate4.sdf', '/home/screener/files/prost_canc/crest_vinardo/results/1z95/replicate 4/CBD/1z95_CBD_9_replicate4.sdf']","[-6.993, -6.993, -6.993, -6.993, -6.993, -6.993, -6.993, -6.993, -6.993, -6.993]"
MDMBCHMINACA,1z95,4,"['/home/screener/files/prost_canc/crest_vinardo/results/1z95/replicate 4/MDMBCHMINACA/1z95_MDMBCHMINACA_0_replicate4.pdbqt', '/home/screener/files/prost_canc/crest_vinardo/results/1z95/replicate 4/MDMBCHMINACA/1z95_MDMBCHMINACA_1_replicate4.pdbqt', '/home/screener/files/prost_canc/crest_vinardo/results/1z95/replicate 4/MDMBCHMINACA/1z95_MDMBCHMINACA_2_replicate4.pdbqt', '/home/screener/files/prost_canc/crest_vinardo/results/1z95/replicate 4/MDMBCHMINACA/1z95_MDMBCHMINACA_3_replicate4.pdbqt', '/home/screener/files/prost_canc/crest_vinardo/results/1z95/replicate 4/MDMBCHMINACA/1z95_MDMBCHMINACA_4_replicate4.pdbqt', '/home/screener/files/prost_canc/crest_vinardo/results/1z95/replicate 4/MDMBCHMINACA/1z95_MDMBCHMINACA_5_replicate4.pdbqt', '/home/screener/files/prost_canc/crest_vinardo/results/1z95/replicate 4/MDMBCHMINACA/1z95_MDMBCHMINACA_6_replicate4.pdbqt', '/home/screener/files/prost_canc/crest_vinardo/results/1z95/replicate 4/MDMBCHMINACA/1z95_MDMBCHMINACA_7_replicate4.pdbqt', '/home/screener/files/prost_canc/crest_vinardo/results/1z95/replicate 4/MDMBCHMINACA/1z95_MDMBCHMINACA_8_replicate4.pdbqt', '/home/screener/files/prost_canc/crest_vinardo/results/1z95/replicate 4/MDMBCHMINACA/1z95_MDMBCHMINACA_9_replicate4.pdbqt']","['/home/screener/files/prost_canc/crest_vinardo/results/1z95/replicate 4/MDMBCHMINACA/1z95_MDMBCHMINACA_0_replicate4.sdf', '/home/screener/files/prost_canc/crest_vinardo/results/1z95/replicate 4/MDMBCHMINACA/1z95_MDMBCHMINACA_1_replicate4.sdf', '/home/screener/files/prost_canc/crest_vinardo/results/1z95/replicate 4/MDMBCHMINACA/1z95_MDMBCHMINACA_2_replicate4.sdf', '/home/screener/files/prost_canc/crest_vinardo/results/1z95/replicate 4/MDMBCHMINACA/1z95_MDMBCHMINACA_3_replicate4.sdf', '/home/screener/files/prost_canc/crest_vinardo/results/1z95/replicate 4/MDMBCHMINACA/1z95_MDMBCHMINACA_4_replicate4.sdf', '/home/screener/files/prost_canc/crest_vinardo/results/1z95/replicate 4/MDMBCHMINACA/1z95_MDMBCHMINACA_5_replicate4.sdf', '/home/screener/files/prost_canc/crest_vinardo/results/1z95/replicate 4/MDMBCHMINACA/1z95_MDMBCHMINACA_6_replicate4.sdf', '/home/screener/files/prost_canc/crest_vinardo/results/1z95/replicate 4/MDMBCHMINACA/1z95_MDMBCHMINACA_7_replicate4.sdf', '/home/screener/files/prost_canc/crest_vinardo/results/1z95/replicate 4/MDMBCHMINACA/1z95_MDMBCHMINACA_8_replicate4.sdf', '/home/screener/files/prost_canc/crest_vinardo/results/1z95/replicate 4/MDMBCHMINACA/1z95_MDMBCHMINACA_9_replicate4.sdf']","[-8.673, -8.673, -8.673, -8.673, -8.673, -8.673, -8.673, -8.673, -8.673, -8.673]"
HU210,1z95,4,"['/home/screener/files/prost_canc/crest_vinardo/results/1z95/replicate 4/HU210/1z95_HU210_0_replicate4.pdbqt', '/home/screener/files/prost_canc/crest_vinardo/results/1z95/replicate 4/HU210/1z95_HU210_1_replicate4.pdbqt', '/home/screener/files/prost_canc/crest_vinardo/results/1z95/replicate 4/HU210/1z95_HU210_2_replicate4.pdbqt', '/home/screener/files/prost_canc/crest_vinardo/results/1z95/replicate 4/HU210/1z95_HU210_3_replicate4.pdbqt', '/home/screener/files/prost_canc/crest_vinardo/results/1z95/replicate 4/HU210/1z95_HU210_4_replicate4.pdbqt', '/home/screener/files/prost_canc/crest_vinardo/results/1z95/replicate 4/HU210/1z95_HU210_5_replicate4.pdbqt', '/home/screener/files/prost_canc/crest_vinardo/results/1z95/replicate 4/HU210/1z95_HU210_6_replicate4.pdbqt', '/home/screener/files/prost_canc/crest_vinardo/results/1z95/replicate 4/HU210/1z95_HU210_7_replicate4.pdbqt', '/home/screener/files/prost_canc/crest_vinardo/results/1z95/replicate 4/HU210/1z95_HU210_8_replicate4.pdbqt', '/home/screener/files/prost_canc/crest_vinardo/results/1z95/replicate 4/HU210/1z95_HU210_9_replicate4.pdbqt']","['/home/screener/files/prost_canc/crest_vinardo/results/1z95/replicate 4/HU210/1z95_HU210_0_replicate4.sdf', '/home/screener/files/prost_canc/crest_vinardo/results/1z95/replicate 4/HU210/1z95_HU210_1_replicate4.sdf', '/home/screener/files/prost_canc/crest_vinardo/results/1z95/replicate 4/HU210/1z95_HU210_2_replicate4.sdf', '/home/screener/files/prost_canc/crest_vinardo/results/1z95/replicate 4/HU210/1z95_HU210_3_replicate4.sdf', '/home/screener/files/prost_canc/crest_vinardo/results/1z95/replicate 4/HU210/1z95_HU210_4_replicate4.sdf', '/home/screener/files/prost_canc/crest_vinardo/results/1z95/replicate 4/HU210/1z95_HU210_5_replicate4.sdf', '/home/screener/files/prost_canc/crest_vinardo/results/1z95/replicate 4/HU210/1z95_HU210_6_replicate4.sdf', '/home/screener/files/prost_canc/crest_vinardo/results/1z95/replicate 4/HU210/1z95_HU210_7_replicate4.sdf', '/home/screener/files/prost_canc/crest_vinardo/results/1z95/replicate 4/HU210/1z95_HU210_8_replicate4.sdf', '/home/screener/files/prost_canc/crest_vinardo/results/1z95/replicate 4/HU210/1z95_HU210_9_replicate4.sdf']","[-4.707, -4.707, -4.707, -4.707, -4.707, -4.707, -4.707, -4.707, -4.707, -4.707]"
Testosterone,1z95,5,"['/home/screener/files/prost_canc/crest_vinardo/results/1z95/replicate 5/Testosterone/1z95_Testosterone_0_replicate5.pdbqt', '/home/screener/files/prost_canc/crest_vinardo/results/1z95/replicate 5/Testosterone/1z95_Testosterone_4_replicate5.pdbqt', '/home/screener/files/prost_canc/crest_vinardo/results/1z95/replicate 5/Testosterone/1z95_Testosterone_6_replicate5.pdbqt', '/home/screener/files/prost_canc/crest_vinardo/results/1z95/replicate 5/Testosterone/1z95_Testosterone_1_replicate5.pdbqt', '/home/screener/files/prost_canc/crest_vinardo/results/1z95/replicate 5/Testosterone/1z95_Testosterone_2_replicate5.pdbqt', '/home/screener/files/prost_canc/crest_vinardo/results/1z95/replicate 5/Testosterone/1z95_Testosterone_3_replicate5.pdbqt', '/home/screener/files/prost_canc/crest_vinardo/results/1z95/replicate 5/Testosterone/1z95_Testosterone_5_replicate5.pdbqt']","['/home/screener/files/prost_canc/crest_vinardo/results/1z95/replicate 5/Testosterone/1z95_Testosterone_0_replicate5.sdf', '/home/screener/files/prost_canc/crest_vinardo/results/1z95/replicate 5/Testosterone/1z95_Testosterone_4_replicate5.sdf', '/home/screener/files/prost_canc/crest_vinardo/results/1z95/replicate 5/Testosterone/1z95_Testosterone_6_replicate5.sdf', '/home/screener/files/prost_canc/crest_vinardo/results/1z95/replicate 5/Testosterone/1z95_Testosterone_1_replicate5.sdf', '/home/screener/files/prost_canc/crest_vinardo/results/1z95/replicate 5/Testosterone/1z95_Testosterone_2_replicate5.sdf', '/home/screener/files/prost_canc/crest_vinardo/results/1z95/replicate 5/Testosterone/1z95_Testosterone_3_replicate5.sdf', '/home/screener/files/prost_canc/crest_vinardo/results/1z95/replicate 5/Testosterone/1z95_Testosterone_5_replicate5.sdf']","[-7.42, -7.42, -7.42, -7.42, -7.42, -7.42, -7.42]"
DTHC,1z95,5,"['/home/screener/files/prost_canc/crest_vinardo/results/1z95/replicate 5/DTHC/1z95_DTHC_0_replicate5.pdbqt', '/home/screener/files/prost_canc/crest_vinardo/results/1z95/replicate 5/DTHC/1z95_DTHC_3_replicate5.pdbqt', '/home/screener/files/prost_canc/crest_vinardo/results/1z95/replicate 5/DTHC/1z95_DTHC_1_replicate5.pdbqt', '/home/screener/files/prost_canc/crest_vinardo/results/1z95/replicate 5/DTHC/1z95_DTHC_6_replicate5.pdbqt', '/home/screener/files/prost_canc/crest_vinardo/results/1z95/replicate 5/DTHC/1z95_DTHC_2_replicate5.pdbqt', '/home/screener/files/prost_canc/crest_vinardo/results/1z95/replicate 5/DTHC/1z95_DTHC_4_replicate5.pdbqt', '/home/screener/files/prost_canc/crest_vinardo/results/1z95/replicate 5/DTHC/1z95_DTHC_5_replicate5.pdbqt', '/home/screener/files/prost_canc/crest_vinardo/results/1z95/replicate 5/DTHC/1z95_DTHC_7_replicate5.pdbqt', '/home/screener/files/prost_canc/crest_vinardo/results/1z95/replicate 5/DTHC/1z95_DTHC_9_replicate5.pdbqt', '/home/screener/files/prost_canc/crest_vinardo/results/1z95/replicate 5/DTHC/1z95_DTHC_8_replicate5.pdbqt']","['/home/screener/files/prost_canc/crest_vinardo/results/1z95/replicate 5/DTHC/1z95_DTHC_0_replicate5.sdf', '/home/screener/files/prost_canc/crest_vinardo/results/1z95/replicate 5/DTHC/1z95_DTHC_3_replicate5.sdf', '/home/screener/files/prost_canc/crest_vinardo/results/1z95/replicate 5/DTHC/1z95_DTHC_1_replicate5.sdf', '/home/screener/files/prost_canc/crest_vinardo/results/1z95/replicate 5/DTHC/1z95_DTHC_6_replicate5.sdf', '/home/screener/files/prost_canc/crest_vinardo/results/1z95/replicate 5/DTHC/1z95_DTHC_2_replicate5.sdf', '/home/screener/files/prost_canc/crest_vinardo/results/1z95/replicate 5/DTHC/1z95_DTHC_4_replicate5.sdf', '/home/screener/files/prost_canc/crest_vinardo/results/1z95/replicate 5/DTHC/1z95_DTHC_5_replicate5.sdf', '/home/screener/files/prost_canc/crest_vinardo/results/1z95/replicate 5/DTHC/1z95_DTHC_7_replicate5.sdf', '/home/screener/files/prost_canc/crest_vinardo/results/1z95/replicate 5/DTHC/1z95_DTHC_9_replicate5.sdf', '/home/screener/files/prost_canc/crest_vinardo/results/1z95/replicate 5/DTHC/1z95_DTHC_8_replicate5.sdf']","[-7.602, -7.602, -7.602, -7.602, -7.602, -7.602, -7.602, -7.602, -7.602, -7.602]"
R1881,1z95,5,"['/home/screener/files/prost_canc/crest_vinardo/results/1z95/replicate 5/R1881/1z95_R1881_0_replicate5.pdbqt', '/home/screener/files/prost_canc/crest_vinardo/results/1z95/replicate 5/R1881/1z95_R1881_2_replicate5.pdbqt', '/home/screener/files/prost_canc/crest_vinardo/results/1z95/replicate 5/R1881/1z95_R1881_1_replicate5.pdbqt', '/home/screener/files/prost_canc/crest_vinardo/results/1z95/replicate 5/R1881/1z95_R1881_3_replicate5.pdbqt', '/home/screener/files/prost_canc/crest_vinardo/results/1z95/replicate 5/R1881/1z95_R1881_4_replicate5.pdbqt', '/home/screener/files/prost_canc/crest_vinardo/results/1z95/replicate 5/R1881/1z95_R1881_6_replicate5.pdbqt', '/home/screener/files/prost_canc/crest_vinardo/results/1z95/replicate 5/R1881/1z95_R1881_5_replicate5.pdbqt', '/home/screener/files/prost_canc/crest_vinardo/results/1z95/replicate 5/R1881/1z95_R1881_7_replicate5.pdbqt', '/home/screener/files/prost_canc/crest_vinardo/results/1z95/replicate 5/R1881/1z95_R1881_8_replicate5.pdbqt']","['/home/screener/files/prost_canc/crest_vinardo/results/1z95/replicate 5/R1881/1z95_R1881_0_replicate5.sdf', '/home/screener/files/prost_canc/crest_vinardo/results/1z95/replicate 5/R1881/1z95_R1881_2_replicate5.sdf', '/home/screener/files/prost_canc/crest_vinardo/results/1z95/replicate 5/R1881/1z95_R1881_1_replicate5.sdf', '/home/screener/files/prost_canc/crest_vinardo/results/1z95/replicate 5/R1881/1z95_R1881_3_replicate5.sdf', '/home/screener/files/prost_canc/crest_vinardo/results/1z95/replicate 5/R1881/1z95_R1881_4_replicate5.sdf', '/home/screener/files/prost_canc/crest_vinardo/results/1z95/replicate 5/R1881/1z95_R1881_6_replicate5.sdf', '/home/screener/files/prost_canc/crest_vinardo/results/1z95/replicate 5/R1881/1z95_R1881_5_replicate5.sdf', '/home/screener/files/prost_canc/crest_vinardo/results/1z95/replicate 5/R1881/1z95_R1881_7_replicate5.sdf', '/home/screener/files/prost_canc/crest_vinardo/results/1z95/replicate 5/R1881/1z95_R1881_8_replicate5.sdf']","[-9.532, -9.532, -9.532, -9.532, -9.532, -9.532, -9.532, -9.532, -9.532]"
DHT,1z95,5,"['/home/screener/files/prost_canc/crest_vinardo/results/1z95/replicate 5/DHT/1z95_DHT_0_replicate5.pdbqt', '/home/screener/files/prost_canc/crest_vinardo/results/1z95/replicate 5/DHT/1z95_DHT_1_replicate5.pdbqt', '/home/screener/files/prost_canc/crest_vinardo/results/1z95/replicate 5/DHT/1z95_DHT_2_replicate5.pdbqt', '/home/screener/files/prost_canc/crest_vinardo/results/1z95/replicate 5/DHT/1z95_DHT_4_replicate5.pdbqt', '/home/screener/files/prost_canc/crest_vinardo/results/1z95/replicate 5/DHT/1z95_DHT_3_replicate5.pdbqt', '/home/screener/files/prost_canc/crest_vinardo/results/1z95/replicate 5/DHT/1z95_DHT_5_replicate5.pdbqt', '/home/screener/files/prost_canc/crest_vinardo/results/1z95/replicate 5/DHT/1z95_DHT_6_replicate5.pdbqt', '/home/screener/files/prost_canc/crest_vinardo/results/1z95/replicate 5/DHT/1z95_DHT_7_replicate5.pdbqt']","['/home/screener/files/prost_canc/crest_vinardo/results/1z95/replicate 5/DHT/1z95_DHT_0_replicate5.sdf', '/home/screener/files/prost_canc/crest_vinardo/results/1z95/replicate 5/DHT/1z95_DHT_1_replicate5.sdf', '/home/screener/files/prost_canc/crest_vinardo/results/1z95/replicate 5/DHT/1z95_DHT_2_replicate5.sdf', '/home/screener/files/prost_canc/crest_vinardo/results/1z95/replicate 5/DHT/1z95_DHT_4_replicate5.sdf', '/home/screener/files/prost_canc/crest_vinardo/results/1z95/replicate 5/DHT/1z95_DHT_3_replicate5.sdf', '/home/screener/files/prost_canc/crest_vinardo/results/1z95/replicate 5/DHT/1z95_DHT_5_replicate5.sdf', '/home/screener/files/prost_canc/crest_vinardo/results/1z95/replicate 5/DHT/1z95_DHT_6_replicate5.sdf', '/home/screener/files/prost_canc/crest_vinardo/results/1z95/replicate 5/DHT/1z95_DHT_7_replicate5.sdf']","[-7.48, -7.48, -7.48, -7.48, -7.48, -7.48, -7.48, -7.48]"
RBICALUTAMIDE,1z95,5,"['/home/screener/files/prost_canc/crest_vinardo/results/1z95/replicate 5/RBICALUTAMIDE/1z95_RBICALUTAMIDE_0_replicate5.pdbqt', '/home/screener/files/prost_canc/crest_vinardo/results/1z95/replicate 5/RBICALUTAMIDE/1z95_RBICALUTAMIDE_1_replicate5.pdbqt', '/home/screener/files/prost_canc/crest_vinardo/results/1z95/replicate 5/RBICALUTAMIDE/1z95_RBICALUTAMIDE_2_replicate5.pdbqt', '/home/screener/files/prost_canc/crest_vinardo/results/1z95/replicate 5/RBICALUTAMIDE/1z95_RBICALUTAMIDE_3_replicate5.pdbqt', '/home/screener/files/prost_canc/crest_vinardo/results/1z95/replicate 5/RBICALUTAMIDE/1z95_RBICALUTAMIDE_4_replicate5.pdbqt', '/home/screener/files/prost_canc/crest_vinardo/results/1z95/replicate 5/RBICALUTAMIDE/1z95_RBICALUTAMIDE_5_replicate5.pdbqt', '/home/screener/files/prost_canc/crest_vinardo/results/1z95/replicate 5/RBICALUTAMIDE/1z95_RBICALUTAMIDE_6_replicate5.pdbqt', '/home/screener/files/prost_canc/crest_vinardo/results/1z95/replicate 5/RBICALUTAMIDE/1z95_RBICALUTAMIDE_7_replicate5.pdbqt', '/home/screener/files/prost_canc/crest_vinardo/results/1z95/replicate 5/RBICALUTAMIDE/1z95_RBICALUTAMIDE_9_replicate5.pdbqt', '/home/screener/files/prost_canc/crest_vinardo/results/1z95/replicate 5/RBICALUTAMIDE/1z95_RBICALUTAMIDE_8_replicate5.pdbqt']","['/home/screener/files/prost_canc/crest_vinardo/results/1z95/replicate 5/RBICALUTAMIDE/1z95_RBICALUTAMIDE_0_replicate5.sdf', '/home/screener/files/prost_canc/crest_vinardo/results/1z95/replicate 5/RBICALUTAMIDE/1z95_RBICALUTAMIDE_1_replicate5.sdf', '/home/screener/files/prost_canc/crest_vinardo/results/1z95/replicate 5/RBICALUTAMIDE/1z95_RBICALUTAMIDE_2_replicate5.sdf', '/home/screener/files/prost_canc/crest_vinardo/results/1z95/replicate 5/RBICALUTAMIDE/1z95_RBICALUTAMIDE_3_replicate5.sdf', '/home/screener/files/prost_canc/crest_vinardo/results/1z95/replicate 5/RBICALUTAMIDE/1z95_RBICALUTAMIDE_4_replicate5.sdf', '/home/screener/files/prost_canc/crest_vinardo/results/1z95/replicate 5/RBICALUTAMIDE/1z95_RBICALUTAMIDE_5_replicate5.sdf', '/home/screener/files/prost_canc/crest_vinardo/results/1z95/replicate 5/RBICALUTAMIDE/1z95_RBICALUTAMIDE_6_replicate5.sdf', '/home/screener/files/prost_canc/crest_vinardo/results/1z95/replicate 5/RBICALUTAMIDE/1z95_RBICALUTAMIDE_7_replicate5.sdf', '/home/screener/files/prost_canc/crest_vinardo/results/1z95/replicate 5/RBICALUTAMIDE/1z95_RBICALUTAMIDE_9_replicate5.sdf', '/home/screener/files/prost_canc/crest_vinardo/results/1z95/replicate 5/RBICALUTAMIDE/1z95_RBICALUTAMIDE_8_replicate5.sdf']","[-10.434, -10.434, -10.434, -10.434, -10.434, -10.434, -10.434, -10.434, -10.434, -10.434]"
LTHC,1z95,5,"['/home/screener/files/prost_canc/crest_vinardo/results/1z95/replicate 5/LTHC/1z95_LTHC_0_replicate5.pdbqt', '/home/screener/files/prost_canc/crest_vinardo/results/1z95/replicate 5/LTHC/1z95_LTHC_1_replicate5.pdbqt', '/home/screener/files/prost_canc/crest_vinardo/results/1z95/replicate 5/LTHC/1z95_LTHC_2_replicate5.pdbqt', '/home/screener/files/prost_canc/crest_vinardo/results/1z95/replicate 5/LTHC/1z95_LTHC_3_replicate5.pdbqt', '/home/screener/files/prost_canc/crest_vinardo/results/1z95/replicate 5/LTHC/1z95_LTHC_4_replicate5.pdbqt', '/home/screener/files/prost_canc/crest_vinardo/results/1z95/replicate 5/LTHC/1z95_LTHC_5_replicate5.pdbqt', '/home/screener/files/prost_canc/crest_vinardo/results/1z95/replicate 5/LTHC/1z95_LTHC_6_replicate5.pdbqt', '/home/screener/files/prost_canc/crest_vinardo/results/1z95/replicate 5/LTHC/1z95_LTHC_7_replicate5.pdbqt', '/home/screener/files/prost_canc/crest_vinardo/results/1z95/replicate 5/LTHC/1z95_LTHC_8_replicate5.pdbqt', '/home/screener/files/prost_canc/crest_vinardo/results/1z95/replicate 5/LTHC/1z95_LTHC_9_replicate5.pdbqt']","['/home/screener/files/prost_canc/crest_vinardo/results/1z95/replicate 5/LTHC/1z95_LTHC_0_replicate5.sdf', '/home/screener/files/prost_canc/crest_vinardo/results/1z95/replicate 5/LTHC/1z95_LTHC_1_replicate5.sdf', '/home/screener/files/prost_canc/crest_vinardo/results/1z95/replicate 5/LTHC/1z95_LTHC_2_replicate5.sdf', '/home/screener/files/prost_canc/crest_vinardo/results/1z95/replicate 5/LTHC/1z95_LTHC_3_replicate5.sdf', '/home/screener/files/prost_canc/crest_vinardo/results/1z95/replicate 5/LTHC/1z95_LTHC_4_replicate5.sdf', '/home/screener/files/prost_canc/crest_vinardo/results/1z95/replicate 5/LTHC/1z95_LTHC_5_replicate5.sdf', '/home/screener/files/prost_canc/crest_vinardo/results/1z95/replicate 5/LTHC/1z95_LTHC_6_replicate5.sdf', '/home/screener/files/prost_canc/crest_vinardo/results/1z95/replicate 5/LTHC/1z95_LTHC_7_replicate5.sdf', '/home/screener/files/prost_canc/crest_vinardo/results/1z95/replicate 5/LTHC/1z95_LTHC_8_replicate5.sdf', '/home/screener/files/prost_canc/crest_vinardo/results/1z95/replicate 5/LTHC/1z95_LTHC_9_replicate5.sdf']","[-7.594, -7.594, -7.594, -7.594, -7.594, -7.594, -7.594, -7.594, -7.594, -7.594]"
5FAKB48,1z95,5,"['/home/screener/files/prost_canc/crest_vinardo/results/1z95/replicate 5/5FAKB48/1z95_5FAKB48_0_replicate5.pdbqt', '/home/screener/files/prost_canc/crest_vinardo/results/1z95/replicate 5/5FAKB48/1z95_5FAKB48_1_replicate5.pdbqt', '/home/screener/files/prost_canc/crest_vinardo/results/1z95/replicate 5/5FAKB48/1z95_5FAKB48_2_replicate5.pdbqt', '/home/screener/files/prost_canc/crest_vinardo/results/1z95/replicate 5/5FAKB48/1z95_5FAKB48_4_replicate5.pdbqt', '/home/screener/files/prost_canc/crest_vinardo/results/1z95/replicate 5/5FAKB48/1z95_5FAKB48_3_replicate5.pdbqt', '/home/screener/files/prost_canc/crest_vinardo/results/1z95/replicate 5/5FAKB48/1z95_5FAKB48_5_replicate5.pdbqt', '/home/screener/files/prost_canc/crest_vinardo/results/1z95/replicate 5/5FAKB48/1z95_5FAKB48_6_replicate5.pdbqt', '/home/screener/files/prost_canc/crest_vinardo/results/1z95/replicate 5/5FAKB48/1z95_5FAKB48_7_replicate5.pdbqt', '/home/screener/files/prost_canc/crest_vinardo/results/1z95/replicate 5/5FAKB48/1z95_5FAKB48_8_replicate5.pdbqt', '/home/screener/files/prost_canc/crest_vinardo/results/1z95/replicate 5/5FAKB48/1z95_5FAKB48_9_replicate5.pdbqt']","['/home/screener/files/prost_canc/crest_vinardo/results/1z95/replicate 5/5FAKB48/1z95_5FAKB48_0_replicate5.sdf', '/home/screener/files/prost_canc/crest_vinardo/results/1z95/replicate 5/5FAKB48/1z95_5FAKB48_1_replicate5.sdf', '/home/screener/files/prost_canc/crest_vinardo/results/1z95/replicate 5/5FAKB48/1z95_5FAKB48_2_replicate5.sdf', '/home/screener/files/prost_canc/crest_vinardo/results/1z95/replicate 5/5FAKB48/1z95_5FAKB48_4_replicate5.sdf', '/home/screener/files/prost_canc/crest_vinardo/results/1z95/replicate 5/5FAKB48/1z95_5FAKB48_3_replicate5.sdf', '/home/screener/files/prost_canc/crest_vinardo/results/1z95/replicate 5/5FAKB48/1z95_5FAKB48_5_replicate5.sdf', '/home/screener/files/prost_canc/crest_vinardo/results/1z95/replicate 5/5FAKB48/1z95_5FAKB48_6_replicate5.sdf', '/home/screener/files/prost_canc/crest_vinardo/results/1z95/replicate 5/5FAKB48/1z95_5FAKB48_7_replicate5.sdf', '/home/screener/files/prost_canc/crest_vinardo/results/1z95/replicate 5/5FAKB48/1z95_5FAKB48_8_replicate5.sdf', '/home/screener/files/prost_canc/crest_vinardo/results/1z95/replicate 5/5FAKB48/1z95_5FAKB48_9_replicate5.sdf']","[-7.637, -7.637, -7.637, -7.637, -7.637, -7.637, -7.637, -7.637, -7.637, -7.637]"
CBN,1z95,5,"['/home/screener/files/prost_canc/crest_vinardo/results/1z95/replicate 5/CBN/1z95_CBN_1_replicate5.pdbqt', '/home/screener/files/prost_canc/crest_vinardo/results/1z95/replicate 5/CBN/1z95_CBN_0_replicate5.pdbqt', '/home/screener/files/prost_canc/crest_vinardo/results/1z95/replicate 5/CBN/1z95_CBN_2_replicate5.pdbqt', '/home/screener/files/prost_canc/crest_vinardo/results/1z95/replicate 5/CBN/1z95_CBN_3_replicate5.pdbqt', '/home/screener/files/prost_canc/crest_vinardo/results/1z95/replicate 5/CBN/1z95_CBN_4_replicate5.pdbqt', '/home/screener/files/prost_canc/crest_vinardo/results/1z95/replicate 5/CBN/1z95_CBN_5_replicate5.pdbqt', '/home/screener/files/prost_canc/crest_vinardo/results/1z95/replicate 5/CBN/1z95_CBN_6_replicate5.pdbqt', '/home/screener/files/prost_canc/crest_vinardo/results/1z95/replicate 5/CBN/1z95_CBN_7_replicate5.pdbqt', '/home/screener/files/prost_canc/crest_vinardo/results/1z95/replicate 5/CBN/1z95_CBN_9_replicate5.pdbqt', '/home/screener/files/prost_canc/crest_vinardo/results/1z95/replicate 5/CBN/1z95_CBN_8_replicate5.pdbqt']","['/home/screener/files/prost_canc/crest_vinardo/results/1z95/replicate 5/CBN/1z95_CBN_1_replicate5.sdf', '/home/screener/files/prost_canc/crest_vinardo/results/1z95/replicate 5/CBN/1z95_CBN_0_replicate5.sdf', '/home/screener/files/prost_canc/crest_vinardo/results/1z95/replicate 5/CBN/1z95_CBN_2_replicate5.sdf', '/home/screener/files/prost_canc/crest_vinardo/results/1z95/replicate 5/CBN/1z95_CBN_3_replicate5.sdf', '/home/screener/files/prost_canc/crest_vinardo/results/1z95/replicate 5/CBN/1z95_CBN_4_replicate5.sdf', '/home/screener/files/prost_canc/crest_vinardo/results/1z95/replicate 5/CBN/1z95_CBN_5_replicate5.sdf', '/home/screener/files/prost_canc/crest_vinardo/results/1z95/replicate 5/CBN/1z95_CBN_6_replicate5.sdf', '/home/screener/files/prost_canc/crest_vinardo/results/1z95/replicate 5/CBN/1z95_CBN_7_replicate5.sdf', '/home/screener/files/prost_canc/crest_vinardo/results/1z95/replicate 5/CBN/1z95_CBN_9_replicate5.sdf', '/home/screener/files/prost_canc/crest_vinardo/results/1z95/replicate 5/CBN/1z95_CBN_8_replicate5.sdf']","[-7.166, -7.166, -7.166, -7.166, -7.166, -7.166, -7.166, -7.166, -7.166, -7.166]"
CBD,1z95,5,"['/home/screener/files/prost_canc/crest_vinardo/results/1z95/replicate 5/CBD/1z95_CBD_0_replicate5.pdbqt', '/home/screener/files/prost_canc/crest_vinardo/results/1z95/replicate 5/CBD/1z95_CBD_1_replicate5.pdbqt', '/home/screener/files/prost_canc/crest_vinardo/results/1z95/replicate 5/CBD/1z95_CBD_2_replicate5.pdbqt', '/home/screener/files/prost_canc/crest_vinardo/results/1z95/replicate 5/CBD/1z95_CBD_3_replicate5.pdbqt', '/home/screener/files/prost_canc/crest_vinardo/results/1z95/replicate 5/CBD/1z95_CBD_4_replicate5.pdbqt', '/home/screener/files/prost_canc/crest_vinardo/results/1z95/replicate 5/CBD/1z95_CBD_5_replicate5.pdbqt', '/home/screener/files/prost_canc/crest_vinardo/results/1z95/replicate 5/CBD/1z95_CBD_6_replicate5.pdbqt', '/home/screener/files/prost_canc/crest_vinardo/results/1z95/replicate 5/CBD/1z95_CBD_7_replicate5.pdbqt', '/home/screener/files/prost_canc/crest_vinardo/results/1z95/replicate 5/CBD/1z95_CBD_8_replicate5.pdbqt', '/home/screener/files/prost_canc/crest_vinardo/results/1z95/replicate 5/CBD/1z95_CBD_9_replicate5.pdbqt']","['/home/screener/files/prost_canc/crest_vinardo/results/1z95/replicate 5/CBD/1z95_CBD_0_replicate5.sdf', '/home/screener/files/prost_canc/crest_vinardo/results/1z95/replicate 5/CBD/1z95_CBD_1_replicate5.sdf', '/home/screener/files/prost_canc/crest_vinardo/results/1z95/replicate 5/CBD/1z95_CBD_2_replicate5.sdf', '/home/screener/files/prost_canc/crest_vinardo/results/1z95/replicate 5/CBD/1z95_CBD_3_replicate5.sdf', '/home/screener/files/prost_canc/crest_vinardo/results/1z95/replicate 5/CBD/1z95_CBD_4_replicate5.sdf', '/home/screener/files/prost_canc/crest_vinardo/results/1z95/replicate 5/CBD/1z95_CBD_5_replicate5.sdf', '/home/screener/files/prost_canc/crest_vinardo/results/1z95/replicate 5/CBD/1z95_CBD_6_replicate5.sdf', '/home/screener/files/prost_canc/crest_vinardo/results/1z95/replicate 5/CBD/1z95_CBD_7_replicate5.sdf', '/home/screener/files/prost_canc/crest_vinardo/results/1z95/replicate 5/CBD/1z95_CBD_8_replicate5.sdf', '/home/screener/files/prost_canc/crest_vinardo/results/1z95/replicate 5/CBD/1z95_CBD_9_replicate5.sdf']","[-6.993, -6.993, -6.993, -6.993, -6.993, -6.993, -6.993, -6.993, -6.993, -6.993]"
MDMBCHMINACA,1z95,5,"['/home/screener/files/prost_canc/crest_vinardo/results/1z95/replicate 5/MDMBCHMINACA/1z95_MDMBCHMINACA_0_replicate5.pdbqt', '/home/screener/files/prost_canc/crest_vinardo/results/1z95/replicate 5/MDMBCHMINACA/1z95_MDMBCHMINACA_1_replicate5.pdbqt', '/home/screener/files/prost_canc/crest_vinardo/results/1z95/replicate 5/MDMBCHMINACA/1z95_MDMBCHMINACA_2_replicate5.pdbqt', '/home/screener/files/prost_canc/crest_vinardo/results/1z95/replicate 5/MDMBCHMINACA/1z95_MDMBCHMINACA_3_replicate5.pdbqt', '/home/screener/files/prost_canc/crest_vinardo/results/1z95/replicate 5/MDMBCHMINACA/1z95_MDMBCHMINACA_4_replicate5.pdbqt', '/home/screener/files/prost_canc/crest_vinardo/results/1z95/replicate 5/MDMBCHMINACA/1z95_MDMBCHMINACA_5_replicate5.pdbqt', '/home/screener/files/prost_canc/crest_vinardo/results/1z95/replicate 5/MDMBCHMINACA/1z95_MDMBCHMINACA_6_replicate5.pdbqt', '/home/screener/files/prost_canc/crest_vinardo/results/1z95/replicate 5/MDMBCHMINACA/1z95_MDMBCHMINACA_7_replicate5.pdbqt', '/home/screener/files/prost_canc/crest_vinardo/results/1z95/replicate 5/MDMBCHMINACA/1z95_MDMBCHMINACA_8_replicate5.pdbqt', '/home/screener/files/prost_canc/crest_vinardo/results/1z95/replicate 5/MDMBCHMINACA/1z95_MDMBCHMINACA_9_replicate5.pdbqt']","['/home/screener/files/prost_canc/crest_vinardo/results/1z95/replicate 5/MDMBCHMINACA/1z95_MDMBCHMINACA_0_replicate5.sdf', '/home/screener/files/prost_canc/crest_vinardo/results/1z95/replicate 5/MDMBCHMINACA/1z95_MDMBCHMINACA_1_replicate5.sdf', '/home/screener/files/prost_canc/crest_vinardo/results/1z95/replicate 5/MDMBCHMINACA/1z95_MDMBCHMINACA_2_replicate5.sdf', '/home/screener/files/prost_canc/crest_vinardo/results/1z95/replicate 5/MDMBCHMINACA/1z95_MDMBCHMINACA_3_replicate5.sdf', '/home/screener/files/prost_canc/crest_vinardo/results/1z95/replicate 5/MDMBCHMINACA/1z95_MDMBCHMINACA_4_replicate5.sdf', '/home/screener/files/prost_canc/crest_vinardo/results/1z95/replicate 5/MDMBCHMINACA/1z95_MDMBCHMINACA_5_replicate5.sdf', '/home/screener/files/prost_canc/crest_vinardo/results/1z95/replicate 5/MDMBCHMINACA/1z95_MDMBCHMINACA_6_replicate5.sdf', '/home/screener/files/prost_canc/crest_vinardo/results/1z95/replicate 5/MDMBCHMINACA/1z95_MDMBCHMINACA_7_replicate5.sdf', '/home/screener/files/prost_canc/crest_vinardo/results/1z95/replicate 5/MDMBCHMINACA/1z95_MDMBCHMINACA_8_replicate5.sdf', '/home/screener/files/prost_canc/crest_vinardo/results/1z95/replicate 5/MDMBCHMINACA/1z95_MDMBCHMINACA_9_replicate5.sdf']","[-8.673, -8.673, -8.673, -8.673, -8.673, -8.673, -8.673, -8.673, -8.673, -8.673]"
HU210,1z95,5,"['/home/screener/files/prost_canc/crest_vinardo/results/1z95/replicate 5/HU210/1z95_HU210_0_replicate5.pdbqt', '/home/screener/files/prost_canc/crest_vinardo/results/1z95/replicate 5/HU210/1z95_HU210_1_replicate5.pdbqt', '/home/screener/files/prost_canc/crest_vinardo/results/1z95/replicate 5/HU210/1z95_HU210_2_replicate5.pdbqt', '/home/screener/files/prost_canc/crest_vinardo/results/1z95/replicate 5/HU210/1z95_HU210_3_replicate5.pdbqt', '/home/screener/files/prost_canc/crest_vinardo/results/1z95/replicate 5/HU210/1z95_HU210_4_replicate5.pdbqt', '/home/screener/files/prost_canc/crest_vinardo/results/1z95/replicate 5/HU210/1z95_HU210_5_replicate5.pdbqt', '/home/screener/files/prost_canc/crest_vinardo/results/1z95/replicate 5/HU210/1z95_HU210_6_replicate5.pdbqt', '/home/screener/files/prost_canc/crest_vinardo/results/1z95/replicate 5/HU210/1z95_HU210_7_replicate5.pdbqt', '/home/screener/files/prost_canc/crest_vinardo/results/1z95/replicate 5/HU210/1z95_HU210_8_replicate5.pdbqt', '/home/screener/files/prost_canc/crest_vinardo/results/1z95/replicate 5/HU210/1z95_HU210_9_replicate5.pdbqt']","['/home/screener/files/prost_canc/crest_vinardo/results/1z95/replicate 5/HU210/1z95_HU210_0_replicate5.sdf', '/home/screener/files/prost_canc/crest_vinardo/results/1z95/replicate 5/HU210/1z95_HU210_1_replicate5.sdf', '/home/screener/files/prost_canc/crest_vinardo/results/1z95/replicate 5/HU210/1z95_HU210_2_replicate5.sdf', '/home/screener/files/prost_canc/crest_vinardo/results/1z95/replicate 5/HU210/1z95_HU210_3_replicate5.sdf', '/home/screener/files/prost_canc/crest_vinardo/results/1z95/replicate 5/HU210/1z95_HU210_4_replicate5.sdf', '/home/screener/files/prost_canc/crest_vinardo/results/1z95/replicate 5/HU210/1z95_HU210_5_replicate5.sdf', '/home/screener/files/prost_canc/crest_vinardo/results/1z95/replicate 5/HU210/1z95_HU210_6_replicate5.sdf', '/home/screener/files/prost_canc/crest_vinardo/results/1z95/replicate 5/HU210/1z95_HU210_7_replicate5.sdf', '/home/screener/files/prost_canc/crest_vinardo/results/1z95/replicate 5/HU210/1z95_HU210_8_replicate5.sdf', '/home/screener/files/prost_canc/crest_vinardo/results/1z95/replicate 5/HU210/1z95_HU210_9_replicate5.sdf']","[-4.707, -4.707, -4.707, -4.707, -4.707, -4.707, -4.707, -4.707, -4.707, -4.707]"
Testosterone,1z95,6,"['/home/screener/files/prost_canc/crest_vinardo/results/1z95/replicate 6/Testosterone/1z95_Testosterone_0_replicate6.pdbqt', '/home/screener/files/prost_canc/crest_vinardo/results/1z95/replicate 6/Testosterone/1z95_Testosterone_4_replicate6.pdbqt', '/home/screener/files/prost_canc/crest_vinardo/results/1z95/replicate 6/Testosterone/1z95_Testosterone_5_replicate6.pdbqt', '/home/screener/files/prost_canc/crest_vinardo/results/1z95/replicate 6/Testosterone/1z95_Testosterone_2_replicate6.pdbqt', '/home/screener/files/prost_canc/crest_vinardo/results/1z95/replicate 6/Testosterone/1z95_Testosterone_3_replicate6.pdbqt', '/home/screener/files/prost_canc/crest_vinardo/results/1z95/replicate 6/Testosterone/1z95_Testosterone_1_replicate6.pdbqt', '/home/screener/files/prost_canc/crest_vinardo/results/1z95/replicate 6/Testosterone/1z95_Testosterone_6_replicate6.pdbqt']","['/home/screener/files/prost_canc/crest_vinardo/results/1z95/replicate 6/Testosterone/1z95_Testosterone_0_replicate6.sdf', '/home/screener/files/prost_canc/crest_vinardo/results/1z95/replicate 6/Testosterone/1z95_Testosterone_4_replicate6.sdf', '/home/screener/files/prost_canc/crest_vinardo/results/1z95/replicate 6/Testosterone/1z95_Testosterone_5_replicate6.sdf', '/home/screener/files/prost_canc/crest_vinardo/results/1z95/replicate 6/Testosterone/1z95_Testosterone_2_replicate6.sdf', '/home/screener/files/prost_canc/crest_vinardo/results/1z95/replicate 6/Testosterone/1z95_Testosterone_3_replicate6.sdf', '/home/screener/files/prost_canc/crest_vinardo/results/1z95/replicate 6/Testosterone/1z95_Testosterone_1_replicate6.sdf', '/home/screener/files/prost_canc/crest_vinardo/results/1z95/replicate 6/Testosterone/1z95_Testosterone_6_replicate6.sdf']","[-7.42, -7.42, -7.42, -7.42, -7.42, -7.42, -7.42]"
DTHC,1z95,6,"['/home/screener/files/prost_canc/crest_vinardo/results/1z95/replicate 6/DTHC/1z95_DTHC_0_replicate6.pdbqt', '/home/screener/files/prost_canc/crest_vinardo/results/1z95/replicate 6/DTHC/1z95_DTHC_5_replicate6.pdbqt', '/home/screener/files/prost_canc/crest_vinardo/results/1z95/replicate 6/DTHC/1z95_DTHC_3_replicate6.pdbqt', '/home/screener/files/prost_canc/crest_vinardo/results/1z95/replicate 6/DTHC/1z95_DTHC_4_replicate6.pdbqt', '/home/screener/files/prost_canc/crest_vinardo/results/1z95/replicate 6/DTHC/1z95_DTHC_2_replicate6.pdbqt', '/home/screener/files/prost_canc/crest_vinardo/results/1z95/replicate 6/DTHC/1z95_DTHC_1_replicate6.pdbqt', '/home/screener/files/prost_canc/crest_vinardo/results/1z95/replicate 6/DTHC/1z95_DTHC_6_replicate6.pdbqt', '/home/screener/files/prost_canc/crest_vinardo/results/1z95/replicate 6/DTHC/1z95_DTHC_7_replicate6.pdbqt', '/home/screener/files/prost_canc/crest_vinardo/results/1z95/replicate 6/DTHC/1z95_DTHC_8_replicate6.pdbqt', '/home/screener/files/prost_canc/crest_vinardo/results/1z95/replicate 6/DTHC/1z95_DTHC_9_replicate6.pdbqt']","['/home/screener/files/prost_canc/crest_vinardo/results/1z95/replicate 6/DTHC/1z95_DTHC_0_replicate6.sdf', '/home/screener/files/prost_canc/crest_vinardo/results/1z95/replicate 6/DTHC/1z95_DTHC_5_replicate6.sdf', '/home/screener/files/prost_canc/crest_vinardo/results/1z95/replicate 6/DTHC/1z95_DTHC_3_replicate6.sdf', '/home/screener/files/prost_canc/crest_vinardo/results/1z95/replicate 6/DTHC/1z95_DTHC_4_replicate6.sdf', '/home/screener/files/prost_canc/crest_vinardo/results/1z95/replicate 6/DTHC/1z95_DTHC_2_replicate6.sdf', '/home/screener/files/prost_canc/crest_vinardo/results/1z95/replicate 6/DTHC/1z95_DTHC_1_replicate6.sdf', '/home/screener/files/prost_canc/crest_vinardo/results/1z95/replicate 6/DTHC/1z95_DTHC_6_replicate6.sdf', '/home/screener/files/prost_canc/crest_vinardo/results/1z95/replicate 6/DTHC/1z95_DTHC_7_replicate6.sdf', '/home/screener/files/prost_canc/crest_vinardo/results/1z95/replicate 6/DTHC/1z95_DTHC_8_replicate6.sdf', '/home/screener/files/prost_canc/crest_vinardo/results/1z95/replicate 6/DTHC/1z95_DTHC_9_replicate6.sdf']","[-7.602, -7.602, -7.602, -7.602, -7.602, -7.602, -7.602, -7.602, -7.602, -7.602]"
R1881,1z95,6,"['/home/screener/files/prost_canc/crest_vinardo/results/1z95/replicate 6/R1881/1z95_R1881_3_replicate6.pdbqt', '/home/screener/files/prost_canc/crest_vinardo/results/1z95/replicate 6/R1881/1z95_R1881_0_replicate6.pdbqt', '/home/screener/files/prost_canc/crest_vinardo/results/1z95/replicate 6/R1881/1z95_R1881_1_replicate6.pdbqt', '/home/screener/files/prost_canc/crest_vinardo/results/1z95/replicate 6/R1881/1z95_R1881_2_replicate6.pdbqt', '/home/screener/files/prost_canc/crest_vinardo/results/1z95/replicate 6/R1881/1z95_R1881_4_replicate6.pdbqt', '/home/screener/files/prost_canc/crest_vinardo/results/1z95/replicate 6/R1881/1z95_R1881_7_replicate6.pdbqt', '/home/screener/files/prost_canc/crest_vinardo/results/1z95/replicate 6/R1881/1z95_R1881_5_replicate6.pdbqt', '/home/screener/files/prost_canc/crest_vinardo/results/1z95/replicate 6/R1881/1z95_R1881_6_replicate6.pdbqt', '/home/screener/files/prost_canc/crest_vinardo/results/1z95/replicate 6/R1881/1z95_R1881_8_replicate6.pdbqt']","['/home/screener/files/prost_canc/crest_vinardo/results/1z95/replicate 6/R1881/1z95_R1881_3_replicate6.sdf', '/home/screener/files/prost_canc/crest_vinardo/results/1z95/replicate 6/R1881/1z95_R1881_0_replicate6.sdf', '/home/screener/files/prost_canc/crest_vinardo/results/1z95/replicate 6/R1881/1z95_R1881_1_replicate6.sdf', '/home/screener/files/prost_canc/crest_vinardo/results/1z95/replicate 6/R1881/1z95_R1881_2_replicate6.sdf', '/home/screener/files/prost_canc/crest_vinardo/results/1z95/replicate 6/R1881/1z95_R1881_4_replicate6.sdf', '/home/screener/files/prost_canc/crest_vinardo/results/1z95/replicate 6/R1881/1z95_R1881_7_replicate6.sdf', '/home/screener/files/prost_canc/crest_vinardo/results/1z95/replicate 6/R1881/1z95_R1881_5_replicate6.sdf', '/home/screener/files/prost_canc/crest_vinardo/results/1z95/replicate 6/R1881/1z95_R1881_6_replicate6.sdf', '/home/screener/files/prost_canc/crest_vinardo/results/1z95/replicate 6/R1881/1z95_R1881_8_replicate6.sdf']","[-9.532, -9.532, -9.532, -9.532, -9.532, -9.532, -9.532, -9.532, -9.532]"
DHT,1z95,6,"['/home/screener/files/prost_canc/crest_vinardo/results/1z95/replicate 6/DHT/1z95_DHT_2_replicate6.pdbqt', '/home/screener/files/prost_canc/crest_vinardo/results/1z95/replicate 6/DHT/1z95_DHT_1_replicate6.pdbqt', '/home/screener/files/prost_canc/crest_vinardo/results/1z95/replicate 6/DHT/1z95_DHT_0_replicate6.pdbqt', '/home/screener/files/prost_canc/crest_vinardo/results/1z95/replicate 6/DHT/1z95_DHT_4_replicate6.pdbqt', '/home/screener/files/prost_canc/crest_vinardo/results/1z95/replicate 6/DHT/1z95_DHT_3_replicate6.pdbqt', '/home/screener/files/prost_canc/crest_vinardo/results/1z95/replicate 6/DHT/1z95_DHT_5_replicate6.pdbqt', '/home/screener/files/prost_canc/crest_vinardo/results/1z95/replicate 6/DHT/1z95_DHT_6_replicate6.pdbqt', '/home/screener/files/prost_canc/crest_vinardo/results/1z95/replicate 6/DHT/1z95_DHT_7_replicate6.pdbqt']","['/home/screener/files/prost_canc/crest_vinardo/results/1z95/replicate 6/DHT/1z95_DHT_2_replicate6.sdf', '/home/screener/files/prost_canc/crest_vinardo/results/1z95/replicate 6/DHT/1z95_DHT_1_replicate6.sdf', '/home/screener/files/prost_canc/crest_vinardo/results/1z95/replicate 6/DHT/1z95_DHT_0_replicate6.sdf', '/home/screener/files/prost_canc/crest_vinardo/results/1z95/replicate 6/DHT/1z95_DHT_4_replicate6.sdf', '/home/screener/files/prost_canc/crest_vinardo/results/1z95/replicate 6/DHT/1z95_DHT_3_replicate6.sdf', '/home/screener/files/prost_canc/crest_vinardo/results/1z95/replicate 6/DHT/1z95_DHT_5_replicate6.sdf', '/home/screener/files/prost_canc/crest_vinardo/results/1z95/replicate 6/DHT/1z95_DHT_6_replicate6.sdf', '/home/screener/files/prost_canc/crest_vinardo/results/1z95/replicate 6/DHT/1z95_DHT_7_replicate6.sdf']","[-7.48, -7.48, -7.48, -7.48, -7.48, -7.48, -7.48, -7.48]"
RBICALUTAMIDE,1z95,6,"['/home/screener/files/prost_canc/crest_vinardo/results/1z95/replicate 6/RBICALUTAMIDE/1z95_RBICALUTAMIDE_1_replicate6.pdbqt', '/home/screener/files/prost_canc/crest_vinardo/results/1z95/replicate 6/RBICALUTAMIDE/1z95_RBICALUTAMIDE_0_replicate6.pdbqt', '/home/screener/files/prost_canc/crest_vinardo/results/1z95/replicate 6/RBICALUTAMIDE/1z95_RBICALUTAMIDE_2_replicate6.pdbqt', '/home/screener/files/prost_canc/crest_vinardo/results/1z95/replicate 6/RBICALUTAMIDE/1z95_RBICALUTAMIDE_4_replicate6.pdbqt', '/home/screener/files/prost_canc/crest_vinardo/results/1z95/replicate 6/RBICALUTAMIDE/1z95_RBICALUTAMIDE_3_replicate6.pdbqt', '/home/screener/files/prost_canc/crest_vinardo/results/1z95/replicate 6/RBICALUTAMIDE/1z95_RBICALUTAMIDE_6_replicate6.pdbqt', '/home/screener/files/prost_canc/crest_vinardo/results/1z95/replicate 6/RBICALUTAMIDE/1z95_RBICALUTAMIDE_5_replicate6.pdbqt', '/home/screener/files/prost_canc/crest_vinardo/results/1z95/replicate 6/RBICALUTAMIDE/1z95_RBICALUTAMIDE_8_replicate6.pdbqt', '/home/screener/files/prost_canc/crest_vinardo/results/1z95/replicate 6/RBICALUTAMIDE/1z95_RBICALUTAMIDE_9_replicate6.pdbqt', '/home/screener/files/prost_canc/crest_vinardo/results/1z95/replicate 6/RBICALUTAMIDE/1z95_RBICALUTAMIDE_7_replicate6.pdbqt']","['/home/screener/files/prost_canc/crest_vinardo/results/1z95/replicate 6/RBICALUTAMIDE/1z95_RBICALUTAMIDE_1_replicate6.sdf', '/home/screener/files/prost_canc/crest_vinardo/results/1z95/replicate 6/RBICALUTAMIDE/1z95_RBICALUTAMIDE_0_replicate6.sdf', '/home/screener/files/prost_canc/crest_vinardo/results/1z95/replicate 6/RBICALUTAMIDE/1z95_RBICALUTAMIDE_2_replicate6.sdf', '/home/screener/files/prost_canc/crest_vinardo/results/1z95/replicate 6/RBICALUTAMIDE/1z95_RBICALUTAMIDE_4_replicate6.sdf', '/home/screener/files/prost_canc/crest_vinardo/results/1z95/replicate 6/RBICALUTAMIDE/1z95_RBICALUTAMIDE_3_replicate6.sdf', '/home/screener/files/prost_canc/crest_vinardo/results/1z95/replicate 6/RBICALUTAMIDE/1z95_RBICALUTAMIDE_6_replicate6.sdf', '/home/screener/files/prost_canc/crest_vinardo/results/1z95/replicate 6/RBICALUTAMIDE/1z95_RBICALUTAMIDE_5_replicate6.sdf', '/home/screener/files/prost_canc/crest_vinardo/results/1z95/replicate 6/RBICALUTAMIDE/1z95_RBICALUTAMIDE_8_replicate6.sdf', '/home/screener/files/prost_canc/crest_vinardo/results/1z95/replicate 6/RBICALUTAMIDE/1z95_RBICALUTAMIDE_9_replicate6.sdf', '/home/screener/files/prost_canc/crest_vinardo/results/1z95/replicate 6/RBICALUTAMIDE/1z95_RBICALUTAMIDE_7_replicate6.sdf']","[-10.434, -10.434, -10.434, -10.434, -10.434, -10.434, -10.434, -10.434, -10.434, -10.434]"
LTHC,1z95,6,"['/home/screener/files/prost_canc/crest_vinardo/results/1z95/replicate 6/LTHC/1z95_LTHC_1_replicate6.pdbqt', '/home/screener/files/prost_canc/crest_vinardo/results/1z95/replicate 6/LTHC/1z95_LTHC_0_replicate6.pdbqt', '/home/screener/files/prost_canc/crest_vinardo/results/1z95/replicate 6/LTHC/1z95_LTHC_2_replicate6.pdbqt', '/home/screener/files/prost_canc/crest_vinardo/results/1z95/replicate 6/LTHC/1z95_LTHC_3_replicate6.pdbqt', '/home/screener/files/prost_canc/crest_vinardo/results/1z95/replicate 6/LTHC/1z95_LTHC_4_replicate6.pdbqt', '/home/screener/files/prost_canc/crest_vinardo/results/1z95/replicate 6/LTHC/1z95_LTHC_5_replicate6.pdbqt', '/home/screener/files/prost_canc/crest_vinardo/results/1z95/replicate 6/LTHC/1z95_LTHC_6_replicate6.pdbqt', '/home/screener/files/prost_canc/crest_vinardo/results/1z95/replicate 6/LTHC/1z95_LTHC_7_replicate6.pdbqt', '/home/screener/files/prost_canc/crest_vinardo/results/1z95/replicate 6/LTHC/1z95_LTHC_8_replicate6.pdbqt', '/home/screener/files/prost_canc/crest_vinardo/results/1z95/replicate 6/LTHC/1z95_LTHC_9_replicate6.pdbqt']","['/home/screener/files/prost_canc/crest_vinardo/results/1z95/replicate 6/LTHC/1z95_LTHC_1_replicate6.sdf', '/home/screener/files/prost_canc/crest_vinardo/results/1z95/replicate 6/LTHC/1z95_LTHC_0_replicate6.sdf', '/home/screener/files/prost_canc/crest_vinardo/results/1z95/replicate 6/LTHC/1z95_LTHC_2_replicate6.sdf', '/home/screener/files/prost_canc/crest_vinardo/results/1z95/replicate 6/LTHC/1z95_LTHC_3_replicate6.sdf', '/home/screener/files/prost_canc/crest_vinardo/results/1z95/replicate 6/LTHC/1z95_LTHC_4_replicate6.sdf', '/home/screener/files/prost_canc/crest_vinardo/results/1z95/replicate 6/LTHC/1z95_LTHC_5_replicate6.sdf', '/home/screener/files/prost_canc/crest_vinardo/results/1z95/replicate 6/LTHC/1z95_LTHC_6_replicate6.sdf', '/home/screener/files/prost_canc/crest_vinardo/results/1z95/replicate 6/LTHC/1z95_LTHC_7_replicate6.sdf', '/home/screener/files/prost_canc/crest_vinardo/results/1z95/replicate 6/LTHC/1z95_LTHC_8_replicate6.sdf', '/home/screener/files/prost_canc/crest_vinardo/results/1z95/replicate 6/LTHC/1z95_LTHC_9_replicate6.sdf']","[-7.594, -7.594, -7.594, -7.594, -7.594, -7.594, -7.594, -7.594, -7.594, -7.594]"
5FAKB48,1z95,6,"['/home/screener/files/prost_canc/crest_vinardo/results/1z95/replicate 6/5FAKB48/1z95_5FAKB48_1_replicate6.pdbqt', '/home/screener/files/prost_canc/crest_vinardo/results/1z95/replicate 6/5FAKB48/1z95_5FAKB48_0_replicate6.pdbqt', '/home/screener/files/prost_canc/crest_vinardo/results/1z95/replicate 6/5FAKB48/1z95_5FAKB48_2_replicate6.pdbqt', '/home/screener/files/prost_canc/crest_vinardo/results/1z95/replicate 6/5FAKB48/1z95_5FAKB48_4_replicate6.pdbqt', '/home/screener/files/prost_canc/crest_vinardo/results/1z95/replicate 6/5FAKB48/1z95_5FAKB48_3_replicate6.pdbqt', '/home/screener/files/prost_canc/crest_vinardo/results/1z95/replicate 6/5FAKB48/1z95_5FAKB48_5_replicate6.pdbqt', '/home/screener/files/prost_canc/crest_vinardo/results/1z95/replicate 6/5FAKB48/1z95_5FAKB48_6_replicate6.pdbqt', '/home/screener/files/prost_canc/crest_vinardo/results/1z95/replicate 6/5FAKB48/1z95_5FAKB48_7_replicate6.pdbqt', '/home/screener/files/prost_canc/crest_vinardo/results/1z95/replicate 6/5FAKB48/1z95_5FAKB48_8_replicate6.pdbqt', '/home/screener/files/prost_canc/crest_vinardo/results/1z95/replicate 6/5FAKB48/1z95_5FAKB48_9_replicate6.pdbqt']","['/home/screener/files/prost_canc/crest_vinardo/results/1z95/replicate 6/5FAKB48/1z95_5FAKB48_1_replicate6.sdf', '/home/screener/files/prost_canc/crest_vinardo/results/1z95/replicate 6/5FAKB48/1z95_5FAKB48_0_replicate6.sdf', '/home/screener/files/prost_canc/crest_vinardo/results/1z95/replicate 6/5FAKB48/1z95_5FAKB48_2_replicate6.sdf', '/home/screener/files/prost_canc/crest_vinardo/results/1z95/replicate 6/5FAKB48/1z95_5FAKB48_4_replicate6.sdf', '/home/screener/files/prost_canc/crest_vinardo/results/1z95/replicate 6/5FAKB48/1z95_5FAKB48_3_replicate6.sdf', '/home/screener/files/prost_canc/crest_vinardo/results/1z95/replicate 6/5FAKB48/1z95_5FAKB48_5_replicate6.sdf', '/home/screener/files/prost_canc/crest_vinardo/results/1z95/replicate 6/5FAKB48/1z95_5FAKB48_6_replicate6.sdf', '/home/screener/files/prost_canc/crest_vinardo/results/1z95/replicate 6/5FAKB48/1z95_5FAKB48_7_replicate6.sdf', '/home/screener/files/prost_canc/crest_vinardo/results/1z95/replicate 6/5FAKB48/1z95_5FAKB48_8_replicate6.sdf', '/home/screener/files/prost_canc/crest_vinardo/results/1z95/replicate 6/5FAKB48/1z95_5FAKB48_9_replicate6.sdf']","[-7.637, -7.637, -7.637, -7.637, -7.637, -7.637, -7.637, -7.637, -7.637, -7.637]"
CBN,1z95,6,"['/home/screener/files/prost_canc/crest_vinardo/results/1z95/replicate 6/CBN/1z95_CBN_1_replicate6.pdbqt', '/home/screener/files/prost_canc/crest_vinardo/results/1z95/replicate 6/CBN/1z95_CBN_0_replicate6.pdbqt', '/home/screener/files/prost_canc/crest_vinardo/results/1z95/replicate 6/CBN/1z95_CBN_2_replicate6.pdbqt', '/home/screener/files/prost_canc/crest_vinardo/results/1z95/replicate 6/CBN/1z95_CBN_3_replicate6.pdbqt', '/home/screener/files/prost_canc/crest_vinardo/results/1z95/replicate 6/CBN/1z95_CBN_4_replicate6.pdbqt', '/home/screener/files/prost_canc/crest_vinardo/results/1z95/replicate 6/CBN/1z95_CBN_5_replicate6.pdbqt', '/home/screener/files/prost_canc/crest_vinardo/results/1z95/replicate 6/CBN/1z95_CBN_6_replicate6.pdbqt', '/home/screener/files/prost_canc/crest_vinardo/results/1z95/replicate 6/CBN/1z95_CBN_7_replicate6.pdbqt', '/home/screener/files/prost_canc/crest_vinardo/results/1z95/replicate 6/CBN/1z95_CBN_9_replicate6.pdbqt', '/home/screener/files/prost_canc/crest_vinardo/results/1z95/replicate 6/CBN/1z95_CBN_8_replicate6.pdbqt']","['/home/screener/files/prost_canc/crest_vinardo/results/1z95/replicate 6/CBN/1z95_CBN_1_replicate6.sdf', '/home/screener/files/prost_canc/crest_vinardo/results/1z95/replicate 6/CBN/1z95_CBN_0_replicate6.sdf', '/home/screener/files/prost_canc/crest_vinardo/results/1z95/replicate 6/CBN/1z95_CBN_2_replicate6.sdf', '/home/screener/files/prost_canc/crest_vinardo/results/1z95/replicate 6/CBN/1z95_CBN_3_replicate6.sdf', '/home/screener/files/prost_canc/crest_vinardo/results/1z95/replicate 6/CBN/1z95_CBN_4_replicate6.sdf', '/home/screener/files/prost_canc/crest_vinardo/results/1z95/replicate 6/CBN/1z95_CBN_5_replicate6.sdf', '/home/screener/files/prost_canc/crest_vinardo/results/1z95/replicate 6/CBN/1z95_CBN_6_replicate6.sdf', '/home/screener/files/prost_canc/crest_vinardo/results/1z95/replicate 6/CBN/1z95_CBN_7_replicate6.sdf', '/home/screener/files/prost_canc/crest_vinardo/results/1z95/replicate 6/CBN/1z95_CBN_9_replicate6.sdf', '/home/screener/files/prost_canc/crest_vinardo/results/1z95/replicate 6/CBN/1z95_CBN_8_replicate6.sdf']","[-7.166, -7.166, -7.166, -7.166, -7.166, -7.166, -7.166, -7.166, -7.166, -7.166]"
CBD,1z95,6,"['/home/screener/files/prost_canc/crest_vinardo/results/1z95/replicate 6/CBD/1z95_CBD_0_replicate6.pdbqt', '/home/screener/files/prost_canc/crest_vinardo/results/1z95/replicate 6/CBD/1z95_CBD_1_replicate6.pdbqt', '/home/screener/files/prost_canc/crest_vinardo/results/1z95/replicate 6/CBD/1z95_CBD_2_replicate6.pdbqt', '/home/screener/files/prost_canc/crest_vinardo/results/1z95/replicate 6/CBD/1z95_CBD_3_replicate6.pdbqt', '/home/screener/files/prost_canc/crest_vinardo/results/1z95/replicate 6/CBD/1z95_CBD_4_replicate6.pdbqt', '/home/screener/files/prost_canc/crest_vinardo/results/1z95/replicate 6/CBD/1z95_CBD_5_replicate6.pdbqt', '/home/screener/files/prost_canc/crest_vinardo/results/1z95/replicate 6/CBD/1z95_CBD_6_replicate6.pdbqt', '/home/screener/files/prost_canc/crest_vinardo/results/1z95/replicate 6/CBD/1z95_CBD_7_replicate6.pdbqt', '/home/screener/files/prost_canc/crest_vinardo/results/1z95/replicate 6/CBD/1z95_CBD_8_replicate6.pdbqt', '/home/screener/files/prost_canc/crest_vinardo/results/1z95/replicate 6/CBD/1z95_CBD_9_replicate6.pdbqt']","['/home/screener/files/prost_canc/crest_vinardo/results/1z95/replicate 6/CBD/1z95_CBD_0_replicate6.sdf', '/home/screener/files/prost_canc/crest_vinardo/results/1z95/replicate 6/CBD/1z95_CBD_1_replicate6.sdf', '/home/screener/files/prost_canc/crest_vinardo/results/1z95/replicate 6/CBD/1z95_CBD_2_replicate6.sdf', '/home/screener/files/prost_canc/crest_vinardo/results/1z95/replicate 6/CBD/1z95_CBD_3_replicate6.sdf', '/home/screener/files/prost_canc/crest_vinardo/results/1z95/replicate 6/CBD/1z95_CBD_4_replicate6.sdf', '/home/screener/files/prost_canc/crest_vinardo/results/1z95/replicate 6/CBD/1z95_CBD_5_replicate6.sdf', '/home/screener/files/prost_canc/crest_vinardo/results/1z95/replicate 6/CBD/1z95_CBD_6_replicate6.sdf', '/home/screener/files/prost_canc/crest_vinardo/results/1z95/replicate 6/CBD/1z95_CBD_7_replicate6.sdf', '/home/screener/files/prost_canc/crest_vinardo/results/1z95/replicate 6/CBD/1z95_CBD_8_replicate6.sdf', '/home/screener/files/prost_canc/crest_vinardo/results/1z95/replicate 6/CBD/1z95_CBD_9_replicate6.sdf']","[-6.993, -6.993, -6.993, -6.993, -6.993, -6.993, -6.993, -6.993, -6.993, -6.993]"
MDMBCHMINACA,1z95,6,"['/home/screener/files/prost_canc/crest_vinardo/results/1z95/replicate 6/MDMBCHMINACA/1z95_MDMBCHMINACA_0_replicate6.pdbqt', '/home/screener/files/prost_canc/crest_vinardo/results/1z95/replicate 6/MDMBCHMINACA/1z95_MDMBCHMINACA_1_replicate6.pdbqt', '/home/screener/files/prost_canc/crest_vinardo/results/1z95/replicate 6/MDMBCHMINACA/1z95_MDMBCHMINACA_2_replicate6.pdbqt', '/home/screener/files/prost_canc/crest_vinardo/results/1z95/replicate 6/MDMBCHMINACA/1z95_MDMBCHMINACA_3_replicate6.pdbqt', '/home/screener/files/prost_canc/crest_vinardo/results/1z95/replicate 6/MDMBCHMINACA/1z95_MDMBCHMINACA_4_replicate6.pdbqt', '/home/screener/files/prost_canc/crest_vinardo/results/1z95/replicate 6/MDMBCHMINACA/1z95_MDMBCHMINACA_5_replicate6.pdbqt', '/home/screener/files/prost_canc/crest_vinardo/results/1z95/replicate 6/MDMBCHMINACA/1z95_MDMBCHMINACA_6_replicate6.pdbqt', '/home/screener/files/prost_canc/crest_vinardo/results/1z95/replicate 6/MDMBCHMINACA/1z95_MDMBCHMINACA_7_replicate6.pdbqt', '/home/screener/files/prost_canc/crest_vinardo/results/1z95/replicate 6/MDMBCHMINACA/1z95_MDMBCHMINACA_8_replicate6.pdbqt', '/home/screener/files/prost_canc/crest_vinardo/results/1z95/replicate 6/MDMBCHMINACA/1z95_MDMBCHMINACA_9_replicate6.pdbqt']","['/home/screener/files/prost_canc/crest_vinardo/results/1z95/replicate 6/MDMBCHMINACA/1z95_MDMBCHMINACA_0_replicate6.sdf', '/home/screener/files/prost_canc/crest_vinardo/results/1z95/replicate 6/MDMBCHMINACA/1z95_MDMBCHMINACA_1_replicate6.sdf', '/home/screener/files/prost_canc/crest_vinardo/results/1z95/replicate 6/MDMBCHMINACA/1z95_MDMBCHMINACA_2_replicate6.sdf', '/home/screener/files/prost_canc/crest_vinardo/results/1z95/replicate 6/MDMBCHMINACA/1z95_MDMBCHMINACA_3_replicate6.sdf', '/home/screener/files/prost_canc/crest_vinardo/results/1z95/replicate 6/MDMBCHMINACA/1z95_MDMBCHMINACA_4_replicate6.sdf', '/home/screener/files/prost_canc/crest_vinardo/results/1z95/replicate 6/MDMBCHMINACA/1z95_MDMBCHMINACA_5_replicate6.sdf', '/home/screener/files/prost_canc/crest_vinardo/results/1z95/replicate 6/MDMBCHMINACA/1z95_MDMBCHMINACA_6_replicate6.sdf', '/home/screener/files/prost_canc/crest_vinardo/results/1z95/replicate 6/MDMBCHMINACA/1z95_MDMBCHMINACA_7_replicate6.sdf', '/home/screener/files/prost_canc/crest_vinardo/results/1z95/replicate 6/MDMBCHMINACA/1z95_MDMBCHMINACA_8_replicate6.sdf', '/home/screener/files/prost_canc/crest_vinardo/results/1z95/replicate 6/MDMBCHMINACA/1z95_MDMBCHMINACA_9_replicate6.sdf']","[-8.673, -8.673, -8.673, -8.673, -8.673, -8.673, -8.673, -8.673, -8.673, -8.673]"
HU210,1z95,6,"['/home/screener/files/prost_canc/crest_vinardo/results/1z95/replicate 6/HU210/1z95_HU210_0_replicate6.pdbqt', '/home/screener/files/prost_canc/crest_vinardo/results/1z95/replicate 6/HU210/1z95_HU210_1_replicate6.pdbqt', '/home/screener/files/prost_canc/crest_vinardo/results/1z95/replicate 6/HU210/1z95_HU210_2_replicate6.pdbqt', '/home/screener/files/prost_canc/crest_vinardo/results/1z95/replicate 6/HU210/1z95_HU210_3_replicate6.pdbqt', '/home/screener/files/prost_canc/crest_vinardo/results/1z95/replicate 6/HU210/1z95_HU210_4_replicate6.pdbqt', '/home/screener/files/prost_canc/crest_vinardo/results/1z95/replicate 6/HU210/1z95_HU210_5_replicate6.pdbqt', '/home/screener/files/prost_canc/crest_vinardo/results/1z95/replicate 6/HU210/1z95_HU210_6_replicate6.pdbqt', '/home/screener/files/prost_canc/crest_vinardo/results/1z95/replicate 6/HU210/1z95_HU210_7_replicate6.pdbqt', '/home/screener/files/prost_canc/crest_vinardo/results/1z95/replicate 6/HU210/1z95_HU210_8_replicate6.pdbqt', '/home/screener/files/prost_canc/crest_vinardo/results/1z95/replicate 6/HU210/1z95_HU210_9_replicate6.pdbqt']","['/home/screener/files/prost_canc/crest_vinardo/results/1z95/replicate 6/HU210/1z95_HU210_0_replicate6.sdf', '/home/screener/files/prost_canc/crest_vinardo/results/1z95/replicate 6/HU210/1z95_HU210_1_replicate6.sdf', '/home/screener/files/prost_canc/crest_vinardo/results/1z95/replicate 6/HU210/1z95_HU210_2_replicate6.sdf', '/home/screener/files/prost_canc/crest_vinardo/results/1z95/replicate 6/HU210/1z95_HU210_3_replicate6.sdf', '/home/screener/files/prost_canc/crest_vinardo/results/1z95/replicate 6/HU210/1z95_HU210_4_replicate6.sdf', '/home/screener/files/prost_canc/crest_vinardo/results/1z95/replicate 6/HU210/1z95_HU210_5_replicate6.sdf', '/home/screener/files/prost_canc/crest_vinardo/results/1z95/replicate 6/HU210/1z95_HU210_6_replicate6.sdf', '/home/screener/files/prost_canc/crest_vinardo/results/1z95/replicate 6/HU210/1z95_HU210_7_replicate6.sdf', '/home/screener/files/prost_canc/crest_vinardo/results/1z95/replicate 6/HU210/1z95_HU210_8_replicate6.sdf', '/home/screener/files/prost_canc/crest_vinardo/results/1z95/replicate 6/HU210/1z95_HU210_9_replicate6.sdf']","[-4.707, -4.707, -4.707, -4.707, -4.707, -4.707, -4.707, -4.707, -4.707, -4.707]"
Testosterone,1z95,7,"['/home/screener/files/prost_canc/crest_vinardo/results/1z95/replicate 7/Testosterone/1z95_Testosterone_0_replicate7.pdbqt', '/home/screener/files/prost_canc/crest_vinardo/results/1z95/replicate 7/Testosterone/1z95_Testosterone_1_replicate7.pdbqt', '/home/screener/files/prost_canc/crest_vinardo/results/1z95/replicate 7/Testosterone/1z95_Testosterone_2_replicate7.pdbqt', '/home/screener/files/prost_canc/crest_vinardo/results/1z95/replicate 7/Testosterone/1z95_Testosterone_3_replicate7.pdbqt', '/home/screener/files/prost_canc/crest_vinardo/results/1z95/replicate 7/Testosterone/1z95_Testosterone_5_replicate7.pdbqt', '/home/screener/files/prost_canc/crest_vinardo/results/1z95/replicate 7/Testosterone/1z95_Testosterone_4_replicate7.pdbqt', '/home/screener/files/prost_canc/crest_vinardo/results/1z95/replicate 7/Testosterone/1z95_Testosterone_6_replicate7.pdbqt']","['/home/screener/files/prost_canc/crest_vinardo/results/1z95/replicate 7/Testosterone/1z95_Testosterone_0_replicate7.sdf', '/home/screener/files/prost_canc/crest_vinardo/results/1z95/replicate 7/Testosterone/1z95_Testosterone_1_replicate7.sdf', '/home/screener/files/prost_canc/crest_vinardo/results/1z95/replicate 7/Testosterone/1z95_Testosterone_2_replicate7.sdf', '/home/screener/files/prost_canc/crest_vinardo/results/1z95/replicate 7/Testosterone/1z95_Testosterone_3_replicate7.sdf', '/home/screener/files/prost_canc/crest_vinardo/results/1z95/replicate 7/Testosterone/1z95_Testosterone_5_replicate7.sdf', '/home/screener/files/prost_canc/crest_vinardo/results/1z95/replicate 7/Testosterone/1z95_Testosterone_4_replicate7.sdf', '/home/screener/files/prost_canc/crest_vinardo/results/1z95/replicate 7/Testosterone/1z95_Testosterone_6_replicate7.sdf']","[-7.42, -7.42, -7.42, -7.42, -7.42, -7.42, -7.42]"
DTHC,1z95,7,"['/home/screener/files/prost_canc/crest_vinardo/results/1z95/replicate 7/DTHC/1z95_DTHC_0_replicate7.pdbqt', '/home/screener/files/prost_canc/crest_vinardo/results/1z95/replicate 7/DTHC/1z95_DTHC_1_replicate7.pdbqt', '/home/screener/files/prost_canc/crest_vinardo/results/1z95/replicate 7/DTHC/1z95_DTHC_3_replicate7.pdbqt', '/home/screener/files/prost_canc/crest_vinardo/results/1z95/replicate 7/DTHC/1z95_DTHC_6_replicate7.pdbqt', '/home/screener/files/prost_canc/crest_vinardo/results/1z95/replicate 7/DTHC/1z95_DTHC_4_replicate7.pdbqt', '/home/screener/files/prost_canc/crest_vinardo/results/1z95/replicate 7/DTHC/1z95_DTHC_2_replicate7.pdbqt', '/home/screener/files/prost_canc/crest_vinardo/results/1z95/replicate 7/DTHC/1z95_DTHC_5_replicate7.pdbqt', '/home/screener/files/prost_canc/crest_vinardo/results/1z95/replicate 7/DTHC/1z95_DTHC_7_replicate7.pdbqt', '/home/screener/files/prost_canc/crest_vinardo/results/1z95/replicate 7/DTHC/1z95_DTHC_9_replicate7.pdbqt', '/home/screener/files/prost_canc/crest_vinardo/results/1z95/replicate 7/DTHC/1z95_DTHC_8_replicate7.pdbqt']","['/home/screener/files/prost_canc/crest_vinardo/results/1z95/replicate 7/DTHC/1z95_DTHC_0_replicate7.sdf', '/home/screener/files/prost_canc/crest_vinardo/results/1z95/replicate 7/DTHC/1z95_DTHC_1_replicate7.sdf', '/home/screener/files/prost_canc/crest_vinardo/results/1z95/replicate 7/DTHC/1z95_DTHC_3_replicate7.sdf', '/home/screener/files/prost_canc/crest_vinardo/results/1z95/replicate 7/DTHC/1z95_DTHC_6_replicate7.sdf', '/home/screener/files/prost_canc/crest_vinardo/results/1z95/replicate 7/DTHC/1z95_DTHC_4_replicate7.sdf', '/home/screener/files/prost_canc/crest_vinardo/results/1z95/replicate 7/DTHC/1z95_DTHC_2_replicate7.sdf', '/home/screener/files/prost_canc/crest_vinardo/results/1z95/replicate 7/DTHC/1z95_DTHC_5_replicate7.sdf', '/home/screener/files/prost_canc/crest_vinardo/results/1z95/replicate 7/DTHC/1z95_DTHC_7_replicate7.sdf', '/home/screener/files/prost_canc/crest_vinardo/results/1z95/replicate 7/DTHC/1z95_DTHC_9_replicate7.sdf', '/home/screener/files/prost_canc/crest_vinardo/results/1z95/replicate 7/DTHC/1z95_DTHC_8_replicate7.sdf']","[-7.602, -7.602, -7.602, -7.602, -7.602, -7.602, -7.602, -7.602, -7.602, -7.602]"
R1881,1z95,7,"['/home/screener/files/prost_canc/crest_vinardo/results/1z95/replicate 7/R1881/1z95_R1881_0_replicate7.pdbqt', '/home/screener/files/prost_canc/crest_vinardo/results/1z95/replicate 7/R1881/1z95_R1881_2_replicate7.pdbqt', '/home/screener/files/prost_canc/crest_vinardo/results/1z95/replicate 7/R1881/1z95_R1881_1_replicate7.pdbqt', '/home/screener/files/prost_canc/crest_vinardo/results/1z95/replicate 7/R1881/1z95_R1881_3_replicate7.pdbqt', '/home/screener/files/prost_canc/crest_vinardo/results/1z95/replicate 7/R1881/1z95_R1881_4_replicate7.pdbqt', '/home/screener/files/prost_canc/crest_vinardo/results/1z95/replicate 7/R1881/1z95_R1881_5_replicate7.pdbqt', '/home/screener/files/prost_canc/crest_vinardo/results/1z95/replicate 7/R1881/1z95_R1881_7_replicate7.pdbqt', '/home/screener/files/prost_canc/crest_vinardo/results/1z95/replicate 7/R1881/1z95_R1881_6_replicate7.pdbqt', '/home/screener/files/prost_canc/crest_vinardo/results/1z95/replicate 7/R1881/1z95_R1881_8_replicate7.pdbqt']","['/home/screener/files/prost_canc/crest_vinardo/results/1z95/replicate 7/R1881/1z95_R1881_0_replicate7.sdf', '/home/screener/files/prost_canc/crest_vinardo/results/1z95/replicate 7/R1881/1z95_R1881_2_replicate7.sdf', '/home/screener/files/prost_canc/crest_vinardo/results/1z95/replicate 7/R1881/1z95_R1881_1_replicate7.sdf', '/home/screener/files/prost_canc/crest_vinardo/results/1z95/replicate 7/R1881/1z95_R1881_3_replicate7.sdf', '/home/screener/files/prost_canc/crest_vinardo/results/1z95/replicate 7/R1881/1z95_R1881_4_replicate7.sdf', '/home/screener/files/prost_canc/crest_vinardo/results/1z95/replicate 7/R1881/1z95_R1881_5_replicate7.sdf', '/home/screener/files/prost_canc/crest_vinardo/results/1z95/replicate 7/R1881/1z95_R1881_7_replicate7.sdf', '/home/screener/files/prost_canc/crest_vinardo/results/1z95/replicate 7/R1881/1z95_R1881_6_replicate7.sdf', '/home/screener/files/prost_canc/crest_vinardo/results/1z95/replicate 7/R1881/1z95_R1881_8_replicate7.sdf']","[-9.532, -9.532, -9.532, -9.532, -9.532, -9.532, -9.532, -9.532, -9.532]"
DHT,1z95,7,"['/home/screener/files/prost_canc/crest_vinardo/results/1z95/replicate 7/DHT/1z95_DHT_0_replicate7.pdbqt', '/home/screener/files/prost_canc/crest_vinardo/results/1z95/replicate 7/DHT/1z95_DHT_1_replicate7.pdbqt', '/home/screener/files/prost_canc/crest_vinardo/results/1z95/replicate 7/DHT/1z95_DHT_2_replicate7.pdbqt', '/home/screener/files/prost_canc/crest_vinardo/results/1z95/replicate 7/DHT/1z95_DHT_4_replicate7.pdbqt', '/home/screener/files/prost_canc/crest_vinardo/results/1z95/replicate 7/DHT/1z95_DHT_5_replicate7.pdbqt', '/home/screener/files/prost_canc/crest_vinardo/results/1z95/replicate 7/DHT/1z95_DHT_3_replicate7.pdbqt', '/home/screener/files/prost_canc/crest_vinardo/results/1z95/replicate 7/DHT/1z95_DHT_6_replicate7.pdbqt', '/home/screener/files/prost_canc/crest_vinardo/results/1z95/replicate 7/DHT/1z95_DHT_7_replicate7.pdbqt']","['/home/screener/files/prost_canc/crest_vinardo/results/1z95/replicate 7/DHT/1z95_DHT_0_replicate7.sdf', '/home/screener/files/prost_canc/crest_vinardo/results/1z95/replicate 7/DHT/1z95_DHT_1_replicate7.sdf', '/home/screener/files/prost_canc/crest_vinardo/results/1z95/replicate 7/DHT/1z95_DHT_2_replicate7.sdf', '/home/screener/files/prost_canc/crest_vinardo/results/1z95/replicate 7/DHT/1z95_DHT_4_replicate7.sdf', '/home/screener/files/prost_canc/crest_vinardo/results/1z95/replicate 7/DHT/1z95_DHT_5_replicate7.sdf', '/home/screener/files/prost_canc/crest_vinardo/results/1z95/replicate 7/DHT/1z95_DHT_3_replicate7.sdf', '/home/screener/files/prost_canc/crest_vinardo/results/1z95/replicate 7/DHT/1z95_DHT_6_replicate7.sdf', '/home/screener/files/prost_canc/crest_vinardo/results/1z95/replicate 7/DHT/1z95_DHT_7_replicate7.sdf']","[-7.48, -7.48, -7.48, -7.48, -7.48, -7.48, -7.48, -7.48]"
RBICALUTAMIDE,1z95,7,"['/home/screener/files/prost_canc/crest_vinardo/results/1z95/replicate 7/RBICALUTAMIDE/1z95_RBICALUTAMIDE_0_replicate7.pdbqt', '/home/screener/files/prost_canc/crest_vinardo/results/1z95/replicate 7/RBICALUTAMIDE/1z95_RBICALUTAMIDE_1_replicate7.pdbqt', '/home/screener/files/prost_canc/crest_vinardo/results/1z95/replicate 7/RBICALUTAMIDE/1z95_RBICALUTAMIDE_4_replicate7.pdbqt', '/home/screener/files/prost_canc/crest_vinardo/results/1z95/replicate 7/RBICALUTAMIDE/1z95_RBICALUTAMIDE_3_replicate7.pdbqt', '/home/screener/files/prost_canc/crest_vinardo/results/1z95/replicate 7/RBICALUTAMIDE/1z95_RBICALUTAMIDE_2_replicate7.pdbqt', '/home/screener/files/prost_canc/crest_vinardo/results/1z95/replicate 7/RBICALUTAMIDE/1z95_RBICALUTAMIDE_5_replicate7.pdbqt', '/home/screener/files/prost_canc/crest_vinardo/results/1z95/replicate 7/RBICALUTAMIDE/1z95_RBICALUTAMIDE_6_replicate7.pdbqt', '/home/screener/files/prost_canc/crest_vinardo/results/1z95/replicate 7/RBICALUTAMIDE/1z95_RBICALUTAMIDE_7_replicate7.pdbqt', '/home/screener/files/prost_canc/crest_vinardo/results/1z95/replicate 7/RBICALUTAMIDE/1z95_RBICALUTAMIDE_8_replicate7.pdbqt', '/home/screener/files/prost_canc/crest_vinardo/results/1z95/replicate 7/RBICALUTAMIDE/1z95_RBICALUTAMIDE_9_replicate7.pdbqt']","['/home/screener/files/prost_canc/crest_vinardo/results/1z95/replicate 7/RBICALUTAMIDE/1z95_RBICALUTAMIDE_0_replicate7.sdf', '/home/screener/files/prost_canc/crest_vinardo/results/1z95/replicate 7/RBICALUTAMIDE/1z95_RBICALUTAMIDE_1_replicate7.sdf', '/home/screener/files/prost_canc/crest_vinardo/results/1z95/replicate 7/RBICALUTAMIDE/1z95_RBICALUTAMIDE_4_replicate7.sdf', '/home/screener/files/prost_canc/crest_vinardo/results/1z95/replicate 7/RBICALUTAMIDE/1z95_RBICALUTAMIDE_3_replicate7.sdf', '/home/screener/files/prost_canc/crest_vinardo/results/1z95/replicate 7/RBICALUTAMIDE/1z95_RBICALUTAMIDE_2_replicate7.sdf', '/home/screener/files/prost_canc/crest_vinardo/results/1z95/replicate 7/RBICALUTAMIDE/1z95_RBICALUTAMIDE_5_replicate7.sdf', '/home/screener/files/prost_canc/crest_vinardo/results/1z95/replicate 7/RBICALUTAMIDE/1z95_RBICALUTAMIDE_6_replicate7.sdf', '/home/screener/files/prost_canc/crest_vinardo/results/1z95/replicate 7/RBICALUTAMIDE/1z95_RBICALUTAMIDE_7_replicate7.sdf', '/home/screener/files/prost_canc/crest_vinardo/results/1z95/replicate 7/RBICALUTAMIDE/1z95_RBICALUTAMIDE_8_replicate7.sdf', '/home/screener/files/prost_canc/crest_vinardo/results/1z95/replicate 7/RBICALUTAMIDE/1z95_RBICALUTAMIDE_9_replicate7.sdf']","[-10.434, -10.434, -10.434, -10.434, -10.434, -10.434, -10.434, -10.434, -10.434, -10.434]"
LTHC,1z95,7,"['/home/screener/files/prost_canc/crest_vinardo/results/1z95/replicate 7/LTHC/1z95_LTHC_0_replicate7.pdbqt', '/home/screener/files/prost_canc/crest_vinardo/results/1z95/replicate 7/LTHC/1z95_LTHC_1_replicate7.pdbqt', '/home/screener/files/prost_canc/crest_vinardo/results/1z95/replicate 7/LTHC/1z95_LTHC_2_replicate7.pdbqt', '/home/screener/files/prost_canc/crest_vinardo/results/1z95/replicate 7/LTHC/1z95_LTHC_3_replicate7.pdbqt', '/home/screener/files/prost_canc/crest_vinardo/results/1z95/replicate 7/LTHC/1z95_LTHC_4_replicate7.pdbqt', '/home/screener/files/prost_canc/crest_vinardo/results/1z95/replicate 7/LTHC/1z95_LTHC_5_replicate7.pdbqt', '/home/screener/files/prost_canc/crest_vinardo/results/1z95/replicate 7/LTHC/1z95_LTHC_6_replicate7.pdbqt', '/home/screener/files/prost_canc/crest_vinardo/results/1z95/replicate 7/LTHC/1z95_LTHC_7_replicate7.pdbqt', '/home/screener/files/prost_canc/crest_vinardo/results/1z95/replicate 7/LTHC/1z95_LTHC_9_replicate7.pdbqt', '/home/screener/files/prost_canc/crest_vinardo/results/1z95/replicate 7/LTHC/1z95_LTHC_8_replicate7.pdbqt']","['/home/screener/files/prost_canc/crest_vinardo/results/1z95/replicate 7/LTHC/1z95_LTHC_0_replicate7.sdf', '/home/screener/files/prost_canc/crest_vinardo/results/1z95/replicate 7/LTHC/1z95_LTHC_1_replicate7.sdf', '/home/screener/files/prost_canc/crest_vinardo/results/1z95/replicate 7/LTHC/1z95_LTHC_2_replicate7.sdf', '/home/screener/files/prost_canc/crest_vinardo/results/1z95/replicate 7/LTHC/1z95_LTHC_3_replicate7.sdf', '/home/screener/files/prost_canc/crest_vinardo/results/1z95/replicate 7/LTHC/1z95_LTHC_4_replicate7.sdf', '/home/screener/files/prost_canc/crest_vinardo/results/1z95/replicate 7/LTHC/1z95_LTHC_5_replicate7.sdf', '/home/screener/files/prost_canc/crest_vinardo/results/1z95/replicate 7/LTHC/1z95_LTHC_6_replicate7.sdf', '/home/screener/files/prost_canc/crest_vinardo/results/1z95/replicate 7/LTHC/1z95_LTHC_7_replicate7.sdf', '/home/screener/files/prost_canc/crest_vinardo/results/1z95/replicate 7/LTHC/1z95_LTHC_9_replicate7.sdf', '/home/screener/files/prost_canc/crest_vinardo/results/1z95/replicate 7/LTHC/1z95_LTHC_8_replicate7.sdf']","[-7.594, -7.594, -7.594, -7.594, -7.594, -7.594, -7.594, -7.594, -7.594, -7.594]"
5FAKB48,1z95,7,"['/home/screener/files/prost_canc/crest_vinardo/results/1z95/replicate 7/5FAKB48/1z95_5FAKB48_0_replicate7.pdbqt', '/home/screener/files/prost_canc/crest_vinardo/results/1z95/replicate 7/5FAKB48/1z95_5FAKB48_1_replicate7.pdbqt', '/home/screener/files/prost_canc/crest_vinardo/results/1z95/replicate 7/5FAKB48/1z95_5FAKB48_2_replicate7.pdbqt', '/home/screener/files/prost_canc/crest_vinardo/results/1z95/replicate 7/5FAKB48/1z95_5FAKB48_3_replicate7.pdbqt', '/home/screener/files/prost_canc/crest_vinardo/results/1z95/replicate 7/5FAKB48/1z95_5FAKB48_4_replicate7.pdbqt', '/home/screener/files/prost_canc/crest_vinardo/results/1z95/replicate 7/5FAKB48/1z95_5FAKB48_5_replicate7.pdbqt', '/home/screener/files/prost_canc/crest_vinardo/results/1z95/replicate 7/5FAKB48/1z95_5FAKB48_6_replicate7.pdbqt', '/home/screener/files/prost_canc/crest_vinardo/results/1z95/replicate 7/5FAKB48/1z95_5FAKB48_7_replicate7.pdbqt', '/home/screener/files/prost_canc/crest_vinardo/results/1z95/replicate 7/5FAKB48/1z95_5FAKB48_8_replicate7.pdbqt', '/home/screener/files/prost_canc/crest_vinardo/results/1z95/replicate 7/5FAKB48/1z95_5FAKB48_9_replicate7.pdbqt']","['/home/screener/files/prost_canc/crest_vinardo/results/1z95/replicate 7/5FAKB48/1z95_5FAKB48_0_replicate7.sdf', '/home/screener/files/prost_canc/crest_vinardo/results/1z95/replicate 7/5FAKB48/1z95_5FAKB48_1_replicate7.sdf', '/home/screener/files/prost_canc/crest_vinardo/results/1z95/replicate 7/5FAKB48/1z95_5FAKB48_2_replicate7.sdf', '/home/screener/files/prost_canc/crest_vinardo/results/1z95/replicate 7/5FAKB48/1z95_5FAKB48_3_replicate7.sdf', '/home/screener/files/prost_canc/crest_vinardo/results/1z95/replicate 7/5FAKB48/1z95_5FAKB48_4_replicate7.sdf', '/home/screener/files/prost_canc/crest_vinardo/results/1z95/replicate 7/5FAKB48/1z95_5FAKB48_5_replicate7.sdf', '/home/screener/files/prost_canc/crest_vinardo/results/1z95/replicate 7/5FAKB48/1z95_5FAKB48_6_replicate7.sdf', '/home/screener/files/prost_canc/crest_vinardo/results/1z95/replicate 7/5FAKB48/1z95_5FAKB48_7_replicate7.sdf', '/home/screener/files/prost_canc/crest_vinardo/results/1z95/replicate 7/5FAKB48/1z95_5FAKB48_8_replicate7.sdf', '/home/screener/files/prost_canc/crest_vinardo/results/1z95/replicate 7/5FAKB48/1z95_5FAKB48_9_replicate7.sdf']","[-7.637, -7.637, -7.637, -7.637, -7.637, -7.637, -7.637, -7.637, -7.637, -7.637]"
CBN,1z95,7,"['/home/screener/files/prost_canc/crest_vinardo/results/1z95/replicate 7/CBN/1z95_CBN_0_replicate7.pdbqt', '/home/screener/files/prost_canc/crest_vinardo/results/1z95/replicate 7/CBN/1z95_CBN_1_replicate7.pdbqt', '/home/screener/files/prost_canc/crest_vinardo/results/1z95/replicate 7/CBN/1z95_CBN_3_replicate7.pdbqt', '/home/screener/files/prost_canc/crest_vinardo/results/1z95/replicate 7/CBN/1z95_CBN_2_replicate7.pdbqt', '/home/screener/files/prost_canc/crest_vinardo/results/1z95/replicate 7/CBN/1z95_CBN_4_replicate7.pdbqt', '/home/screener/files/prost_canc/crest_vinardo/results/1z95/replicate 7/CBN/1z95_CBN_5_replicate7.pdbqt', '/home/screener/files/prost_canc/crest_vinardo/results/1z95/replicate 7/CBN/1z95_CBN_7_replicate7.pdbqt', '/home/screener/files/prost_canc/crest_vinardo/results/1z95/replicate 7/CBN/1z95_CBN_6_replicate7.pdbqt', '/home/screener/files/prost_canc/crest_vinardo/results/1z95/replicate 7/CBN/1z95_CBN_8_replicate7.pdbqt', '/home/screener/files/prost_canc/crest_vinardo/results/1z95/replicate 7/CBN/1z95_CBN_9_replicate7.pdbqt']","['/home/screener/files/prost_canc/crest_vinardo/results/1z95/replicate 7/CBN/1z95_CBN_0_replicate7.sdf', '/home/screener/files/prost_canc/crest_vinardo/results/1z95/replicate 7/CBN/1z95_CBN_1_replicate7.sdf', '/home/screener/files/prost_canc/crest_vinardo/results/1z95/replicate 7/CBN/1z95_CBN_3_replicate7.sdf', '/home/screener/files/prost_canc/crest_vinardo/results/1z95/replicate 7/CBN/1z95_CBN_2_replicate7.sdf', '/home/screener/files/prost_canc/crest_vinardo/results/1z95/replicate 7/CBN/1z95_CBN_4_replicate7.sdf', '/home/screener/files/prost_canc/crest_vinardo/results/1z95/replicate 7/CBN/1z95_CBN_5_replicate7.sdf', '/home/screener/files/prost_canc/crest_vinardo/results/1z95/replicate 7/CBN/1z95_CBN_7_replicate7.sdf', '/home/screener/files/prost_canc/crest_vinardo/results/1z95/replicate 7/CBN/1z95_CBN_6_replicate7.sdf', '/home/screener/files/prost_canc/crest_vinardo/results/1z95/replicate 7/CBN/1z95_CBN_8_replicate7.sdf', '/home/screener/files/prost_canc/crest_vinardo/results/1z95/replicate 7/CBN/1z95_CBN_9_replicate7.sdf']","[-7.166, -7.166, -7.166, -7.166, -7.166, -7.166, -7.166, -7.166, -7.166, -7.166]"
CBD,1z95,7,"['/home/screener/files/prost_canc/crest_vinardo/results/1z95/replicate 7/CBD/1z95_CBD_0_replicate7.pdbqt', '/home/screener/files/prost_canc/crest_vinardo/results/1z95/replicate 7/CBD/1z95_CBD_1_replicate7.pdbqt', '/home/screener/files/prost_canc/crest_vinardo/results/1z95/replicate 7/CBD/1z95_CBD_2_replicate7.pdbqt', '/home/screener/files/prost_canc/crest_vinardo/results/1z95/replicate 7/CBD/1z95_CBD_3_replicate7.pdbqt', '/home/screener/files/prost_canc/crest_vinardo/results/1z95/replicate 7/CBD/1z95_CBD_4_replicate7.pdbqt', '/home/screener/files/prost_canc/crest_vinardo/results/1z95/replicate 7/CBD/1z95_CBD_5_replicate7.pdbqt', '/home/screener/files/prost_canc/crest_vinardo/results/1z95/replicate 7/CBD/1z95_CBD_6_replicate7.pdbqt', '/home/screener/files/prost_canc/crest_vinardo/results/1z95/replicate 7/CBD/1z95_CBD_7_replicate7.pdbqt', '/home/screener/files/prost_canc/crest_vinardo/results/1z95/replicate 7/CBD/1z95_CBD_8_replicate7.pdbqt', '/home/screener/files/prost_canc/crest_vinardo/results/1z95/replicate 7/CBD/1z95_CBD_9_replicate7.pdbqt']","['/home/screener/files/prost_canc/crest_vinardo/results/1z95/replicate 7/CBD/1z95_CBD_0_replicate7.sdf', '/home/screener/files/prost_canc/crest_vinardo/results/1z95/replicate 7/CBD/1z95_CBD_1_replicate7.sdf', '/home/screener/files/prost_canc/crest_vinardo/results/1z95/replicate 7/CBD/1z95_CBD_2_replicate7.sdf', '/home/screener/files/prost_canc/crest_vinardo/results/1z95/replicate 7/CBD/1z95_CBD_3_replicate7.sdf', '/home/screener/files/prost_canc/crest_vinardo/results/1z95/replicate 7/CBD/1z95_CBD_4_replicate7.sdf', '/home/screener/files/prost_canc/crest_vinardo/results/1z95/replicate 7/CBD/1z95_CBD_5_replicate7.sdf', '/home/screener/files/prost_canc/crest_vinardo/results/1z95/replicate 7/CBD/1z95_CBD_6_replicate7.sdf', '/home/screener/files/prost_canc/crest_vinardo/results/1z95/replicate 7/CBD/1z95_CBD_7_replicate7.sdf', '/home/screener/files/prost_canc/crest_vinardo/results/1z95/replicate 7/CBD/1z95_CBD_8_replicate7.sdf', '/home/screener/files/prost_canc/crest_vinardo/results/1z95/replicate 7/CBD/1z95_CBD_9_replicate7.sdf']","[-6.993, -6.993, -6.993, -6.993, -6.993, -6.993, -6.993, -6.993, -6.993, -6.993]"
MDMBCHMINACA,1z95,7,"['/home/screener/files/prost_canc/crest_vinardo/results/1z95/replicate 7/MDMBCHMINACA/1z95_MDMBCHMINACA_0_replicate7.pdbqt', '/home/screener/files/prost_canc/crest_vinardo/results/1z95/replicate 7/MDMBCHMINACA/1z95_MDMBCHMINACA_1_replicate7.pdbqt', '/home/screener/files/prost_canc/crest_vinardo/results/1z95/replicate 7/MDMBCHMINACA/1z95_MDMBCHMINACA_2_replicate7.pdbqt', '/home/screener/files/prost_canc/crest_vinardo/results/1z95/replicate 7/MDMBCHMINACA/1z95_MDMBCHMINACA_3_replicate7.pdbqt', '/home/screener/files/prost_canc/crest_vinardo/results/1z95/replicate 7/MDMBCHMINACA/1z95_MDMBCHMINACA_4_replicate7.pdbqt', '/home/screener/files/prost_canc/crest_vinardo/results/1z95/replicate 7/MDMBCHMINACA/1z95_MDMBCHMINACA_5_replicate7.pdbqt', '/home/screener/files/prost_canc/crest_vinardo/results/1z95/replicate 7/MDMBCHMINACA/1z95_MDMBCHMINACA_6_replicate7.pdbqt', '/home/screener/files/prost_canc/crest_vinardo/results/1z95/replicate 7/MDMBCHMINACA/1z95_MDMBCHMINACA_7_replicate7.pdbqt', '/home/screener/files/prost_canc/crest_vinardo/results/1z95/replicate 7/MDMBCHMINACA/1z95_MDMBCHMINACA_8_replicate7.pdbqt', '/home/screener/files/prost_canc/crest_vinardo/results/1z95/replicate 7/MDMBCHMINACA/1z95_MDMBCHMINACA_9_replicate7.pdbqt']","['/home/screener/files/prost_canc/crest_vinardo/results/1z95/replicate 7/MDMBCHMINACA/1z95_MDMBCHMINACA_0_replicate7.sdf', '/home/screener/files/prost_canc/crest_vinardo/results/1z95/replicate 7/MDMBCHMINACA/1z95_MDMBCHMINACA_1_replicate7.sdf', '/home/screener/files/prost_canc/crest_vinardo/results/1z95/replicate 7/MDMBCHMINACA/1z95_MDMBCHMINACA_2_replicate7.sdf', '/home/screener/files/prost_canc/crest_vinardo/results/1z95/replicate 7/MDMBCHMINACA/1z95_MDMBCHMINACA_3_replicate7.sdf', '/home/screener/files/prost_canc/crest_vinardo/results/1z95/replicate 7/MDMBCHMINACA/1z95_MDMBCHMINACA_4_replicate7.sdf', '/home/screener/files/prost_canc/crest_vinardo/results/1z95/replicate 7/MDMBCHMINACA/1z95_MDMBCHMINACA_5_replicate7.sdf', '/home/screener/files/prost_canc/crest_vinardo/results/1z95/replicate 7/MDMBCHMINACA/1z95_MDMBCHMINACA_6_replicate7.sdf', '/home/screener/files/prost_canc/crest_vinardo/results/1z95/replicate 7/MDMBCHMINACA/1z95_MDMBCHMINACA_7_replicate7.sdf', '/home/screener/files/prost_canc/crest_vinardo/results/1z95/replicate 7/MDMBCHMINACA/1z95_MDMBCHMINACA_8_replicate7.sdf', '/home/screener/files/prost_canc/crest_vinardo/results/1z95/replicate 7/MDMBCHMINACA/1z95_MDMBCHMINACA_9_replicate7.sdf']","[-8.673, -8.673, -8.673, -8.673, -8.673, -8.673, -8.673, -8.673, -8.673, -8.673]"
HU210,1z95,7,"['/home/screener/files/prost_canc/crest_vinardo/results/1z95/replicate 7/HU210/1z95_HU210_0_replicate7.pdbqt', '/home/screener/files/prost_canc/crest_vinardo/results/1z95/replicate 7/HU210/1z95_HU210_1_replicate7.pdbqt', '/home/screener/files/prost_canc/crest_vinardo/results/1z95/replicate 7/HU210/1z95_HU210_2_replicate7.pdbqt', '/home/screener/files/prost_canc/crest_vinardo/results/1z95/replicate 7/HU210/1z95_HU210_3_replicate7.pdbqt', '/home/screener/files/prost_canc/crest_vinardo/results/1z95/replicate 7/HU210/1z95_HU210_4_replicate7.pdbqt', '/home/screener/files/prost_canc/crest_vinardo/results/1z95/replicate 7/HU210/1z95_HU210_5_replicate7.pdbqt', '/home/screener/files/prost_canc/crest_vinardo/results/1z95/replicate 7/HU210/1z95_HU210_6_replicate7.pdbqt', '/home/screener/files/prost_canc/crest_vinardo/results/1z95/replicate 7/HU210/1z95_HU210_7_replicate7.pdbqt', '/home/screener/files/prost_canc/crest_vinardo/results/1z95/replicate 7/HU210/1z95_HU210_8_replicate7.pdbqt', '/home/screener/files/prost_canc/crest_vinardo/results/1z95/replicate 7/HU210/1z95_HU210_9_replicate7.pdbqt']","['/home/screener/files/prost_canc/crest_vinardo/results/1z95/replicate 7/HU210/1z95_HU210_0_replicate7.sdf', '/home/screener/files/prost_canc/crest_vinardo/results/1z95/replicate 7/HU210/1z95_HU210_1_replicate7.sdf', '/home/screener/files/prost_canc/crest_vinardo/results/1z95/replicate 7/HU210/1z95_HU210_2_replicate7.sdf', '/home/screener/files/prost_canc/crest_vinardo/results/1z95/replicate 7/HU210/1z95_HU210_3_replicate7.sdf', '/home/screener/files/prost_canc/crest_vinardo/results/1z95/replicate 7/HU210/1z95_HU210_4_replicate7.sdf', '/home/screener/files/prost_canc/crest_vinardo/results/1z95/replicate 7/HU210/1z95_HU210_5_replicate7.sdf', '/home/screener/files/prost_canc/crest_vinardo/results/1z95/replicate 7/HU210/1z95_HU210_6_replicate7.sdf', '/home/screener/files/prost_canc/crest_vinardo/results/1z95/replicate 7/HU210/1z95_HU210_7_replicate7.sdf', '/home/screener/files/prost_canc/crest_vinardo/results/1z95/replicate 7/HU210/1z95_HU210_8_replicate7.sdf', '/home/screener/files/prost_canc/crest_vinardo/results/1z95/replicate 7/HU210/1z95_HU210_9_replicate7.sdf']","[-4.707, -4.707, -4.707, -4.707, -4.707, -4.707, -4.707, -4.707, -4.707, -4.707]"
Testosterone,1z95,8,"['/home/screener/files/prost_canc/crest_vinardo/results/1z95/replicate 8/Testosterone/1z95_Testosterone_0_replicate8.pdbqt', '/home/screener/files/prost_canc/crest_vinardo/results/1z95/replicate 8/Testosterone/1z95_Testosterone_5_replicate8.pdbqt', '/home/screener/files/prost_canc/crest_vinardo/results/1z95/replicate 8/Testosterone/1z95_Testosterone_1_replicate8.pdbqt', '/home/screener/files/prost_canc/crest_vinardo/results/1z95/replicate 8/Testosterone/1z95_Testosterone_3_replicate8.pdbqt', '/home/screener/files/prost_canc/crest_vinardo/results/1z95/replicate 8/Testosterone/1z95_Testosterone_4_replicate8.pdbqt', '/home/screener/files/prost_canc/crest_vinardo/results/1z95/replicate 8/Testosterone/1z95_Testosterone_6_replicate8.pdbqt', '/home/screener/files/prost_canc/crest_vinardo/results/1z95/replicate 8/Testosterone/1z95_Testosterone_2_replicate8.pdbqt']","['/home/screener/files/prost_canc/crest_vinardo/results/1z95/replicate 8/Testosterone/1z95_Testosterone_0_replicate8.sdf', '/home/screener/files/prost_canc/crest_vinardo/results/1z95/replicate 8/Testosterone/1z95_Testosterone_5_replicate8.sdf', '/home/screener/files/prost_canc/crest_vinardo/results/1z95/replicate 8/Testosterone/1z95_Testosterone_1_replicate8.sdf', '/home/screener/files/prost_canc/crest_vinardo/results/1z95/replicate 8/Testosterone/1z95_Testosterone_3_replicate8.sdf', '/home/screener/files/prost_canc/crest_vinardo/results/1z95/replicate 8/Testosterone/1z95_Testosterone_4_replicate8.sdf', '/home/screener/files/prost_canc/crest_vinardo/results/1z95/replicate 8/Testosterone/1z95_Testosterone_6_replicate8.sdf', '/home/screener/files/prost_canc/crest_vinardo/results/1z95/replicate 8/Testosterone/1z95_Testosterone_2_replicate8.sdf']","[-7.42, -7.42, -7.42, -7.42, -7.42, -7.42, -7.42]"
DTHC,1z95,8,"['/home/screener/files/prost_canc/crest_vinardo/results/1z95/replicate 8/DTHC/1z95_DTHC_0_replicate8.pdbqt', '/home/screener/files/prost_canc/crest_vinardo/results/1z95/replicate 8/DTHC/1z95_DTHC_3_replicate8.pdbqt', '/home/screener/files/prost_canc/crest_vinardo/results/1z95/replicate 8/DTHC/1z95_DTHC_2_replicate8.pdbqt', '/home/screener/files/prost_canc/crest_vinardo/results/1z95/replicate 8/DTHC/1z95_DTHC_1_replicate8.pdbqt', '/home/screener/files/prost_canc/crest_vinardo/results/1z95/replicate 8/DTHC/1z95_DTHC_6_replicate8.pdbqt', '/home/screener/files/prost_canc/crest_vinardo/results/1z95/replicate 8/DTHC/1z95_DTHC_5_replicate8.pdbqt', '/home/screener/files/prost_canc/crest_vinardo/results/1z95/replicate 8/DTHC/1z95_DTHC_4_replicate8.pdbqt', '/home/screener/files/prost_canc/crest_vinardo/results/1z95/replicate 8/DTHC/1z95_DTHC_8_replicate8.pdbqt', '/home/screener/files/prost_canc/crest_vinardo/results/1z95/replicate 8/DTHC/1z95_DTHC_7_replicate8.pdbqt', '/home/screener/files/prost_canc/crest_vinardo/results/1z95/replicate 8/DTHC/1z95_DTHC_9_replicate8.pdbqt']","['/home/screener/files/prost_canc/crest_vinardo/results/1z95/replicate 8/DTHC/1z95_DTHC_0_replicate8.sdf', '/home/screener/files/prost_canc/crest_vinardo/results/1z95/replicate 8/DTHC/1z95_DTHC_3_replicate8.sdf', '/home/screener/files/prost_canc/crest_vinardo/results/1z95/replicate 8/DTHC/1z95_DTHC_2_replicate8.sdf', '/home/screener/files/prost_canc/crest_vinardo/results/1z95/replicate 8/DTHC/1z95_DTHC_1_replicate8.sdf', '/home/screener/files/prost_canc/crest_vinardo/results/1z95/replicate 8/DTHC/1z95_DTHC_6_replicate8.sdf', '/home/screener/files/prost_canc/crest_vinardo/results/1z95/replicate 8/DTHC/1z95_DTHC_5_replicate8.sdf', '/home/screener/files/prost_canc/crest_vinardo/results/1z95/replicate 8/DTHC/1z95_DTHC_4_replicate8.sdf', '/home/screener/files/prost_canc/crest_vinardo/results/1z95/replicate 8/DTHC/1z95_DTHC_8_replicate8.sdf', '/home/screener/files/prost_canc/crest_vinardo/results/1z95/replicate 8/DTHC/1z95_DTHC_7_replicate8.sdf', '/home/screener/files/prost_canc/crest_vinardo/results/1z95/replicate 8/DTHC/1z95_DTHC_9_replicate8.sdf']","[-7.602, -7.602, -7.602, -7.602, -7.602, -7.602, -7.602, -7.602, -7.602, -7.602]"
R1881,1z95,8,"['/home/screener/files/prost_canc/crest_vinardo/results/1z95/replicate 8/R1881/1z95_R1881_1_replicate8.pdbqt', '/home/screener/files/prost_canc/crest_vinardo/results/1z95/replicate 8/R1881/1z95_R1881_0_replicate8.pdbqt', '/home/screener/files/prost_canc/crest_vinardo/results/1z95/replicate 8/R1881/1z95_R1881_2_replicate8.pdbqt', '/home/screener/files/prost_canc/crest_vinardo/results/1z95/replicate 8/R1881/1z95_R1881_3_replicate8.pdbqt', '/home/screener/files/prost_canc/crest_vinardo/results/1z95/replicate 8/R1881/1z95_R1881_4_replicate8.pdbqt', '/home/screener/files/prost_canc/crest_vinardo/results/1z95/replicate 8/R1881/1z95_R1881_5_replicate8.pdbqt', '/home/screener/files/prost_canc/crest_vinardo/results/1z95/replicate 8/R1881/1z95_R1881_6_replicate8.pdbqt', '/home/screener/files/prost_canc/crest_vinardo/results/1z95/replicate 8/R1881/1z95_R1881_7_replicate8.pdbqt', '/home/screener/files/prost_canc/crest_vinardo/results/1z95/replicate 8/R1881/1z95_R1881_8_replicate8.pdbqt']","['/home/screener/files/prost_canc/crest_vinardo/results/1z95/replicate 8/R1881/1z95_R1881_1_replicate8.sdf', '/home/screener/files/prost_canc/crest_vinardo/results/1z95/replicate 8/R1881/1z95_R1881_0_replicate8.sdf', '/home/screener/files/prost_canc/crest_vinardo/results/1z95/replicate 8/R1881/1z95_R1881_2_replicate8.sdf', '/home/screener/files/prost_canc/crest_vinardo/results/1z95/replicate 8/R1881/1z95_R1881_3_replicate8.sdf', '/home/screener/files/prost_canc/crest_vinardo/results/1z95/replicate 8/R1881/1z95_R1881_4_replicate8.sdf', '/home/screener/files/prost_canc/crest_vinardo/results/1z95/replicate 8/R1881/1z95_R1881_5_replicate8.sdf', '/home/screener/files/prost_canc/crest_vinardo/results/1z95/replicate 8/R1881/1z95_R1881_6_replicate8.sdf', '/home/screener/files/prost_canc/crest_vinardo/results/1z95/replicate 8/R1881/1z95_R1881_7_replicate8.sdf', '/home/screener/files/prost_canc/crest_vinardo/results/1z95/replicate 8/R1881/1z95_R1881_8_replicate8.sdf']","[-9.532, -9.532, -9.532, -9.532, -9.532, -9.532, -9.532, -9.532, -9.532]"
DHT,1z95,8,"['/home/screener/files/prost_canc/crest_vinardo/results/1z95/replicate 8/DHT/1z95_DHT_0_replicate8.pdbqt', '/home/screener/files/prost_canc/crest_vinardo/results/1z95/replicate 8/DHT/1z95_DHT_1_replicate8.pdbqt', '/home/screener/files/prost_canc/crest_vinardo/results/1z95/replicate 8/DHT/1z95_DHT_3_replicate8.pdbqt', '/home/screener/files/prost_canc/crest_vinardo/results/1z95/replicate 8/DHT/1z95_DHT_4_replicate8.pdbqt', '/home/screener/files/prost_canc/crest_vinardo/results/1z95/replicate 8/DHT/1z95_DHT_2_replicate8.pdbqt', '/home/screener/files/prost_canc/crest_vinardo/results/1z95/replicate 8/DHT/1z95_DHT_5_replicate8.pdbqt', '/home/screener/files/prost_canc/crest_vinardo/results/1z95/replicate 8/DHT/1z95_DHT_6_replicate8.pdbqt', '/home/screener/files/prost_canc/crest_vinardo/results/1z95/replicate 8/DHT/1z95_DHT_7_replicate8.pdbqt']","['/home/screener/files/prost_canc/crest_vinardo/results/1z95/replicate 8/DHT/1z95_DHT_0_replicate8.sdf', '/home/screener/files/prost_canc/crest_vinardo/results/1z95/replicate 8/DHT/1z95_DHT_1_replicate8.sdf', '/home/screener/files/prost_canc/crest_vinardo/results/1z95/replicate 8/DHT/1z95_DHT_3_replicate8.sdf', '/home/screener/files/prost_canc/crest_vinardo/results/1z95/replicate 8/DHT/1z95_DHT_4_replicate8.sdf', '/home/screener/files/prost_canc/crest_vinardo/results/1z95/replicate 8/DHT/1z95_DHT_2_replicate8.sdf', '/home/screener/files/prost_canc/crest_vinardo/results/1z95/replicate 8/DHT/1z95_DHT_5_replicate8.sdf', '/home/screener/files/prost_canc/crest_vinardo/results/1z95/replicate 8/DHT/1z95_DHT_6_replicate8.sdf', '/home/screener/files/prost_canc/crest_vinardo/results/1z95/replicate 8/DHT/1z95_DHT_7_replicate8.sdf']","[-7.48, -7.48, -7.48, -7.48, -7.48, -7.48, -7.48, -7.48]"
RBICALUTAMIDE,1z95,8,"['/home/screener/files/prost_canc/crest_vinardo/results/1z95/replicate 8/RBICALUTAMIDE/1z95_RBICALUTAMIDE_0_replicate8.pdbqt', '/home/screener/files/prost_canc/crest_vinardo/results/1z95/replicate 8/RBICALUTAMIDE/1z95_RBICALUTAMIDE_1_replicate8.pdbqt', '/home/screener/files/prost_canc/crest_vinardo/results/1z95/replicate 8/RBICALUTAMIDE/1z95_RBICALUTAMIDE_2_replicate8.pdbqt', '/home/screener/files/prost_canc/crest_vinardo/results/1z95/replicate 8/RBICALUTAMIDE/1z95_RBICALUTAMIDE_3_replicate8.pdbqt', '/home/screener/files/prost_canc/crest_vinardo/results/1z95/replicate 8/RBICALUTAMIDE/1z95_RBICALUTAMIDE_4_replicate8.pdbqt', '/home/screener/files/prost_canc/crest_vinardo/results/1z95/replicate 8/RBICALUTAMIDE/1z95_RBICALUTAMIDE_5_replicate8.pdbqt', '/home/screener/files/prost_canc/crest_vinardo/results/1z95/replicate 8/RBICALUTAMIDE/1z95_RBICALUTAMIDE_6_replicate8.pdbqt', '/home/screener/files/prost_canc/crest_vinardo/results/1z95/replicate 8/RBICALUTAMIDE/1z95_RBICALUTAMIDE_7_replicate8.pdbqt', '/home/screener/files/prost_canc/crest_vinardo/results/1z95/replicate 8/RBICALUTAMIDE/1z95_RBICALUTAMIDE_8_replicate8.pdbqt', '/home/screener/files/prost_canc/crest_vinardo/results/1z95/replicate 8/RBICALUTAMIDE/1z95_RBICALUTAMIDE_9_replicate8.pdbqt']","['/home/screener/files/prost_canc/crest_vinardo/results/1z95/replicate 8/RBICALUTAMIDE/1z95_RBICALUTAMIDE_0_replicate8.sdf', '/home/screener/files/prost_canc/crest_vinardo/results/1z95/replicate 8/RBICALUTAMIDE/1z95_RBICALUTAMIDE_1_replicate8.sdf', '/home/screener/files/prost_canc/crest_vinardo/results/1z95/replicate 8/RBICALUTAMIDE/1z95_RBICALUTAMIDE_2_replicate8.sdf', '/home/screener/files/prost_canc/crest_vinardo/results/1z95/replicate 8/RBICALUTAMIDE/1z95_RBICALUTAMIDE_3_replicate8.sdf', '/home/screener/files/prost_canc/crest_vinardo/results/1z95/replicate 8/RBICALUTAMIDE/1z95_RBICALUTAMIDE_4_replicate8.sdf', '/home/screener/files/prost_canc/crest_vinardo/results/1z95/replicate 8/RBICALUTAMIDE/1z95_RBICALUTAMIDE_5_replicate8.sdf', '/home/screener/files/prost_canc/crest_vinardo/results/1z95/replicate 8/RBICALUTAMIDE/1z95_RBICALUTAMIDE_6_replicate8.sdf', '/home/screener/files/prost_canc/crest_vinardo/results/1z95/replicate 8/RBICALUTAMIDE/1z95_RBICALUTAMIDE_7_replicate8.sdf', '/home/screener/files/prost_canc/crest_vinardo/results/1z95/replicate 8/RBICALUTAMIDE/1z95_RBICALUTAMIDE_8_replicate8.sdf', '/home/screener/files/prost_canc/crest_vinardo/results/1z95/replicate 8/RBICALUTAMIDE/1z95_RBICALUTAMIDE_9_replicate8.sdf']","[-10.434, -10.434, -10.434, -10.434, -10.434, -10.434, -10.434, -10.434, -10.434, -10.434]"
LTHC,1z95,8,"['/home/screener/files/prost_canc/crest_vinardo/results/1z95/replicate 8/LTHC/1z95_LTHC_0_replicate8.pdbqt', '/home/screener/files/prost_canc/crest_vinardo/results/1z95/replicate 8/LTHC/1z95_LTHC_1_replicate8.pdbqt', '/home/screener/files/prost_canc/crest_vinardo/results/1z95/replicate 8/LTHC/1z95_LTHC_2_replicate8.pdbqt', '/home/screener/files/prost_canc/crest_vinardo/results/1z95/replicate 8/LTHC/1z95_LTHC_3_replicate8.pdbqt', '/home/screener/files/prost_canc/crest_vinardo/results/1z95/replicate 8/LTHC/1z95_LTHC_4_replicate8.pdbqt', '/home/screener/files/prost_canc/crest_vinardo/results/1z95/replicate 8/LTHC/1z95_LTHC_5_replicate8.pdbqt', '/home/screener/files/prost_canc/crest_vinardo/results/1z95/replicate 8/LTHC/1z95_LTHC_6_replicate8.pdbqt', '/home/screener/files/prost_canc/crest_vinardo/results/1z95/replicate 8/LTHC/1z95_LTHC_7_replicate8.pdbqt', '/home/screener/files/prost_canc/crest_vinardo/results/1z95/replicate 8/LTHC/1z95_LTHC_8_replicate8.pdbqt', '/home/screener/files/prost_canc/crest_vinardo/results/1z95/replicate 8/LTHC/1z95_LTHC_9_replicate8.pdbqt']","['/home/screener/files/prost_canc/crest_vinardo/results/1z95/replicate 8/LTHC/1z95_LTHC_0_replicate8.sdf', '/home/screener/files/prost_canc/crest_vinardo/results/1z95/replicate 8/LTHC/1z95_LTHC_1_replicate8.sdf', '/home/screener/files/prost_canc/crest_vinardo/results/1z95/replicate 8/LTHC/1z95_LTHC_2_replicate8.sdf', '/home/screener/files/prost_canc/crest_vinardo/results/1z95/replicate 8/LTHC/1z95_LTHC_3_replicate8.sdf', '/home/screener/files/prost_canc/crest_vinardo/results/1z95/replicate 8/LTHC/1z95_LTHC_4_replicate8.sdf', '/home/screener/files/prost_canc/crest_vinardo/results/1z95/replicate 8/LTHC/1z95_LTHC_5_replicate8.sdf', '/home/screener/files/prost_canc/crest_vinardo/results/1z95/replicate 8/LTHC/1z95_LTHC_6_replicate8.sdf', '/home/screener/files/prost_canc/crest_vinardo/results/1z95/replicate 8/LTHC/1z95_LTHC_7_replicate8.sdf', '/home/screener/files/prost_canc/crest_vinardo/results/1z95/replicate 8/LTHC/1z95_LTHC_8_replicate8.sdf', '/home/screener/files/prost_canc/crest_vinardo/results/1z95/replicate 8/LTHC/1z95_LTHC_9_replicate8.sdf']","[-7.594, -7.594, -7.594, -7.594, -7.594, -7.594, -7.594, -7.594, -7.594, -7.594]"
5FAKB48,1z95,8,"['/home/screener/files/prost_canc/crest_vinardo/results/1z95/replicate 8/5FAKB48/1z95_5FAKB48_0_replicate8.pdbqt', '/home/screener/files/prost_canc/crest_vinardo/results/1z95/replicate 8/5FAKB48/1z95_5FAKB48_1_replicate8.pdbqt', '/home/screener/files/prost_canc/crest_vinardo/results/1z95/replicate 8/5FAKB48/1z95_5FAKB48_2_replicate8.pdbqt', '/home/screener/files/prost_canc/crest_vinardo/results/1z95/replicate 8/5FAKB48/1z95_5FAKB48_3_replicate8.pdbqt', '/home/screener/files/prost_canc/crest_vinardo/results/1z95/replicate 8/5FAKB48/1z95_5FAKB48_4_replicate8.pdbqt', '/home/screener/files/prost_canc/crest_vinardo/results/1z95/replicate 8/5FAKB48/1z95_5FAKB48_5_replicate8.pdbqt', '/home/screener/files/prost_canc/crest_vinardo/results/1z95/replicate 8/5FAKB48/1z95_5FAKB48_6_replicate8.pdbqt', '/home/screener/files/prost_canc/crest_vinardo/results/1z95/replicate 8/5FAKB48/1z95_5FAKB48_7_replicate8.pdbqt', '/home/screener/files/prost_canc/crest_vinardo/results/1z95/replicate 8/5FAKB48/1z95_5FAKB48_8_replicate8.pdbqt', '/home/screener/files/prost_canc/crest_vinardo/results/1z95/replicate 8/5FAKB48/1z95_5FAKB48_9_replicate8.pdbqt']","['/home/screener/files/prost_canc/crest_vinardo/results/1z95/replicate 8/5FAKB48/1z95_5FAKB48_0_replicate8.sdf', '/home/screener/files/prost_canc/crest_vinardo/results/1z95/replicate 8/5FAKB48/1z95_5FAKB48_1_replicate8.sdf', '/home/screener/files/prost_canc/crest_vinardo/results/1z95/replicate 8/5FAKB48/1z95_5FAKB48_2_replicate8.sdf', '/home/screener/files/prost_canc/crest_vinardo/results/1z95/replicate 8/5FAKB48/1z95_5FAKB48_3_replicate8.sdf', '/home/screener/files/prost_canc/crest_vinardo/results/1z95/replicate 8/5FAKB48/1z95_5FAKB48_4_replicate8.sdf', '/home/screener/files/prost_canc/crest_vinardo/results/1z95/replicate 8/5FAKB48/1z95_5FAKB48_5_replicate8.sdf', '/home/screener/files/prost_canc/crest_vinardo/results/1z95/replicate 8/5FAKB48/1z95_5FAKB48_6_replicate8.sdf', '/home/screener/files/prost_canc/crest_vinardo/results/1z95/replicate 8/5FAKB48/1z95_5FAKB48_7_replicate8.sdf', '/home/screener/files/prost_canc/crest_vinardo/results/1z95/replicate 8/5FAKB48/1z95_5FAKB48_8_replicate8.sdf', '/home/screener/files/prost_canc/crest_vinardo/results/1z95/replicate 8/5FAKB48/1z95_5FAKB48_9_replicate8.sdf']","[-7.637, -7.637, -7.637, -7.637, -7.637, -7.637, -7.637, -7.637, -7.637, -7.637]"
CBN,1z95,8,"['/home/screener/files/prost_canc/crest_vinardo/results/1z95/replicate 8/CBN/1z95_CBN_0_replicate8.pdbqt', '/home/screener/files/prost_canc/crest_vinardo/results/1z95/replicate 8/CBN/1z95_CBN_1_replicate8.pdbqt', '/home/screener/files/prost_canc/crest_vinardo/results/1z95/replicate 8/CBN/1z95_CBN_2_replicate8.pdbqt', '/home/screener/files/prost_canc/crest_vinardo/results/1z95/replicate 8/CBN/1z95_CBN_3_replicate8.pdbqt', '/home/screener/files/prost_canc/crest_vinardo/results/1z95/replicate 8/CBN/1z95_CBN_4_replicate8.pdbqt', '/home/screener/files/prost_canc/crest_vinardo/results/1z95/replicate 8/CBN/1z95_CBN_5_replicate8.pdbqt', '/home/screener/files/prost_canc/crest_vinardo/results/1z95/replicate 8/CBN/1z95_CBN_6_replicate8.pdbqt', '/home/screener/files/prost_canc/crest_vinardo/results/1z95/replicate 8/CBN/1z95_CBN_7_replicate8.pdbqt', '/home/screener/files/prost_canc/crest_vinardo/results/1z95/replicate 8/CBN/1z95_CBN_8_replicate8.pdbqt', '/home/screener/files/prost_canc/crest_vinardo/results/1z95/replicate 8/CBN/1z95_CBN_9_replicate8.pdbqt']","['/home/screener/files/prost_canc/crest_vinardo/results/1z95/replicate 8/CBN/1z95_CBN_0_replicate8.sdf', '/home/screener/files/prost_canc/crest_vinardo/results/1z95/replicate 8/CBN/1z95_CBN_1_replicate8.sdf', '/home/screener/files/prost_canc/crest_vinardo/results/1z95/replicate 8/CBN/1z95_CBN_2_replicate8.sdf', '/home/screener/files/prost_canc/crest_vinardo/results/1z95/replicate 8/CBN/1z95_CBN_3_replicate8.sdf', '/home/screener/files/prost_canc/crest_vinardo/results/1z95/replicate 8/CBN/1z95_CBN_4_replicate8.sdf', '/home/screener/files/prost_canc/crest_vinardo/results/1z95/replicate 8/CBN/1z95_CBN_5_replicate8.sdf', '/home/screener/files/prost_canc/crest_vinardo/results/1z95/replicate 8/CBN/1z95_CBN_6_replicate8.sdf', '/home/screener/files/prost_canc/crest_vinardo/results/1z95/replicate 8/CBN/1z95_CBN_7_replicate8.sdf', '/home/screener/files/prost_canc/crest_vinardo/results/1z95/replicate 8/CBN/1z95_CBN_8_replicate8.sdf', '/home/screener/files/prost_canc/crest_vinardo/results/1z95/replicate 8/CBN/1z95_CBN_9_replicate8.sdf']","[-7.166, -7.166, -7.166, -7.166, -7.166, -7.166, -7.166, -7.166, -7.166, -7.166]"
CBD,1z95,8,"['/home/screener/files/prost_canc/crest_vinardo/results/1z95/replicate 8/CBD/1z95_CBD_1_replicate8.pdbqt', '/home/screener/files/prost_canc/crest_vinardo/results/1z95/replicate 8/CBD/1z95_CBD_0_replicate8.pdbqt', '/home/screener/files/prost_canc/crest_vinardo/results/1z95/replicate 8/CBD/1z95_CBD_2_replicate8.pdbqt', '/home/screener/files/prost_canc/crest_vinardo/results/1z95/replicate 8/CBD/1z95_CBD_3_replicate8.pdbqt', '/home/screener/files/prost_canc/crest_vinardo/results/1z95/replicate 8/CBD/1z95_CBD_4_replicate8.pdbqt', '/home/screener/files/prost_canc/crest_vinardo/results/1z95/replicate 8/CBD/1z95_CBD_5_replicate8.pdbqt', '/home/screener/files/prost_canc/crest_vinardo/results/1z95/replicate 8/CBD/1z95_CBD_6_replicate8.pdbqt', '/home/screener/files/prost_canc/crest_vinardo/results/1z95/replicate 8/CBD/1z95_CBD_8_replicate8.pdbqt', '/home/screener/files/prost_canc/crest_vinardo/results/1z95/replicate 8/CBD/1z95_CBD_7_replicate8.pdbqt', '/home/screener/files/prost_canc/crest_vinardo/results/1z95/replicate 8/CBD/1z95_CBD_9_replicate8.pdbqt']","['/home/screener/files/prost_canc/crest_vinardo/results/1z95/replicate 8/CBD/1z95_CBD_1_replicate8.sdf', '/home/screener/files/prost_canc/crest_vinardo/results/1z95/replicate 8/CBD/1z95_CBD_0_replicate8.sdf', '/home/screener/files/prost_canc/crest_vinardo/results/1z95/replicate 8/CBD/1z95_CBD_2_replicate8.sdf', '/home/screener/files/prost_canc/crest_vinardo/results/1z95/replicate 8/CBD/1z95_CBD_3_replicate8.sdf', '/home/screener/files/prost_canc/crest_vinardo/results/1z95/replicate 8/CBD/1z95_CBD_4_replicate8.sdf', '/home/screener/files/prost_canc/crest_vinardo/results/1z95/replicate 8/CBD/1z95_CBD_5_replicate8.sdf', '/home/screener/files/prost_canc/crest_vinardo/results/1z95/replicate 8/CBD/1z95_CBD_6_replicate8.sdf', '/home/screener/files/prost_canc/crest_vinardo/results/1z95/replicate 8/CBD/1z95_CBD_8_replicate8.sdf', '/home/screener/files/prost_canc/crest_vinardo/results/1z95/replicate 8/CBD/1z95_CBD_7_replicate8.sdf', '/home/screener/files/prost_canc/crest_vinardo/results/1z95/replicate 8/CBD/1z95_CBD_9_replicate8.sdf']","[-6.993, -6.993, -6.993, -6.993, -6.993, -6.993, -6.993, -6.993, -6.993, -6.993]"
MDMBCHMINACA,1z95,8,"['/home/screener/files/prost_canc/crest_vinardo/results/1z95/replicate 8/MDMBCHMINACA/1z95_MDMBCHMINACA_0_replicate8.pdbqt', '/home/screener/files/prost_canc/crest_vinardo/results/1z95/replicate 8/MDMBCHMINACA/1z95_MDMBCHMINACA_1_replicate8.pdbqt', '/home/screener/files/prost_canc/crest_vinardo/results/1z95/replicate 8/MDMBCHMINACA/1z95_MDMBCHMINACA_2_replicate8.pdbqt', '/home/screener/files/prost_canc/crest_vinardo/results/1z95/replicate 8/MDMBCHMINACA/1z95_MDMBCHMINACA_3_replicate8.pdbqt', '/home/screener/files/prost_canc/crest_vinardo/results/1z95/replicate 8/MDMBCHMINACA/1z95_MDMBCHMINACA_5_replicate8.pdbqt', '/home/screener/files/prost_canc/crest_vinardo/results/1z95/replicate 8/MDMBCHMINACA/1z95_MDMBCHMINACA_4_replicate8.pdbqt', '/home/screener/files/prost_canc/crest_vinardo/results/1z95/replicate 8/MDMBCHMINACA/1z95_MDMBCHMINACA_6_replicate8.pdbqt', '/home/screener/files/prost_canc/crest_vinardo/results/1z95/replicate 8/MDMBCHMINACA/1z95_MDMBCHMINACA_7_replicate8.pdbqt', '/home/screener/files/prost_canc/crest_vinardo/results/1z95/replicate 8/MDMBCHMINACA/1z95_MDMBCHMINACA_8_replicate8.pdbqt', '/home/screener/files/prost_canc/crest_vinardo/results/1z95/replicate 8/MDMBCHMINACA/1z95_MDMBCHMINACA_9_replicate8.pdbqt']","['/home/screener/files/prost_canc/crest_vinardo/results/1z95/replicate 8/MDMBCHMINACA/1z95_MDMBCHMINACA_0_replicate8.sdf', '/home/screener/files/prost_canc/crest_vinardo/results/1z95/replicate 8/MDMBCHMINACA/1z95_MDMBCHMINACA_1_replicate8.sdf', '/home/screener/files/prost_canc/crest_vinardo/results/1z95/replicate 8/MDMBCHMINACA/1z95_MDMBCHMINACA_2_replicate8.sdf', '/home/screener/files/prost_canc/crest_vinardo/results/1z95/replicate 8/MDMBCHMINACA/1z95_MDMBCHMINACA_3_replicate8.sdf', '/home/screener/files/prost_canc/crest_vinardo/results/1z95/replicate 8/MDMBCHMINACA/1z95_MDMBCHMINACA_5_replicate8.sdf', '/home/screener/files/prost_canc/crest_vinardo/results/1z95/replicate 8/MDMBCHMINACA/1z95_MDMBCHMINACA_4_replicate8.sdf', '/home/screener/files/prost_canc/crest_vinardo/results/1z95/replicate 8/MDMBCHMINACA/1z95_MDMBCHMINACA_6_replicate8.sdf', '/home/screener/files/prost_canc/crest_vinardo/results/1z95/replicate 8/MDMBCHMINACA/1z95_MDMBCHMINACA_7_replicate8.sdf', '/home/screener/files/prost_canc/crest_vinardo/results/1z95/replicate 8/MDMBCHMINACA/1z95_MDMBCHMINACA_8_replicate8.sdf', '/home/screener/files/prost_canc/crest_vinardo/results/1z95/replicate 8/MDMBCHMINACA/1z95_MDMBCHMINACA_9_replicate8.sdf']","[-8.673, -8.673, -8.673, -8.673, -8.673, -8.673, -8.673, -8.673, -8.673, -8.673]"
HU210,1z95,8,"['/home/screener/files/prost_canc/crest_vinardo/results/1z95/replicate 8/HU210/1z95_HU210_0_replicate8.pdbqt', '/home/screener/files/prost_canc/crest_vinardo/results/1z95/replicate 8/HU210/1z95_HU210_1_replicate8.pdbqt', '/home/screener/files/prost_canc/crest_vinardo/results/1z95/replicate 8/HU210/1z95_HU210_2_replicate8.pdbqt', '/home/screener/files/prost_canc/crest_vinardo/results/1z95/replicate 8/HU210/1z95_HU210_3_replicate8.pdbqt', '/home/screener/files/prost_canc/crest_vinardo/results/1z95/replicate 8/HU210/1z95_HU210_4_replicate8.pdbqt', '/home/screener/files/prost_canc/crest_vinardo/results/1z95/replicate 8/HU210/1z95_HU210_5_replicate8.pdbqt', '/home/screener/files/prost_canc/crest_vinardo/results/1z95/replicate 8/HU210/1z95_HU210_6_replicate8.pdbqt', '/home/screener/files/prost_canc/crest_vinardo/results/1z95/replicate 8/HU210/1z95_HU210_7_replicate8.pdbqt', '/home/screener/files/prost_canc/crest_vinardo/results/1z95/replicate 8/HU210/1z95_HU210_9_replicate8.pdbqt', '/home/screener/files/prost_canc/crest_vinardo/results/1z95/replicate 8/HU210/1z95_HU210_8_replicate8.pdbqt']","['/home/screener/files/prost_canc/crest_vinardo/results/1z95/replicate 8/HU210/1z95_HU210_0_replicate8.sdf', '/home/screener/files/prost_canc/crest_vinardo/results/1z95/replicate 8/HU210/1z95_HU210_1_replicate8.sdf', '/home/screener/files/prost_canc/crest_vinardo/results/1z95/replicate 8/HU210/1z95_HU210_2_replicate8.sdf', '/home/screener/files/prost_canc/crest_vinardo/results/1z95/replicate 8/HU210/1z95_HU210_3_replicate8.sdf', '/home/screener/files/prost_canc/crest_vinardo/results/1z95/replicate 8/HU210/1z95_HU210_4_replicate8.sdf', '/home/screener/files/prost_canc/crest_vinardo/results/1z95/replicate 8/HU210/1z95_HU210_5_replicate8.sdf', '/home/screener/files/prost_canc/crest_vinardo/results/1z95/replicate 8/HU210/1z95_HU210_6_replicate8.sdf', '/home/screener/files/prost_canc/crest_vinardo/results/1z95/replicate 8/HU210/1z95_HU210_7_replicate8.sdf', '/home/screener/files/prost_canc/crest_vinardo/results/1z95/replicate 8/HU210/1z95_HU210_9_replicate8.sdf', '/home/screener/files/prost_canc/crest_vinardo/results/1z95/replicate 8/HU210/1z95_HU210_8_replicate8.sdf']","[-4.707, -4.707, -4.707, -4.707, -4.707, -4.707, -4.707, -4.707, -4.707, -4.707]"
Testosterone,1z95,9,"['/home/screener/files/prost_canc/crest_vinardo/results/1z95/replicate 9/Testosterone/1z95_Testosterone_1_replicate9.pdbqt', '/home/screener/files/prost_canc/crest_vinardo/results/1z95/replicate 9/Testosterone/1z95_Testosterone_0_replicate9.pdbqt', '/home/screener/files/prost_canc/crest_vinardo/results/1z95/replicate 9/Testosterone/1z95_Testosterone_5_replicate9.pdbqt', '/home/screener/files/prost_canc/crest_vinardo/results/1z95/replicate 9/Testosterone/1z95_Testosterone_3_replicate9.pdbqt', '/home/screener/files/prost_canc/crest_vinardo/results/1z95/replicate 9/Testosterone/1z95_Testosterone_4_replicate9.pdbqt', '/home/screener/files/prost_canc/crest_vinardo/results/1z95/replicate 9/Testosterone/1z95_Testosterone_2_replicate9.pdbqt', '/home/screener/files/prost_canc/crest_vinardo/results/1z95/replicate 9/Testosterone/1z95_Testosterone_6_replicate9.pdbqt']","['/home/screener/files/prost_canc/crest_vinardo/results/1z95/replicate 9/Testosterone/1z95_Testosterone_1_replicate9.sdf', '/home/screener/files/prost_canc/crest_vinardo/results/1z95/replicate 9/Testosterone/1z95_Testosterone_0_replicate9.sdf', '/home/screener/files/prost_canc/crest_vinardo/results/1z95/replicate 9/Testosterone/1z95_Testosterone_5_replicate9.sdf', '/home/screener/files/prost_canc/crest_vinardo/results/1z95/replicate 9/Testosterone/1z95_Testosterone_3_replicate9.sdf', '/home/screener/files/prost_canc/crest_vinardo/results/1z95/replicate 9/Testosterone/1z95_Testosterone_4_replicate9.sdf', '/home/screener/files/prost_canc/crest_vinardo/results/1z95/replicate 9/Testosterone/1z95_Testosterone_2_replicate9.sdf', '/home/screener/files/prost_canc/crest_vinardo/results/1z95/replicate 9/Testosterone/1z95_Testosterone_6_replicate9.sdf']","[-7.42, -7.42, -7.42, -7.42, -7.42, -7.42, -7.42]"
DTHC,1z95,9,"['/home/screener/files/prost_canc/crest_vinardo/results/1z95/replicate 9/DTHC/1z95_DTHC_0_replicate9.pdbqt', '/home/screener/files/prost_canc/crest_vinardo/results/1z95/replicate 9/DTHC/1z95_DTHC_1_replicate9.pdbqt', '/home/screener/files/prost_canc/crest_vinardo/results/1z95/replicate 9/DTHC/1z95_DTHC_5_replicate9.pdbqt', '/home/screener/files/prost_canc/crest_vinardo/results/1z95/replicate 9/DTHC/1z95_DTHC_3_replicate9.pdbqt', '/home/screener/files/prost_canc/crest_vinardo/results/1z95/replicate 9/DTHC/1z95_DTHC_2_replicate9.pdbqt', '/home/screener/files/prost_canc/crest_vinardo/results/1z95/replicate 9/DTHC/1z95_DTHC_4_replicate9.pdbqt', '/home/screener/files/prost_canc/crest_vinardo/results/1z95/replicate 9/DTHC/1z95_DTHC_6_replicate9.pdbqt', '/home/screener/files/prost_canc/crest_vinardo/results/1z95/replicate 9/DTHC/1z95_DTHC_7_replicate9.pdbqt', '/home/screener/files/prost_canc/crest_vinardo/results/1z95/replicate 9/DTHC/1z95_DTHC_9_replicate9.pdbqt', '/home/screener/files/prost_canc/crest_vinardo/results/1z95/replicate 9/DTHC/1z95_DTHC_8_replicate9.pdbqt']","['/home/screener/files/prost_canc/crest_vinardo/results/1z95/replicate 9/DTHC/1z95_DTHC_0_replicate9.sdf', '/home/screener/files/prost_canc/crest_vinardo/results/1z95/replicate 9/DTHC/1z95_DTHC_1_replicate9.sdf', '/home/screener/files/prost_canc/crest_vinardo/results/1z95/replicate 9/DTHC/1z95_DTHC_5_replicate9.sdf', '/home/screener/files/prost_canc/crest_vinardo/results/1z95/replicate 9/DTHC/1z95_DTHC_3_replicate9.sdf', '/home/screener/files/prost_canc/crest_vinardo/results/1z95/replicate 9/DTHC/1z95_DTHC_2_replicate9.sdf', '/home/screener/files/prost_canc/crest_vinardo/results/1z95/replicate 9/DTHC/1z95_DTHC_4_replicate9.sdf', '/home/screener/files/prost_canc/crest_vinardo/results/1z95/replicate 9/DTHC/1z95_DTHC_6_replicate9.sdf', '/home/screener/files/prost_canc/crest_vinardo/results/1z95/replicate 9/DTHC/1z95_DTHC_7_replicate9.sdf', '/home/screener/files/prost_canc/crest_vinardo/results/1z95/replicate 9/DTHC/1z95_DTHC_9_replicate9.sdf', '/home/screener/files/prost_canc/crest_vinardo/results/1z95/replicate 9/DTHC/1z95_DTHC_8_replicate9.sdf']","[-7.602, -7.602, -7.602, -7.602, -7.602, -7.602, -7.602, -7.602, -7.602, -7.602]"
R1881,1z95,9,"['/home/screener/files/prost_canc/crest_vinardo/results/1z95/replicate 9/R1881/1z95_R1881_1_replicate9.pdbqt', '/home/screener/files/prost_canc/crest_vinardo/results/1z95/replicate 9/R1881/1z95_R1881_0_replicate9.pdbqt', '/home/screener/files/prost_canc/crest_vinardo/results/1z95/replicate 9/R1881/1z95_R1881_2_replicate9.pdbqt', '/home/screener/files/prost_canc/crest_vinardo/results/1z95/replicate 9/R1881/1z95_R1881_3_replicate9.pdbqt', '/home/screener/files/prost_canc/crest_vinardo/results/1z95/replicate 9/R1881/1z95_R1881_4_replicate9.pdbqt', '/home/screener/files/prost_canc/crest_vinardo/results/1z95/replicate 9/R1881/1z95_R1881_5_replicate9.pdbqt', '/home/screener/files/prost_canc/crest_vinardo/results/1z95/replicate 9/R1881/1z95_R1881_6_replicate9.pdbqt', '/home/screener/files/prost_canc/crest_vinardo/results/1z95/replicate 9/R1881/1z95_R1881_7_replicate9.pdbqt', '/home/screener/files/prost_canc/crest_vinardo/results/1z95/replicate 9/R1881/1z95_R1881_8_replicate9.pdbqt']","['/home/screener/files/prost_canc/crest_vinardo/results/1z95/replicate 9/R1881/1z95_R1881_1_replicate9.sdf', '/home/screener/files/prost_canc/crest_vinardo/results/1z95/replicate 9/R1881/1z95_R1881_0_replicate9.sdf', '/home/screener/files/prost_canc/crest_vinardo/results/1z95/replicate 9/R1881/1z95_R1881_2_replicate9.sdf', '/home/screener/files/prost_canc/crest_vinardo/results/1z95/replicate 9/R1881/1z95_R1881_3_replicate9.sdf', '/home/screener/files/prost_canc/crest_vinardo/results/1z95/replicate 9/R1881/1z95_R1881_4_replicate9.sdf', '/home/screener/files/prost_canc/crest_vinardo/results/1z95/replicate 9/R1881/1z95_R1881_5_replicate9.sdf', '/home/screener/files/prost_canc/crest_vinardo/results/1z95/replicate 9/R1881/1z95_R1881_6_replicate9.sdf', '/home/screener/files/prost_canc/crest_vinardo/results/1z95/replicate 9/R1881/1z95_R1881_7_replicate9.sdf', '/home/screener/files/prost_canc/crest_vinardo/results/1z95/replicate 9/R1881/1z95_R1881_8_replicate9.sdf']","[-9.532, -9.532, -9.532, -9.532, -9.532, -9.532, -9.532, -9.532, -9.532]"
DHT,1z95,9,"['/home/screener/files/prost_canc/crest_vinardo/results/1z95/replicate 9/DHT/1z95_DHT_2_replicate9.pdbqt', '/home/screener/files/prost_canc/crest_vinardo/results/1z95/replicate 9/DHT/1z95_DHT_0_replicate9.pdbqt', '/home/screener/files/prost_canc/crest_vinardo/results/1z95/replicate 9/DHT/1z95_DHT_1_replicate9.pdbqt', '/home/screener/files/prost_canc/crest_vinardo/results/1z95/replicate 9/DHT/1z95_DHT_3_replicate9.pdbqt', '/home/screener/files/prost_canc/crest_vinardo/results/1z95/replicate 9/DHT/1z95_DHT_4_replicate9.pdbqt', '/home/screener/files/prost_canc/crest_vinardo/results/1z95/replicate 9/DHT/1z95_DHT_5_replicate9.pdbqt', '/home/screener/files/prost_canc/crest_vinardo/results/1z95/replicate 9/DHT/1z95_DHT_7_replicate9.pdbqt', '/home/screener/files/prost_canc/crest_vinardo/results/1z95/replicate 9/DHT/1z95_DHT_6_replicate9.pdbqt']","['/home/screener/files/prost_canc/crest_vinardo/results/1z95/replicate 9/DHT/1z95_DHT_2_replicate9.sdf', '/home/screener/files/prost_canc/crest_vinardo/results/1z95/replicate 9/DHT/1z95_DHT_0_replicate9.sdf', '/home/screener/files/prost_canc/crest_vinardo/results/1z95/replicate 9/DHT/1z95_DHT_1_replicate9.sdf', '/home/screener/files/prost_canc/crest_vinardo/results/1z95/replicate 9/DHT/1z95_DHT_3_replicate9.sdf', '/home/screener/files/prost_canc/crest_vinardo/results/1z95/replicate 9/DHT/1z95_DHT_4_replicate9.sdf', '/home/screener/files/prost_canc/crest_vinardo/results/1z95/replicate 9/DHT/1z95_DHT_5_replicate9.sdf', '/home/screener/files/prost_canc/crest_vinardo/results/1z95/replicate 9/DHT/1z95_DHT_7_replicate9.sdf', '/home/screener/files/prost_canc/crest_vinardo/results/1z95/replicate 9/DHT/1z95_DHT_6_replicate9.sdf']","[-7.48, -7.48, -7.48, -7.48, -7.48, -7.48, -7.48, -7.48]"
RBICALUTAMIDE,1z95,9,"['/home/screener/files/prost_canc/crest_vinardo/results/1z95/replicate 9/RBICALUTAMIDE/1z95_RBICALUTAMIDE_3_replicate9.pdbqt', '/home/screener/files/prost_canc/crest_vinardo/results/1z95/replicate 9/RBICALUTAMIDE/1z95_RBICALUTAMIDE_0_replicate9.pdbqt', '/home/screener/files/prost_canc/crest_vinardo/results/1z95/replicate 9/RBICALUTAMIDE/1z95_RBICALUTAMIDE_1_replicate9.pdbqt', '/home/screener/files/prost_canc/crest_vinardo/results/1z95/replicate 9/RBICALUTAMIDE/1z95_RBICALUTAMIDE_2_replicate9.pdbqt', '/home/screener/files/prost_canc/crest_vinardo/results/1z95/replicate 9/RBICALUTAMIDE/1z95_RBICALUTAMIDE_4_replicate9.pdbqt', '/home/screener/files/prost_canc/crest_vinardo/results/1z95/replicate 9/RBICALUTAMIDE/1z95_RBICALUTAMIDE_6_replicate9.pdbqt', '/home/screener/files/prost_canc/crest_vinardo/results/1z95/replicate 9/RBICALUTAMIDE/1z95_RBICALUTAMIDE_5_replicate9.pdbqt', '/home/screener/files/prost_canc/crest_vinardo/results/1z95/replicate 9/RBICALUTAMIDE/1z95_RBICALUTAMIDE_7_replicate9.pdbqt', '/home/screener/files/prost_canc/crest_vinardo/results/1z95/replicate 9/RBICALUTAMIDE/1z95_RBICALUTAMIDE_8_replicate9.pdbqt', '/home/screener/files/prost_canc/crest_vinardo/results/1z95/replicate 9/RBICALUTAMIDE/1z95_RBICALUTAMIDE_9_replicate9.pdbqt']","['/home/screener/files/prost_canc/crest_vinardo/results/1z95/replicate 9/RBICALUTAMIDE/1z95_RBICALUTAMIDE_3_replicate9.sdf', '/home/screener/files/prost_canc/crest_vinardo/results/1z95/replicate 9/RBICALUTAMIDE/1z95_RBICALUTAMIDE_0_replicate9.sdf', '/home/screener/files/prost_canc/crest_vinardo/results/1z95/replicate 9/RBICALUTAMIDE/1z95_RBICALUTAMIDE_1_replicate9.sdf', '/home/screener/files/prost_canc/crest_vinardo/results/1z95/replicate 9/RBICALUTAMIDE/1z95_RBICALUTAMIDE_2_replicate9.sdf', '/home/screener/files/prost_canc/crest_vinardo/results/1z95/replicate 9/RBICALUTAMIDE/1z95_RBICALUTAMIDE_4_replicate9.sdf', '/home/screener/files/prost_canc/crest_vinardo/results/1z95/replicate 9/RBICALUTAMIDE/1z95_RBICALUTAMIDE_6_replicate9.sdf', '/home/screener/files/prost_canc/crest_vinardo/results/1z95/replicate 9/RBICALUTAMIDE/1z95_RBICALUTAMIDE_5_replicate9.sdf', '/home/screener/files/prost_canc/crest_vinardo/results/1z95/replicate 9/RBICALUTAMIDE/1z95_RBICALUTAMIDE_7_replicate9.sdf', '/home/screener/files/prost_canc/crest_vinardo/results/1z95/replicate 9/RBICALUTAMIDE/1z95_RBICALUTAMIDE_8_replicate9.sdf', '/home/screener/files/prost_canc/crest_vinardo/results/1z95/replicate 9/RBICALUTAMIDE/1z95_RBICALUTAMIDE_9_replicate9.sdf']","[-10.434, -10.434, -10.434, -10.434, -10.434, -10.434, -10.434, -10.434, -10.434, -10.434]"
LTHC,1z95,9,"['/home/screener/files/prost_canc/crest_vinardo/results/1z95/replicate 9/LTHC/1z95_LTHC_0_replicate9.pdbqt', '/home/screener/files/prost_canc/crest_vinardo/results/1z95/replicate 9/LTHC/1z95_LTHC_1_replicate9.pdbqt', '/home/screener/files/prost_canc/crest_vinardo/results/1z95/replicate 9/LTHC/1z95_LTHC_2_replicate9.pdbqt', '/home/screener/files/prost_canc/crest_vinardo/results/1z95/replicate 9/LTHC/1z95_LTHC_3_replicate9.pdbqt', '/home/screener/files/prost_canc/crest_vinardo/results/1z95/replicate 9/LTHC/1z95_LTHC_4_replicate9.pdbqt', '/home/screener/files/prost_canc/crest_vinardo/results/1z95/replicate 9/LTHC/1z95_LTHC_5_replicate9.pdbqt', '/home/screener/files/prost_canc/crest_vinardo/results/1z95/replicate 9/LTHC/1z95_LTHC_6_replicate9.pdbqt', '/home/screener/files/prost_canc/crest_vinardo/results/1z95/replicate 9/LTHC/1z95_LTHC_7_replicate9.pdbqt', '/home/screener/files/prost_canc/crest_vinardo/results/1z95/replicate 9/LTHC/1z95_LTHC_8_replicate9.pdbqt', '/home/screener/files/prost_canc/crest_vinardo/results/1z95/replicate 9/LTHC/1z95_LTHC_9_replicate9.pdbqt']","['/home/screener/files/prost_canc/crest_vinardo/results/1z95/replicate 9/LTHC/1z95_LTHC_0_replicate9.sdf', '/home/screener/files/prost_canc/crest_vinardo/results/1z95/replicate 9/LTHC/1z95_LTHC_1_replicate9.sdf', '/home/screener/files/prost_canc/crest_vinardo/results/1z95/replicate 9/LTHC/1z95_LTHC_2_replicate9.sdf', '/home/screener/files/prost_canc/crest_vinardo/results/1z95/replicate 9/LTHC/1z95_LTHC_3_replicate9.sdf', '/home/screener/files/prost_canc/crest_vinardo/results/1z95/replicate 9/LTHC/1z95_LTHC_4_replicate9.sdf', '/home/screener/files/prost_canc/crest_vinardo/results/1z95/replicate 9/LTHC/1z95_LTHC_5_replicate9.sdf', '/home/screener/files/prost_canc/crest_vinardo/results/1z95/replicate 9/LTHC/1z95_LTHC_6_replicate9.sdf', '/home/screener/files/prost_canc/crest_vinardo/results/1z95/replicate 9/LTHC/1z95_LTHC_7_replicate9.sdf', '/home/screener/files/prost_canc/crest_vinardo/results/1z95/replicate 9/LTHC/1z95_LTHC_8_replicate9.sdf', '/home/screener/files/prost_canc/crest_vinardo/results/1z95/replicate 9/LTHC/1z95_LTHC_9_replicate9.sdf']","[-7.594, -7.594, -7.594, -7.594, -7.594, -7.594, -7.594, -7.594, -7.594, -7.594]"
5FAKB48,1z95,9,"['/home/screener/files/prost_canc/crest_vinardo/results/1z95/replicate 9/5FAKB48/1z95_5FAKB48_1_replicate9.pdbqt', '/home/screener/files/prost_canc/crest_vinardo/results/1z95/replicate 9/5FAKB48/1z95_5FAKB48_0_replicate9.pdbqt', '/home/screener/files/prost_canc/crest_vinardo/results/1z95/replicate 9/5FAKB48/1z95_5FAKB48_2_replicate9.pdbqt', '/home/screener/files/prost_canc/crest_vinardo/results/1z95/replicate 9/5FAKB48/1z95_5FAKB48_3_replicate9.pdbqt', '/home/screener/files/prost_canc/crest_vinardo/results/1z95/replicate 9/5FAKB48/1z95_5FAKB48_4_replicate9.pdbqt', '/home/screener/files/prost_canc/crest_vinardo/results/1z95/replicate 9/5FAKB48/1z95_5FAKB48_5_replicate9.pdbqt', '/home/screener/files/prost_canc/crest_vinardo/results/1z95/replicate 9/5FAKB48/1z95_5FAKB48_6_replicate9.pdbqt', '/home/screener/files/prost_canc/crest_vinardo/results/1z95/replicate 9/5FAKB48/1z95_5FAKB48_8_replicate9.pdbqt', '/home/screener/files/prost_canc/crest_vinardo/results/1z95/replicate 9/5FAKB48/1z95_5FAKB48_7_replicate9.pdbqt', '/home/screener/files/prost_canc/crest_vinardo/results/1z95/replicate 9/5FAKB48/1z95_5FAKB48_9_replicate9.pdbqt']","['/home/screener/files/prost_canc/crest_vinardo/results/1z95/replicate 9/5FAKB48/1z95_5FAKB48_1_replicate9.sdf', '/home/screener/files/prost_canc/crest_vinardo/results/1z95/replicate 9/5FAKB48/1z95_5FAKB48_0_replicate9.sdf', '/home/screener/files/prost_canc/crest_vinardo/results/1z95/replicate 9/5FAKB48/1z95_5FAKB48_2_replicate9.sdf', '/home/screener/files/prost_canc/crest_vinardo/results/1z95/replicate 9/5FAKB48/1z95_5FAKB48_3_replicate9.sdf', '/home/screener/files/prost_canc/crest_vinardo/results/1z95/replicate 9/5FAKB48/1z95_5FAKB48_4_replicate9.sdf', '/home/screener/files/prost_canc/crest_vinardo/results/1z95/replicate 9/5FAKB48/1z95_5FAKB48_5_replicate9.sdf', '/home/screener/files/prost_canc/crest_vinardo/results/1z95/replicate 9/5FAKB48/1z95_5FAKB48_6_replicate9.sdf', '/home/screener/files/prost_canc/crest_vinardo/results/1z95/replicate 9/5FAKB48/1z95_5FAKB48_8_replicate9.sdf', '/home/screener/files/prost_canc/crest_vinardo/results/1z95/replicate 9/5FAKB48/1z95_5FAKB48_7_replicate9.sdf', '/home/screener/files/prost_canc/crest_vinardo/results/1z95/replicate 9/5FAKB48/1z95_5FAKB48_9_replicate9.sdf']","[-7.637, -7.637, -7.637, -7.637, -7.637, -7.637, -7.637, -7.637, -7.637, -7.637]"
CBN,1z95,9,"['/home/screener/files/prost_canc/crest_vinardo/results/1z95/replicate 9/CBN/1z95_CBN_0_replicate9.pdbqt', '/home/screener/files/prost_canc/crest_vinardo/results/1z95/replicate 9/CBN/1z95_CBN_1_replicate9.pdbqt', '/home/screener/files/prost_canc/crest_vinardo/results/1z95/replicate 9/CBN/1z95_CBN_2_replicate9.pdbqt', '/home/screener/files/prost_canc/crest_vinardo/results/1z95/replicate 9/CBN/1z95_CBN_3_replicate9.pdbqt', '/home/screener/files/prost_canc/crest_vinardo/results/1z95/replicate 9/CBN/1z95_CBN_5_replicate9.pdbqt', '/home/screener/files/prost_canc/crest_vinardo/results/1z95/replicate 9/CBN/1z95_CBN_4_replicate9.pdbqt', '/home/screener/files/prost_canc/crest_vinardo/results/1z95/replicate 9/CBN/1z95_CBN_6_replicate9.pdbqt', '/home/screener/files/prost_canc/crest_vinardo/results/1z95/replicate 9/CBN/1z95_CBN_7_replicate9.pdbqt', '/home/screener/files/prost_canc/crest_vinardo/results/1z95/replicate 9/CBN/1z95_CBN_8_replicate9.pdbqt', '/home/screener/files/prost_canc/crest_vinardo/results/1z95/replicate 9/CBN/1z95_CBN_9_replicate9.pdbqt']","['/home/screener/files/prost_canc/crest_vinardo/results/1z95/replicate 9/CBN/1z95_CBN_0_replicate9.sdf', '/home/screener/files/prost_canc/crest_vinardo/results/1z95/replicate 9/CBN/1z95_CBN_1_replicate9.sdf', '/home/screener/files/prost_canc/crest_vinardo/results/1z95/replicate 9/CBN/1z95_CBN_2_replicate9.sdf', '/home/screener/files/prost_canc/crest_vinardo/results/1z95/replicate 9/CBN/1z95_CBN_3_replicate9.sdf', '/home/screener/files/prost_canc/crest_vinardo/results/1z95/replicate 9/CBN/1z95_CBN_5_replicate9.sdf', '/home/screener/files/prost_canc/crest_vinardo/results/1z95/replicate 9/CBN/1z95_CBN_4_replicate9.sdf', '/home/screener/files/prost_canc/crest_vinardo/results/1z95/replicate 9/CBN/1z95_CBN_6_replicate9.sdf', '/home/screener/files/prost_canc/crest_vinardo/results/1z95/replicate 9/CBN/1z95_CBN_7_replicate9.sdf', '/home/screener/files/prost_canc/crest_vinardo/results/1z95/replicate 9/CBN/1z95_CBN_8_replicate9.sdf', '/home/screener/files/prost_canc/crest_vinardo/results/1z95/replicate 9/CBN/1z95_CBN_9_replicate9.sdf']","[-7.166, -7.166, -7.166, -7.166, -7.166, -7.166, -7.166, -7.166, -7.166, -7.166]"
CBD,1z95,9,"['/home/screener/files/prost_canc/crest_vinardo/results/1z95/replicate 9/CBD/1z95_CBD_0_replicate9.pdbqt', '/home/screener/files/prost_canc/crest_vinardo/results/1z95/replicate 9/CBD/1z95_CBD_2_replicate9.pdbqt', '/home/screener/files/prost_canc/crest_vinardo/results/1z95/replicate 9/CBD/1z95_CBD_1_replicate9.pdbqt', '/home/screener/files/prost_canc/crest_vinardo/results/1z95/replicate 9/CBD/1z95_CBD_3_replicate9.pdbqt', '/home/screener/files/prost_canc/crest_vinardo/results/1z95/replicate 9/CBD/1z95_CBD_4_replicate9.pdbqt', '/home/screener/files/prost_canc/crest_vinardo/results/1z95/replicate 9/CBD/1z95_CBD_5_replicate9.pdbqt', '/home/screener/files/prost_canc/crest_vinardo/results/1z95/replicate 9/CBD/1z95_CBD_6_replicate9.pdbqt', '/home/screener/files/prost_canc/crest_vinardo/results/1z95/replicate 9/CBD/1z95_CBD_7_replicate9.pdbqt', '/home/screener/files/prost_canc/crest_vinardo/results/1z95/replicate 9/CBD/1z95_CBD_8_replicate9.pdbqt', '/home/screener/files/prost_canc/crest_vinardo/results/1z95/replicate 9/CBD/1z95_CBD_9_replicate9.pdbqt']","['/home/screener/files/prost_canc/crest_vinardo/results/1z95/replicate 9/CBD/1z95_CBD_0_replicate9.sdf', '/home/screener/files/prost_canc/crest_vinardo/results/1z95/replicate 9/CBD/1z95_CBD_2_replicate9.sdf', '/home/screener/files/prost_canc/crest_vinardo/results/1z95/replicate 9/CBD/1z95_CBD_1_replicate9.sdf', '/home/screener/files/prost_canc/crest_vinardo/results/1z95/replicate 9/CBD/1z95_CBD_3_replicate9.sdf', '/home/screener/files/prost_canc/crest_vinardo/results/1z95/replicate 9/CBD/1z95_CBD_4_replicate9.sdf', '/home/screener/files/prost_canc/crest_vinardo/results/1z95/replicate 9/CBD/1z95_CBD_5_replicate9.sdf', '/home/screener/files/prost_canc/crest_vinardo/results/1z95/replicate 9/CBD/1z95_CBD_6_replicate9.sdf', '/home/screener/files/prost_canc/crest_vinardo/results/1z95/replicate 9/CBD/1z95_CBD_7_replicate9.sdf', '/home/screener/files/prost_canc/crest_vinardo/results/1z95/replicate 9/CBD/1z95_CBD_8_replicate9.sdf', '/home/screener/files/prost_canc/crest_vinardo/results/1z95/replicate 9/CBD/1z95_CBD_9_replicate9.sdf']","[-6.993, -6.993, -6.993, -6.993, -6.993, -6.993, -6.993, -6.993, -6.993, -6.993]"
MDMBCHMINACA,1z95,9,"['/home/screener/files/prost_canc/crest_vinardo/results/1z95/replicate 9/MDMBCHMINACA/1z95_MDMBCHMINACA_1_replicate9.pdbqt', '/home/screener/files/prost_canc/crest_vinardo/results/1z95/replicate 9/MDMBCHMINACA/1z95_MDMBCHMINACA_0_replicate9.pdbqt', '/home/screener/files/prost_canc/crest_vinardo/results/1z95/replicate 9/MDMBCHMINACA/1z95_MDMBCHMINACA_2_replicate9.pdbqt', '/home/screener/files/prost_canc/crest_vinardo/results/1z95/replicate 9/MDMBCHMINACA/1z95_MDMBCHMINACA_3_replicate9.pdbqt', '/home/screener/files/prost_canc/crest_vinardo/results/1z95/replicate 9/MDMBCHMINACA/1z95_MDMBCHMINACA_4_replicate9.pdbqt', '/home/screener/files/prost_canc/crest_vinardo/results/1z95/replicate 9/MDMBCHMINACA/1z95_MDMBCHMINACA_5_replicate9.pdbqt', '/home/screener/files/prost_canc/crest_vinardo/results/1z95/replicate 9/MDMBCHMINACA/1z95_MDMBCHMINACA_6_replicate9.pdbqt', '/home/screener/files/prost_canc/crest_vinardo/results/1z95/replicate 9/MDMBCHMINACA/1z95_MDMBCHMINACA_7_replicate9.pdbqt', '/home/screener/files/prost_canc/crest_vinardo/results/1z95/replicate 9/MDMBCHMINACA/1z95_MDMBCHMINACA_8_replicate9.pdbqt', '/home/screener/files/prost_canc/crest_vinardo/results/1z95/replicate 9/MDMBCHMINACA/1z95_MDMBCHMINACA_9_replicate9.pdbqt']","['/home/screener/files/prost_canc/crest_vinardo/results/1z95/replicate 9/MDMBCHMINACA/1z95_MDMBCHMINACA_1_replicate9.sdf', '/home/screener/files/prost_canc/crest_vinardo/results/1z95/replicate 9/MDMBCHMINACA/1z95_MDMBCHMINACA_0_replicate9.sdf', '/home/screener/files/prost_canc/crest_vinardo/results/1z95/replicate 9/MDMBCHMINACA/1z95_MDMBCHMINACA_2_replicate9.sdf', '/home/screener/files/prost_canc/crest_vinardo/results/1z95/replicate 9/MDMBCHMINACA/1z95_MDMBCHMINACA_3_replicate9.sdf', '/home/screener/files/prost_canc/crest_vinardo/results/1z95/replicate 9/MDMBCHMINACA/1z95_MDMBCHMINACA_4_replicate9.sdf', '/home/screener/files/prost_canc/crest_vinardo/results/1z95/replicate 9/MDMBCHMINACA/1z95_MDMBCHMINACA_5_replicate9.sdf', '/home/screener/files/prost_canc/crest_vinardo/results/1z95/replicate 9/MDMBCHMINACA/1z95_MDMBCHMINACA_6_replicate9.sdf', '/home/screener/files/prost_canc/crest_vinardo/results/1z95/replicate 9/MDMBCHMINACA/1z95_MDMBCHMINACA_7_replicate9.sdf', '/home/screener/files/prost_canc/crest_vinardo/results/1z95/replicate 9/MDMBCHMINACA/1z95_MDMBCHMINACA_8_replicate9.sdf', '/home/screener/files/prost_canc/crest_vinardo/results/1z95/replicate 9/MDMBCHMINACA/1z95_MDMBCHMINACA_9_replicate9.sdf']","[-8.673, -8.673, -8.673, -8.673, -8.673, -8.673, -8.673, -8.673, -8.673, -8.673]"
HU210,1z95,9,"['/home/screener/files/prost_canc/crest_vinardo/results/1z95/replicate 9/HU210/1z95_HU210_0_replicate9.pdbqt', '/home/screener/files/prost_canc/crest_vinardo/results/1z95/replicate 9/HU210/1z95_HU210_1_replicate9.pdbqt', '/home/screener/files/prost_canc/crest_vinardo/results/1z95/replicate 9/HU210/1z95_HU210_2_replicate9.pdbqt', '/home/screener/files/prost_canc/crest_vinardo/results/1z95/replicate 9/HU210/1z95_HU210_3_replicate9.pdbqt', '/home/screener/files/prost_canc/crest_vinardo/results/1z95/replicate 9/HU210/1z95_HU210_4_replicate9.pdbqt', '/home/screener/files/prost_canc/crest_vinardo/results/1z95/replicate 9/HU210/1z95_HU210_5_replicate9.pdbqt', '/home/screener/files/prost_canc/crest_vinardo/results/1z95/replicate 9/HU210/1z95_HU210_6_replicate9.pdbqt', '/home/screener/files/prost_canc/crest_vinardo/results/1z95/replicate 9/HU210/1z95_HU210_7_replicate9.pdbqt', '/home/screener/files/prost_canc/crest_vinardo/results/1z95/replicate 9/HU210/1z95_HU210_8_replicate9.pdbqt', '/home/screener/files/prost_canc/crest_vinardo/results/1z95/replicate 9/HU210/1z95_HU210_9_replicate9.pdbqt']","['/home/screener/files/prost_canc/crest_vinardo/results/1z95/replicate 9/HU210/1z95_HU210_0_replicate9.sdf', '/home/screener/files/prost_canc/crest_vinardo/results/1z95/replicate 9/HU210/1z95_HU210_1_replicate9.sdf', '/home/screener/files/prost_canc/crest_vinardo/results/1z95/replicate 9/HU210/1z95_HU210_2_replicate9.sdf', '/home/screener/files/prost_canc/crest_vinardo/results/1z95/replicate 9/HU210/1z95_HU210_3_replicate9.sdf', '/home/screener/files/prost_canc/crest_vinardo/results/1z95/replicate 9/HU210/1z95_HU210_4_replicate9.sdf', '/home/screener/files/prost_canc/crest_vinardo/results/1z95/replicate 9/HU210/1z95_HU210_5_replicate9.sdf', '/home/screener/files/prost_canc/crest_vinardo/results/1z95/replicate 9/HU210/1z95_HU210_6_replicate9.sdf', '/home/screener/files/prost_canc/crest_vinardo/results/1z95/replicate 9/HU210/1z95_HU210_7_replicate9.sdf', '/home/screener/files/prost_canc/crest_vinardo/results/1z95/replicate 9/HU210/1z95_HU210_8_replicate9.sdf', '/home/screener/files/prost_canc/crest_vinardo/results/1z95/replicate 9/HU210/1z95_HU210_9_replicate9.sdf']","[-4.707, -4.707, -4.707, -4.707, -4.707, -4.707, -4.707, -4.707, -4.707, -4.707]"
Testosterone,1z95,10,"['/home/screener/files/prost_canc/crest_vinardo/results/1z95/replicate 10/Testosterone/1z95_Testosterone_2_replicate10.pdbqt', '/home/screener/files/prost_canc/crest_vinardo/results/1z95/replicate 10/Testosterone/1z95_Testosterone_0_replicate10.pdbqt', '/home/screener/files/prost_canc/crest_vinardo/results/1z95/replicate 10/Testosterone/1z95_Testosterone_4_replicate10.pdbqt', '/home/screener/files/prost_canc/crest_vinardo/results/1z95/replicate 10/Testosterone/1z95_Testosterone_5_replicate10.pdbqt', '/home/screener/files/prost_canc/crest_vinardo/results/1z95/replicate 10/Testosterone/1z95_Testosterone_1_replicate10.pdbqt', '/home/screener/files/prost_canc/crest_vinardo/results/1z95/replicate 10/Testosterone/1z95_Testosterone_6_replicate10.pdbqt', '/home/screener/files/prost_canc/crest_vinardo/results/1z95/replicate 10/Testosterone/1z95_Testosterone_3_replicate10.pdbqt']","['/home/screener/files/prost_canc/crest_vinardo/results/1z95/replicate 10/Testosterone/1z95_Testosterone_2_replicate10.sdf', '/home/screener/files/prost_canc/crest_vinardo/results/1z95/replicate 10/Testosterone/1z95_Testosterone_0_replicate10.sdf', '/home/screener/files/prost_canc/crest_vinardo/results/1z95/replicate 10/Testosterone/1z95_Testosterone_4_replicate10.sdf', '/home/screener/files/prost_canc/crest_vinardo/results/1z95/replicate 10/Testosterone/1z95_Testosterone_5_replicate10.sdf', '/home/screener/files/prost_canc/crest_vinardo/results/1z95/replicate 10/Testosterone/1z95_Testosterone_1_replicate10.sdf', '/home/screener/files/prost_canc/crest_vinardo/results/1z95/replicate 10/Testosterone/1z95_Testosterone_6_replicate10.sdf', '/home/screener/files/prost_canc/crest_vinardo/results/1z95/replicate 10/Testosterone/1z95_Testosterone_3_replicate10.sdf']","[-7.42, -7.42, -7.42, -7.42, -7.42, -7.42, -7.42]"
DTHC,1z95,10,"['/home/screener/files/prost_canc/crest_vinardo/results/1z95/replicate 10/DTHC/1z95_DTHC_1_replicate10.pdbqt', '/home/screener/files/prost_canc/crest_vinardo/results/1z95/replicate 10/DTHC/1z95_DTHC_0_replicate10.pdbqt', '/home/screener/files/prost_canc/crest_vinardo/results/1z95/replicate 10/DTHC/1z95_DTHC_4_replicate10.pdbqt', '/home/screener/files/prost_canc/crest_vinardo/results/1z95/replicate 10/DTHC/1z95_DTHC_2_replicate10.pdbqt', '/home/screener/files/prost_canc/crest_vinardo/results/1z95/replicate 10/DTHC/1z95_DTHC_3_replicate10.pdbqt', '/home/screener/files/prost_canc/crest_vinardo/results/1z95/replicate 10/DTHC/1z95_DTHC_5_replicate10.pdbqt', '/home/screener/files/prost_canc/crest_vinardo/results/1z95/replicate 10/DTHC/1z95_DTHC_6_replicate10.pdbqt', '/home/screener/files/prost_canc/crest_vinardo/results/1z95/replicate 10/DTHC/1z95_DTHC_7_replicate10.pdbqt', '/home/screener/files/prost_canc/crest_vinardo/results/1z95/replicate 10/DTHC/1z95_DTHC_8_replicate10.pdbqt', '/home/screener/files/prost_canc/crest_vinardo/results/1z95/replicate 10/DTHC/1z95_DTHC_9_replicate10.pdbqt']","['/home/screener/files/prost_canc/crest_vinardo/results/1z95/replicate 10/DTHC/1z95_DTHC_1_replicate10.sdf', '/home/screener/files/prost_canc/crest_vinardo/results/1z95/replicate 10/DTHC/1z95_DTHC_0_replicate10.sdf', '/home/screener/files/prost_canc/crest_vinardo/results/1z95/replicate 10/DTHC/1z95_DTHC_4_replicate10.sdf', '/home/screener/files/prost_canc/crest_vinardo/results/1z95/replicate 10/DTHC/1z95_DTHC_2_replicate10.sdf', '/home/screener/files/prost_canc/crest_vinardo/results/1z95/replicate 10/DTHC/1z95_DTHC_3_replicate10.sdf', '/home/screener/files/prost_canc/crest_vinardo/results/1z95/replicate 10/DTHC/1z95_DTHC_5_replicate10.sdf', '/home/screener/files/prost_canc/crest_vinardo/results/1z95/replicate 10/DTHC/1z95_DTHC_6_replicate10.sdf', '/home/screener/files/prost_canc/crest_vinardo/results/1z95/replicate 10/DTHC/1z95_DTHC_7_replicate10.sdf', '/home/screener/files/prost_canc/crest_vinardo/results/1z95/replicate 10/DTHC/1z95_DTHC_8_replicate10.sdf', '/home/screener/files/prost_canc/crest_vinardo/results/1z95/replicate 10/DTHC/1z95_DTHC_9_replicate10.sdf']","[-7.602, -7.602, -7.602, -7.602, -7.602, -7.602, -7.602, -7.602, -7.602, -7.602]"
R1881,1z95,10,"['/home/screener/files/prost_canc/crest_vinardo/results/1z95/replicate 10/R1881/1z95_R1881_1_replicate10.pdbqt', '/home/screener/files/prost_canc/crest_vinardo/results/1z95/replicate 10/R1881/1z95_R1881_0_replicate10.pdbqt', '/home/screener/files/prost_canc/crest_vinardo/results/1z95/replicate 10/R1881/1z95_R1881_3_replicate10.pdbqt', '/home/screener/files/prost_canc/crest_vinardo/results/1z95/replicate 10/R1881/1z95_R1881_2_replicate10.pdbqt', '/home/screener/files/prost_canc/crest_vinardo/results/1z95/replicate 10/R1881/1z95_R1881_4_replicate10.pdbqt', '/home/screener/files/prost_canc/crest_vinardo/results/1z95/replicate 10/R1881/1z95_R1881_5_replicate10.pdbqt', '/home/screener/files/prost_canc/crest_vinardo/results/1z95/replicate 10/R1881/1z95_R1881_7_replicate10.pdbqt', '/home/screener/files/prost_canc/crest_vinardo/results/1z95/replicate 10/R1881/1z95_R1881_6_replicate10.pdbqt', '/home/screener/files/prost_canc/crest_vinardo/results/1z95/replicate 10/R1881/1z95_R1881_8_replicate10.pdbqt']","['/home/screener/files/prost_canc/crest_vinardo/results/1z95/replicate 10/R1881/1z95_R1881_1_replicate10.sdf', '/home/screener/files/prost_canc/crest_vinardo/results/1z95/replicate 10/R1881/1z95_R1881_0_replicate10.sdf', '/home/screener/files/prost_canc/crest_vinardo/results/1z95/replicate 10/R1881/1z95_R1881_3_replicate10.sdf', '/home/screener/files/prost_canc/crest_vinardo/results/1z95/replicate 10/R1881/1z95_R1881_2_replicate10.sdf', '/home/screener/files/prost_canc/crest_vinardo/results/1z95/replicate 10/R1881/1z95_R1881_4_replicate10.sdf', '/home/screener/files/prost_canc/crest_vinardo/results/1z95/replicate 10/R1881/1z95_R1881_5_replicate10.sdf', '/home/screener/files/prost_canc/crest_vinardo/results/1z95/replicate 10/R1881/1z95_R1881_7_replicate10.sdf', '/home/screener/files/prost_canc/crest_vinardo/results/1z95/replicate 10/R1881/1z95_R1881_6_replicate10.sdf', '/home/screener/files/prost_canc/crest_vinardo/results/1z95/replicate 10/R1881/1z95_R1881_8_replicate10.sdf']","[-9.532, -9.532, -9.532, -9.532, -9.532, -9.532, -9.532, -9.532, -9.532]"
DHT,1z95,10,"['/home/screener/files/prost_canc/crest_vinardo/results/1z95/replicate 10/DHT/1z95_DHT_0_replicate10.pdbqt', '/home/screener/files/prost_canc/crest_vinardo/results/1z95/replicate 10/DHT/1z95_DHT_1_replicate10.pdbqt', '/home/screener/files/prost_canc/crest_vinardo/results/1z95/replicate 10/DHT/1z95_DHT_3_replicate10.pdbqt', '/home/screener/files/prost_canc/crest_vinardo/results/1z95/replicate 10/DHT/1z95_DHT_2_replicate10.pdbqt', '/home/screener/files/prost_canc/crest_vinardo/results/1z95/replicate 10/DHT/1z95_DHT_5_replicate10.pdbqt', '/home/screener/files/prost_canc/crest_vinardo/results/1z95/replicate 10/DHT/1z95_DHT_4_replicate10.pdbqt', '/home/screener/files/prost_canc/crest_vinardo/results/1z95/replicate 10/DHT/1z95_DHT_6_replicate10.pdbqt', '/home/screener/files/prost_canc/crest_vinardo/results/1z95/replicate 10/DHT/1z95_DHT_7_replicate10.pdbqt']","['/home/screener/files/prost_canc/crest_vinardo/results/1z95/replicate 10/DHT/1z95_DHT_0_replicate10.sdf', '/home/screener/files/prost_canc/crest_vinardo/results/1z95/replicate 10/DHT/1z95_DHT_1_replicate10.sdf', '/home/screener/files/prost_canc/crest_vinardo/results/1z95/replicate 10/DHT/1z95_DHT_3_replicate10.sdf', '/home/screener/files/prost_canc/crest_vinardo/results/1z95/replicate 10/DHT/1z95_DHT_2_replicate10.sdf', '/home/screener/files/prost_canc/crest_vinardo/results/1z95/replicate 10/DHT/1z95_DHT_5_replicate10.sdf', '/home/screener/files/prost_canc/crest_vinardo/results/1z95/replicate 10/DHT/1z95_DHT_4_replicate10.sdf', '/home/screener/files/prost_canc/crest_vinardo/results/1z95/replicate 10/DHT/1z95_DHT_6_replicate10.sdf', '/home/screener/files/prost_canc/crest_vinardo/results/1z95/replicate 10/DHT/1z95_DHT_7_replicate10.sdf']","[-7.48, -7.48, -7.48, -7.48, -7.48, -7.48, -7.48, -7.48]"
RBICALUTAMIDE,1z95,10,"['/home/screener/files/prost_canc/crest_vinardo/results/1z95/replicate 10/RBICALUTAMIDE/1z95_RBICALUTAMIDE_0_replicate10.pdbqt', '/home/screener/files/prost_canc/crest_vinardo/results/1z95/replicate 10/RBICALUTAMIDE/1z95_RBICALUTAMIDE_4_replicate10.pdbqt', '/home/screener/files/prost_canc/crest_vinardo/results/1z95/replicate 10/RBICALUTAMIDE/1z95_RBICALUTAMIDE_1_replicate10.pdbqt', '/home/screener/files/prost_canc/crest_vinardo/results/1z95/replicate 10/RBICALUTAMIDE/1z95_RBICALUTAMIDE_3_replicate10.pdbqt', '/home/screener/files/prost_canc/crest_vinardo/results/1z95/replicate 10/RBICALUTAMIDE/1z95_RBICALUTAMIDE_2_replicate10.pdbqt', '/home/screener/files/prost_canc/crest_vinardo/results/1z95/replicate 10/RBICALUTAMIDE/1z95_RBICALUTAMIDE_5_replicate10.pdbqt', '/home/screener/files/prost_canc/crest_vinardo/results/1z95/replicate 10/RBICALUTAMIDE/1z95_RBICALUTAMIDE_6_replicate10.pdbqt', '/home/screener/files/prost_canc/crest_vinardo/results/1z95/replicate 10/RBICALUTAMIDE/1z95_RBICALUTAMIDE_7_replicate10.pdbqt', '/home/screener/files/prost_canc/crest_vinardo/results/1z95/replicate 10/RBICALUTAMIDE/1z95_RBICALUTAMIDE_8_replicate10.pdbqt', '/home/screener/files/prost_canc/crest_vinardo/results/1z95/replicate 10/RBICALUTAMIDE/1z95_RBICALUTAMIDE_9_replicate10.pdbqt']","['/home/screener/files/prost_canc/crest_vinardo/results/1z95/replicate 10/RBICALUTAMIDE/1z95_RBICALUTAMIDE_0_replicate10.sdf', '/home/screener/files/prost_canc/crest_vinardo/results/1z95/replicate 10/RBICALUTAMIDE/1z95_RBICALUTAMIDE_4_replicate10.sdf', '/home/screener/files/prost_canc/crest_vinardo/results/1z95/replicate 10/RBICALUTAMIDE/1z95_RBICALUTAMIDE_1_replicate10.sdf', '/home/screener/files/prost_canc/crest_vinardo/results/1z95/replicate 10/RBICALUTAMIDE/1z95_RBICALUTAMIDE_3_replicate10.sdf', '/home/screener/files/prost_canc/crest_vinardo/results/1z95/replicate 10/RBICALUTAMIDE/1z95_RBICALUTAMIDE_2_replicate10.sdf', '/home/screener/files/prost_canc/crest_vinardo/results/1z95/replicate 10/RBICALUTAMIDE/1z95_RBICALUTAMIDE_5_replicate10.sdf', '/home/screener/files/prost_canc/crest_vinardo/results/1z95/replicate 10/RBICALUTAMIDE/1z95_RBICALUTAMIDE_6_replicate10.sdf', '/home/screener/files/prost_canc/crest_vinardo/results/1z95/replicate 10/RBICALUTAMIDE/1z95_RBICALUTAMIDE_7_replicate10.sdf', '/home/screener/files/prost_canc/crest_vinardo/results/1z95/replicate 10/RBICALUTAMIDE/1z95_RBICALUTAMIDE_8_replicate10.sdf', '/home/screener/files/prost_canc/crest_vinardo/results/1z95/replicate 10/RBICALUTAMIDE/1z95_RBICALUTAMIDE_9_replicate10.sdf']","[-10.434, -10.434, -10.434, -10.434, -10.434, -10.434, -10.434, -10.434, -10.434, -10.434]"
LTHC,1z95,10,"['/home/screener/files/prost_canc/crest_vinardo/results/1z95/replicate 10/LTHC/1z95_LTHC_0_replicate10.pdbqt', '/home/screener/files/prost_canc/crest_vinardo/results/1z95/replicate 10/LTHC/1z95_LTHC_1_replicate10.pdbqt', '/home/screener/files/prost_canc/crest_vinardo/results/1z95/replicate 10/LTHC/1z95_LTHC_2_replicate10.pdbqt', '/home/screener/files/prost_canc/crest_vinardo/results/1z95/replicate 10/LTHC/1z95_LTHC_3_replicate10.pdbqt', '/home/screener/files/prost_canc/crest_vinardo/results/1z95/replicate 10/LTHC/1z95_LTHC_4_replicate10.pdbqt', '/home/screener/files/prost_canc/crest_vinardo/results/1z95/replicate 10/LTHC/1z95_LTHC_5_replicate10.pdbqt', '/home/screener/files/prost_canc/crest_vinardo/results/1z95/replicate 10/LTHC/1z95_LTHC_6_replicate10.pdbqt', '/home/screener/files/prost_canc/crest_vinardo/results/1z95/replicate 10/LTHC/1z95_LTHC_7_replicate10.pdbqt', '/home/screener/files/prost_canc/crest_vinardo/results/1z95/replicate 10/LTHC/1z95_LTHC_8_replicate10.pdbqt', '/home/screener/files/prost_canc/crest_vinardo/results/1z95/replicate 10/LTHC/1z95_LTHC_9_replicate10.pdbqt']","['/home/screener/files/prost_canc/crest_vinardo/results/1z95/replicate 10/LTHC/1z95_LTHC_0_replicate10.sdf', '/home/screener/files/prost_canc/crest_vinardo/results/1z95/replicate 10/LTHC/1z95_LTHC_1_replicate10.sdf', '/home/screener/files/prost_canc/crest_vinardo/results/1z95/replicate 10/LTHC/1z95_LTHC_2_replicate10.sdf', '/home/screener/files/prost_canc/crest_vinardo/results/1z95/replicate 10/LTHC/1z95_LTHC_3_replicate10.sdf', '/home/screener/files/prost_canc/crest_vinardo/results/1z95/replicate 10/LTHC/1z95_LTHC_4_replicate10.sdf', '/home/screener/files/prost_canc/crest_vinardo/results/1z95/replicate 10/LTHC/1z95_LTHC_5_replicate10.sdf', '/home/screener/files/prost_canc/crest_vinardo/results/1z95/replicate 10/LTHC/1z95_LTHC_6_replicate10.sdf', '/home/screener/files/prost_canc/crest_vinardo/results/1z95/replicate 10/LTHC/1z95_LTHC_7_replicate10.sdf', '/home/screener/files/prost_canc/crest_vinardo/results/1z95/replicate 10/LTHC/1z95_LTHC_8_replicate10.sdf', '/home/screener/files/prost_canc/crest_vinardo/results/1z95/replicate 10/LTHC/1z95_LTHC_9_replicate10.sdf']","[-7.594, -7.594, -7.594, -7.594, -7.594, -7.594, -7.594, -7.594, -7.594, -7.594]"
5FAKB48,1z95,10,"['/home/screener/files/prost_canc/crest_vinardo/results/1z95/replicate 10/5FAKB48/1z95_5FAKB48_0_replicate10.pdbqt', '/home/screener/files/prost_canc/crest_vinardo/results/1z95/replicate 10/5FAKB48/1z95_5FAKB48_1_replicate10.pdbqt', '/home/screener/files/prost_canc/crest_vinardo/results/1z95/replicate 10/5FAKB48/1z95_5FAKB48_2_replicate10.pdbqt', '/home/screener/files/prost_canc/crest_vinardo/results/1z95/replicate 10/5FAKB48/1z95_5FAKB48_3_replicate10.pdbqt', '/home/screener/files/prost_canc/crest_vinardo/results/1z95/replicate 10/5FAKB48/1z95_5FAKB48_4_replicate10.pdbqt', '/home/screener/files/prost_canc/crest_vinardo/results/1z95/replicate 10/5FAKB48/1z95_5FAKB48_5_replicate10.pdbqt', '/home/screener/files/prost_canc/crest_vinardo/results/1z95/replicate 10/5FAKB48/1z95_5FAKB48_6_replicate10.pdbqt', '/home/screener/files/prost_canc/crest_vinardo/results/1z95/replicate 10/5FAKB48/1z95_5FAKB48_7_replicate10.pdbqt', '/home/screener/files/prost_canc/crest_vinardo/results/1z95/replicate 10/5FAKB48/1z95_5FAKB48_8_replicate10.pdbqt', '/home/screener/files/prost_canc/crest_vinardo/results/1z95/replicate 10/5FAKB48/1z95_5FAKB48_9_replicate10.pdbqt']","['/home/screener/files/prost_canc/crest_vinardo/results/1z95/replicate 10/5FAKB48/1z95_5FAKB48_0_replicate10.sdf', '/home/screener/files/prost_canc/crest_vinardo/results/1z95/replicate 10/5FAKB48/1z95_5FAKB48_1_replicate10.sdf', '/home/screener/files/prost_canc/crest_vinardo/results/1z95/replicate 10/5FAKB48/1z95_5FAKB48_2_replicate10.sdf', '/home/screener/files/prost_canc/crest_vinardo/results/1z95/replicate 10/5FAKB48/1z95_5FAKB48_3_replicate10.sdf', '/home/screener/files/prost_canc/crest_vinardo/results/1z95/replicate 10/5FAKB48/1z95_5FAKB48_4_replicate10.sdf', '/home/screener/files/prost_canc/crest_vinardo/results/1z95/replicate 10/5FAKB48/1z95_5FAKB48_5_replicate10.sdf', '/home/screener/files/prost_canc/crest_vinardo/results/1z95/replicate 10/5FAKB48/1z95_5FAKB48_6_replicate10.sdf', '/home/screener/files/prost_canc/crest_vinardo/results/1z95/replicate 10/5FAKB48/1z95_5FAKB48_7_replicate10.sdf', '/home/screener/files/prost_canc/crest_vinardo/results/1z95/replicate 10/5FAKB48/1z95_5FAKB48_8_replicate10.sdf', '/home/screener/files/prost_canc/crest_vinardo/results/1z95/replicate 10/5FAKB48/1z95_5FAKB48_9_replicate10.sdf']","[-7.637, -7.637, -7.637, -7.637, -7.637, -7.637, -7.637, -7.637, -7.637, -7.637]"
CBN,1z95,10,"['/home/screener/files/prost_canc/crest_vinardo/results/1z95/replicate 10/CBN/1z95_CBN_0_replicate10.pdbqt', '/home/screener/files/prost_canc/crest_vinardo/results/1z95/replicate 10/CBN/1z95_CBN_1_replicate10.pdbqt', '/home/screener/files/prost_canc/crest_vinardo/results/1z95/replicate 10/CBN/1z95_CBN_2_replicate10.pdbqt', '/home/screener/files/prost_canc/crest_vinardo/results/1z95/replicate 10/CBN/1z95_CBN_3_replicate10.pdbqt', '/home/screener/files/prost_canc/crest_vinardo/results/1z95/replicate 10/CBN/1z95_CBN_4_replicate10.pdbqt', '/home/screener/files/prost_canc/crest_vinardo/results/1z95/replicate 10/CBN/1z95_CBN_5_replicate10.pdbqt', '/home/screener/files/prost_canc/crest_vinardo/results/1z95/replicate 10/CBN/1z95_CBN_6_replicate10.pdbqt', '/home/screener/files/prost_canc/crest_vinardo/results/1z95/replicate 10/CBN/1z95_CBN_7_replicate10.pdbqt', '/home/screener/files/prost_canc/crest_vinardo/results/1z95/replicate 10/CBN/1z95_CBN_8_replicate10.pdbqt', '/home/screener/files/prost_canc/crest_vinardo/results/1z95/replicate 10/CBN/1z95_CBN_9_replicate10.pdbqt']","['/home/screener/files/prost_canc/crest_vinardo/results/1z95/replicate 10/CBN/1z95_CBN_0_replicate10.sdf', '/home/screener/files/prost_canc/crest_vinardo/results/1z95/replicate 10/CBN/1z95_CBN_1_replicate10.sdf', '/home/screener/files/prost_canc/crest_vinardo/results/1z95/replicate 10/CBN/1z95_CBN_2_replicate10.sdf', '/home/screener/files/prost_canc/crest_vinardo/results/1z95/replicate 10/CBN/1z95_CBN_3_replicate10.sdf', '/home/screener/files/prost_canc/crest_vinardo/results/1z95/replicate 10/CBN/1z95_CBN_4_replicate10.sdf', '/home/screener/files/prost_canc/crest_vinardo/results/1z95/replicate 10/CBN/1z95_CBN_5_replicate10.sdf', '/home/screener/files/prost_canc/crest_vinardo/results/1z95/replicate 10/CBN/1z95_CBN_6_replicate10.sdf', '/home/screener/files/prost_canc/crest_vinardo/results/1z95/replicate 10/CBN/1z95_CBN_7_replicate10.sdf', '/home/screener/files/prost_canc/crest_vinardo/results/1z95/replicate 10/CBN/1z95_CBN_8_replicate10.sdf', '/home/screener/files/prost_canc/crest_vinardo/results/1z95/replicate 10/CBN/1z95_CBN_9_replicate10.sdf']","[-7.166, -7.166, -7.166, -7.166, -7.166, -7.166, -7.166, -7.166, -7.166, -7.166]"
CBD,1z95,10,"['/home/screener/files/prost_canc/crest_vinardo/results/1z95/replicate 10/CBD/1z95_CBD_0_replicate10.pdbqt', '/home/screener/files/prost_canc/crest_vinardo/results/1z95/replicate 10/CBD/1z95_CBD_1_replicate10.pdbqt', '/home/screener/files/prost_canc/crest_vinardo/results/1z95/replicate 10/CBD/1z95_CBD_2_replicate10.pdbqt', '/home/screener/files/prost_canc/crest_vinardo/results/1z95/replicate 10/CBD/1z95_CBD_3_replicate10.pdbqt', '/home/screener/files/prost_canc/crest_vinardo/results/1z95/replicate 10/CBD/1z95_CBD_4_replicate10.pdbqt', '/home/screener/files/prost_canc/crest_vinardo/results/1z95/replicate 10/CBD/1z95_CBD_5_replicate10.pdbqt', '/home/screener/files/prost_canc/crest_vinardo/results/1z95/replicate 10/CBD/1z95_CBD_6_replicate10.pdbqt', '/home/screener/files/prost_canc/crest_vinardo/results/1z95/replicate 10/CBD/1z95_CBD_7_replicate10.pdbqt', '/home/screener/files/prost_canc/crest_vinardo/results/1z95/replicate 10/CBD/1z95_CBD_8_replicate10.pdbqt', '/home/screener/files/prost_canc/crest_vinardo/results/1z95/replicate 10/CBD/1z95_CBD_9_replicate10.pdbqt']","['/home/screener/files/prost_canc/crest_vinardo/results/1z95/replicate 10/CBD/1z95_CBD_0_replicate10.sdf', '/home/screener/files/prost_canc/crest_vinardo/results/1z95/replicate 10/CBD/1z95_CBD_1_replicate10.sdf', '/home/screener/files/prost_canc/crest_vinardo/results/1z95/replicate 10/CBD/1z95_CBD_2_replicate10.sdf', '/home/screener/files/prost_canc/crest_vinardo/results/1z95/replicate 10/CBD/1z95_CBD_3_replicate10.sdf', '/home/screener/files/prost_canc/crest_vinardo/results/1z95/replicate 10/CBD/1z95_CBD_4_replicate10.sdf', '/home/screener/files/prost_canc/crest_vinardo/results/1z95/replicate 10/CBD/1z95_CBD_5_replicate10.sdf', '/home/screener/files/prost_canc/crest_vinardo/results/1z95/replicate 10/CBD/1z95_CBD_6_replicate10.sdf', '/home/screener/files/prost_canc/crest_vinardo/results/1z95/replicate 10/CBD/1z95_CBD_7_replicate10.sdf', '/home/screener/files/prost_canc/crest_vinardo/results/1z95/replicate 10/CBD/1z95_CBD_8_replicate10.sdf', '/home/screener/files/prost_canc/crest_vinardo/results/1z95/replicate 10/CBD/1z95_CBD_9_replicate10.sdf']","[-6.993, -6.993, -6.993, -6.993, -6.993, -6.993, -6.993, -6.993, -6.993, -6.993]"
MDMBCHMINACA,1z95,10,"['/home/screener/files/prost_canc/crest_vinardo/results/1z95/replicate 10/MDMBCHMINACA/1z95_MDMBCHMINACA_0_replicate10.pdbqt', '/home/screener/files/prost_canc/crest_vinardo/results/1z95/replicate 10/MDMBCHMINACA/1z95_MDMBCHMINACA_1_replicate10.pdbqt', '/home/screener/files/prost_canc/crest_vinardo/results/1z95/replicate 10/MDMBCHMINACA/1z95_MDMBCHMINACA_2_replicate10.pdbqt', '/home/screener/files/prost_canc/crest_vinardo/results/1z95/replicate 10/MDMBCHMINACA/1z95_MDMBCHMINACA_3_replicate10.pdbqt', '/home/screener/files/prost_canc/crest_vinardo/results/1z95/replicate 10/MDMBCHMINACA/1z95_MDMBCHMINACA_4_replicate10.pdbqt', '/home/screener/files/prost_canc/crest_vinardo/results/1z95/replicate 10/MDMBCHMINACA/1z95_MDMBCHMINACA_5_replicate10.pdbqt', '/home/screener/files/prost_canc/crest_vinardo/results/1z95/replicate 10/MDMBCHMINACA/1z95_MDMBCHMINACA_6_replicate10.pdbqt', '/home/screener/files/prost_canc/crest_vinardo/results/1z95/replicate 10/MDMBCHMINACA/1z95_MDMBCHMINACA_7_replicate10.pdbqt', '/home/screener/files/prost_canc/crest_vinardo/results/1z95/replicate 10/MDMBCHMINACA/1z95_MDMBCHMINACA_8_replicate10.pdbqt', '/home/screener/files/prost_canc/crest_vinardo/results/1z95/replicate 10/MDMBCHMINACA/1z95_MDMBCHMINACA_9_replicate10.pdbqt']","['/home/screener/files/prost_canc/crest_vinardo/results/1z95/replicate 10/MDMBCHMINACA/1z95_MDMBCHMINACA_0_replicate10.sdf', '/home/screener/files/prost_canc/crest_vinardo/results/1z95/replicate 10/MDMBCHMINACA/1z95_MDMBCHMINACA_1_replicate10.sdf', '/home/screener/files/prost_canc/crest_vinardo/results/1z95/replicate 10/MDMBCHMINACA/1z95_MDMBCHMINACA_2_replicate10.sdf', '/home/screener/files/prost_canc/crest_vinardo/results/1z95/replicate 10/MDMBCHMINACA/1z95_MDMBCHMINACA_3_replicate10.sdf', '/home/screener/files/prost_canc/crest_vinardo/results/1z95/replicate 10/MDMBCHMINACA/1z95_MDMBCHMINACA_4_replicate10.sdf', '/home/screener/files/prost_canc/crest_vinardo/results/1z95/replicate 10/MDMBCHMINACA/1z95_MDMBCHMINACA_5_replicate10.sdf', '/home/screener/files/prost_canc/crest_vinardo/results/1z95/replicate 10/MDMBCHMINACA/1z95_MDMBCHMINACA_6_replicate10.sdf', '/home/screener/files/prost_canc/crest_vinardo/results/1z95/replicate 10/MDMBCHMINACA/1z95_MDMBCHMINACA_7_replicate10.sdf', '/home/screener/files/prost_canc/crest_vinardo/results/1z95/replicate 10/MDMBCHMINACA/1z95_MDMBCHMINACA_8_replicate10.sdf', '/home/screener/files/prost_canc/crest_vinardo/results/1z95/replicate 10/MDMBCHMINACA/1z95_MDMBCHMINACA_9_replicate10.sdf']","[-8.673, -8.673, -8.673, -8.673, -8.673, -8.673, -8.673, -8.673, -8.673, -8.673]"
HU210,1z95,10,"['/home/screener/files/prost_canc/crest_vinardo/results/1z95/replicate 10/HU210/1z95_HU210_0_replicate10.pdbqt', '/home/screener/files/prost_canc/crest_vinardo/results/1z95/replicate 10/HU210/1z95_HU210_1_replicate10.pdbqt', '/home/screener/files/prost_canc/crest_vinardo/results/1z95/replicate 10/HU210/1z95_HU210_2_replicate10.pdbqt', '/home/screener/files/prost_canc/crest_vinardo/results/1z95/replicate 10/HU210/1z95_HU210_3_replicate10.pdbqt', '/home/screener/files/prost_canc/crest_vinardo/results/1z95/replicate 10/HU210/1z95_HU210_4_replicate10.pdbqt', '/home/screener/files/prost_canc/crest_vinardo/results/1z95/replicate 10/HU210/1z95_HU210_5_replicate10.pdbqt', '/home/screener/files/prost_canc/crest_vinardo/results/1z95/replicate 10/HU210/1z95_HU210_6_replicate10.pdbqt', '/home/screener/files/prost_canc/crest_vinardo/results/1z95/replicate 10/HU210/1z95_HU210_7_replicate10.pdbqt', '/home/screener/files/prost_canc/crest_vinardo/results/1z95/replicate 10/HU210/1z95_HU210_8_replicate10.pdbqt', '/home/screener/files/prost_canc/crest_vinardo/results/1z95/replicate 10/HU210/1z95_HU210_9_replicate10.pdbqt']","['/home/screener/files/prost_canc/crest_vinardo/results/1z95/replicate 10/HU210/1z95_HU210_0_replicate10.sdf', '/home/screener/files/prost_canc/crest_vinardo/results/1z95/replicate 10/HU210/1z95_HU210_1_replicate10.sdf', '/home/screener/files/prost_canc/crest_vinardo/results/1z95/replicate 10/HU210/1z95_HU210_2_replicate10.sdf', '/home/screener/files/prost_canc/crest_vinardo/results/1z95/replicate 10/HU210/1z95_HU210_3_replicate10.sdf', '/home/screener/files/prost_canc/crest_vinardo/results/1z95/replicate 10/HU210/1z95_HU210_4_replicate10.sdf', '/home/screener/files/prost_canc/crest_vinardo/results/1z95/replicate 10/HU210/1z95_HU210_5_replicate10.sdf', '/home/screener/files/prost_canc/crest_vinardo/results/1z95/replicate 10/HU210/1z95_HU210_6_replicate10.sdf', '/home/screener/files/prost_canc/crest_vinardo/results/1z95/replicate 10/HU210/1z95_HU210_7_replicate10.sdf', '/home/screener/files/prost_canc/crest_vinardo/results/1z95/replicate 10/HU210/1z95_HU210_8_replicate10.sdf', '/home/screener/files/prost_canc/crest_vinardo/results/1z95/replicate 10/HU210/1z95_HU210_9_replicate10.sdf']","[-4.707, -4.707, -4.707, -4.707, -4.707, -4.707, -4.707, -4.707, -4.707, -4.707]"
