    -66.410320014093    -66.410320014093         0.10667E-03
    -66.410320246231    -66.410320246231         0.52640E-04
    -66.410320278785    -66.410320278785         0.12447E-03
    -66.410319874572    -66.410319874572         0.13220E-03
    -66.410320625263    -66.410320625263         0.12242E-03
    -66.410319533268    -66.410319533268         0.15275E-03
    -66.410319498076    -66.410319498076         0.15692E-03
    -66.410320094582    -66.410320094582         0.99876E-04
    -66.410319476344    -66.410319476344         0.13967E-03
    -66.410319591377    -66.410319591377         0.10667E-03
    -66.410319472980    -66.410319472980         0.92445E-04
    -66.410319228394    -66.410319228394         0.73613E-04
    -66.410319195954    -66.410319195954         0.13002E-03
    -66.410319742223    -66.410319742223         0.15781E-03
    -66.410320346165    -66.410320346165         0.10090E-03
    -66.410319681884    -66.410319681884         0.18917E-03
    -66.410319690315    -66.410319690315         0.11212E-03
    -66.410319695286    -66.410319695286         0.18159E-03
    -66.410318424583    -66.410318424583         0.16681E-03
    -66.410319899855    -66.410319899855         0.13992E-03
    -66.410319984332    -66.410319984332         0.13970E-03
    -66.410320509146    -66.410320509146         0.92872E-04
    -66.410319972581    -66.410319972581         0.11570E-03
    -66.410318688983    -66.410318688983         0.19403E-03
    -66.410318531474    -66.410318531474         0.12624E-03
    -66.410318620354    -66.410318620354         0.16070E-03
    -66.410320479009    -66.410320479009         0.16196E-03
    -66.410320236922    -66.410320236922         0.10835E-03
    -66.410320038801    -66.410320038801         0.14527E-03
    -66.410320012423    -66.410320012423         0.13226E-03
    -66.410316217470    -66.410316217470         0.15011E-03
    -66.410317550503    -66.410317550503         0.19839E-03
    -66.410318604091    -66.410318604091         0.15466E-03
    -66.410318675136    -66.410318675136         0.19569E-03
    -66.410318137905    -66.410318137905         0.19432E-03
    -66.410320619538    -66.410320619538         0.79384E-04
    -66.410319654854    -66.410319654854         0.10820E-03
    -66.410320020088    -66.410320020088         0.16640E-03
    -66.410319759902    -66.410319759902         0.91949E-04
    -66.410319833261    -66.410319833261         0.19912E-03
    -66.410319520860    -66.410319520860         0.17155E-03
    -66.410320192275    -66.410320192275         0.15573E-03
    -66.410319991166    -66.410319991166         0.13540E-03
    -66.410319923671    -66.410319923671         0.18846E-03
    -66.410319696079    -66.410319696079         0.52131E-04
    -66.410320366531    -66.410320366531         0.14124E-03
    -66.410319785336    -66.410319785336         0.77609E-04
    -66.410320039639    -66.410320039639         0.13039E-03
    -66.410320164934    -66.410320164934         0.10804E-03
    -66.410318724000    -66.410318724000         0.11776E-03
    -66.410317933203    -66.410317933203         0.19277E-03
    -66.410320185092    -66.410320185092         0.86998E-04
    -66.410318780701    -66.410318780701         0.15182E-03
    -66.410315812590    -66.410315812590         0.71106E-04
    -66.410319399124    -66.410319399124         0.11170E-03
    -66.410320061837    -66.410320061837         0.18228E-03
    -66.410319822098    -66.410319822098         0.12228E-03
    -66.410317513938    -66.410317513938         0.19438E-03
    -66.410318884445    -66.410318884445         0.11632E-03
    -66.410318204703    -66.410318204703         0.86893E-04
    -66.410318127378    -66.410318127378         0.14316E-03
    -66.410317996994    -66.410317996994         0.14584E-03
    -66.410314877224    -66.410314877224         0.72595E-04
    -66.410319088003    -66.410319088003         0.15906E-03
    -66.410290473495    -66.410290473495         0.64382E-04
    -66.410320155416    -66.410320155416         0.14556E-03
    -66.410319322928    -66.410319322928         0.19870E-03
    -66.410314029863    -66.410314029863         0.37951E-04
    -66.410319894612    -66.410319894612         0.14445E-03
    -66.410286257041    -66.410286257041         0.12619E-03
    -66.410316667858    -66.410316667858         0.16914E-03
    -66.410317676885    -66.410317676885         0.18765E-03
    -66.410313430180    -66.410313430180         0.56319E-04
    -66.410317857363    -66.410317857363         0.17489E-03
    -66.410319163172    -66.410319163172         0.13861E-03
    -66.410317150514    -66.410317150514         0.16497E-03
    -66.410317045449    -66.410317045449         0.12017E-03
    -66.410318870057    -66.410318870057         0.12702E-03
    -66.410319117240    -66.410319117240         0.71434E-04
    -66.410316567473    -66.410316567473         0.30357E-04
    -66.410309085950    -66.410309085950         0.72293E-04
    -66.410320011731    -66.410320011731         0.13426E-03
    -66.410312891098    -66.410312891098         0.60062E-04
    -66.410317614515    -66.410317614515         0.15319E-03
    -66.410309102959    -66.410309102959         0.18356E-03
    -66.410319449951    -66.410319449951         0.10847E-03
    -66.410320156979    -66.410320156979         0.16756E-03
    -66.410312562038    -66.410312562038         0.39577E-04
    -66.410319849678    -66.410319849678         0.14840E-03
    -66.410319001947    -66.410319001947         0.19363E-03
    -66.410304297218    -66.410304297218         0.16179E-03
    -66.410318426779    -66.410318426779         0.17933E-03
    -66.410317982910    -66.410317982910         0.22475E-04
    -66.410297700292    -66.410297700292         0.46329E-04
    -66.410285839740    -66.410285839740         0.94457E-04
    -66.410319383768    -66.410319383768         0.15510E-03
    -66.410299576146    -66.410299576146         0.15614E-03
    -66.410318884890    -66.410318884890         0.16764E-03
    -66.410255965561    -66.410255965561         0.73515E-04
    -66.410285092073    -66.410285092073         0.17455E-03
    -66.410255492622    -66.410255492622         0.14026E-03
    -66.410255204784    -66.410255204784         0.15833E-03
    -66.410255593499    -66.410255593499         0.18583E-03
    -66.410256301087    -66.410256301087         0.15211E-03
    -66.410254570301    -66.410254570301         0.13460E-03
    -66.410254566046    -66.410254566046         0.16987E-03
    -66.410256098278    -66.410256098278         0.86341E-04
    -66.410255587487    -66.410255587487         0.10664E-03
    -66.410255415541    -66.410255415541         0.88793E-04
    -66.410254142207    -66.410254142207         0.18867E-03
    -66.410256105097    -66.410256105097         0.86944E-04
    -66.410253311576    -66.410253311576         0.11549E-03
    -66.410255004103    -66.410255004103         0.13744E-03
    -66.410254752644    -66.410254752644         0.15935E-03
    -66.410255931019    -66.410255931019         0.12417E-03
    -66.410255236123    -66.410255236123         0.73713E-04
    -66.410255666046    -66.410255666046         0.15240E-03
    -66.410254658921    -66.410254658921         0.85585E-04
    -66.410256322156    -66.410256322156         0.58107E-04
    -66.410253636543    -66.410253636543         0.27939E-04
    -66.410255630876    -66.410255630876         0.12172E-03
    -66.410254410219    -66.410254410219         0.56768E-04
    -66.410255696139    -66.410255696139         0.87510E-04
    -66.410256320878    -66.410256320878         0.10870E-03
    -66.410255807566    -66.410255807566         0.18111E-03
    -66.410255103915    -66.410255103915         0.10824E-03
    -66.410255072249    -66.410255072249         0.10164E-03
    -66.410255614145    -66.410255614145         0.10426E-03
    -66.410255209468    -66.410255209468         0.11183E-03
    -66.410255873188    -66.410255873188         0.15047E-03
    -66.410255018761    -66.410255018761         0.50200E-04
    -66.410264077250    -66.410264077250         0.62715E-04
    -66.410255745681    -66.410255745681         0.16547E-03
    -66.410290359543    -66.410290359543         0.15130E-03
    -66.410254765210    -66.410254765210         0.19415E-03
    -66.410255028440    -66.410255028440         0.59664E-04
    -66.410255121756    -66.410255121756         0.13710E-03
    -66.410318056412    -66.410318056412         0.15403E-03
    -66.410238968641    -66.410238968641         0.17774E-03
    -66.410255542151    -66.410255542151         0.17973E-03
    -66.410315657431    -66.410315657431         0.19059E-03
    -66.410256409933    -66.410256409933         0.17024E-03
    -66.410255071090    -66.410255071090         0.12151E-03
    -66.410255227530    -66.410255227530         0.17123E-03
    -66.410255228229    -66.410255228229         0.17345E-03
    -66.410238147976    -66.410238147976         0.89916E-04
    -66.410239938549    -66.410239938549         0.17740E-03
    -66.410252536361    -66.410252536361         0.17461E-03
    -66.410239608490    -66.410239608490         0.18094E-03
    -66.410239481471    -66.410239481471         0.16428E-03
    -66.410240054740    -66.410240054740         0.16880E-03
    -66.410254309696    -66.410254309696         0.12921E-03
    -66.410239294264    -66.410239294264         0.10808E-03
    -66.410254289925    -66.410254289925         0.10161E-03
    -66.410239168798    -66.410239168798         0.15046E-03
    -66.410238122143    -66.410238122143         0.19980E-03
    -66.410240138421    -66.410240138421         0.16044E-03
    -66.410239202038    -66.410239202038         0.92971E-04
    -66.410238965579    -66.410238965579         0.85473E-04
    -66.410254745321    -66.410254745321         0.15198E-03
    -66.410255609377    -66.410255609377         0.13549E-03
    -66.410202941670    -66.410202941670         0.13548E-03
    -66.410254049196    -66.410254049196         0.12324E-03
    -66.410237365232    -66.410237365232         0.12160E-03
    -66.410236367205    -66.410236367205         0.60044E-04
    -66.410254750028    -66.410254750028         0.78767E-04
    -66.410240028733    -66.410240028733         0.68893E-04
    -66.410240288423    -66.410240288423         0.17394E-03
    -66.410238384202    -66.410238384202         0.13859E-03
    -66.410238898768    -66.410238898768         0.16831E-03
    -66.410238194465    -66.410238194465         0.17726E-03
    -66.410240164244    -66.410240164244         0.10323E-03
    -66.410240165580    -66.410240165580         0.18194E-03
    -66.410238564881    -66.410238564881         0.97498E-04
    -66.410239767986    -66.410239767986         0.18070E-03
    -66.410254960252    -66.410254960252         0.19194E-03
    -66.410227720145    -66.410227720145         0.93494E-04
    -66.410240124494    -66.410240124494         0.12889E-03
    -66.410239412532    -66.410239412532         0.19520E-03
    -66.410239641153    -66.410239641153         0.98603E-04
    -66.410252446781    -66.410252446781         0.17712E-03
    -66.410239727986    -66.410239727986         0.97779E-04
    -66.410239299359    -66.410239299359         0.13989E-03
    -66.410239976746    -66.410239976746         0.18790E-03
    -66.410237962207    -66.410237962207         0.14336E-03
    -66.410237438577    -66.410237438577         0.17082E-03
    -66.410239575651    -66.410239575651         0.12054E-03
    -66.410255335646    -66.410255335646         0.15920E-03
    -66.410283247292    -66.410283247292         0.17946E-03
    -66.410239576344    -66.410239576344         0.13523E-03
    -66.410239669918    -66.410239669918         0.95077E-04
    -66.410239635334    -66.410239635334         0.14585E-03
    -66.410240008254    -66.410240008254         0.11533E-03
    -66.410247615494    -66.410247615494         0.19997E-03
    -66.410239421659    -66.410239421659         0.19974E-03
    -66.410240275066    -66.410240275066         0.85758E-04
    -66.410252467118    -66.410252467118         0.17417E-03
    -66.410237268965    -66.410237268965         0.19219E-03
    -66.410225386779    -66.410225386779         0.17580E-03
    -66.410238062577    -66.410238062577         0.12632E-03
    -66.410254600511    -66.410254600511         0.37333E-04
    -66.410251188783    -66.410251188783         0.72969E-04
    -66.410239392208    -66.410239392208         0.85386E-04
    -66.410238469330    -66.410238469330         0.19198E-03
    -66.410239542882    -66.410239542882         0.13020E-03
    -66.410255415608    -66.410255415608         0.10783E-03
    -66.410239182099    -66.410239182099         0.13587E-03
    -66.410222594513    -66.410222594513         0.14368E-03
    -66.410235465772    -66.410235465772         0.18690E-03
    -66.410238893575    -66.410238893575         0.11440E-03
    -66.410254604386    -66.410254604386         0.11294E-03
    -66.410251140045    -66.410251140045         0.15667E-03
    -66.410238866962    -66.410238866962         0.84931E-04
    -66.410240223449    -66.410240223449         0.14787E-03
    -66.410254950471    -66.410254950471         0.10494E-03
    -66.410237267939    -66.410237267939         0.37751E-04
    -66.410239596449    -66.410239596449         0.16890E-03
    -66.410239157947    -66.410239157947         0.96970E-04
    -66.410222046300    -66.410222046300         0.14507E-03
    -66.410239900924    -66.410239900924         0.86660E-04
    -66.410246308072    -66.410246308072         0.48889E-04
    -66.410254975156    -66.410254975156         0.16333E-03
    -66.410239096245    -66.410239096245         0.16033E-03
    -66.410236702396    -66.410236702396         0.96459E-04
    -66.410239269705    -66.410239269705         0.13037E-03
    -66.410238338814    -66.410238338814         0.85282E-04
    -66.410255029424    -66.410255029424         0.91731E-04
    -66.410237573669    -66.410237573669         0.93480E-04
    -66.410236157037    -66.410236157037         0.16026E-03
    -66.410200471897    -66.410200471897         0.14465E-03
    -66.410239428475    -66.410239428475         0.12537E-03
    -66.410222908732    -66.410222908732         0.13621E-03
    -66.410240106897    -66.410240106897         0.18285E-03
    -66.410239220658    -66.410239220658         0.99093E-04
    -66.410237672496    -66.410237672496         0.16669E-03
    -66.410250095750    -66.410250095750         0.17728E-03
    -66.410201381245    -66.410201381245         0.13906E-03
    -66.410225563521    -66.410225563521         0.13792E-03
    -66.410225568039    -66.410225568039         0.13337E-03
    -66.410237996680    -66.410237996680         0.16574E-03
    -66.410239761995    -66.410239761995         0.15525E-03
    -66.410239493834    -66.410239493834         0.86162E-04
    -66.410239381103    -66.410239381103         0.17768E-03
    -66.410231172578    -66.410231172578         0.16150E-03
    -66.410220177057    -66.410220177057         0.80866E-04
    -66.410238244005    -66.410238244005         0.47853E-04
    -66.410233828159    -66.410233828159         0.16688E-03
    -66.410238680113    -66.410238680113         0.68435E-04
    -66.410238889123    -66.410238889123         0.62711E-04
    -66.410237688523    -66.410237688523         0.99339E-04
    -66.410253194736    -66.410253194736         0.14193E-03
    -66.410239145570    -66.410239145570         0.14655E-03
    -66.410238108494    -66.410238108494         0.80851E-04
    -66.410238344351    -66.410238344351         0.82717E-04
    -66.410236274665    -66.410236274665         0.17992E-03
    -66.410237065711    -66.410237065711         0.17747E-03
    -66.410235550447    -66.410235550447         0.18556E-03
    -66.410239828414    -66.410239828414         0.12435E-03
    -66.410227575751    -66.410227575751         0.12442E-03
    -66.410253317057    -66.410253317057         0.12297E-03
    -66.410237403593    -66.410237403593         0.25030E-04
    -66.410210799126    -66.410210799126         0.16701E-03
    -66.410239851030    -66.410239851030         0.12690E-03
    -66.410246063565    -66.410246063565         0.52419E-04
    -66.410207939432    -66.410207939432         0.17199E-03
    -66.410203677973    -66.410203677973         0.15805E-03
    -66.410211448500    -66.410211448500         0.95592E-04
    -66.410202846932    -66.410202846932         0.11771E-03
    -66.410200880128    -66.410200880128         0.14258E-03
    -66.410203136730    -66.410203136730         0.11842E-03
    -66.410206463738    -66.410206463738         0.13102E-03
    -66.410201888108    -66.410201888108         0.12098E-03
    -66.410232429619    -66.410232429619         0.14986E-03
    -66.410206219032    -66.410206219032         0.15533E-03
    -66.410203242112    -66.410203242112         0.15374E-03
    -66.410223449375    -66.410223449375         0.99254E-04
    -66.410202889172    -66.410202889172         0.18231E-03
    -66.410201977643    -66.410201977643         0.15675E-03
    -66.410202338983    -66.410202338983         0.19405E-03
    -66.410223127620    -66.410223127620         0.16832E-03
    -66.410253214137    -66.410253214137         0.11873E-03
    -66.410200756596    -66.410200756596         0.15199E-03
    -66.410202935911    -66.410202935911         0.44413E-04
    -66.410201799189    -66.410201799189         0.18288E-03
    -66.410202033950    -66.410202033950         0.18364E-03
    -66.410201903121    -66.410201903121         0.19838E-03
    -66.410206317005    -66.410206317005         0.70014E-04
    -66.410239779249    -66.410239779249         0.11672E-03
    -66.410201557063    -66.410201557063         0.14528E-03
    -66.410202302145    -66.410202302145         0.16448E-03
    -66.410215384169    -66.410215384169         0.12225E-03
    -66.410202187326    -66.410202187326         0.17565E-03
    -66.410202106646    -66.410202106646         0.16066E-03
    -66.410236072240    -66.410236072240         0.10156E-03
    -66.410199676028    -66.410199676028         0.66064E-04
    -66.410203332616    -66.410203332616         0.17753E-03
    -66.410203013467    -66.410203013467         0.14771E-03
    -66.410202413709    -66.410202413709         0.18310E-03
    -66.410239047677    -66.410239047677         0.85647E-04
    -66.410202641402    -66.410202641402         0.14215E-03
    -66.410200691164    -66.410200691164         0.13946E-03
    -66.410202726950    -66.410202726950         0.10372E-03
    -66.410203141026    -66.410203141026         0.75365E-04
    -66.410201665363    -66.410201665363         0.15336E-03
    -66.410197959820    -66.410197959820         0.19656E-03
    -66.410202669206    -66.410202669206         0.10972E-03
    -66.410229396240    -66.410229396240         0.35505E-04
    -66.410202838699    -66.410202838699         0.19158E-03
    -66.410201579504    -66.410201579504         0.14138E-03
    -66.410202386324    -66.410202386324         0.17793E-03
    -66.410201504465    -66.410201504465         0.19330E-03
    -66.410200883375    -66.410200883375         0.18764E-03
    -66.410239128271    -66.410239128271         0.93663E-04
    -66.410202229831    -66.410202229831         0.11953E-03
    -66.410200193316    -66.410200193316         0.95138E-04
    -66.410202684299    -66.410202684299         0.19063E-03
    -66.410200545998    -66.410200545998         0.18501E-04
    -66.410201260301    -66.410201260301         0.49439E-04
    -66.410197403885    -66.410197403885         0.19541E-03
    -66.410202302799    -66.410202302799         0.95467E-04
    -66.410238529854    -66.410238529854         0.12626E-03
    -66.410201705860    -66.410201705860         0.10383E-03
    -66.410201427277    -66.410201427277         0.16068E-03
    -66.410198745327    -66.410198745327         0.33930E-04
    -66.410202399651    -66.410202399651         0.88528E-04
    -66.410198584366    -66.410198584366         0.23179E-04
    -66.410186378694    -66.410186378694         0.44997E-04
    -66.410202767288    -66.410202767288         0.17069E-03
    -66.410203078985    -66.410203078985         0.18245E-03
    -66.410196159090    -66.410196159090         0.42144E-04
    -66.410195342878    -66.410195342878         0.19741E-03
    -66.410193728595    -66.410193728595         0.74063E-04
    -66.410193596741    -66.410193596741         0.61109E-04
    -66.410184500666    -66.410184500666         0.70163E-04
    -66.410181654388    -66.410181654388         0.64015E-04
    -66.410184987328    -66.410184987328         0.17206E-03
    -66.410198010131    -66.410198010131         0.11473E-03
    -66.410200780037    -66.410200780037         0.26080E-04
    -66.410201825364    -66.410201825364         0.12433E-03
    -66.410202479566    -66.410202479566         0.10185E-03
    -66.410201473269    -66.410201473269         0.17274E-03
    -66.409951907051    -66.409951907051         0.17283E-03
    -66.409952060552    -66.409952060552         0.19676E-03
    -66.409952349181    -66.409952349181         0.12569E-03
    -66.409953321780    -66.409953321780         0.13089E-03
    -66.409950344339    -66.409950344339         0.18984E-03
    -66.409950197440    -66.409950197440         0.12563E-03
    -66.409953508108    -66.409953508108         0.52943E-04
    -66.410202305197    -66.410202305197         0.16070E-03
    -66.409952975030    -66.409952975030         0.77558E-04
    -66.409953130965    -66.409953130965         0.13540E-03
    -66.409952653914    -66.409952653914         0.16945E-03
    -66.409951992407    -66.409951992407         0.13694E-03
    -66.409952062086    -66.409952062086         0.12462E-03
    -66.409951842000    -66.409951842000         0.10536E-03
    -66.409951654688    -66.409951654688         0.17656E-03
    -66.409952892257    -66.409952892257         0.12655E-03
    -66.409952141453    -66.409952141453         0.13249E-03
    -66.409952547808    -66.409952547808         0.11671E-03
    -66.409950270274    -66.409950270274         0.19450E-03
    -66.409953227036    -66.409953227036         0.15161E-03
    -66.409952773194    -66.409952773194         0.82772E-04
    -66.409945403574    -66.409945403574         0.14824E-03
    -66.409952838333    -66.409952838333         0.90939E-04
    -66.409953164181    -66.409953164181         0.10930E-03
    -66.409952454291    -66.409952454291         0.12185E-03
    -66.409953091443    -66.409953091443         0.12256E-03
    -66.409951337930    -66.409951337930         0.18036E-03
    -66.409951856478    -66.409951856478         0.17115E-03
    -66.409951514511    -66.409951514511         0.99533E-04
    -66.409953594367    -66.409953594367         0.74664E-04
    -66.409952554068    -66.409952554068         0.83766E-04
    -66.409952762013    -66.409952762013         0.77659E-04
    -66.409952800877    -66.409952800877         0.90979E-04
    -66.409951840118    -66.409951840118         0.16136E-03
    -66.409949732122    -66.409949732122         0.19654E-03
    -66.409949286735    -66.409949286735         0.77946E-04
    -66.409953263738    -66.409953263738         0.11648E-03
    -66.409952848643    -66.409952848643         0.15836E-03
    -66.409953383353    -66.409953383353         0.16390E-03
    -66.409951828961    -66.409951828961         0.62864E-04
    -66.409951788780    -66.409951788780         0.14928E-03
    -66.409951304666    -66.409951304666         0.95094E-04
    -66.409923529709    -66.409923529709         0.13314E-03
    -66.409951764768    -66.409951764768         0.14007E-03
    -66.409951602815    -66.409951602815         0.13073E-03
    -66.409952535417    -66.409952535417         0.10378E-03
    -66.409951995808    -66.409951995808         0.13154E-03
    -66.409952355636    -66.409952355636         0.88873E-04
    -66.409916485887    -66.409916485887         0.13639E-03
    -66.409917616692    -66.409917616692         0.10956E-03
    -66.409915626551    -66.409915626551         0.70326E-04
    -66.409918323587    -66.409918323587         0.12163E-03
    -66.409914171037    -66.409914171037         0.14678E-03
    -66.409911572816    -66.409911572816         0.18074E-03
    -66.409917090562    -66.409917090562         0.12450E-03
    -66.409953511415    -66.409953511415         0.82371E-04
    -66.409914458644    -66.409914458644         0.19438E-03
    -66.409916037303    -66.409916037303         0.17638E-03
    -66.409918601620    -66.409918601620         0.15844E-03
    -66.409952042764    -66.409952042764         0.16303E-03
    -66.409916903516    -66.409916903516         0.47937E-04
    -66.409913129492    -66.409913129492         0.15633E-03
    -66.409916650408    -66.409916650408         0.94784E-04
    -66.409914621853    -66.409914621853         0.16574E-03
    -66.409915147009    -66.409915147009         0.13372E-03
    -66.409914612496    -66.409914612496         0.10757E-03
    -66.409915368312    -66.409915368312         0.16488E-03
    -66.409915716426    -66.409915716426         0.74951E-04
    -66.409913547887    -66.409913547887         0.19486E-03
    -66.409915188460    -66.409915188460         0.15008E-03
    -66.409951102415    -66.409951102415         0.15731E-03
    -66.409915315111    -66.409915315111         0.11294E-03
    -66.409916385705    -66.409916385705         0.13358E-03
    -66.409915477007    -66.409915477007         0.11728E-03
    -66.409915123892    -66.409915123892         0.19154E-03
    -66.409913066644    -66.409913066644         0.18128E-03
    -66.409915750194    -66.409915750194         0.14954E-03
    -66.409915221814    -66.409915221814         0.18382E-03
    -66.409949356215    -66.409949356215         0.14835E-03
    -66.409916268182    -66.409916268182         0.13570E-03
    -66.409915025956    -66.409915025956         0.91047E-04
    -66.409915031035    -66.409915031035         0.15157E-03
    -66.409912367991    -66.409912367991         0.19657E-03
    -66.409914978413    -66.409914978413         0.83261E-04
    -66.409915102232    -66.409915102232         0.17516E-03
    -66.409916464976    -66.409916464976         0.67242E-04
    -66.409914989594    -66.409914989594         0.12614E-03
    -66.409913441552    -66.409913441552         0.15982E-03
    -66.409913630368    -66.409913630368         0.19523E-03
    -66.409915651842    -66.409915651842         0.10449E-03
    -66.409914606654    -66.409914606654         0.75962E-04
    -66.409915470309    -66.409915470309         0.89263E-04
    -66.409915382166    -66.409915382166         0.15827E-03
    -66.409901155287    -66.409901155287         0.15348E-03
    -66.409914718435    -66.409914718435         0.14066E-03
    -66.409913365852    -66.409913365852         0.19734E-03
    -66.409913962595    -66.409913962595         0.57727E-04
    -66.409909193472    -66.409909193472         0.19064E-03
    -66.409915957081    -66.409915957081         0.18441E-03
    -66.409953542295    -66.409953542295         0.41220E-04
    -66.409920498963    -66.409920498963         0.12372E-03
    -66.409916642801    -66.409916642801         0.99000E-04
    -66.409907347959    -66.409907347959         0.19675E-03
    -66.409915569305    -66.409915569305         0.86994E-04
    -66.409915959437    -66.409915959437         0.46949E-04
    -66.409914960563    -66.409914960563         0.14223E-03
    -66.409915533214    -66.409915533214         0.85006E-04
    -66.409913630087    -66.409913630087         0.12626E-03
    -66.409914932187    -66.409914932187         0.18797E-03
    -66.409912769729    -66.409912769729         0.15883E-03
    -66.409915929268    -66.409915929268         0.12557E-03
    -66.409915462379    -66.409915462379         0.11595E-03
    -66.409913544968    -66.409913544968         0.57239E-04
    -66.409915300229    -66.409915300229         0.67220E-04
    -66.409914084810    -66.409914084810         0.10391E-03
    -66.409915084927    -66.409915084927         0.14469E-03
    -66.409913233212    -66.409913233212         0.19726E-03
    -66.409916252292    -66.409916252292         0.13966E-03
    -66.409915540016    -66.409915540016         0.11747E-03
    -66.409913677156    -66.409913677156         0.92304E-04
    -66.409914296900    -66.409914296900         0.15659E-03
    -66.409911457796    -66.409911457796         0.16177E-03
    -66.409915737843    -66.409915737843         0.85580E-04
    -66.409880735757    -66.409880735757         0.18913E-03
    -66.409882823994    -66.409882823994         0.12836E-03
    -66.409916644085    -66.409916644085         0.11287E-03
    -66.409916207006    -66.409916207006         0.17445E-03
    -66.409882832033    -66.409882832033         0.13279E-03
    -66.409882042863    -66.409882042863         0.14230E-03
    -66.409877653045    -66.409877653045         0.63196E-04
    -66.409914500787    -66.409914500787         0.18422E-03
    -66.409879013412    -66.409879013412         0.77099E-04
    -66.409744065015    -66.409744065015         0.58960E-04
    -66.409744418996    -66.409744418996         0.74492E-04
    -66.409743141082    -66.409743141082         0.18110E-03
    -66.409744247905    -66.409744247905         0.12482E-03
    -66.409742588255    -66.409742588255         0.18929E-03
    -66.409744339706    -66.409744339706         0.14480E-03
    -66.409915402875    -66.409915402875         0.11425E-03
    -66.409742080887    -66.409742080887         0.19969E-03
    -66.409743878990    -66.409743878990         0.64254E-04
    -66.409742923325    -66.409742923325         0.13853E-03
    -66.409743640274    -66.409743640274         0.14504E-03
    -66.409742222679    -66.409742222679         0.17604E-03
    -66.409742217985    -66.409742217985         0.16719E-03
    -66.409742999829    -66.409742999829         0.15138E-03
    -66.409744055801    -66.409744055801         0.10540E-03
    -66.409742591736    -66.409742591736         0.19793E-03
    -66.409743662169    -66.409743662169         0.19740E-03
    -66.409742667723    -66.409742667723         0.72102E-04
    -66.409742166964    -66.409742166964         0.15853E-03
    -66.409744133181    -66.409744133181         0.11691E-03
    -66.409743236208    -66.409743236208         0.19099E-03
    -66.409734491568    -66.409734491568         0.19387E-03
    -66.409735066132    -66.409735066132         0.11398E-03
    -66.409744034578    -66.409744034578         0.18372E-03
    -66.409744252401    -66.409744252401         0.96318E-04
    -66.409734373508    -66.409734373508         0.10595E-03
    -66.409743933484    -66.409743933484         0.94059E-04
    -66.409735322289    -66.409735322289         0.13544E-03
    -66.409741185192    -66.409741185192         0.35882E-04
    -66.409734300706    -66.409734300706         0.74347E-04
    -66.409735263034    -66.409735263034         0.76893E-04
    -66.409743007413    -66.409743007413         0.12061E-03
    -66.409733035992    -66.409733035992         0.94739E-04
    -66.409734745382    -66.409734745382         0.12461E-03
    -66.409735218994    -66.409735218994         0.13807E-03
    -66.409734598359    -66.409734598359         0.14132E-03
    -66.409744242055    -66.409744242055         0.14692E-03
    -66.409743190059    -66.409743190059         0.13699E-03
    -66.409734604478    -66.409734604478         0.10961E-03
    -66.409732741509    -66.409732741509         0.14207E-03
    -66.409741609047    -66.409741609047         0.12949E-03
    -66.409734978772    -66.409734978772         0.18471E-03
    -66.409733345129    -66.409733345129         0.15434E-03
    -66.409734468095    -66.409734468095         0.98841E-04
    -66.409741908537    -66.409741908537         0.12605E-03
    -66.409734582490    -66.409734582490         0.12467E-03
    -66.409710735689    -66.409710735689         0.15733E-03
    -66.409730776543    -66.409730776543         0.13550E-03
    -66.409734793770    -66.409734793770         0.59272E-04
    -66.409733427937    -66.409733427937         0.35852E-04
    -66.409734269897    -66.409734269897         0.15239E-03
    -66.409744208328    -66.409744208328         0.15431E-03
    -66.409733557196    -66.409733557196         0.11019E-03
    -66.409733143672    -66.409733143672         0.81105E-04
    -66.409732379468    -66.409732379468         0.15769E-03
    -66.409729805233    -66.409729805233         0.28393E-04
    -66.409744117246    -66.409744117246         0.94223E-04
    -66.409690594641    -66.409690594641         0.17553E-03
    -66.409721082243    -66.409721082243         0.51468E-04
    -66.409733219685    -66.409733219685         0.10616E-03
    -66.409743374291    -66.409743374291         0.13328E-03
    -66.409734795242    -66.409734795242         0.13993E-03
    -66.409734603234    -66.409734603234         0.12003E-03
    -66.409732396589    -66.409732396589         0.50017E-04
    -66.409744077014    -66.409744077014         0.10379E-03
    -66.409740605839    -66.409740605839         0.19171E-03
    -66.409709254220    -66.409709254220         0.10077E-03
    -66.409743695169    -66.409743695169         0.61291E-04
    -66.409729740133    -66.409729740133         0.18686E-03
    -66.409734822282    -66.409734822282         0.12168E-03
    -66.409710248115    -66.409710248115         0.19852E-03
    -66.409731353187    -66.409731353187         0.17492E-03
    -66.409726947159    -66.409726947159         0.14393E-03
    -66.409743026333    -66.409743026333         0.12412E-03
    -66.409690243018    -66.409690243018         0.76191E-04
    -66.409690927319    -66.409690927319         0.96142E-04
    -66.409728334129    -66.409728334129         0.77445E-04
    -66.409739739896    -66.409739739896         0.12467E-03
    -66.409689961363    -66.409689961363         0.99577E-04
    -66.409731257801    -66.409731257801         0.18004E-03
    -66.409728707059    -66.409728707059         0.19500E-03
    -66.409730098584    -66.409730098584         0.21985E-04
    -66.409734363230    -66.409734363230         0.11159E-03
    -66.409733235694    -66.409733235694         0.12081E-03
    -66.409730433546    -66.409730433546         0.17668E-03
    -66.409739786280    -66.409739786280         0.10807E-03
    -66.409744036552    -66.409744036552         0.11827E-03
    -66.409729781639    -66.409729781639         0.64178E-04
    -66.409715790941    -66.409715790941         0.13982E-03
    -66.409733437325    -66.409733437325         0.11075E-03
    -66.409690115750    -66.409690115750         0.19238E-03
    -66.409701100803    -66.409701100803         0.14589E-03
    -66.409742368499    -66.409742368499         0.95935E-04
    -66.409689056582    -66.409689056582         0.14780E-03
    -66.409727433456    -66.409727433456         0.39494E-04
    -66.409734777289    -66.409734777289         0.12048E-03
    -66.409731226846    -66.409731226846         0.16925E-03
    -66.409731522588    -66.409731522588         0.12923E-03
    -66.409732047353    -66.409732047353         0.31775E-04
    -66.409734711620    -66.409734711620         0.16477E-03
    -66.409735346004    -66.409735346004         0.15246E-03
    -66.409689268517    -66.409689268517         0.11230E-03
    -66.409733542943    -66.409733542943         0.13293E-03
    -66.409689785107    -66.409689785107         0.13392E-03
    -66.409689685469    -66.409689685469         0.12526E-03
    -66.409689864106    -66.409689864106         0.96662E-04
    -66.409690049787    -66.409690049787         0.10319E-03
    -66.409701245538    -66.409701245538         0.18469E-03
    -66.409688494976    -66.409688494976         0.17336E-03
    -66.409689258918    -66.409689258918         0.90555E-04
    -66.409690873479    -66.409690873479         0.64649E-04
    -66.409742314451    -66.409742314451         0.66306E-04
    -66.409688497989    -66.409688497989         0.19420E-03
    -66.409687135198    -66.409687135198         0.14575E-03
    -66.409688623873    -66.409688623873         0.15365E-03
    -66.409686133378    -66.409686133378         0.18725E-03
    -66.409690346676    -66.409690346676         0.19902E-03
    -66.409688140382    -66.409688140382         0.16130E-03
    -66.409734244050    -66.409734244050         0.73156E-04
    -66.409687679082    -66.409687679082         0.15758E-03
    -66.409690517010    -66.409690517010         0.11484E-03
    -66.409689797267    -66.409689797267         0.11360E-03
    -66.409709851710    -66.409709851710         0.95612E-04
    -66.409690237601    -66.409690237601         0.16564E-03
    -66.409688243462    -66.409688243462         0.17726E-03
    -66.409690211056    -66.409690211056         0.65419E-04
    -66.409689160527    -66.409689160527         0.84082E-04
    -66.409744011145    -66.409744011145         0.55726E-04
    -66.409734338855    -66.409734338855         0.16431E-03
    -66.409688485398    -66.409688485398         0.81685E-04
    -66.409689325474    -66.409689325474         0.11587E-03
    -66.409709756031    -66.409709756031         0.90327E-04
    -66.409690309098    -66.409690309098         0.78140E-04
    -66.409734205301    -66.409734205301         0.15175E-03
    -66.409690127992    -66.409690127992         0.12737E-03
    -66.409697226625    -66.409697226625         0.55522E-04
    -66.409680403853    -66.409680403853         0.11949E-03
    -66.409690601736    -66.409690601736         0.13499E-03
    -66.409698253751    -66.409698253751         0.15125E-03
    -66.409690458201    -66.409690458201         0.19356E-03
    -66.409690383190    -66.409690383190         0.13535E-03
    -66.409689364797    -66.409689364797         0.17030E-03
    -66.409689704238    -66.409689704238         0.16158E-03
    -66.409690096271    -66.409690096271         0.93154E-04
    -66.409689009331    -66.409689009331         0.17227E-03
    -66.409687925635    -66.409687925635         0.19705E-03
    -66.409688935479    -66.409688935479         0.16524E-03
    -66.409688538378    -66.409688538378         0.17651E-03
    -66.409653401759    -66.409653401759         0.17489E-03
    -66.409690247114    -66.409690247114         0.16388E-03
    -66.409690284784    -66.409690284784         0.16612E-03
    -66.409654665992    -66.409654665992         0.12710E-03
    -66.409690862506    -66.409690862506         0.12579E-03
    -66.409656123248    -66.409656123248         0.15066E-03
    -66.409688094990    -66.409688094990         0.91220E-04
    -66.409682675947    -66.409682675947         0.18831E-03
    -66.409731826122    -66.409731826122         0.17072E-03
    -66.409690352545    -66.409690352545         0.16170E-03
    -66.409743589384    -66.409743589384         0.11291E-03
    -66.409688320175    -66.409688320175         0.10419E-03
    -66.409734410970    -66.409734410970         0.16122E-03
    -66.409679392462    -66.409679392462         0.38905E-04
    -66.409681954770    -66.409681954770         0.18190E-03
    -66.409687068941    -66.409687068941         0.15124E-03
    -66.409703353303    -66.409703353303         0.14907E-03
    -66.409687451895    -66.409687451895         0.16430E-03
    -66.409690112065    -66.409690112065         0.11668E-03
    -66.409690011825    -66.409690011825         0.19257E-03
    -66.409689988798    -66.409689988798         0.10311E-03
    -66.409659161953    -66.409659161953         0.16102E-03
    -66.409689812382    -66.409689812382         0.14976E-03
    -66.409687740004    -66.409687740004         0.11412E-03
    -66.409686561140    -66.409686561140         0.61200E-04
    -66.409687314436    -66.409687314436         0.10570E-03
    -66.409657704819    -66.409657704819         0.19660E-03
    -66.409657510950    -66.409657510950         0.12408E-03
    -66.409688174843    -66.409688174843         0.11013E-03
    -66.409664034062    -66.409664034062         0.16168E-03
    -66.409687039593    -66.409687039593         0.13995E-03
    -66.409690349341    -66.409690349341         0.19485E-03
    -66.409581797312    -66.409581797312         0.11656E-03
    -66.409581371449    -66.409581371449         0.17557E-03
    -66.409581842349    -66.409581842349         0.11734E-03
    -66.409690169299    -66.409690169299         0.82695E-04
    -66.409581539885    -66.409581539885         0.13169E-03
    -66.409581621654    -66.409581621654         0.77661E-04
    -66.409581078702    -66.409581078702         0.12146E-03
    -66.409581225446    -66.409581225446         0.13338E-03
    -66.409581951692    -66.409581951692         0.11608E-03
    -66.409581056335    -66.409581056335         0.10979E-03
    -66.409580468042    -66.409580468042         0.13531E-03
    -66.409580693649    -66.409580693649         0.94360E-04
    -66.409581823501    -66.409581823501         0.59856E-04
    -66.409581533913    -66.409581533913         0.14282E-03
    -66.409581506434    -66.409581506434         0.82343E-04
    -66.409580140781    -66.409580140781         0.18124E-03
    -66.409657688310    -66.409657688310         0.18123E-03
    -66.409576368921    -66.409576368921         0.14025E-03
    -66.409579361451    -66.409579361451         0.19753E-03
    -66.409581120502    -66.409581120502         0.17701E-03
    -66.409579841652    -66.409579841652         0.13890E-03
    -66.409581304128    -66.409581304128         0.73785E-04
    -66.409579998545    -66.409579998545         0.17807E-03
    -66.409581808938    -66.409581808938         0.14205E-03
    -66.409578132137    -66.409578132137         0.11309E-03
    -66.409581291350    -66.409581291350         0.10885E-03
    -66.409581017586    -66.409581017586         0.18683E-03
    -66.409580801385    -66.409580801385         0.16853E-03
    -66.409576343837    -66.409576343837         0.19854E-03
    -66.409579915921    -66.409579915921         0.85341E-04
    -66.409579823924    -66.409579823924         0.10653E-03
    -66.409579916078    -66.409579916078         0.16251E-03
    -66.409532588056    -66.409532588056         0.17956E-03
    -66.409580410240    -66.409580410240         0.98445E-04
    -66.409579457789    -66.409579457789         0.17569E-03
    -66.409532747842    -66.409532747842         0.10080E-03
    -66.409578868137    -66.409578868137         0.18100E-03
    -66.409576100542    -66.409576100542         0.12248E-03
    -66.409530735889    -66.409530735889         0.19267E-03
    -66.409532893769    -66.409532893769         0.84455E-04
    -66.409544188233    -66.409544188233         0.13287E-03
    -66.409543400034    -66.409543400034         0.17042E-03
    -66.409531930139    -66.409531930139         0.15749E-03
    -66.409532300734    -66.409532300734         0.14660E-03
    -66.409531848259    -66.409531848259         0.95019E-04
    -66.409578624702    -66.409578624702         0.18929E-03
    -66.409532404679    -66.409532404679         0.12234E-03
    -66.409580887485    -66.409580887485         0.80050E-04
    -66.409531092498    -66.409531092498         0.15597E-03
    -66.409533217157    -66.409533217157         0.97799E-04
    -66.409531418509    -66.409531418509         0.14820E-03
    -66.409531685460    -66.409531685460         0.17384E-03
    -66.409532521135    -66.409532521135         0.16459E-03
    -66.409533012284    -66.409533012284         0.12100E-03
    -66.409529021461    -66.409529021461         0.18033E-03
    -66.409532163820    -66.409532163820         0.13477E-03
    -66.409547720618    -66.409547720618         0.19039E-03
    -66.409531842258    -66.409531842258         0.10700E-03
    -66.409531466497    -66.409531466497         0.16405E-03
    -66.409531470750    -66.409531470750         0.16722E-03
    -66.409532526583    -66.409532526583         0.17212E-03
    -66.409528467940    -66.409528467940         0.12360E-03
    -66.409532760023    -66.409532760023         0.12470E-03
    -66.409531371462    -66.409531371462         0.12883E-03
    -66.409531399882    -66.409531399882         0.17045E-03
    -66.409530064479    -66.409530064479         0.19688E-03
    -66.409532384436    -66.409532384436         0.10117E-03
    -66.409532456108    -66.409532456108         0.14087E-03
    -66.409532231980    -66.409532231980         0.14390E-03
    -66.409547748676    -66.409547748676         0.10698E-03
    -66.409531344113    -66.409531344113         0.19365E-03
    -66.409532344198    -66.409532344198         0.80016E-04
    -66.409530861572    -66.409530861572         0.19518E-03
    -66.409531848581    -66.409531848581         0.13427E-03
    -66.409531174761    -66.409531174761         0.15340E-03
    -66.409531702323    -66.409531702323         0.17700E-03
    -66.409532379462    -66.409532379462         0.11437E-03
    -66.409531933847    -66.409531933847         0.89000E-04
    -66.409546022393    -66.409546022393         0.55473E-04
    -66.409520314417    -66.409520314417         0.45939E-04
    -66.409531896102    -66.409531896102         0.69645E-04
    -66.409529162232    -66.409529162232         0.51637E-04
    -66.409505418220    -66.409505418220         0.19542E-03
    -66.409527515703    -66.409527515703         0.63725E-04
    -66.409529330350    -66.409529330350         0.16955E-03
    -66.409530893519    -66.409530893519         0.13599E-03
    -66.409508545736    -66.409508545736         0.14373E-03
    -66.409530665807    -66.409530665807         0.82903E-04
    -66.409527865479    -66.409527865479         0.17248E-03
    -66.409532507223    -66.409532507223         0.95218E-04
    -66.409503730496    -66.409503730496         0.13463E-03
    -66.409504376680    -66.409504376680         0.17996E-03
    -66.409522040837    -66.409522040837         0.45667E-04
    -66.409532683464    -66.409532683464         0.14122E-03
    -66.409499626519    -66.409499626519         0.10919E-03
    -66.409529493255    -66.409529493255         0.13845E-03
    -66.409506297232    -66.409506297232         0.86993E-04
    -66.409497456075    -66.409497456075         0.10465E-03
    -66.409505194066    -66.409505194066         0.12912E-03
    -66.409451203057    -66.409451203057         0.85158E-04
    -66.409450727964    -66.409450727964         0.13574E-03
    -66.409450496819    -66.409450496819         0.16861E-03
    -66.409518071450    -66.409518071450         0.51347E-04
    -66.409450666603    -66.409450666603         0.14172E-03
    -66.409451576210    -66.409451576210         0.17582E-03
    -66.409449378017    -66.409449378017         0.15274E-03
    -66.409451198639    -66.409451198639         0.17102E-03
    -66.409449467252    -66.409449467252         0.78822E-04
    -66.409449855990    -66.409449855990         0.10760E-03
    -66.409450703079    -66.409450703079         0.11718E-03
    -66.409449512509    -66.409449512509         0.10724E-03
    -66.409451204183    -66.409451204183         0.10143E-03
    -66.409449182144    -66.409449182144         0.18862E-03
    -66.409448585036    -66.409448585036         0.18722E-03
    -66.409450823660    -66.409450823660         0.18913E-03
    -66.409449746821    -66.409449746821         0.10474E-03
    -66.409451096610    -66.409451096610         0.14077E-03
    -66.409449745708    -66.409449745708         0.98252E-04
    -66.409451333718    -66.409451333718         0.18969E-03
    -66.409448525320    -66.409448525320         0.14933E-03
    -66.409446382601    -66.409446382601         0.42977E-04
    -66.409450713960    -66.409450713960         0.18483E-03
    -66.409450962892    -66.409450962892         0.12234E-03
    -66.409444569827    -66.409444569827         0.11463E-03
    -66.409449571540    -66.409449571540         0.11823E-03
    -66.409448004577    -66.409448004577         0.11610E-03
    -66.409451645834    -66.409451645834         0.94799E-04
    -66.409447050842    -66.409447050842         0.11750E-03
    -66.409448729694    -66.409448729694         0.14970E-03
    -66.409451031097    -66.409451031097         0.13612E-03
    -66.409449110128    -66.409449110128         0.15509E-03
    -66.409448356800    -66.409448356800         0.18758E-03
    -66.409450061121    -66.409450061121         0.18033E-03
    -66.409448199981    -66.409448199981         0.18728E-03
    -66.409450736199    -66.409450736199         0.15612E-03
    -66.409441635663    -66.409441635663         0.60416E-04
    -66.409450026301    -66.409450026301         0.80659E-04
    -66.409449922309    -66.409449922309         0.16236E-03
    -66.409447772738    -66.409447772738         0.11275E-03
    -66.409448165463    -66.409448165463         0.71373E-04
    -66.409447783030    -66.409447783030         0.17644E-03
    -66.409450227640    -66.409450227640         0.89858E-04
    -66.409442316406    -66.409442316406         0.17272E-03
    -66.409449932627    -66.409449932627         0.13174E-03
    -66.409450920335    -66.409450920335         0.44008E-04
    -66.409398104654    -66.409398104654         0.19913E-03
    -66.409450356927    -66.409450356927         0.18232E-03
    -66.409398021839    -66.409398021839         0.15502E-03
    -66.409449973059    -66.409449973059         0.14043E-03
    -66.409441759196    -66.409441759196         0.46396E-04
    -66.409450477210    -66.409450477210         0.12698E-03
    -66.409447786945    -66.409447786945         0.14506E-03
    -66.409449454866    -66.409449454866         0.14326E-03
    -66.409397694059    -66.409397694059         0.19039E-03
    -66.409447099527    -66.409447099527         0.16198E-03
    -66.409446908300    -66.409446908300         0.91252E-04
    -66.409449886587    -66.409449886587         0.71502E-04
    -66.409447878221    -66.409447878221         0.13613E-03
    -66.409448905993    -66.409448905993         0.12722E-03
    -66.409448580305    -66.409448580305         0.18365E-03
    -66.409449375785    -66.409449375785         0.16081E-03
    -66.409447970701    -66.409447970701         0.12160E-03
    -66.409426387648    -66.409426387648         0.10740E-03
    -66.409449321203    -66.409449321203         0.10905E-03
    -66.409451458873    -66.409451458873         0.16641E-03
    -66.409399368859    -66.409399368859         0.16360E-03
    -66.409448075581    -66.409448075581         0.37526E-04
    -66.409451255753    -66.409451255753         0.17809E-03
    -66.409447970234    -66.409447970234         0.15852E-03
    -66.409450560622    -66.409450560622         0.18396E-03
    -66.409447670795    -66.409447670795         0.19883E-03
    -66.409449721096    -66.409449721096         0.17742E-03
    -66.409448819901    -66.409448819901         0.18192E-03
    -66.409451090536    -66.409451090536         0.10016E-03
    -66.409426609911    -66.409426609911         0.14148E-03
    -66.409450496161    -66.409450496161         0.12183E-03
    -66.409449607949    -66.409449607949         0.13367E-03
    -66.409448543005    -66.409448543005         0.13674E-03
    -66.409449655553    -66.409449655553         0.65471E-04
    -66.409425978078    -66.409425978078         0.17453E-03
    -66.409448854858    -66.409448854858         0.16899E-03
    -66.409449358157    -66.409449358157         0.16897E-03
    -66.409426510225    -66.409426510225         0.13341E-03
    -66.409398762586    -66.409398762586         0.16896E-03
    -66.409443015461    -66.409443015461         0.65056E-04
    -66.409450064244    -66.409450064244         0.18977E-03
    -66.409449495221    -66.409449495221         0.99028E-04
    -66.409427031828    -66.409427031828         0.13000E-03
    -66.409425826637    -66.409425826637         0.17058E-03
    -66.409424836425    -66.409424836425         0.10432E-03
    -66.409451170260    -66.409451170260         0.11861E-03
    -66.409449645050    -66.409449645050         0.11850E-03
    -66.409449550699    -66.409449550699         0.85847E-04
    -66.409398630251    -66.409398630251         0.97330E-04
    -66.409449827309    -66.409449827309         0.14086E-03
    -66.409425196523    -66.409425196523         0.97805E-04
    -66.409449558561    -66.409449558561         0.16687E-03
    -66.409399693185    -66.409399693185         0.11586E-03
    -66.409398673665    -66.409398673665         0.16740E-03
    -66.409426715672    -66.409426715672         0.13354E-03
    -66.409424386291    -66.409424386291         0.17717E-03
    -66.409399209678    -66.409399209678         0.77201E-04
    -66.409449542456    -66.409449542456         0.96775E-04
    -66.409397827447    -66.409397827447         0.15552E-03
    -66.409426264455    -66.409426264455         0.68329E-04
    -66.409398937861    -66.409398937861         0.14031E-03
    -66.409398591301    -66.409398591301         0.13236E-03
    -66.409396628898    -66.409396628898         0.93684E-04
    -66.409399526884    -66.409399526884         0.15486E-03
    -66.409397699113    -66.409397699113         0.19012E-03
    -66.409398466518    -66.409398466518         0.90213E-04
    -66.409451249098    -66.409451249098         0.93271E-04
    -66.409399323753    -66.409399323753         0.10031E-03
    -66.409399262411    -66.409399262411         0.15275E-03
    -66.409398644146    -66.409398644146         0.15665E-03
    -66.409445956176    -66.409445956176         0.75153E-04
    -66.409448407699    -66.409448407699         0.73382E-04
    -66.409398985876    -66.409398985876         0.65503E-04
    -66.409397408178    -66.409397408178         0.15871E-03
    -66.409443913493    -66.409443913493         0.39272E-04
    -66.409397709777    -66.409397709777         0.18377E-03
    -66.409398932760    -66.409398932760         0.79957E-04
    -66.409398686332    -66.409398686332         0.15318E-03
    -66.409397834819    -66.409397834819         0.14869E-03
    -66.409391440696    -66.409391440696         0.10242E-03
    -66.409448852421    -66.409448852421         0.12562E-03
    -66.409426573640    -66.409426573640         0.12518E-03
    -66.409398299782    -66.409398299782         0.14488E-03
    -66.409449766483    -66.409449766483         0.11588E-03
    -66.409449668890    -66.409449668890         0.15110E-03
    -66.409450565232    -66.409450565232         0.12963E-03
    -66.409450311865    -66.409450311865         0.13565E-03
    -66.409448333482    -66.409448333482         0.74331E-04
    -66.409447504395    -66.409447504395         0.11205E-03
    -66.409399379624    -66.409399379624         0.97864E-04
    -66.409451265670    -66.409451265670         0.14601E-03
    -66.409449089383    -66.409449089383         0.12993E-03
    -66.409425535069    -66.409425535069         0.17741E-03
    -66.409396508997    -66.409396508997         0.12232E-03
    -66.409397670707    -66.409397670707         0.14967E-03
    -66.409399260349    -66.409399260349         0.84873E-04
    -66.409398817729    -66.409398817729         0.18384E-03
    -66.409399353794    -66.409399353794         0.13042E-03
    -66.409396401734    -66.409396401734         0.19251E-04
    -66.409450058023    -66.409450058023         0.14883E-03
    -66.409399212802    -66.409399212802         0.88057E-04
    -66.409421049224    -66.409421049224         0.17530E-03
    -66.409449177923    -66.409449177923         0.16433E-03
    -66.409426200025    -66.409426200025         0.12499E-03
    -66.409398339072    -66.409398339072         0.10604E-03
    -66.409448755388    -66.409448755388         0.12825E-03
    -66.409451322096    -66.409451322096         0.18303E-03
    -66.409427083868    -66.409427083868         0.12089E-03
    -66.409397405160    -66.409397405160         0.11051E-03
    -66.409449748488    -66.409449748488         0.17083E-03
    -66.409449284416    -66.409449284416         0.88035E-04
    -66.409397116109    -66.409397116109         0.17378E-03
    -66.409426523144    -66.409426523144         0.13803E-03
    -66.409397837384    -66.409397837384         0.15908E-03
    -66.409396701292    -66.409396701292         0.19637E-03
    -66.409398163988    -66.409398163988         0.17008E-03
    -66.409398548935    -66.409398548935         0.86439E-04
    -66.409451203394    -66.409451203394         0.12787E-03
    -66.409448277372    -66.409448277372         0.18831E-03
    -66.409447245347    -66.409447245347         0.13262E-03
    -66.409449182505    -66.409449182505         0.12374E-03
    -66.409448588149    -66.409448588149         0.68127E-04
    -66.409450428708    -66.409450428708         0.18074E-03
    -66.409398045698    -66.409398045698         0.19349E-03
    -66.409423555750    -66.409423555750         0.15053E-03
    -66.409396817336    -66.409396817336         0.19098E-03
    -66.409446739281    -66.409446739281         0.16591E-03
    -66.409423535737    -66.409423535737         0.15484E-03
    -66.409448863706    -66.409448863706         0.12463E-03
    -66.409445995441    -66.409445995441         0.17532E-03
    -66.409447725096    -66.409447725096         0.70138E-04
    -66.409425817421    -66.409425817421         0.18422E-03
    -66.409447176350    -66.409447176350         0.19181E-03
    -66.409447759273    -66.409447759273         0.53541E-04
    -66.409419367280    -66.409419367280         0.17707E-03
    -66.409442001093    -66.409442001093         0.17916E-03
    -66.409441730746    -66.409441730746         0.18902E-03
    -66.409425350139    -66.409425350139         0.11733E-03
    -66.409448585491    -66.409448585491         0.12331E-03
    -66.409428195304    -66.409428195304         0.16192E-03
    -66.409446234635    -66.409446234635         0.14921E-03
    -66.409424999612    -66.409424999612         0.95386E-04
    -66.409448638470    -66.409448638470         0.14319E-03
    -66.409424069119    -66.409424069119         0.16158E-03
    -66.409424712183    -66.409424712183         0.10545E-03
    -66.409441682972    -66.409441682972         0.40512E-04
    -66.409424825345    -66.409424825345         0.12359E-03
    -66.409377904814    -66.409377904814         0.16003E-03
    -66.409424109308    -66.409424109308         0.12455E-03
    -66.409447344407    -66.409447344407         0.19370E-03
    -66.409426283757    -66.409426283757         0.10378E-03
    -66.409422774247    -66.409422774247         0.98837E-04
    -66.409448579322    -66.409448579322         0.15005E-03
    -66.409419628819    -66.409419628819         0.16332E-03
    -66.409422987759    -66.409422987759         0.12127E-03
    -66.409448291378    -66.409448291378         0.15873E-03
    -66.409447965224    -66.409447965224         0.32320E-04
    -66.409378318784    -66.409378318784         0.93742E-04
    -66.409420747438    -66.409420747438         0.98233E-04
    -66.409413732371    -66.409413732371         0.19867E-03
    -66.409377859246    -66.409377859246         0.96623E-04
    -66.409441521106    -66.409441521106         0.13731E-03
    -66.409417366949    -66.409417366949         0.11994E-03
    -66.409377793140    -66.409377793140         0.16029E-03
    -66.409425454866    -66.409425454866         0.11011E-03
    -66.409450919517    -66.409450919517         0.13228E-03
    -66.409377990391    -66.409377990391         0.16246E-03
    -66.409424190958    -66.409424190958         0.15031E-03
    -66.409417512368    -66.409417512368         0.12452E-03
    -66.409425022606    -66.409425022606         0.73791E-04
    -66.409425840342    -66.409425840342         0.17415E-03
    -66.409378248857    -66.409378248857         0.14706E-03
    -66.409423358111    -66.409423358111         0.90898E-04
    -66.409419562369    -66.409419562369         0.11779E-03
    -66.409425655767    -66.409425655767         0.98655E-04
    -66.409425435664    -66.409425435664         0.11349E-03
    -66.409447988573    -66.409447988573         0.17545E-03
    -66.409420261504    -66.409420261504         0.11046E-03
    -66.409417642883    -66.409417642883         0.15766E-03
    -66.409398154594    -66.409398154594         0.74227E-04
    -66.409399067875    -66.409399067875         0.16143E-03
    -66.409425813699    -66.409425813699         0.18104E-03
    -66.409402308904    -66.409402308904         0.19412E-03
    -66.409402098036    -66.409402098036         0.14786E-03
    -66.409377841781    -66.409377841781         0.10488E-03
    -66.409377562028    -66.409377562028         0.16542E-03
    -66.409377404797    -66.409377404797         0.10823E-03
    -66.409377810657    -66.409377810657         0.13654E-03
    -66.409423148167    -66.409423148167         0.99734E-04
    -66.409377603389    -66.409377603389         0.17508E-03
    -66.409398544222    -66.409398544222         0.19173E-03
    -66.409377730280    -66.409377730280         0.18115E-03
    -66.409377855461    -66.409377855461         0.88454E-04
    -66.409394069911    -66.409394069911         0.26441E-04
    -66.409378188158    -66.409378188158         0.87641E-04
    -66.409376987065    -66.409376987065         0.18821E-03
    -66.409378364761    -66.409378364761         0.11340E-03
    -66.409378646873    -66.409378646873         0.17729E-03
    -66.409399529246    -66.409399529246         0.11263E-03
    -66.409424044357    -66.409424044357         0.13593E-03
    -66.409377871914    -66.409377871914         0.16331E-03
    -66.409376826352    -66.409376826352         0.15100E-03
    -66.409378369022    -66.409378369022         0.14732E-03
    -66.409377369530    -66.409377369530         0.16144E-03
    -66.409377235573    -66.409377235573         0.16898E-03
    -66.409378072193    -66.409378072193         0.14926E-03
    -66.409378270645    -66.409378270645         0.10250E-03
    -66.409378138228    -66.409378138228         0.73354E-04
    -66.409397315540    -66.409397315540         0.60419E-04
    -66.409391307311    -66.409391307311         0.37180E-04
    -66.409399396440    -66.409399396440         0.53657E-04
    -66.409398022259    -66.409398022259         0.16856E-03
    -66.409377695893    -66.409377695893         0.99641E-04
    -66.409377409901    -66.409377409901         0.11836E-03
    -66.409398843558    -66.409398843558         0.85599E-04
    -66.409398240205    -66.409398240205         0.16764E-03
    -66.409378010769    -66.409378010769         0.19185E-03
    -66.409377950358    -66.409377950358         0.12149E-03
    -66.409378523536    -66.409378523536         0.12434E-03
    -66.409378138788    -66.409378138788         0.84106E-04
    -66.409393076744    -66.409393076744         0.83627E-04
    -66.409396853843    -66.409396853843         0.54726E-04
    -66.409364351879    -66.409364351879         0.75054E-04
    -66.409398334019    -66.409398334019         0.19759E-03
    -66.409376834429    -66.409376834429         0.91478E-04
    -66.409375417138    -66.409375417138         0.18060E-03
    -66.409375737581    -66.409375737581         0.10824E-03
    -66.409363880396    -66.409363880396         0.82376E-04
    -66.409376199650    -66.409376199650         0.90354E-04
    -66.409397280360    -66.409397280360         0.18361E-03
    -66.409376862354    -66.409376862354         0.17188E-03
    -66.409377471134    -66.409377471134         0.10823E-03
    -66.409377156840    -66.409377156840         0.17996E-03
    -66.409377738586    -66.409377738586         0.26513E-04
    -66.409362842099    -66.409362842099         0.12657E-03
    -66.409361158322    -66.409361158322         0.17024E-03
    -66.409377221652    -66.409377221652         0.11349E-03
    -66.409393697287    -66.409393697287         0.16182E-03
    -66.409363613596    -66.409363613596         0.14532E-03
    -66.409374867475    -66.409374867475         0.16866E-03
    -66.409363308323    -66.409363308323         0.18901E-03
    -66.409398304994    -66.409398304994         0.17886E-03
    -66.409363042155    -66.409363042155         0.14441E-03
    -66.409363448849    -66.409363448849         0.42593E-04
    -66.409341305584    -66.409341305584         0.12815E-03
    -66.409376654201    -66.409376654201         0.18468E-03
    -66.409363428549    -66.409363428549         0.19830E-03
    -66.409361076009    -66.409361076009         0.92637E-04
    -66.409373019614    -66.409373019614         0.19596E-03
    -66.409374338082    -66.409374338082         0.15294E-03
    -66.409362484596    -66.409362484596         0.93093E-04
    -66.409376441539    -66.409376441539         0.15552E-03
    -66.409374359112    -66.409374359112         0.19788E-03
    -66.409363235495    -66.409363235495         0.92417E-04
    -66.409368000053    -66.409368000053         0.17204E-03
    -66.409377544386    -66.409377544386         0.85717E-04
    -66.409363253744    -66.409363253744         0.18714E-03
    -66.409362181722    -66.409362181722         0.12206E-03
    -66.409377771315    -66.409377771315         0.12628E-03
    -66.409363763954    -66.409363763954         0.10747E-03
    -66.409376922909    -66.409376922909         0.61003E-04
    -66.409362616903    -66.409362616903         0.17423E-03
    -66.409363458068    -66.409363458068         0.13994E-03
    -66.409362210722    -66.409362210722         0.16666E-03
    -66.409358569240    -66.409358569240         0.11944E-03
    -66.409362993791    -66.409362993791         0.16705E-03
    -66.409362919966    -66.409362919966         0.11421E-03
    -66.409341069220    -66.409341069220         0.11705E-03
    -66.409364326518    -66.409364326518         0.16122E-03
    -66.409363732091    -66.409363732091         0.11733E-03
    -66.409362083396    -66.409362083396         0.12998E-03
    -66.409374610089    -66.409374610089         0.19169E-03
    -66.409362593998    -66.409362593998         0.15218E-03
    -66.409345217924    -66.409345217924         0.13917E-03
    -66.409364297469    -66.409364297469         0.13989E-03
    -66.409376474339    -66.409376474339         0.89802E-04
    -66.409396888906    -66.409396888906         0.18433E-03
    -66.409361845111    -66.409361845111         0.12407E-03
    -66.409362780139    -66.409362780139         0.17908E-03
    -66.409378193078    -66.409378193078         0.13969E-03
    -66.409358682636    -66.409358682636         0.16063E-03
    -66.409362184393    -66.409362184393         0.18510E-03
    -66.409345830416    -66.409345830416         0.19180E-03
    -66.409377213757    -66.409377213757         0.84917E-04
    -66.409376454315    -66.409376454315         0.17947E-03
    -66.409363130944    -66.409363130944         0.15500E-03
    -66.409363080102    -66.409363080102         0.14687E-03
    -66.409363158200    -66.409363158200         0.14930E-03
    -66.409344604620    -66.409344604620         0.11112E-03
    -66.409344418502    -66.409344418502         0.14028E-03
    -66.409364114488    -66.409364114488         0.14099E-03
    -66.409344719315    -66.409344719315         0.80915E-04
    -66.409344265629    -66.409344265629         0.10670E-03
    -66.409377958625    -66.409377958625         0.17130E-03
    -66.409364045563    -66.409364045563         0.15235E-03
    -66.409360705001    -66.409360705001         0.17895E-03
    -66.409362583423    -66.409362583423         0.10645E-03
    -66.409344625944    -66.409344625944         0.16375E-03
    -66.409342321530    -66.409342321530         0.73588E-04
    -66.409345019693    -66.409345019693         0.10423E-03
    -66.409344134832    -66.409344134832         0.17998E-03
    -66.409341823105    -66.409341823105         0.13445E-03
    -66.409345431351    -66.409345431351         0.12274E-03
    -66.409337947351    -66.409337947351         0.18629E-03
    -66.409346237233    -66.409346237233         0.13281E-03
    -66.409341599406    -66.409341599406         0.16141E-03
    -66.409343937978    -66.409343937978         0.14696E-03
    -66.409342522444    -66.409342522444         0.13122E-03
    -66.409343660544    -66.409343660544         0.58421E-04
    -66.409336790626    -66.409336790626         0.17288E-03
    -66.409343494929    -66.409343494929         0.14569E-03
    -66.409343411628    -66.409343411628         0.11239E-03
    -66.409362818940    -66.409362818940         0.16868E-03
    -66.409344207829    -66.409344207829         0.11504E-03
    -66.409361748249    -66.409361748249         0.19157E-03
    -66.409342129346    -66.409342129346         0.99925E-04
    -66.409343928142    -66.409343928142         0.14783E-03
    -66.409344928765    -66.409344928765         0.11402E-03
    -66.409397586686    -66.409397586686         0.10317E-03
    -66.409361788957    -66.409361788957         0.19652E-03
    -66.409363980474    -66.409363980474         0.88023E-04
    -66.409364310870    -66.409364310870         0.14591E-03
    -66.409376287185    -66.409376287185         0.17622E-03
    -66.409361458530    -66.409361458530         0.85389E-04
    -66.409343260761    -66.409343260761         0.15822E-03
    -66.409376260109    -66.409376260109         0.19015E-03
    -66.409341214554    -66.409341214554         0.13309E-03
    -66.409362265641    -66.409362265641         0.90753E-04
    -66.409344161596    -66.409344161596         0.18312E-03
    -66.409340981608    -66.409340981608         0.16698E-03
    -66.409344045411    -66.409344045411         0.14783E-03
    -66.409335161356    -66.409335161356         0.16512E-03
    -66.409343034722    -66.409343034722         0.58401E-04
    -66.409371936484    -66.409371936484         0.19024E-03
    -66.409329842554    -66.409329842554         0.16487E-03
    -66.409362652179    -66.409362652179         0.11470E-03
    -66.409344174988    -66.409344174988         0.15369E-03
    -66.409344490622    -66.409344490622         0.17232E-03
    -66.409358541126    -66.409358541126         0.16929E-03
    -66.409345226854    -66.409345226854         0.82811E-04
    -66.409361369932    -66.409361369932         0.15629E-03
    -66.409331921542    -66.409331921542         0.15645E-03
    -66.409377195809    -66.409377195809         0.18032E-03
    -66.409344957123    -66.409344957123         0.11830E-03
    -66.409345073070    -66.409345073070         0.99691E-04
    -66.409344577158    -66.409344577158         0.16917E-03
    -66.409341906200    -66.409341906200         0.98598E-04
    -66.409345293715    -66.409345293715         0.18595E-03
    -66.409325930449    -66.409325930449         0.97567E-04
    -66.409343794468    -66.409343794468         0.16642E-03
    -66.409325069165    -66.409325069165         0.95018E-04
    -66.409311515168    -66.409311515168         0.16134E-03
    -66.409324438222    -66.409324438222         0.18081E-03
    -66.409325951858    -66.409325951858         0.16545E-03
    -66.409344175491    -66.409344175491         0.11246E-03
    -66.409344968986    -66.409344968986         0.15832E-03
    -66.409324958210    -66.409324958210         0.16921E-03
    -66.409307564754    -66.409307564754         0.16493E-03
    -66.409310107895    -66.409310107895         0.98138E-04
    -66.409324940269    -66.409324940269         0.16002E-03
    -66.409343475344    -66.409343475344         0.15588E-03
    -66.409364487605    -66.409364487605         0.63378E-04
    -66.409343421313    -66.409343421313         0.19893E-03
    -66.409325679688    -66.409325679688         0.88544E-04
    -66.409325253369    -66.409325253369         0.13874E-03
    -66.409325861643    -66.409325861643         0.10233E-03
    -66.409310190226    -66.409310190226         0.13075E-03
    -66.409345167468    -66.409345167468         0.10493E-03
    -66.409325070369    -66.409325070369         0.16168E-03
    -66.409325698472    -66.409325698472         0.13924E-03
    -66.409325445263    -66.409325445263         0.12470E-03
    -66.409396868923    -66.409396868923         0.13011E-03
    -66.409342685824    -66.409342685824         0.18786E-03
    -66.409325489506    -66.409325489506         0.10308E-03
    -66.409324149162    -66.409324149162         0.13006E-03
    -66.409315350807    -66.409315350807         0.10431E-03
    -66.409344312153    -66.409344312153         0.17859E-03
    -66.409325604581    -66.409325604581         0.14060E-03
    -66.409296528633    -66.409296528633         0.15206E-03
    -66.409310227263    -66.409310227263         0.61170E-04
    -66.409296251728    -66.409296251728         0.13003E-03
    -66.409325210646    -66.409325210646         0.16838E-03
    -66.409328980884    -66.409328980884         0.10150E-03
    -66.409324821788    -66.409324821788         0.10590E-03
    -66.409324395270    -66.409324395270         0.12335E-03
    -66.409320655827    -66.409320655827         0.19157E-03
    -66.409325318011    -66.409325318011         0.11403E-03
    -66.409344053249    -66.409344053249         0.19047E-03
    -66.409325828392    -66.409325828392         0.79652E-04
    -66.409323861219    -66.409323861219         0.17588E-03
    -66.409325916230    -66.409325916230         0.19403E-03
    -66.409344665556    -66.409344665556         0.89718E-04
    -66.409324261657    -66.409324261657         0.10701E-03
    -66.409342931258    -66.409342931258         0.17673E-03
    -66.409324583097    -66.409324583097         0.18489E-03
    -66.409344157686    -66.409344157686         0.14001E-03
    -66.409321946947    -66.409321946947         0.18784E-03
    -66.409340236838    -66.409340236838         0.18377E-03
    -66.409322072410    -66.409322072410         0.12273E-03
    -66.409324006358    -66.409324006358         0.14574E-03
    -66.409325327411    -66.409325327411         0.11739E-03
    -66.409288784961    -66.409288784961         0.11406E-03
    -66.409288094073    -66.409288094073         0.12311E-03
    -66.409343905094    -66.409343905094         0.13933E-03
    -66.409247365009    -66.409247365009         0.13451E-03
    -66.409247255869    -66.409247255869         0.11748E-03
    -66.409326112681    -66.409326112681         0.58897E-04
    -66.409247077336    -66.409247077336         0.14416E-03
    -66.409247840683    -66.409247840683         0.81950E-04
    -66.409248133542    -66.409248133542         0.10540E-03
    -66.409245956480    -66.409245956480         0.18890E-03
    -66.409247584007    -66.409247584007         0.10504E-03
    -66.409245298096    -66.409245298096         0.82734E-04
    -66.409247733012    -66.409247733012         0.14205E-03
    -66.409247454393    -66.409247454393         0.15494E-03
    -66.409247392482    -66.409247392482         0.93814E-04
    -66.409247080898    -66.409247080898         0.19298E-03
    -66.409247379059    -66.409247379059         0.11590E-03
    -66.409247602566    -66.409247602566         0.10815E-03
    -66.409248175458    -66.409248175458         0.13633E-03
    -66.409247557534    -66.409247557534         0.11187E-03
    -66.409243460742    -66.409243460742         0.15922E-03
    -66.409247554365    -66.409247554365         0.15691E-03
    -66.409243320044    -66.409243320044         0.16574E-03
    -66.409242759743    -66.409242759743         0.93177E-04
    -66.409243026598    -66.409243026598         0.13764E-03
    -66.409242311240    -66.409242311240         0.16766E-03
    -66.409247530516    -66.409247530516         0.18622E-03
    -66.409243400202    -66.409243400202         0.17248E-03
    -66.409248007914    -66.409248007914         0.65880E-04
    -66.409247333009    -66.409247333009         0.12378E-03
    -66.409242052841    -66.409242052841         0.72162E-04
    -66.409247752725    -66.409247752725         0.14485E-03
    -66.409242732103    -66.409242732103         0.17739E-03
    -66.409241922328    -66.409241922328         0.91517E-04
    -66.409212754444    -66.409212754444         0.10233E-03
    -66.409243958475    -66.409243958475         0.89316E-04
    -66.409243822822    -66.409243822822         0.13275E-03
    -66.409242917929    -66.409242917929         0.11045E-03
    -66.409244013847    -66.409244013847         0.16214E-03
    -66.409247900114    -66.409247900114         0.19846E-03
    -66.409243811737    -66.409243811737         0.11747E-03
    -66.409246046565    -66.409246046565         0.16016E-03
    -66.409243668307    -66.409243668307         0.17059E-03
    -66.409214208490    -66.409214208490         0.12315E-03
    -66.409247705231    -66.409247705231         0.11390E-03
    -66.409243605560    -66.409243605560         0.11184E-03
    -66.409240083246    -66.409240083246         0.19813E-03
    -66.409241225610    -66.409241225610         0.17163E-03
    -66.409243792029    -66.409243792029         0.11655E-03
    -66.409243978116    -66.409243978116         0.18847E-03
    -66.409243579730    -66.409243579730         0.18957E-03
    -66.409243926490    -66.409243926490         0.12898E-03
    -66.409247888472    -66.409247888472         0.15913E-03
    -66.409243357801    -66.409243357801         0.10546E-03
    -66.409243453986    -66.409243453986         0.18089E-03
    -66.409244857741    -66.409244857741         0.12498E-03
    -66.409211063090    -66.409211063090         0.90484E-04
    -66.409246683195    -66.409246683195         0.17962E-03
    -66.409247925819    -66.409247925819         0.19237E-03
    -66.409243944292    -66.409243944292         0.87724E-04
    -66.409244131141    -66.409244131141         0.94298E-04
    -66.409238705687    -66.409238705687         0.73345E-04
    -66.409243539653    -66.409243539653         0.18646E-03
    -66.409247701133    -66.409247701133         0.98575E-04
    -66.409214864412    -66.409214864412         0.15613E-03
    -66.409246595927    -66.409246595927         0.13547E-03
    -66.409243384071    -66.409243384071         0.70723E-04
    -66.409214715349    -66.409214715349         0.75854E-04
    -66.409244694197    -66.409244694197         0.17049E-03
    -66.409243129309    -66.409243129309         0.14564E-03
    -66.409247268095    -66.409247268095         0.14868E-03
    -66.409242514426    -66.409242514426         0.11203E-03
    -66.409243130081    -66.409243130081         0.89672E-04
    -66.409241859085    -66.409241859085         0.17219E-03
    -66.409213300663    -66.409213300663         0.81080E-04
    -66.409244020690    -66.409244020690         0.14452E-03
    -66.409241715223    -66.409241715223         0.13489E-03
    -66.409241011171    -66.409241011171         0.15760E-03
    -66.409243777573    -66.409243777573         0.11320E-03
    -66.409219584049    -66.409219584049         0.17669E-03
    -66.409243559591    -66.409243559591         0.18321E-03
    -66.409242056974    -66.409242056974         0.10989E-03
    -66.409244107711    -66.409244107711         0.13625E-03
    -66.409241337944    -66.409241337944         0.12418E-03
    -66.409246748071    -66.409246748071         0.16568E-03
    -66.409239778623    -66.409239778623         0.67975E-04
    -66.409243340582    -66.409243340582         0.19333E-03
    -66.409239272518    -66.409239272518         0.13695E-03
    -66.409241003100    -66.409241003100         0.14873E-03
    -66.409246707940    -66.409246707940         0.17487E-03
    -66.409242330875    -66.409242330875         0.19171E-03
    -66.409211515670    -66.409211515670         0.86834E-04
    -66.409211329310    -66.409211329310         0.16575E-03
    -66.409211308520    -66.409211308520         0.68781E-04
    -66.409240572575    -66.409240572575         0.15096E-03
    -66.409242555827    -66.409242555827         0.11975E-03
    -66.409246336025    -66.409246336025         0.15713E-03
    -66.409239190064    -66.409239190064         0.16720E-03
    -66.409211270790    -66.409211270790         0.10305E-03
    -66.409246022515    -66.409246022515         0.93955E-04
    -66.409243925627    -66.409243925627         0.12905E-03
    -66.409242539235    -66.409242539235         0.75870E-04
    -66.409214359897    -66.409214359897         0.10852E-03
    -66.409210810001    -66.409210810001         0.13810E-03
    -66.409242291661    -66.409242291661         0.18153E-03
    -66.409214110424    -66.409214110424         0.15111E-03
    -66.409214844682    -66.409214844682         0.16636E-03
    -66.409242379449    -66.409242379449         0.14146E-03
    -66.409242767858    -66.409242767858         0.15466E-03
    -66.409246528524    -66.409246528524         0.16998E-03
    -66.409215142728    -66.409215142728         0.14108E-03
    -66.409225913971    -66.409225913971         0.17881E-03
    -66.409235468286    -66.409235468286         0.45365E-04
    -66.409235751146    -66.409235751146         0.11127E-03
    -66.409242801852    -66.409242801852         0.13073E-03
    -66.409213476220    -66.409213476220         0.19568E-03
    -66.409211269072    -66.409211269072         0.11355E-03
    -66.409246925363    -66.409246925363         0.14254E-03
    -66.409214544707    -66.409214544707         0.10451E-03
    -66.409214739654    -66.409214739654         0.17774E-03
    -66.409209751651    -66.409209751651         0.13055E-03
    -66.409214630586    -66.409214630586         0.19961E-03
    -66.409215345687    -66.409215345687         0.61875E-04
    -66.409210889175    -66.409210889175         0.13843E-03
    -66.409244490567    -66.409244490567         0.15688E-03
    -66.409210652226    -66.409210652226         0.15762E-03
    -66.409213759103    -66.409213759103         0.92641E-04
    -66.409246939036    -66.409246939036         0.11459E-03
    -66.409231132221    -66.409231132221         0.19095E-03
    -66.409215409171    -66.409215409171         0.10617E-03
    -66.409215249166    -66.409215249166         0.82950E-04
    -66.409212166518    -66.409212166518         0.77920E-04
    -66.409211611579    -66.409211611579         0.11026E-03
    -66.409211291199    -66.409211291199         0.11898E-03
    -66.409212062890    -66.409212062890         0.17021E-03
    -66.409211697039    -66.409211697039         0.11309E-03
    -66.409211330239    -66.409211330239         0.99815E-04
    -66.409211261747    -66.409211261747         0.16176E-03
    -66.409214319296    -66.409214319296         0.14677E-03
    -66.409214516473    -66.409214516473         0.11279E-03
    -66.409215274682    -66.409215274682         0.59156E-04
    -66.409211833850    -66.409211833850         0.97855E-04
    -66.409211662047    -66.409211662047         0.17519E-03
    -66.409214178031    -66.409214178031         0.15303E-03
    -66.409212158121    -66.409212158121         0.10590E-03
    -66.409211614907    -66.409211614907         0.10345E-03
    -66.409211120589    -66.409211120589         0.12664E-03
    -66.409211565334    -66.409211565334         0.17271E-03
    -66.409211611269    -66.409211611269         0.12719E-03
    -66.409206112871    -66.409206112871         0.18288E-03
    -66.409211534534    -66.409211534534         0.13008E-03
    -66.409214831523    -66.409214831523         0.18421E-03
    -66.409210727585    -66.409210727585         0.14328E-03
    -66.409211467800    -66.409211467800         0.17687E-03
    -66.409211035851    -66.409211035851         0.72768E-04
    -66.409210474093    -66.409210474093         0.16787E-03
    -66.409213083865    -66.409213083865         0.11417E-03
    -66.409211844993    -66.409211844993         0.11535E-03
    -66.409213889665    -66.409213889665         0.10491E-03
    -66.409213873992    -66.409213873992         0.92328E-04
    -66.409212291282    -66.409212291282         0.13000E-03
    -66.409211757423    -66.409211757423         0.60100E-04
    -66.409211628529    -66.409211628529         0.16085E-03
    -66.409213831440    -66.409213831440         0.10606E-03
    -66.409242111796    -66.409242111796         0.26563E-04
    -66.409209553827    -66.409209553827         0.11659E-03
    -66.409245837513    -66.409245837513         0.17756E-03
    -66.409212458254    -66.409212458254         0.14610E-03
    -66.409211173313    -66.409211173313         0.19840E-03
    -66.409210439994    -66.409210439994         0.16811E-03
    -66.409212359705    -66.409212359705         0.14692E-03
    -66.409209051442    -66.409209051442         0.16491E-03
    -66.409219886274    -66.409219886274         0.13013E-03
    -66.409214042571    -66.409214042571         0.10259E-03
    -66.409243956172    -66.409243956172         0.11660E-03
    -66.409208647480    -66.409208647480         0.16541E-03
    -66.409211985088    -66.409211985088         0.87847E-04
    -66.409215401332    -66.409215401332         0.12586E-03
    -66.409214460192    -66.409214460192         0.94949E-04
    -66.409209053031    -66.409209053031         0.14200E-03
    -66.409215186895    -66.409215186895         0.17186E-03
    -66.409210099534    -66.409210099534         0.17703E-03
    -66.409222093559    -66.409222093559         0.14960E-03
    -66.409214375012    -66.409214375012         0.11320E-03
    -66.409210524856    -66.409210524856         0.16154E-03
    -66.409210085297    -66.409210085297         0.16459E-03
    -66.409210986048    -66.409210986048         0.16974E-03
    -66.409210021885    -66.409210021885         0.17070E-03
    -66.409208986345    -66.409208986345         0.18277E-03
    -66.409210474168    -66.409210474168         0.16535E-04
    -66.409214482552    -66.409214482552         0.14848E-03
    -66.409214817006    -66.409214817006         0.85270E-04
    -66.409214982082    -66.409214982082         0.19707E-03
    -66.409213904021    -66.409213904021         0.80853E-04
    -66.409211479703    -66.409211479703         0.77072E-04
    -66.409207379304    -66.409207379304         0.50441E-04
    -66.409212330308    -66.409212330308         0.29617E-04
    -66.409214913782    -66.409214913782         0.16541E-03
    -66.409211406074    -66.409211406074         0.17199E-03
    -66.409208692074    -66.409208692074         0.17593E-03
    -66.409208766740    -66.409208766740         0.17306E-03
    -66.409184605138    -66.409184605138         0.13919E-03
    -66.409177530737    -66.409177530737         0.15623E-03
    -66.409180334073    -66.409180334073         0.11346E-03
    -66.409182951367    -66.409182951367         0.95940E-04
    -66.409211051703    -66.409211051703         0.18725E-03
    -66.409182204041    -66.409182204041         0.99868E-04
    -66.409186334525    -66.409186334525         0.16065E-03
    -66.409210661306    -66.409210661306         0.14569E-03
    -66.409213043524    -66.409213043524         0.16620E-03
    -66.409121902725    -66.409121902725         0.14371E-03
    -66.409210057278    -66.409210057278         0.14871E-03
    -66.409121931728    -66.409121931728         0.14564E-03
    -66.409118100840    -66.409118100840         0.17915E-03
    -66.409121305859    -66.409121305859         0.19958E-03
    -66.409120456709    -66.409120456709         0.17904E-03
    -66.409121470833    -66.409121470833         0.18434E-03
    -66.409121188154    -66.409121188154         0.59598E-04
    -66.409119779292    -66.409119779292         0.16288E-03
    -66.409119579820    -66.409119579820         0.15481E-03
    -66.409119169950    -66.409119169950         0.87438E-04
    -66.409121651698    -66.409121651698         0.60971E-04
    -66.409121484686    -66.409121484686         0.10344E-03
    -66.409119097029    -66.409119097029         0.73908E-04
    -66.409122096164    -66.409122096164         0.18767E-03
    -66.409121901922    -66.409121901922         0.70798E-04
    -66.409121416635    -66.409121416635         0.13345E-03
    -66.409119292777    -66.409119292777         0.17300E-03
    -66.409121136401    -66.409121136401         0.12970E-03
    -66.409121057663    -66.409121057663         0.10883E-03
    -66.409120870291    -66.409120870291         0.16698E-03
    -66.409121677101    -66.409121677101         0.10344E-03
    -66.409120186464    -66.409120186464         0.11892E-03
    -66.409120856609    -66.409120856609         0.84660E-04
    -66.409121415301    -66.409121415301         0.16446E-03
    -66.409120725809    -66.409120725809         0.12144E-03
    -66.409121386683    -66.409121386683         0.15753E-03
    -66.409122032358    -66.409122032358         0.10329E-03
    -66.409121541893    -66.409121541893         0.16173E-03
    -66.409121663479    -66.409121663479         0.18014E-03
    -66.409119996227    -66.409119996227         0.11098E-03
    -66.409119515817    -66.409119515817         0.18157E-03
    -66.409118966356    -66.409118966356         0.13817E-03
    -66.409119186049    -66.409119186049         0.19693E-03
    -66.409119285684    -66.409119285684         0.12683E-03
    -66.409121780009    -66.409121780009         0.10753E-03
    -66.409119875244    -66.409119875244         0.17905E-03
    -66.409120625377    -66.409120625377         0.94155E-04
    -66.409103553653    -66.409103553653         0.13773E-03
    -66.409117537096    -66.409117537096         0.12968E-03
    -66.409114292620    -66.409114292620         0.23041E-04
    -66.409120834122    -66.409120834122         0.15577E-03
    -66.409119283700    -66.409119283700         0.89589E-04
    -66.409121833671    -66.409121833671         0.14203E-03
    -66.409117992153    -66.409117992153         0.18526E-03
    -66.409100128797    -66.409100128797         0.14044E-03
    -66.409120208500    -66.409120208500         0.11749E-03
    -66.409103302051    -66.409103302051         0.11796E-03
    -66.409116926910    -66.409116926910         0.15738E-03
    -66.409102936911    -66.409102936911         0.10517E-03
    -66.409084817018    -66.409084817018         0.74898E-04
    -66.409120552358    -66.409120552358         0.16416E-03
    -66.409102339551    -66.409102339551         0.17849E-03
    -66.409101849073    -66.409101849073         0.18464E-03
    -66.409095289150    -66.409095289150         0.44973E-04
    -66.409103087945    -66.409103087945         0.81234E-04
    -66.409094770117    -66.409094770117         0.49292E-04
    -66.409103390478    -66.409103390478         0.95547E-04
    -66.409120518575    -66.409120518575         0.10915E-03
    -66.409103640198    -66.409103640198         0.12742E-03
    -66.409103106056    -66.409103106056         0.12598E-03
    -66.409096497271    -66.409096497271         0.30095E-04
    -66.409103768665    -66.409103768665         0.16537E-03
    -66.409122169719    -66.409122169719         0.17239E-03
    -66.409103742517    -66.409103742517         0.86133E-04
    -66.409118840746    -66.409118840746         0.11223E-03
    -66.409116257095    -66.409116257095         0.10713E-03
    -66.409103651115    -66.409103651115         0.11488E-03
    -66.409099978065    -66.409099978065         0.19223E-04
    -66.409114181620    -66.409114181620         0.29411E-04
    -66.409117659681    -66.409117659681         0.16478E-03
    -66.409121700730    -66.409121700730         0.11825E-03
    -66.409100459223    -66.409100459223         0.95435E-04
    -66.409122633777    -66.409122633777         0.66365E-04
    -66.409097413915    -66.409097413915         0.41370E-04
    -66.409119762416    -66.409119762416         0.16725E-03
    -66.409067925426    -66.409067925426         0.19356E-03
    -66.409099580332    -66.409099580332         0.28262E-04
    -66.409101397708    -66.409101397708         0.15744E-03
    -66.409102803800    -66.409102803800         0.11869E-03
    -66.409116843296    -66.409116843296         0.13193E-03
    -66.409120163323    -66.409120163323         0.17936E-03
    -66.409101477212    -66.409101477212         0.76433E-04
    -66.409103122842    -66.409103122842         0.74651E-04
    -66.409119176385    -66.409119176385         0.10628E-03
    -66.409121566767    -66.409121566767         0.98759E-04
    -66.409099107566    -66.409099107566         0.23218E-04
    -66.409121564150    -66.409121564150         0.18163E-03
    -66.409069690785    -66.409069690785         0.85556E-04
    -66.409121806240    -66.409121806240         0.56589E-04
    -66.409121614657    -66.409121614657         0.12560E-03
    -66.409102705511    -66.409102705511         0.18579E-03
    -66.409071713141    -66.409071713141         0.36395E-04
    -66.409069268370    -66.409069268370         0.12362E-03
    -66.409070632763    -66.409070632763         0.10516E-03
    -66.409102484013    -66.409102484013         0.19970E-03
    -66.409102963879    -66.409102963879         0.17881E-03
    -66.409113275674    -66.409113275674         0.19135E-03
    -66.409102989428    -66.409102989428         0.17833E-03
    -66.409069183888    -66.409069183888         0.16752E-03
    -66.409069743099    -66.409069743099         0.16186E-03
    -66.409100787988    -66.409100787988         0.19603E-03
    -66.409069731272    -66.409069731272         0.17302E-03
    -66.409102530234    -66.409102530234         0.14040E-03
    -66.409063544818    -66.409063544818         0.19043E-03
    -66.409101987375    -66.409101987375         0.17082E-03
    -66.409121597615    -66.409121597615         0.12394E-03
    -66.409065237692    -66.409065237692         0.17101E-03
    -66.409068819154    -66.409068819154         0.15747E-03
    -66.409065159110    -66.409065159110         0.10783E-03
    -66.409101697193    -66.409101697193         0.14809E-03
    -66.409068214646    -66.409068214646         0.18770E-03
    -66.409071058226    -66.409071058226         0.14842E-03
    -66.409069812402    -66.409069812402         0.13671E-03
    -66.409095027801    -66.409095027801         0.12613E-03
    -66.409071340586    -66.409071340586         0.76690E-04
    -66.409086299847    -66.409086299847         0.90321E-04
    -66.409098578687    -66.409098578687         0.18861E-03
    -66.409069225682    -66.409069225682         0.12597E-03
    -66.409087168097    -66.409087168097         0.10662E-03
    -66.409068301508    -66.409068301508         0.67320E-04
    -66.409068922175    -66.409068922175         0.19674E-03
    -66.409119156197    -66.409119156197         0.16994E-03
    -66.409069966990    -66.409069966990         0.12595E-03
    -66.409064215346    -66.409064215346         0.17509E-03
    -66.409096268098    -66.409096268098         0.17572E-03
    -66.409070484768    -66.409070484768         0.13875E-03
    -66.409069449815    -66.409069449815         0.91610E-04
    -66.409069293287    -66.409069293287         0.10333E-03
    -66.409102528004    -66.409102528004         0.91636E-04
    -66.409058844057    -66.409058844057         0.18265E-03
    -66.409067888668    -66.409067888668         0.17860E-03
    -66.409102720357    -66.409102720357         0.84116E-04
    -66.409102313108    -66.409102313108         0.16940E-03
    -66.409071275744    -66.409071275744         0.12899E-03
    -66.409050644512    -66.409050644512         0.18371E-03
    -66.409099994940    -66.409099994940         0.18094E-03
    -66.409108030590    -66.409108030590         0.78254E-04
    -66.409100136229    -66.409100136229         0.11528E-03
    -66.409052085920    -66.409052085920         0.11783E-03
    -66.409102494478    -66.409102494478         0.11281E-03
    -66.409061634347    -66.409061634347         0.16699E-03
    -66.409066434324    -66.409066434324         0.16498E-03
    -66.409052238858    -66.409052238858         0.19752E-03
    -66.409103911784    -66.409103911784         0.91399E-04
    -66.409101748886    -66.409101748886         0.11672E-03
    -66.409048400900    -66.409048400900         0.18084E-03
    -66.409103088149    -66.409103088149         0.19876E-03
    -66.409050776823    -66.409050776823         0.10179E-03
    -66.409065427497    -66.409065427497         0.14790E-03
    -66.409121155172    -66.409121155172         0.14042E-03
    -66.409068267359    -66.409068267359         0.18516E-03
    -66.409099313519    -66.409099313519         0.19498E-04
    -66.409069495753    -66.409069495753         0.15587E-03
    -66.409065685571    -66.409065685571         0.95695E-04
    -66.409065364446    -66.409065364446         0.17995E-03
    -66.409064586752    -66.409064586752         0.18169E-04
    -66.409065166903    -66.409065166903         0.21003E-04
    -66.409050390342    -66.409050390342         0.13980E-03
    -66.409049172905    -66.409049172905         0.19976E-03
    -66.409064539472    -66.409064539472         0.17531E-03
    -66.409052449948    -66.409052449948         0.85282E-04
    -66.409069482432    -66.409069482432         0.18881E-03
    -66.409069898082    -66.409069898082         0.12870E-03
    -66.409051916502    -66.409051916502         0.19567E-03
    -66.409069700766    -66.409069700766         0.96246E-04
    -66.409052493899    -66.409052493899         0.15540E-03
    -66.409052496391    -66.409052496391         0.12992E-03
    -66.409066876637    -66.409066876637         0.81544E-04
    -66.409050474932    -66.409050474932         0.17002E-03
    -66.409052458862    -66.409052458862         0.12784E-03
    -66.409054516405    -66.409054516405         0.57911E-04
    -66.409051107111    -66.409051107111         0.17103E-03
    -66.409049283836    -66.409049283836         0.17778E-03
    -66.409049441297    -66.409049441297         0.20770E-04
    -66.409052690998    -66.409052690998         0.91721E-04
    -66.409046553514    -66.409046553514         0.17169E-03
    -66.409050937428    -66.409050937428         0.15392E-03
    -66.409069667208    -66.409069667208         0.14868E-03
    -66.409070708969    -66.409070708969         0.18364E-03
    -66.409101370835    -66.409101370835         0.16989E-03
    -66.409050957197    -66.409050957197         0.16861E-03
    -66.409070564236    -66.409070564236         0.11460E-03
    -66.409061764986    -66.409061764986         0.12853E-03
    -66.409065121603    -66.409065121603         0.17010E-03
    -66.409050986585    -66.409050986585         0.18515E-03
    -66.409052862653    -66.409052862653         0.15917E-03
    -66.409073618350    -66.409073618350         0.16845E-03
    -66.409049412239    -66.409049412239         0.11597E-03
    -66.409096656324    -66.409096656324         0.33438E-04
    -66.409070489907    -66.409070489907         0.61644E-04
    -66.409048533923    -66.409048533923         0.80102E-04
    -66.409039027205    -66.409039027205         0.19893E-03
    -66.409051029802    -66.409051029802         0.17373E-03
    -66.409049512734    -66.409049512734         0.19791E-03
    -66.409070419345    -66.409070419345         0.89658E-04
    -66.409050980636    -66.409050980636         0.13725E-03
    -66.409049987543    -66.409049987543         0.16120E-03
    -66.409119455348    -66.409119455348         0.87304E-04
    -66.409049288221    -66.409049288221         0.15703E-03
    -66.409048968666    -66.409048968666         0.19705E-03
    -66.409070143614    -66.409070143614         0.16808E-03
    -66.409068833029    -66.409068833029         0.12750E-03
    -66.409050005171    -66.409050005171         0.23436E-04
    -66.409018554141    -66.409018554141         0.11645E-03
    -66.409052087665    -66.409052087665         0.11972E-03
    -66.409062124945    -66.409062124945         0.72561E-04
    -66.409061534203    -66.409061534203         0.60692E-04
    -66.409050870524    -66.409050870524         0.67577E-04
    -66.409053061006    -66.409053061006         0.13853E-03
    -66.409013799752    -66.409013799752         0.12186E-03
    -66.409047714429    -66.409047714429         0.38618E-04
    -66.409051540431    -66.409051540431         0.17130E-03
    -66.409051813319    -66.409051813319         0.12184E-03
    -66.409051421528    -66.409051421528         0.16458E-03
    -66.409058939789    -66.409058939789         0.79552E-04
    -66.409070163227    -66.409070163227         0.16751E-03
    -66.409051538369    -66.409051538369         0.74552E-04
    -66.409050133881    -66.409050133881         0.13356E-03
    -66.409069782239    -66.409069782239         0.17550E-03
    -66.409049928877    -66.409049928877         0.11164E-03
    -66.409069614950    -66.409069614950         0.14632E-03
    -66.409047217341    -66.409047217341         0.12078E-03
    -66.409016813580    -66.409016813580         0.13451E-03
    -66.409051784676    -66.409051784676         0.16090E-03
    -66.409051965358    -66.409051965358         0.70358E-04
    -66.409039420534    -66.409039420534         0.11464E-03
    -66.409051866533    -66.409051866533         0.18540E-03
    -66.409036076666    -66.409036076666         0.11184E-03
    -66.409050970523    -66.409050970523         0.16910E-03
    -66.409051219673    -66.409051219673         0.17966E-03
    -66.409049575498    -66.409049575498         0.18285E-03
    -66.409048916448    -66.409048916448         0.33485E-04
    -66.409031142151    -66.409031142151         0.19794E-03
    -66.409050979885    -66.409050979885         0.16388E-03
    -66.409051920888    -66.409051920888         0.10249E-03
    -66.409050658974    -66.409050658974         0.89068E-04
    -66.409051858401    -66.409051858401         0.14993E-03
    -66.409051888608    -66.409051888608         0.13114E-03
    -66.409064657928    -66.409064657928         0.18394E-03
    -66.409067595118    -66.409067595118         0.12799E-03
    -66.409044790461    -66.409044790461         0.92791E-04
    -66.408997432318    -66.408997432318         0.13465E-03
    -66.408997566635    -66.408997566635         0.79062E-04
    -66.409012136281    -66.409012136281         0.98009E-04
    -66.409052443514    -66.409052443514         0.13063E-03
    -66.408996652593    -66.408996652593         0.59493E-04
    -66.408995441023    -66.408995441023         0.93654E-04
    -66.408997425722    -66.408997425722         0.10488E-03
    -66.409013563722    -66.409013563722         0.95308E-04
    -66.408993345794    -66.408993345794         0.15762E-03
    -66.408996113669    -66.408996113669         0.19403E-03
    -66.408996710261    -66.408996710261         0.16332E-03
    -66.408997094576    -66.408997094576         0.78515E-04
    -66.408996758387    -66.408996758387         0.11695E-03
    -66.408996321802    -66.408996321802         0.94934E-04
    -66.408997056146    -66.408997056146         0.11602E-03
    -66.408997744508    -66.408997744508         0.94086E-04
    -66.408995696161    -66.408995696161         0.15666E-03
    -66.408996585867    -66.408996585867         0.94526E-04
    -66.408994123030    -66.408994123030         0.83218E-04
    -66.408997058444    -66.408997058444         0.15199E-03
    -66.408989828346    -66.408989828346         0.14441E-03
    -66.408997552857    -66.408997552857         0.19810E-03
    -66.408994524010    -66.408994524010         0.45976E-04
    -66.408978563161    -66.408978563161         0.17795E-03
    -66.408996132395    -66.408996132395         0.12331E-03
    -66.408995369652    -66.408995369652         0.15821E-03
    -66.408997509168    -66.408997509168         0.13026E-03
    -66.408964113767    -66.408964113767         0.16146E-03
    -66.408929243882    -66.408929243882         0.11651E-03
    -66.408927947790    -66.408927947790         0.71457E-04
    -66.408997199490    -66.408997199490         0.19035E-03
    -66.408927732887    -66.408927732887         0.14601E-03
    -66.408929304537    -66.408929304537         0.18012E-03
    -66.408928805929    -66.408928805929         0.13537E-03
    -66.408924832122    -66.408924832122         0.15242E-03
    -66.408928228675    -66.408928228675         0.14700E-03
    -66.408928371635    -66.408928371635         0.97756E-04
    -66.408928178942    -66.408928178942         0.15802E-03
    -66.408927674315    -66.408927674315         0.13362E-03
    -66.408927376475    -66.408927376475         0.19529E-03
    -66.408928360358    -66.408928360358         0.81618E-04
    -66.408928263878    -66.408928263878         0.15199E-03
    -66.408926785245    -66.408926785245         0.86462E-04
    -66.408928974519    -66.408928974519         0.10473E-03
    -66.408927864688    -66.408927864688         0.14541E-03
    -66.408928576611    -66.408928576611         0.14764E-03
    -66.408927740106    -66.408927740106         0.96187E-04
    -66.408927621444    -66.408927621444         0.19271E-03
    -66.408927987919    -66.408927987919         0.11009E-03
    -66.408928311502    -66.408928311502         0.13968E-03
    -66.408927423385    -66.408927423385         0.14036E-03
    -66.408927800051    -66.408927800051         0.12116E-03
    -66.408927381873    -66.408927381873         0.10499E-03
    -66.408907983233    -66.408907983233         0.15768E-03
    -66.408908081116    -66.408908081116         0.90929E-04
    -66.408907961045    -66.408907961045         0.12363E-03
    -66.408908150221    -66.408908150221         0.14927E-03
    -66.408893723618    -66.408893723618         0.16817E-03
    -66.408907452685    -66.408907452685         0.14992E-03
    -66.408893356096    -66.408893356096         0.19524E-03
    -66.408907305975    -66.408907305975         0.13726E-03
    -66.408908028714    -66.408908028714         0.16110E-03
    -66.408908213875    -66.408908213875         0.93779E-04
    -66.408927003609    -66.408927003609         0.11209E-03
    -66.408908574224    -66.408908574224         0.16074E-03
    -66.408905991160    -66.408905991160         0.15131E-03
    -66.408908203214    -66.408908203214         0.16845E-03
    -66.408907915912    -66.408907915912         0.85331E-04
    -66.408893061994    -66.408893061994         0.11566E-03
    -66.408906868435    -66.408906868435         0.14939E-03
    -66.408908004081    -66.408908004081         0.15247E-03
    -66.408908370294    -66.408908370294         0.13466E-03
    -66.408887161611    -66.408887161611         0.36105E-04
    -66.408907189962    -66.408907189962         0.78865E-04
    -66.408907312291    -66.408907312291         0.11990E-03
    -66.408927275969    -66.408927275969         0.16950E-03
    -66.408927053370    -66.408927053370         0.13694E-03
    -66.408908091349    -66.408908091349         0.13487E-03
    -66.408886000438    -66.408886000438         0.18970E-03
    -66.408907615671    -66.408907615671         0.11219E-03
    -66.408905165025    -66.408905165025         0.16356E-03
    -66.408906483584    -66.408906483584         0.19798E-03
    -66.408905643679    -66.408905643679         0.11265E-03
    -66.408906471085    -66.408906471085         0.12384E-03
    -66.408907853340    -66.408907853340         0.17574E-03
    -66.408895140603    -66.408895140603         0.10698E-03
    -66.408908329070    -66.408908329070         0.12856E-03
    -66.408907838593    -66.408907838593         0.17064E-03
    -66.408907236077    -66.408907236077         0.11016E-03
    -66.408904453862    -66.408904453862         0.12547E-03
    -66.408886159372    -66.408886159372         0.17221E-03
    -66.408907021793    -66.408907021793         0.13121E-03
    -66.408926343680    -66.408926343680         0.83406E-04
    -66.408907526968    -66.408907526968         0.14166E-03
    -66.408907243756    -66.408907243756         0.10074E-03
    -66.408907919388    -66.408907919388         0.10339E-03
    -66.408884112298    -66.408884112298         0.10486E-03
    -66.408906233700    -66.408906233700         0.16648E-03
    -66.408886383051    -66.408886383051         0.12982E-03
    -66.408885137729    -66.408885137729         0.12708E-03
    -66.408908043920    -66.408908043920         0.13137E-03
    -66.408907591063    -66.408907591063         0.13162E-03
    -66.408886119362    -66.408886119362         0.19520E-03
    -66.408886330244    -66.408886330244         0.11575E-03
    -66.408926380055    -66.408926380055         0.19795E-03
    -66.408886259704    -66.408886259704         0.16958E-03
    -66.408885478259    -66.408885478259         0.15378E-03
    -66.408884466940    -66.408884466940         0.18808E-03
    -66.408885955931    -66.408885955931         0.14478E-03
    -66.408886264675    -66.408886264675         0.14968E-03
    -66.408886934631    -66.408886934631         0.92757E-04
    -66.408885619782    -66.408885619782         0.16508E-03
    -66.408885316849    -66.408885316849         0.15064E-03
    -66.408885619620    -66.408885619620         0.12363E-03
    -66.408885623090    -66.408885623090         0.10918E-03
    -66.408907077132    -66.408907077132         0.11124E-03
    -66.408886547153    -66.408886547153         0.18038E-03
    -66.408873977210    -66.408873977210         0.51891E-04
    -66.408886565273    -66.408886565273         0.16369E-03
    -66.408886710055    -66.408886710055         0.12809E-03
    -66.408886670437    -66.408886670437         0.11470E-03
    -66.408886141071    -66.408886141071         0.19520E-03
    -66.408859821993    -66.408859821993         0.13561E-03
    -66.408885762651    -66.408885762651         0.14727E-03
    -66.408884602213    -66.408884602213         0.10856E-03
    -66.408891336203    -66.408891336203         0.14158E-03
    -66.408898148954    -66.408898148954         0.16993E-03
    -66.408886728100    -66.408886728100         0.13068E-03
    -66.408904088752    -66.408904088752         0.16120E-03
    -66.408876989152    -66.408876989152         0.15871E-03
    -66.408886134688    -66.408886134688         0.82919E-04
    -66.408887219960    -66.408887219960         0.86651E-04
    -66.408907484793    -66.408907484793         0.19439E-03
    -66.408886474315    -66.408886474315         0.12824E-03
    -66.408886385659    -66.408886385659         0.65928E-04
    -66.408906698933    -66.408906698933         0.69628E-04
    -66.408877068292    -66.408877068292         0.11464E-03
    -66.408855223622    -66.408855223622         0.10872E-03
    -66.408885500160    -66.408885500160         0.10325E-03
    -66.408885929589    -66.408885929589         0.10372E-03
    -66.408906258648    -66.408906258648         0.14622E-03
    -66.408907705590    -66.408907705590         0.79406E-04
    -66.408886135713    -66.408886135713         0.18021E-03
    -66.408905201464    -66.408905201464         0.14726E-03
    -66.408887371478    -66.408887371478         0.11256E-03
    -66.408872941210    -66.408872941210         0.13635E-03
    -66.408885016778    -66.408885016778         0.85873E-04
    -66.408872782579    -66.408872782579         0.14089E-03
    -66.408885527810    -66.408885527810         0.19884E-03
    -66.408925736777    -66.408925736777         0.18556E-03
    -66.408883248797    -66.408883248797         0.18260E-03
    -66.408907044382    -66.408907044382         0.89930E-04
    -66.408874240782    -66.408874240782         0.17158E-03
    -66.408886194252    -66.408886194252         0.97159E-04
    -66.408901404973    -66.408901404973         0.15696E-03
    -66.408858896577    -66.408858896577         0.10058E-03
    -66.408907853694    -66.408907853694         0.10430E-03
    -66.408851789968    -66.408851789968         0.14819E-03
    -66.408874048785    -66.408874048785         0.19621E-03
    -66.408853715797    -66.408853715797         0.11448E-03
    -66.408907630173    -66.408907630173         0.13670E-03
    -66.408856452083    -66.408856452083         0.13977E-03
    -66.408906356341    -66.408906356341         0.91565E-04
    -66.408875689924    -66.408875689924         0.84349E-04
    -66.408904930010    -66.408904930010         0.14568E-03
    -66.408894973208    -66.408894973208         0.13812E-03
    -66.408863345058    -66.408863345058         0.14660E-03
    -66.408885892996    -66.408885892996         0.17394E-03
    -66.408907700878    -66.408907700878         0.18669E-03
    -66.408885179094    -66.408885179094         0.16433E-03
    -66.408886492015    -66.408886492015         0.80847E-04
    -66.408886828558    -66.408886828558         0.10480E-03
    -66.408904472978    -66.408904472978         0.15020E-03
    -66.408854056937    -66.408854056937         0.14919E-03
    -66.408873193709    -66.408873193709         0.11695E-03
    -66.408887380637    -66.408887380637         0.67640E-04
    -66.408884021532    -66.408884021532         0.19774E-03
    -66.408884896449    -66.408884896449         0.10743E-03
    -66.408884242416    -66.408884242416         0.15430E-03
    -66.408874202072    -66.408874202072         0.15958E-03
    -66.408885492445    -66.408885492445         0.91574E-04
    -66.408877066227    -66.408877066227         0.13952E-03
    -66.408886383605    -66.408886383605         0.11336E-03
    -66.408885564427    -66.408885564427         0.14669E-03
    -66.408886613934    -66.408886613934         0.12242E-03
    -66.408853239982    -66.408853239982         0.96411E-04
    -66.408892375765    -66.408892375765         0.10611E-03
    -66.408874385527    -66.408874385527         0.18632E-03
    -66.408884294566    -66.408884294566         0.11891E-03
    -66.408886638637    -66.408886638637         0.12831E-03
    -66.408886861232    -66.408886861232         0.98932E-04
    -66.408886025871    -66.408886025871         0.95734E-04
    -66.408908218496    -66.408908218496         0.18304E-03
    -66.408714259565    -66.408714259565         0.10392E-03
    -66.408875763603    -66.408875763603         0.12875E-03
    -66.408714552740    -66.408714552740         0.12593E-03
    -66.408684481265    -66.408684481265         0.16049E-03
    -66.408684689723    -66.408684689723         0.16279E-03
    -66.408716691301    -66.408716691301         0.10900E-03
    -66.408682501104    -66.408682501104         0.13576E-03
    -66.408683963672    -66.408683963672         0.13796E-03
    -66.408681748889    -66.408681748889         0.18917E-03
    -66.408684931022    -66.408684931022         0.10718E-03
    -66.408685120862    -66.408685120862         0.12374E-03
    -66.408684751106    -66.408684751106         0.17180E-03
    -66.408684712841    -66.408684712841         0.15555E-03
    -66.408680962305    -66.408680962305         0.12784E-03
    -66.408684684047    -66.408684684047         0.16979E-03
    -66.408683728484    -66.408683728484         0.14642E-03
    -66.408684840105    -66.408684840105         0.14223E-03
    -66.408684728178    -66.408684728178         0.10961E-03
    -66.408683136558    -66.408683136558         0.15003E-03
    -66.408684540324    -66.408684540324         0.68357E-04
    -66.408683728878    -66.408683728878         0.16953E-03
    -66.408684346145    -66.408684346145         0.98398E-04
    -66.408683455363    -66.408683455363         0.11131E-03
    -66.408682979299    -66.408682979299         0.11327E-03
    -66.408680906279    -66.408680906279         0.90073E-04
    -66.408683710457    -66.408683710457         0.11846E-03
    -66.408684990554    -66.408684990554         0.92678E-04
    -66.408684350350    -66.408684350350         0.12313E-03
    -66.408683901036    -66.408683901036         0.16583E-03
    -66.408680522123    -66.408680522123         0.11777E-03
    -66.408671042281    -66.408671042281         0.14677E-03
    -66.408667128821    -66.408667128821         0.19281E-03
    -66.408671821913    -66.408671821913         0.94526E-04
    -66.408671564015    -66.408671564015         0.99431E-04
    -66.408669717643    -66.408669717643         0.18522E-03
    -66.408684487356    -66.408684487356         0.11888E-03
    -66.408668654905    -66.408668654905         0.18864E-03
    -66.408670729641    -66.408670729641         0.15302E-03
    -66.408670341827    -66.408670341827         0.15335E-03
    -66.408683264040    -66.408683264040         0.71395E-04
    -66.408666181836    -66.408666181836         0.13214E-03
    -66.408671184861    -66.408671184861         0.80018E-04
    -66.408671508449    -66.408671508449         0.18946E-03
    -66.408671022551    -66.408671022551         0.17619E-03
    -66.408639697903    -66.408639697903         0.16459E-03
    -66.408670551387    -66.408670551387         0.97303E-04
    -66.408667815258    -66.408667815258         0.17876E-03
    -66.408681072085    -66.408681072085         0.15768E-03
    -66.408670083090    -66.408670083090         0.13035E-03
    -66.408681906719    -66.408681906719         0.14202E-03
    -66.408671600188    -66.408671600188         0.91720E-04
    -66.408670900684    -66.408670900684         0.94082E-04
    -66.408670973398    -66.408670973398         0.15565E-03
    -66.408670022232    -66.408670022232         0.16376E-03
    -66.408667169960    -66.408667169960         0.12900E-03
    -66.408668926589    -66.408668926589         0.14728E-03
    -66.408670860501    -66.408670860501         0.76863E-04
    -66.408671170334    -66.408671170334         0.14488E-03
    -66.408670842019    -66.408670842019         0.53418E-04
    -66.408683148892    -66.408683148892         0.17306E-03
    -66.408669934523    -66.408669934523         0.16127E-03
    -66.408671848244    -66.408671848244         0.10190E-03
    -66.408670107457    -66.408670107457         0.66661E-04
    -66.408670425581    -66.408670425581         0.15484E-03
    -66.408664739879    -66.408664739879         0.16671E-03
    -66.408667920989    -66.408667920989         0.16247E-03
    -66.408668363334    -66.408668363334         0.12608E-03
    -66.408669970093    -66.408669970093         0.96236E-04
    -66.408668502056    -66.408668502056         0.10598E-03
    -66.408661784870    -66.408661784870         0.17413E-03
    -66.408671206137    -66.408671206137         0.86078E-04
    -66.408668738813    -66.408668738813         0.17804E-03
    -66.408669156989    -66.408669156989         0.14606E-03
    -66.408668716093    -66.408668716093         0.19654E-03
    -66.408667564391    -66.408667564391         0.18027E-03
    -66.408681481671    -66.408681481671         0.18646E-03
    -66.408666170824    -66.408666170824         0.12686E-03
    -66.408639487331    -66.408639487331         0.11762E-03
    -66.408668674504    -66.408668674504         0.17357E-03
    -66.408671474623    -66.408671474623         0.16577E-03
    -66.408668895502    -66.408668895502         0.78716E-04
    -66.408683949857    -66.408683949857         0.13663E-03
    -66.408670634268    -66.408670634268         0.10451E-03
    -66.408671136767    -66.408671136767         0.16157E-03
    -66.408668252883    -66.408668252883         0.12604E-03
    -66.408670030981    -66.408670030981         0.17232E-03
    -66.408665518135    -66.408665518135         0.13994E-03
    -66.408669157679    -66.408669157679         0.17795E-03
    -66.408662702381    -66.408662702381         0.18644E-03
    -66.408637932221    -66.408637932221         0.15857E-03
    -66.408670965488    -66.408670965488         0.15132E-03
    -66.408668377238    -66.408668377238         0.12988E-03
    -66.408639113831    -66.408639113831         0.19746E-03
    -66.408683227080    -66.408683227080         0.12851E-03
    -66.408665757150    -66.408665757150         0.18076E-03
    -66.408682757283    -66.408682757283         0.14691E-03
    -66.408666129797    -66.408666129797         0.19637E-03
    -66.408619071278    -66.408619071278         0.36511E-04
    -66.408618422652    -66.408618422652         0.86468E-04
    -66.408618891586    -66.408618891586         0.11352E-03
    -66.408617088400    -66.408617088400         0.15838E-03
    -66.408616916376    -66.408616916376         0.14224E-03
    -66.408617029182    -66.408617029182         0.54356E-04
    -66.408618847556    -66.408618847556         0.11436E-03
    -66.408618674746    -66.408618674746         0.94274E-04
    -66.408616802668    -66.408616802668         0.15840E-03
    -66.408617790878    -66.408617790878         0.12435E-03
    -66.408618710570    -66.408618710570         0.15205E-03
    -66.408614703112    -66.408614703112         0.19594E-03
    -66.408618760933    -66.408618760933         0.16038E-03
    -66.408618952308    -66.408618952308         0.12878E-03
    -66.408618480042    -66.408618480042         0.13899E-03
    -66.408617692284    -66.408617692284         0.10848E-03
    -66.408618464665    -66.408618464665         0.51144E-04
    -66.408617399241    -66.408617399241         0.19727E-03
    -66.408618054815    -66.408618054815         0.13522E-03
    -66.408618386808    -66.408618386808         0.14535E-03
    -66.408618831515    -66.408618831515         0.72580E-04
    -66.408618411919    -66.408618411919         0.86290E-04
    -66.408618877681    -66.408618877681         0.67878E-04
    -66.408618187453    -66.408618187453         0.13991E-03
    -66.408618785812    -66.408618785812         0.19247E-03
    -66.408619249667    -66.408619249667         0.10211E-03
    -66.408617877025    -66.408617877025         0.66139E-04
    -66.408618457602    -66.408618457602         0.17070E-03
    -66.408618043537    -66.408618043537         0.18010E-03
    -66.408617877753    -66.408617877753         0.16169E-03
    -66.408614695792    -66.408614695792         0.17952E-03
    -66.408615698918    -66.408615698918         0.18177E-03
    -66.408597188729    -66.408597188729         0.16808E-03
    -66.408587895472    -66.408587895472         0.16644E-03
    -66.408588303652    -66.408588303652         0.19259E-03
    -66.408587766457    -66.408587766457         0.16949E-03
    -66.408588878963    -66.408588878963         0.93294E-04
    -66.408613368279    -66.408613368279         0.14768E-03
    -66.408588421170    -66.408588421170         0.12977E-03
    -66.408588199852    -66.408588199852         0.13603E-03
    -66.408587354803    -66.408587354803         0.18651E-03
    -66.408587973201    -66.408587973201         0.15922E-03
    -66.408588069726    -66.408588069726         0.75419E-04
    -66.408588509763    -66.408588509763         0.16441E-03
    -66.408588241408    -66.408588241408         0.14531E-03
    -66.408588395049    -66.408588395049         0.12834E-03
    -66.408612651806    -66.408612651806         0.12859E-03
    -66.408586944990    -66.408586944990         0.15943E-03
    -66.408617772438    -66.408617772438         0.87853E-04
    -66.408587782616    -66.408587782616         0.14727E-03
    -66.408587523832    -66.408587523832         0.16738E-03
    -66.408587980187    -66.408587980187         0.11308E-03
    -66.408587599062    -66.408587599062         0.11723E-03
    -66.408585368411    -66.408585368411         0.63754E-04
    -66.408586999895    -66.408586999895         0.12417E-03
    -66.408588725583    -66.408588725583         0.95324E-04
    -66.408590580959    -66.408590580959         0.19514E-03
    -66.408588153562    -66.408588153562         0.76167E-04
    -66.408586703715    -66.408586703715         0.18866E-03
    -66.408588865814    -66.408588865814         0.94274E-04
    -66.408588508686    -66.408588508686         0.90356E-04
    -66.408587724763    -66.408587724763         0.13673E-03
    -66.408587522754    -66.408587522754         0.10316E-03
    -66.408586780045    -66.408586780045         0.80367E-04
    -66.408585752940    -66.408585752940         0.10553E-03
    -66.408549379811    -66.408549379811         0.10123E-03
    -66.408588238334    -66.408588238334         0.35996E-04
    -66.408587243462    -66.408587243462         0.15542E-03
    -66.408578106774    -66.408578106774         0.10356E-03
    -66.408586926145    -66.408586926145         0.83359E-04
    -66.408559121247    -66.408559121247         0.18677E-03
    -66.408555026523    -66.408555026523         0.12873E-03
    -66.408555070488    -66.408555070488         0.15160E-03
    -66.408554702126    -66.408554702126         0.19481E-03
    -66.408586184279    -66.408586184279         0.15810E-03
    -66.408548842149    -66.408548842149         0.19343E-03
    -66.408552323117    -66.408552323117         0.19703E-03
    -66.408549132311    -66.408549132311         0.13416E-03
    -66.408549302811    -66.408549302811         0.19256E-03
    -66.408549370206    -66.408549370206         0.11881E-03
    -66.408548592517    -66.408548592517         0.15208E-03
    -66.408549299250    -66.408549299250         0.84023E-04
    -66.408548977299    -66.408548977299         0.87778E-04
    -66.408548500599    -66.408548500599         0.91718E-04
    -66.408549130983    -66.408549130983         0.13166E-03
    -66.408548524210    -66.408548524210         0.13259E-03
    -66.408549377375    -66.408549377375         0.15284E-03
    -66.408549055326    -66.408549055326         0.15966E-03
    -66.408548499534    -66.408548499534         0.14999E-03
    -66.408547520924    -66.408547520924         0.17631E-03
    -66.408549079259    -66.408549079259         0.18561E-03
    -66.408549715818    -66.408549715818         0.12121E-03
    -66.408549223083    -66.408549223083         0.14484E-03
    -66.408552275934    -66.408552275934         0.18304E-03
    -66.408549456064    -66.408549456064         0.73352E-04
    -66.408548477131    -66.408548477131         0.78772E-04
    -66.408548274729    -66.408548274729         0.19396E-03
    -66.408535626568    -66.408535626568         0.15313E-03
    -66.408549065476    -66.408549065476         0.18434E-03
    -66.408549182966    -66.408549182966         0.17409E-03
    -66.408532065144    -66.408532065144         0.69822E-04
    -66.408546806205    -66.408546806205         0.18646E-03
    -66.408548183487    -66.408548183487         0.18812E-03
    -66.408546861483    -66.408546861483         0.17510E-03
    -66.408548290041    -66.408548290041         0.18535E-03
    -66.408542641711    -66.408542641711         0.11374E-03
    -66.408546333718    -66.408546333718         0.87319E-04
    -66.408513043505    -66.408513043505         0.17612E-03
    -66.408525959912    -66.408525959912         0.18441E-03
    -66.408547884022    -66.408547884022         0.12130E-03
    -66.408469672888    -66.408469672888         0.12148E-03
    -66.408469651634    -66.408469651634         0.13697E-03
    -66.408469479149    -66.408469479149         0.19789E-03
    -66.408515022205    -66.408515022205         0.10774E-03
    -66.408471458554    -66.408471458554         0.95081E-04
    -66.408470857102    -66.408470857102         0.13873E-03
    -66.408470292328    -66.408470292328         0.18338E-03
    -66.408469261067    -66.408469261067         0.14545E-03
    -66.408467930724    -66.408467930724         0.19149E-03
    -66.408471039668    -66.408471039668         0.12514E-03
    -66.408470926195    -66.408470926195         0.17696E-03
    -66.408470787544    -66.408470787544         0.10117E-03
    -66.408470793397    -66.408470793397         0.11013E-03
    -66.408471310202    -66.408471310202         0.14481E-03
    -66.408471171194    -66.408471171194         0.14937E-03
    -66.408468262737    -66.408468262737         0.18093E-03
    -66.408470118595    -66.408470118595         0.19847E-03
    -66.408471037214    -66.408471037214         0.19393E-03
    -66.408469513990    -66.408469513990         0.12095E-03
    -66.408469319632    -66.408469319632         0.14323E-03
    -66.408469445831    -66.408469445831         0.12552E-03
    -66.408469774738    -66.408469774738         0.18956E-03
    -66.408469606748    -66.408469606748         0.12973E-03
    -66.408469679516    -66.408469679516         0.12129E-03
    -66.408471032028    -66.408471032028         0.19415E-03
    -66.408470883330    -66.408470883330         0.16521E-03
    -66.408470834448    -66.408470834448         0.11677E-03
    -66.408470471544    -66.408470471544         0.91335E-04
    -66.408470780434    -66.408470780434         0.17473E-03
    -66.408470402944    -66.408470402944         0.19499E-03
    -66.408470555103    -66.408470555103         0.95198E-04
    -66.408469647180    -66.408469647180         0.16259E-03
    -66.408447410527    -66.408447410527         0.15792E-03
    -66.408470396114    -66.408470396114         0.16292E-03
    -66.408448390330    -66.408448390330         0.10582E-03
    -66.408447985817    -66.408447985817         0.86182E-04
    -66.408445266988    -66.408445266988         0.14707E-03
    -66.408447447463    -66.408447447463         0.10951E-03
    -66.408447977614    -66.408447977614         0.16433E-03
    -66.408468037427    -66.408468037427         0.17416E-03
    -66.408448406223    -66.408448406223         0.76961E-04
    -66.408448421581    -66.408448421581         0.17752E-03
    -66.408448573442    -66.408448573442         0.78667E-04
    -66.408442446374    -66.408442446374         0.73823E-04
    -66.408448671705    -66.408448671705         0.74829E-04
    -66.408448740081    -66.408448740081         0.62266E-04
    -66.408432718134    -66.408432718134         0.42667E-04
    -66.408448741235    -66.408448741235         0.16866E-03
    -66.408442675309    -66.408442675309         0.13007E-03
    -66.408432342940    -66.408432342940         0.11336E-03
    -66.408447174803    -66.408447174803         0.15600E-03
    -66.408448636568    -66.408448636568         0.15269E-03
    -66.408437926696    -66.408437926696         0.90592E-04
    -66.408445467559    -66.408445467559         0.14481E-03
    -66.408432058320    -66.408432058320         0.15264E-03
    -66.408433077440    -66.408433077440         0.75986E-04
    -66.408440022713    -66.408440022713         0.89361E-04
    -66.408430982723    -66.408430982723         0.81870E-04
    -66.408429546655    -66.408429546655         0.14637E-03
    -66.408432319035    -66.408432319035         0.11977E-03
    -66.408447903217    -66.408447903217         0.66231E-04
    -66.408447609839    -66.408447609839         0.93185E-04
    -66.408432421036    -66.408432421036         0.10379E-03
    -66.408432757117    -66.408432757117         0.11285E-03
    -66.408432020620    -66.408432020620         0.15818E-03
    -66.408432115872    -66.408432115872         0.95926E-04
    -66.408432078004    -66.408432078004         0.15224E-03
    -66.408432071608    -66.408432071608         0.13629E-03
    -66.408432688814    -66.408432688814         0.12728E-03
    -66.408432547312    -66.408432547312         0.13113E-03
    -66.408430168509    -66.408430168509         0.15249E-03
    -66.408432513759    -66.408432513759         0.65323E-04
    -66.408432141296    -66.408432141296         0.69006E-04
    -66.408442242498    -66.408442242498         0.73966E-04
    -66.408432189152    -66.408432189152         0.94811E-04
    -66.408432318130    -66.408432318130         0.18976E-03
    -66.408435950486    -66.408435950486         0.17879E-03
    -66.408446960158    -66.408446960158         0.69727E-04
    -66.408432435320    -66.408432435320         0.10882E-03
    -66.408436097923    -66.408436097923         0.90304E-04
    -66.408431917920    -66.408431917920         0.14999E-03
    -66.408432828065    -66.408432828065         0.80753E-04
    -66.408432866022    -66.408432866022         0.68791E-04
    -66.408432036589    -66.408432036589         0.16726E-03
    -66.408445633732    -66.408445633732         0.13720E-03
    -66.408430797578    -66.408430797578         0.11965E-03
    -66.408431830391    -66.408431830391         0.17597E-03
    -66.408432737965    -66.408432737965         0.15997E-03
    -66.408390377329    -66.408390377329         0.13329E-03
    -66.408432571657    -66.408432571657         0.14528E-03
    -66.408447460642    -66.408447460642         0.15246E-03
    -66.408431800510    -66.408431800510         0.84419E-04
    -66.408430162658    -66.408430162658         0.15623E-03
    -66.408431542147    -66.408431542147         0.17913E-03
    -66.408432644575    -66.408432644575         0.12850E-03
    -66.408431529003    -66.408431529003         0.15754E-03
    -66.408446701408    -66.408446701408         0.14288E-03
    -66.408420077988    -66.408420077988         0.18993E-03
    -66.408432103064    -66.408432103064         0.10836E-03
    -66.408440168965    -66.408440168965         0.16042E-03
    -66.408431234526    -66.408431234526         0.11528E-03
    -66.408431244554    -66.408431244554         0.14810E-03
    -66.408438679727    -66.408438679727         0.98849E-04
    -66.408434231053    -66.408434231053         0.18841E-03
    -66.408432155049    -66.408432155049         0.18907E-03
    -66.408431956258    -66.408431956258         0.13983E-03
    -66.408447533907    -66.408447533907         0.65876E-04
    -66.408431885562    -66.408431885562         0.14863E-03
    -66.408429893338    -66.408429893338         0.18925E-03
    -66.408390159898    -66.408390159898         0.10731E-03
    -66.408416571096    -66.408416571096         0.17625E-03
    -66.408446254431    -66.408446254431         0.14341E-03
    -66.408424705736    -66.408424705736         0.95825E-04
    -66.408447623127    -66.408447623127         0.16105E-03
    -66.408431898919    -66.408431898919         0.15243E-03
    -66.408431673881    -66.408431673881         0.16758E-03
    -66.408421817873    -66.408421817873         0.14621E-03
    -66.408432158537    -66.408432158537         0.15214E-03
    -66.408431702742    -66.408431702742         0.17963E-03
    -66.408430570416    -66.408430570416         0.16327E-03
    -66.408400893744    -66.408400893744         0.15817E-03
    -66.408431937233    -66.408431937233         0.14703E-03
    -66.408432361792    -66.408432361792         0.13375E-03
    -66.408414656585    -66.408414656585         0.10226E-03
    -66.408428940902    -66.408428940902         0.16386E-03
    -66.408397197388    -66.408397197388         0.16485E-03
    -66.408430026800    -66.408430026800         0.19719E-03
    -66.408405413654    -66.408405413654         0.19978E-03
    -66.408395815285    -66.408395815285         0.16619E-03
    -66.408390838883    -66.408390838883         0.10677E-03
    -66.408391227830    -66.408391227830         0.77031E-04
    -66.408431123027    -66.408431123027         0.13653E-03
    -66.408390250237    -66.408390250237         0.12173E-03
    -66.408390074552    -66.408390074552         0.14679E-03
    -66.408430575742    -66.408430575742         0.17347E-03
    -66.408388840639    -66.408388840639         0.17692E-03
    -66.408390873500    -66.408390873500         0.11081E-03
    -66.408390922676    -66.408390922676         0.18552E-03
    -66.408390618493    -66.408390618493         0.15951E-03
    -66.408391303332    -66.408391303332         0.74494E-04
    -66.408389504333    -66.408389504333         0.19979E-03
    -66.408391162903    -66.408391162903         0.15225E-03
    -66.408390281783    -66.408390281783         0.71272E-04
    -66.408391437293    -66.408391437293         0.50629E-04
    -66.408390166456    -66.408390166456         0.14834E-03
    -66.408390019915    -66.408390019915         0.10746E-03
    -66.408390304081    -66.408390304081         0.10551E-03
    -66.408388889549    -66.408388889549         0.14608E-03
    -66.408390494098    -66.408390494098         0.10190E-03
    -66.408390204640    -66.408390204640         0.84955E-04
    -66.408389699816    -66.408389699816         0.14591E-03
    -66.408389815089    -66.408389815089         0.16706E-03
    -66.408390069094    -66.408390069094         0.17031E-03
    -66.408390636512    -66.408390636512         0.11441E-03
    -66.408390327333    -66.408390327333         0.15356E-03
    -66.408391030251    -66.408391030251         0.12523E-03
    -66.408390826030    -66.408390826030         0.14735E-03
    -66.408391253688    -66.408391253688         0.11506E-03
    -66.408390491671    -66.408390491671         0.18260E-03
    -66.408390473166    -66.408390473166         0.18050E-03
    -66.408390853953    -66.408390853953         0.12910E-03
    -66.408389242629    -66.408389242629         0.18310E-03
    -66.408389296936    -66.408389296936         0.13065E-03
    -66.408389132450    -66.408389132450         0.12756E-03
    -66.408387935287    -66.408387935287         0.17471E-03
    -66.408387886914    -66.408387886914         0.11766E-03
    -66.408389983842    -66.408389983842         0.19368E-03
    -66.408390953601    -66.408390953601         0.12480E-03
    -66.408390372787    -66.408390372787         0.92032E-04
    -66.408388684045    -66.408388684045         0.18744E-03
    -66.408389955522    -66.408389955522         0.12339E-03
    -66.408389467305    -66.408389467305         0.17009E-03
    -66.408388315607    -66.408388315607         0.10651E-03
    -66.408387345278    -66.408387345278         0.19263E-03
    -66.408391257802    -66.408391257802         0.11247E-03
    -66.408391106119    -66.408391106119         0.14933E-03
    -66.408382343203    -66.408382343203         0.16622E-03
    -66.408390639646    -66.408390639646         0.19637E-03
    -66.408447368162    -66.408447368162         0.99686E-04
    -66.408389276419    -66.408389276419         0.18930E-03
    -66.408390474556    -66.408390474556         0.16807E-03
    -66.408369079029    -66.408369079029         0.19638E-03
    -66.408350768968    -66.408350768968         0.17398E-03
    -66.408367684233    -66.408367684233         0.63649E-04
    -66.408389167760    -66.408389167760         0.92106E-04
    -66.408349225125    -66.408349225125         0.96352E-04
    -66.408389269973    -66.408389269973         0.80467E-04
    -66.408357431666    -66.408357431666         0.10326E-03
    -66.408390529785    -66.408390529785         0.16986E-03
    -66.408369356829    -66.408369356829         0.17497E-03
    -66.408369978622    -66.408369978622         0.10549E-03
    -66.408387571120    -66.408387571120         0.13293E-03
    -66.408354627454    -66.408354627454         0.13490E-03
    -66.408371188912    -66.408371188912         0.19452E-03
    -66.408350279587    -66.408350279587         0.11391E-03
    -66.408359068882    -66.408359068882         0.18212E-03
    -66.408354400677    -66.408354400677         0.11101E-03
    -66.408346849231    -66.408346849231         0.18756E-03
    -66.408351216182    -66.408351216182         0.15528E-03
    -66.408360209483    -66.408360209483         0.86198E-04
    -66.408351142796    -66.408351142796         0.94961E-04
    -66.408350241632    -66.408350241632         0.15486E-03
    -66.408354224554    -66.408354224554         0.14565E-03
    -66.408351373940    -66.408351373940         0.94748E-04
    -66.408350405857    -66.408350405857         0.12341E-03
    -66.408350797450    -66.408350797450         0.10385E-03
    -66.408351094118    -66.408351094118         0.13149E-03
    -66.408387897049    -66.408387897049         0.17558E-03
    -66.408350520018    -66.408350520018         0.19675E-03
    -66.408348690402    -66.408348690402         0.10780E-03
    -66.408358284526    -66.408358284526         0.14230E-03
    -66.408355590366    -66.408355590366         0.13485E-03
    -66.408356639980    -66.408356639980         0.16227E-03
    -66.408350295655    -66.408350295655         0.12780E-03
    -66.408350262646    -66.408350262646         0.19546E-03
    -66.408351358599    -66.408351358599         0.12827E-03
    -66.408350556196    -66.408350556196         0.15312E-03
    -66.408349404248    -66.408349404248         0.10786E-03
    -66.408349710918    -66.408349710918         0.70301E-04
    -66.408390320468    -66.408390320468         0.14498E-03
    -66.408350001666    -66.408350001666         0.16397E-03
    -66.408350688523    -66.408350688523         0.13172E-03
    -66.408349182057    -66.408349182057         0.13778E-03
    -66.408349637854    -66.408349637854         0.99977E-04
    -66.408350438769    -66.408350438769         0.19599E-03
    -66.408356300960    -66.408356300960         0.10514E-03
    -66.408347899557    -66.408347899557         0.17889E-03
    -66.408351072274    -66.408351072274         0.18828E-03
    -66.408350481776    -66.408350481776         0.17079E-03
    -66.408350801282    -66.408350801282         0.12670E-03
    -66.408367135189    -66.408367135189         0.99265E-04
    -66.408349104785    -66.408349104785         0.13980E-03
    -66.408351215299    -66.408351215299         0.11748E-03
    -66.408349844104    -66.408349844104         0.16999E-03
    -66.408312913295    -66.408312913295         0.16642E-03
    -66.408325653698    -66.408325653698         0.10173E-03
    -66.408349337901    -66.408349337901         0.16352E-03
    -66.408315378183    -66.408315378183         0.15335E-03
    -66.408315795688    -66.408315795688         0.11483E-03
    -66.408211211741    -66.408211211741         0.64877E-04
    -66.408324499561    -66.408324499561         0.75981E-04
    -66.408210932784    -66.408210932784         0.10312E-03
    -66.408205153471    -66.408205153471         0.13324E-03
    -66.408212417556    -66.408212417556         0.86655E-04
    -66.408204248096    -66.408204248096         0.13163E-03
    -66.408201777463    -66.408201777463         0.17859E-03
    -66.408204751892    -66.408204751892         0.10173E-03
    -66.408182526388    -66.408182526388         0.65821E-04
    -66.408211338099    -66.408211338099         0.15441E-03
    -66.408172663626    -66.408172663626         0.80484E-04
    -66.408184239755    -66.408184239755         0.11424E-03
    -66.408174813353    -66.408174813353         0.10384E-03
    -66.408173981280    -66.408173981280         0.12034E-03
    -66.408173970578    -66.408173970578         0.74597E-04
    -66.408065399072    -66.408065399072         0.18842E-03
    -66.408072233794    -66.408072233794         0.13125E-03
    -66.408174177570    -66.408174177570         0.89402E-04
    -66.408029799646    -66.408029799646         0.10876E-03
    -66.407976778976    -66.407976778976         0.18373E-03
    -66.407973391167    -66.407973391167         0.10794E-03
    -66.407976621519    -66.407976621519         0.17534E-03
    -66.407977470348    -66.407977470348         0.17354E-03
    -66.407976756143    -66.407976756143         0.15405E-03
    -66.407975809392    -66.407975809392         0.14229E-03
    -66.407922919187    -66.407922919187         0.16529E-03
    -66.407922149571    -66.407922149571         0.15979E-03
    -66.407862170274    -66.407862170274         0.12710E-03
    -66.407920623753    -66.407920623753         0.17610E-03
    -66.407921855286    -66.407921855286         0.12571E-03
    -66.407920613761    -66.407920613761         0.19857E-03
    -66.407922227584    -66.407922227584         0.90035E-04
    -66.409951455302    -66.409951455302         0.71479E-04
    -66.407813945786    -66.407813945786         0.10130E-03
    -66.407809645832    -66.407809645832         0.17963E-03
    -66.407779610519    -66.407779610519         0.16135E-03
    -66.407809650506    -66.407809650506         0.84950E-04
    -66.407774050568    -66.407774050568         0.13182E-03
    -66.409911641097    -66.409911641097         0.57030E-04
    -66.407772093612    -66.407772093612         0.19214E-03
    -66.407811868331    -66.407811868331         0.90679E-04
    -66.407808388858    -66.407808388858         0.10705E-03
    -66.407810583750    -66.407810583750         0.12707E-03
    -66.409914279619    -66.409914279619         0.14618E-03
    -66.407776889214    -66.407776889214         0.13467E-03
    -66.407820452872    -66.407820452872         0.82535E-04
    -66.407785636942    -66.407785636942         0.12788E-03
    -66.407760094972    -66.407760094972         0.94030E-04
    -66.407759855710    -66.407759855710         0.16861E-03
    -66.407759862267    -66.407759862267         0.12604E-03
    -66.407759197311    -66.407759197311         0.10302E-03
    -66.409916863576    -66.409916863576         0.75100E-04
    -66.407759336043    -66.407759336043         0.17193E-03
    -66.407760686265    -66.407760686265         0.15338E-03
    -66.407760668289    -66.407760668289         0.10889E-03
    -66.407678214709    -66.407678214709         0.71317E-04
    -66.407758469494    -66.407758469494         0.19410E-03
    -66.407628343166    -66.407628343166         0.13158E-03
    -66.407628303058    -66.407628303058         0.13572E-03
    -66.407637105767    -66.407637105767         0.18465E-03
    -66.407601400986    -66.407601400986         0.17943E-03
    -66.409915640067    -66.409915640067         0.11258E-03
    -66.407600405336    -66.407600405336         0.99845E-04
    -66.409953321027    -66.409953321027         0.12204E-03
    -66.409916904993    -66.409916904993         0.72862E-04
    -66.409953175916    -66.409953175916         0.18369E-03
    -66.407442427774    -66.407442427774         0.16268E-03
    -66.407443360581    -66.407443360581         0.91582E-04
    -66.409952867594    -66.409952867594         0.16527E-03
    -66.407443848547    -66.407443848547         0.53693E-04
    -66.407382698275    -66.407382698275         0.17048E-03
    -66.407407510135    -66.407407510135         0.13794E-03
    -66.407385912392    -66.407385912392         0.10410E-03
    -66.407385275612    -66.407385275612         0.15741E-03
    -66.409121277025    -66.409121277025         0.10244E-03
    -66.409100125179    -66.409100125179         0.28903E-04
    -66.406956215808    -66.406956215808         0.16586E-03
    -66.406958029989    -66.406958029989         0.15067E-03
    -66.409043726493    -66.409043726493         0.48321E-04
    -66.406953634263    -66.406953634263         0.14894E-03
    -66.409065503289    -66.409065503289         0.16356E-03
    -66.409048230029    -66.409048230029         0.98501E-04
    -66.406950811132    -66.406950811132         0.10337E-03
    -66.406954361777    -66.406954361777         0.13162E-03
    -66.406944279228    -66.406944279228         0.14484E-03
    -66.406940551915    -66.406940551915         0.14872E-03
    -66.409050856446    -66.409050856446         0.17388E-03
    -66.409055493640    -66.409055493640         0.49354E-04
    -66.406954197977    -66.406954197977         0.18726E-03
    -66.406957001624    -66.406957001624         0.16878E-03
    -66.409040538949    -66.409040538949         0.68659E-04
    -66.406948905603    -66.406948905603         0.19604E-03
    -66.406826543828    -66.406826543828         0.13909E-03
    -66.409068477262    -66.409068477262         0.17365E-03
    -66.406828538915    -66.406828538915         0.14361E-03
    -66.406828172707    -66.406828172707         0.17390E-03
    -66.406828686100    -66.406828686100         0.59741E-04
    -66.406828692602    -66.406828692602         0.11036E-03
    -66.406829059392    -66.406829059392         0.17765E-03
    -66.406827875101    -66.406827875101         0.11609E-03
    -66.406828064373    -66.406828064373         0.13030E-03
    -66.406780727440    -66.406780727440         0.10928E-03
    -66.406780206028    -66.406780206028         0.18906E-03
    -66.406825672249    -66.406825672249         0.11728E-03
    -66.406780894949    -66.406780894949         0.90789E-04
    -66.406779408940    -66.406779408940         0.19025E-03
    -66.406794613302    -66.406794613302         0.13917E-03
    -66.406780950441    -66.406780950441         0.17784E-03
    -66.406780275594    -66.406780275594         0.19231E-03
    -66.406780490563    -66.406780490563         0.14208E-03
    -66.406780890831    -66.406780890831         0.10933E-03
    -66.406780683915    -66.406780683915         0.15703E-03
    -66.406780488698    -66.406780488698         0.16717E-03
    -66.406779675226    -66.406779675226         0.10596E-03
    -66.406779317568    -66.406779317568         0.17449E-03
    -66.406779755572    -66.406779755572         0.17125E-03
    -66.406778711342    -66.406778711342         0.10148E-03
    -66.406778231644    -66.406778231644         0.12874E-03
    -66.406780295051    -66.406780295051         0.79197E-04
    -66.406780522221    -66.406780522221         0.82417E-04
    -66.406779858184    -66.406779858184         0.74083E-04
    -66.406778774976    -66.406778774976         0.13202E-03
    -66.406742442716    -66.406742442716         0.19779E-03
    -66.406779053382    -66.406779053382         0.76108E-04
    -66.406744839154    -66.406744839154         0.10720E-03
    -66.406750485371    -66.406750485371         0.71654E-04
    -66.406745621568    -66.406745621568         0.16764E-03
    -66.406749058342    -66.406749058342         0.14102E-03
    -66.406746431117    -66.406746431117         0.10206E-03
    -66.409243922416    -66.409243922416         0.60828E-04
    -66.406779373145    -66.406779373145         0.17063E-03
    -66.406713170465    -66.406713170465         0.13343E-03
    -66.409121029588    -66.409121029588         0.18099E-03
    -66.406710557021    -66.406710557021         0.19061E-03
    -66.406702777408    -66.406702777408         0.10001E-03
    -66.406720159829    -66.406720159829         0.15844E-03
    -66.406701681218    -66.406701681218         0.19511E-03
    -66.409100679000    -66.409100679000         0.10285E-03
    -66.409029659757    -66.409029659757         0.46100E-04
    -66.406671223135    -66.406671223135         0.59019E-04
    -66.406671388589    -66.406671388589         0.18390E-03
    -66.406661820132    -66.406661820132         0.14850E-03
    -66.409050829998    -66.409050829998         0.11636E-03
    -66.406651232472    -66.406651232472         0.10846E-03
    -66.406613932039    -66.406613932039         0.98572E-04
    -66.406613563399    -66.406613563399         0.16016E-03
    -66.406613142775    -66.406613142775         0.12041E-03
    -66.406612421797    -66.406612421797         0.17429E-03
    -66.406611928944    -66.406611928944         0.11843E-03
    -66.406611964211    -66.406611964211         0.14286E-03
    -66.406579925148    -66.406579925148         0.16533E-03
    -66.406614214225    -66.406614214225         0.10779E-03
    -66.406612874120    -66.406612874120         0.13241E-03
    -66.406613184327    -66.406613184327         0.18296E-03
    -66.408911002509    -66.408911002509         0.86073E-04
    -66.406613806020    -66.406613806020         0.12420E-03
    -66.406611798636    -66.406611798636         0.76346E-04
    -66.406613342202    -66.406613342202         0.15186E-03
    -66.406611878501    -66.406611878501         0.13863E-03
    -66.406613709891    -66.406613709891         0.16395E-03
    -66.406612627752    -66.406612627752         0.77074E-04
    -66.406612017719    -66.406612017719         0.14621E-03
    -66.406612772084    -66.406612772084         0.17492E-03
    -66.406612664649    -66.406612664649         0.99067E-04
    -66.406612828194    -66.406612828194         0.98390E-04
    -66.406612700740    -66.406612700740         0.13310E-03
    -66.406612892637    -66.406612892637         0.16173E-03
    -66.406583435331    -66.406583435331         0.15358E-03
    -66.406612653319    -66.406612653319         0.19764E-03
    -66.406592460209    -66.406592460209         0.14961E-03
    -66.406553945284    -66.406553945284         0.17873E-03
    -66.406581695734    -66.406581695734         0.62875E-04
    -66.406553714719    -66.406553714719         0.79577E-04
    -66.406553730709    -66.406553730709         0.15225E-03
    -66.406551437562    -66.406551437562         0.56424E-04
    -66.406553874115    -66.406553874115         0.12620E-03
    -66.406554122237    -66.406554122237         0.12410E-03
    -66.406554313532    -66.406554313532         0.13893E-03
    -66.406554240293    -66.406554240293         0.17609E-03
    -66.406553334672    -66.406553334672         0.11681E-03
    -66.406553917634    -66.406553917634         0.12582E-03
    -66.406553512062    -66.406553512062         0.10337E-03
    -66.406552357356    -66.406552357356         0.19049E-03
    -66.406551096880    -66.406551096880         0.11662E-03
    -66.406552229515    -66.406552229515         0.17031E-03
    -66.406552901635    -66.406552901635         0.19168E-03
    -66.406554224594    -66.406554224594         0.12280E-03
    -66.406550527620    -66.406550527620         0.15653E-03
    -66.406549029040    -66.406549029040         0.14863E-03
    -66.406550872055    -66.406550872055         0.15889E-03
    -66.406552215927    -66.406552215927         0.10147E-03
    -66.406551706070    -66.406551706070         0.18964E-03
    -66.406551647271    -66.406551647271         0.19756E-03
    -66.406518218442    -66.406518218442         0.15829E-03
    -66.406551470689    -66.406551470689         0.14087E-03
    -66.406499369353    -66.406499369353         0.19370E-03
    -66.406499712738    -66.406499712738         0.15841E-03
    -66.406531566722    -66.406531566722         0.16410E-03
    -66.406499683137    -66.406499683137         0.10232E-03
    -66.406499367652    -66.406499367652         0.17407E-03
    -66.406496815416    -66.406496815416         0.13599E-03
    -66.406499957548    -66.406499957548         0.13017E-03
    -66.406495503550    -66.406495503550         0.13462E-03
    -66.406498718149    -66.406498718149         0.11381E-03
    -66.406496914809    -66.406496914809         0.92530E-04
    -66.406499280671    -66.406499280671         0.13316E-03
    -66.406494125442    -66.406494125442         0.11789E-03
    -66.406497486975    -66.406497486975         0.18240E-03
    -66.406496710337    -66.406496710337         0.13072E-03
    -66.406499525069    -66.406499525069         0.14548E-03
    -66.406496469733    -66.406496469733         0.11255E-03
    -66.406499931645    -66.406499931645         0.14644E-03
    -66.406500093952    -66.406500093952         0.89566E-04
    -66.406499644307    -66.406499644307         0.49805E-04
    -66.406498935600    -66.406498935600         0.19182E-03
    -66.406492195812    -66.406492195812         0.18295E-03
    -66.406499938920    -66.406499938920         0.15257E-03
    -66.406496866923    -66.406496866923         0.87022E-04
    -66.406495919136    -66.406495919136         0.14501E-03
    -66.406500256660    -66.406500256660         0.72093E-04
    -66.406498396087    -66.406498396087         0.87811E-04
    -66.406495168445    -66.406495168445         0.18875E-03
    -66.406496230713    -66.406496230713         0.10026E-03
    -66.406497651052    -66.406497651052         0.17003E-03
    -66.406464929345    -66.406464929345         0.16178E-03
    -66.406462436575    -66.406462436575         0.11363E-03
    -66.406495676313    -66.406495676313         0.16599E-03
    -66.406463544473    -66.406463544473         0.13419E-03
    -66.406493613351    -66.406493613351         0.84840E-04
    -66.406545845032    -66.406545845032         0.19514E-03
    -66.406499537697    -66.406499537697         0.10829E-03
    -66.406432401924    -66.406432401924         0.33126E-04
    -66.406461058387    -66.406461058387         0.18192E-03
    -66.406426813062    -66.406426813062         0.17054E-03
    -66.406431907136    -66.406431907136         0.76798E-04
    -66.406419589227    -66.406419589227         0.16971E-03
    -66.406431579326    -66.406431579326         0.17546E-03
    -66.406431840489    -66.406431840489         0.11101E-03
    -66.406430825980    -66.406430825980         0.88543E-04
    -66.406421515320    -66.406421515320         0.10920E-03
    -66.406421453745    -66.406421453745         0.98796E-04
    -66.406421785821    -66.406421785821         0.18837E-03
    -66.406419738997    -66.406419738997         0.14890E-03
    -66.406420240544    -66.406420240544         0.17005E-03
    -66.406419578666    -66.406419578666         0.18832E-03
    -66.406422405755    -66.406422405755         0.17837E-03
    -66.406428874658    -66.406428874658         0.78317E-04
    -66.406419915746    -66.406419915746         0.12588E-03
    -66.406421444653    -66.406421444653         0.15440E-03
    -66.406395173590    -66.406395173590         0.56652E-04
    -66.406394219535    -66.406394219535         0.13589E-03
    -66.406421312357    -66.406421312357         0.96256E-04
    -66.406392970276    -66.406392970276         0.13317E-03
    -66.406421599189    -66.406421599189         0.15216E-03
    -66.406430680140    -66.406430680140         0.19618E-03
    -66.406393446538    -66.406393446538         0.19430E-03
    -66.406395160071    -66.406395160071         0.16487E-03
    -66.406394389827    -66.406394389827         0.14301E-03
    -66.406431077889    -66.406431077889         0.11241E-03
    -66.406392842417    -66.406392842417         0.18408E-03
    -66.406395072166    -66.406395072166         0.12534E-03
    -66.406395547146    -66.406395547146         0.11748E-03
    -66.406389995485    -66.406389995485         0.13076E-03
    -66.406394548082    -66.406394548082         0.85991E-04
    -66.406395651861    -66.406395651861         0.16936E-03
    -66.406392465753    -66.406392465753         0.94254E-04
    -66.406391544319    -66.406391544319         0.17008E-03
    -66.406392561861    -66.406392561861         0.15346E-03
    -66.406418555592    -66.406418555592         0.12660E-03
    -66.406395730792    -66.406395730792         0.92593E-04
    -66.406394200462    -66.406394200462         0.18881E-03
    -66.406384135361    -66.406384135361         0.11476E-03
    -66.406363111648    -66.406363111648         0.18860E-03
    -66.406392650699    -66.406392650699         0.95816E-04
    -66.406364509209    -66.406364509209         0.13668E-03
    -66.406391749951    -66.406391749951         0.12935E-03
    -66.406364016321    -66.406364016321         0.10150E-03
    -66.406392294728    -66.406392294728         0.10300E-03
    -66.406395299064    -66.406395299064         0.58983E-04
    -66.406391747015    -66.406391747015         0.72882E-04
    -66.406363398998    -66.406363398998         0.16058E-03
    -66.406391276876    -66.406391276876         0.18711E-03
    -66.406394741868    -66.406394741868         0.14278E-03
    -66.406391925100    -66.406391925100         0.14850E-03
    -66.406431361236    -66.406431361236         0.17287E-03
    -66.406391995998    -66.406391995998         0.15545E-03
    -66.406392064665    -66.406392064665         0.88126E-04
    -66.406431875597    -66.406431875597         0.63788E-04
    -66.406394661629    -66.406394661629         0.15729E-03
    -66.406392393475    -66.406392393475         0.13109E-03
    -66.406391115566    -66.406391115566         0.17398E-03
    -66.406391082666    -66.406391082666         0.10361E-03
    -66.406400164378    -66.406400164378         0.18684E-03
    -66.406392813580    -66.406392813580         0.13792E-03
    -66.406422315706    -66.406422315706         0.12815E-03
    -66.406391743895    -66.406391743895         0.10113E-03
    -66.406394868220    -66.406394868220         0.88663E-04
    -66.406392853809    -66.406392853809         0.16920E-03
    -66.406390351412    -66.406390351412         0.11489E-03
    -66.406394817027    -66.406394817027         0.16585E-03
    -66.406397135114    -66.406397135114         0.13610E-03
    -66.406393017596    -66.406393017596         0.10955E-03
    -66.406393015265    -66.406393015265         0.13387E-03
    -66.406390631848    -66.406390631848         0.18864E-03
    -66.406363330792    -66.406363330792         0.17316E-03
    -66.406394526275    -66.406394526275         0.11720E-03
    -66.406363084278    -66.406363084278         0.11223E-03
    -66.406361700208    -66.406361700208         0.14102E-03
    -66.406363932770    -66.406363932770         0.17162E-03
    -66.406363653040    -66.406363653040         0.15010E-03
    -66.406363271355    -66.406363271355         0.16856E-03
    -66.406361540016    -66.406361540016         0.19710E-03
    -66.406389114121    -66.406389114121         0.10488E-03
    -66.406362677662    -66.406362677662         0.18722E-03
    -66.406359235334    -66.406359235334         0.18282E-03
    -66.406359453096    -66.406359453096         0.98887E-04
    -66.406362910131    -66.406362910131         0.11322E-03
    -66.406357026008    -66.406357026008         0.10629E-03
    -66.406362950009    -66.406362950009         0.11615E-03
    -66.406421980070    -66.406421980070         0.46225E-04
    -66.406362867341    -66.406362867341         0.16384E-03
    -66.406394152158    -66.406394152158         0.71715E-04
    -66.406363657385    -66.406363657385         0.15190E-03
    -66.406392847079    -66.406392847079         0.19142E-03
    -66.406391806718    -66.406391806718         0.18911E-03
    -66.406362195366    -66.406362195366         0.16171E-03
    -66.406341689357    -66.406341689357         0.17082E-03
    -66.406361220641    -66.406361220641         0.13416E-03
    -66.406362744185    -66.406362744185         0.17003E-03
    -66.408470839023    -66.408470839023         0.13838E-03
    -66.408350733313    -66.408350733313         0.11967E-03
    -66.410236962355    -66.410236962355         0.18309E-03
    -66.410315667750    -66.410315667750         0.88680E-04
    -66.405725911496    -66.405725911496         0.65530E-04
    -66.410319026402    -66.410319026402         0.16859E-03
    -66.408432692814    -66.408432692814         0.19200E-03
    -66.410202776256    -66.410202776256         0.12555E-03
    -66.410202366861    -66.410202366861         0.14716E-03
    -66.405531219194    -66.405531219194         0.13929E-03
    -66.405432411561    -66.405432411561         0.19138E-03
    -66.405396013610    -66.405396013610         0.12171E-03
    -66.405393939816    -66.405393939816         0.12553E-03
    -66.409214598399    -66.409214598399         0.18803E-03
    -66.405059036844    -66.405059036844         0.12245E-03
    -66.409529630990    -66.409529630990         0.10074E-03
    -66.409345041775    -66.409345041775         0.12948E-03
    -66.409344983886    -66.409344983886         0.12587E-03
    -66.409363442126    -66.409363442126         0.17121E-03
    -66.409425454422    -66.409425454422         0.92370E-04
    -66.409325939388    -66.409325939388         0.10974E-03
    -66.409207295267    -66.409207295267         0.40095E-04
    -66.409531236918    -66.409531236918         0.12925E-03
    -66.409309972064    -66.409309972064         0.17526E-03
    -66.409734879255    -66.409734879255         0.12431E-03
    -66.409244004240    -66.409244004240         0.17704E-03
    -66.404714352203    -66.404714352203         0.18499E-03
    -66.409446858005    -66.409446858005         0.19608E-04
    -66.409344438499    -66.409344438499         0.10805E-03
    -66.409186320031    -66.409186320031         0.13370E-03
    -66.406496964062    -66.406496964062         0.56008E-04
    -66.408351276528    -66.408351276528         0.12246E-03
    -66.406496302658    -66.406496302658         0.15181E-03
    -66.406554282599    -66.406554282599         0.11395E-03
    -66.403908463111    -66.403908463111         0.17766E-03
    -66.406363708735    -66.406363708735         0.11661E-03
    -66.408669763033    -66.408669763033         0.13791E-03
    -66.408367119331    -66.408367119331         0.13008E-03
    -66.406363345673    -66.406363345673         0.11705E-03
    -66.406498289306    -66.406498289306         0.11492E-03
    -66.409449676286    -66.409449676286         0.17558E-03
