    -68.448390784074    -68.448390784074         0.17913E-03
    -68.448390663854    -68.448390663854         0.15868E-03
    -68.448390554534    -68.448390554534         0.14952E-03
    -68.448390322132    -68.448390322132         0.16481E-03
    -68.448390925951    -68.448390925951         0.92787E-04
    -68.448390787434    -68.448390787434         0.16010E-03
    -68.448390481761    -68.448390481761         0.18000E-03
    -68.448390686683    -68.448390686683         0.11921E-03
    -68.448390639190    -68.448390639190         0.16115E-03
    -68.448389714942    -68.448389714942         0.14019E-03
    -68.448390238261    -68.448390238261         0.19609E-03
    -68.448390576244    -68.448390576244         0.84546E-04
    -68.448390676320    -68.448390676320         0.12964E-03
    -68.448389530971    -68.448389530971         0.19152E-03
    -68.448390086367    -68.448390086367         0.96654E-04
    -68.448390549215    -68.448390549215         0.10068E-03
    -68.448390628057    -68.448390628057         0.87702E-04
    -68.448390188018    -68.448390188018         0.16119E-03
    -68.448390253563    -68.448390253563         0.15857E-03
    -68.448390050217    -68.448390050217         0.11667E-03
    -68.448389596921    -68.448389596921         0.17729E-03
    -68.448390104001    -68.448390104001         0.14047E-03
    -68.448388885479    -68.448388885479         0.14547E-03
    -68.448389507812    -68.448389507812         0.16511E-03
    -68.448389669447    -68.448389669447         0.70477E-04
    -68.448390613470    -68.448390613470         0.85916E-04
    -68.448389207839    -68.448389207839         0.12223E-03
    -68.448389034801    -68.448389034801         0.17617E-03
    -68.448390736725    -68.448390736725         0.12506E-03
    -68.448388238651    -68.448388238651         0.14603E-03
    -68.448389839994    -68.448389839994         0.14182E-03
    -68.448389586076    -68.448389586076         0.10387E-03
    -68.448389407246    -68.448389407246         0.17394E-03
    -68.448388678690    -68.448388678690         0.14102E-03
    -68.448388333193    -68.448388333193         0.73933E-04
    -68.448382413663    -68.448382413663         0.35633E-04
    -68.448389807468    -68.448389807468         0.16150E-03
    -68.448388431604    -68.448388431604         0.13743E-03
    -68.448388850447    -68.448388850447         0.11084E-03
    -68.448387801587    -68.448387801587         0.13593E-03
    -68.448389513187    -68.448389513187         0.63826E-04
    -68.448387213881    -68.448387213881         0.19446E-03
    -68.448389425904    -68.448389425904         0.78589E-04
    -68.448387163401    -68.448387163401         0.21684E-04
    -68.448388286443    -68.448388286443         0.25672E-04
    -68.448354496798    -68.448354496798         0.34519E-04
    -68.448389925295    -68.448389925295         0.14128E-03
    -68.448354566584    -68.448354566584         0.97990E-04
    -68.448353747223    -68.448353747223         0.19661E-03
    -68.448354238213    -68.448354238213         0.11485E-03
    -68.448353639994    -68.448353639994         0.18606E-03
    -68.448353252244    -68.448353252244         0.19519E-03
    -68.448378389209    -68.448378389209         0.63689E-04
    -68.448353226960    -68.448353226960         0.17113E-03
    -68.448353344806    -68.448353344806         0.12597E-03
    -68.448354342993    -68.448354342993         0.86620E-04
    -68.448354114417    -68.448354114417         0.13553E-03
    -68.448354184745    -68.448354184745         0.87329E-04
    -68.448354388811    -68.448354388811         0.14625E-03
    -68.448353988096    -68.448353988096         0.12896E-03
    -68.448354220331    -68.448354220331         0.19273E-03
    -68.448353354444    -68.448353354444         0.11257E-03
    -68.448351179341    -68.448351179341         0.78054E-04
    -68.448353486999    -68.448353486999         0.10233E-03
    -68.448354129154    -68.448354129154         0.14058E-03
    -68.448354201868    -68.448354201868         0.14037E-03
    -68.448353650201    -68.448353650201         0.19837E-03
    -68.448353370447    -68.448353370447         0.62804E-04
    -68.448352855382    -68.448352855382         0.16362E-03
    -68.448354553540    -68.448354553540         0.99584E-04
    -68.448349205489    -68.448349205489         0.10924E-03
    -68.448346021599    -68.448346021599         0.11340E-03
    -68.448352833151    -68.448352833151         0.11895E-03
    -68.448353055133    -68.448353055133         0.11318E-03
    -68.448345979442    -68.448345979442         0.15091E-03
    -68.448345832779    -68.448345832779         0.17800E-03
    -68.448346619129    -68.448346619129         0.15896E-03
    -68.448345415085    -68.448345415085         0.76007E-04
    -68.448346816308    -68.448346816308         0.14633E-03
    -68.448351723904    -68.448351723904         0.16745E-03
    -68.448342314991    -68.448342314991         0.17694E-03
    -68.448348789592    -68.448348789592         0.17446E-03
    -68.448344502913    -68.448344502913         0.11318E-03
    -68.448345235862    -68.448345235862         0.19967E-03
    -68.448351798051    -68.448351798051         0.23307E-04
    -68.448345466939    -68.448345466939         0.18738E-03
    -68.448345870950    -68.448345870950         0.79222E-04
    -68.448346198634    -68.448346198634         0.18657E-03
    -68.448346266252    -68.448346266252         0.12239E-03
    -68.448335880266    -68.448335880266         0.51967E-04
    -68.448345368838    -68.448345368838         0.62084E-04
    -68.448344667553    -68.448344667553         0.16892E-03
    -68.448346583652    -68.448346583652         0.13875E-03
    -68.448325382344    -68.448325382344         0.10451E-03
    -68.448348553347    -68.448348553347         0.57114E-04
    -68.448345991467    -68.448345991467         0.13956E-03
    -68.448344112585    -68.448344112585         0.10150E-03
    -68.448346426768    -68.448346426768         0.10144E-03
    -68.448354294674    -68.448354294674         0.58652E-04
    -68.448346528972    -68.448346528972         0.17281E-03
    -68.448347577267    -68.448347577267         0.19582E-03
    -68.448345799861    -68.448345799861         0.54409E-04
    -68.448353318499    -68.448353318499         0.18282E-03
    -68.448346590431    -68.448346590431         0.10251E-03
    -68.448345059570    -68.448345059570         0.93107E-04
    -68.448344927836    -68.448344927836         0.92847E-04
    -68.448344935820    -68.448344935820         0.11732E-03
    -68.448345765885    -68.448345765885         0.91714E-04
    -68.448345185555    -68.448345185555         0.18369E-03
    -68.448346686833    -68.448346686833         0.10046E-03
    -68.448348973506    -68.448348973506         0.51237E-04
    -68.448343644198    -68.448343644198         0.17799E-03
    -68.448345462290    -68.448345462290         0.15227E-03
    -68.448341787011    -68.448341787011         0.68564E-04
    -68.448346643607    -68.448346643607         0.19943E-03
    -68.448331415256    -68.448331415256         0.55923E-04
    -68.448344553585    -68.448344553585         0.13551E-03
    -68.448345591537    -68.448345591537         0.19675E-03
    -68.448329822452    -68.448329822452         0.51610E-04
    -68.448345273293    -68.448345273293         0.13784E-03
    -68.448352797848    -68.448352797848         0.91069E-04
    -68.448346884869    -68.448346884869         0.64618E-04
    -68.448346093208    -68.448346093208         0.59463E-04
    -68.448332606343    -68.448332606343         0.52989E-04
    -68.448372495898    -68.448372495898         0.71045E-04
    -68.448332359486    -68.448332359486         0.47378E-04
    -68.448345861328    -68.448345861328         0.13498E-03
    -68.448345670460    -68.448345670460         0.93737E-04
    -68.448331821496    -68.448331821496         0.69427E-04
    -68.448330018238    -68.448330018238         0.11961E-03
    -68.448346232245    -68.448346232245         0.91125E-04
    -68.448343341471    -68.448343341471         0.19098E-03
    -68.448346451982    -68.448346451982         0.19508E-03
    -68.448344185676    -68.448344185676         0.13648E-03
    -68.448330148679    -68.448330148679         0.12195E-03
    -68.448352066450    -68.448352066450         0.86655E-04
    -68.448346412609    -68.448346412609         0.15496E-03
    -68.448346128845    -68.448346128845         0.50806E-04
    -68.448343537624    -68.448343537624         0.18676E-03
    -68.448345859914    -68.448345859914         0.19643E-03
    -68.448344151334    -68.448344151334         0.52993E-04
    -68.448345860463    -68.448345860463         0.13939E-03
    -68.448343129114    -68.448343129114         0.75601E-04
    -68.448345680065    -68.448345680065         0.14500E-03
    -68.448345937767    -68.448345937767         0.17741E-03
    -68.448349944136    -68.448349944136         0.45310E-04
    -68.448342492690    -68.448342492690         0.18261E-03
    -68.448345827646    -68.448345827646         0.18059E-03
    -68.448343162639    -68.448343162639         0.25023E-04
    -68.448345828659    -68.448345828659         0.17897E-03
    -68.448345822888    -68.448345822888         0.17940E-03
    -68.448345620304    -68.448345620304         0.18206E-03
    -68.448346733949    -68.448346733949         0.91936E-04
    -68.448345492272    -68.448345492272         0.18741E-03
    -68.448347074808    -68.448347074808         0.12128E-03
    -68.448342431590    -68.448342431590         0.10744E-03
    -68.448342994846    -68.448342994846         0.35673E-04
    -68.448346616456    -68.448346616456         0.19337E-03
    -68.448345698514    -68.448345698514         0.12196E-03
    -68.448345435456    -68.448345435456         0.19112E-03
    -68.448370360694    -68.448370360694         0.56035E-04
    -68.448346436343    -68.448346436343         0.54636E-04
    -68.448341141432    -68.448341141432         0.82552E-04
    -68.448351315640    -68.448351315640         0.26362E-04
    -68.448346849829    -68.448346849829         0.78985E-04
    -68.448340242084    -68.448340242084         0.59400E-04
    -68.448340990417    -68.448340990417         0.86490E-04
    -68.448350833245    -68.448350833245         0.34332E-04
    -68.448346062690    -68.448346062690         0.12650E-03
    -68.448375801716    -68.448375801716         0.48659E-04
    -68.448347459773    -68.448347459773         0.28161E-04
    -68.448343994310    -68.448343994310         0.12763E-03
    -68.448063207754    -68.448063207754         0.14171E-03
    -68.448063723575    -68.448063723575         0.51754E-04
    -68.448063152488    -68.448063152488         0.14541E-03
    -68.448063507082    -68.448063507082         0.13063E-03
    -68.448063172818    -68.448063172818         0.95301E-04
    -68.448062912009    -68.448062912009         0.12843E-03
    -68.448063340033    -68.448063340033         0.11661E-03
    -68.448061027419    -68.448061027419         0.86064E-04
    -68.448062925528    -68.448062925528         0.12100E-03
    -68.448062507462    -68.448062507462         0.13175E-03
    -68.448061166075    -68.448061166075         0.13719E-03
    -68.448060971174    -68.448060971174         0.14950E-03
    -68.448057919860    -68.448057919860         0.13617E-03
    -68.448061512692    -68.448061512692         0.14900E-03
    -68.448062256573    -68.448062256573         0.13233E-03
    -68.448061398427    -68.448061398427         0.14051E-03
    -68.448061682500    -68.448061682500         0.10791E-03
    -68.448062001053    -68.448062001053         0.14747E-03
    -68.448057280050    -68.448057280050         0.17980E-03
    -68.448054646519    -68.448054646519         0.17569E-03
    -68.448057026068    -68.448057026068         0.11891E-03
    -68.448056625564    -68.448056625564         0.13474E-03
    -68.448062176575    -68.448062176575         0.11619E-03
    -68.448061177299    -68.448061177299         0.10539E-03
    -68.448060203411    -68.448060203411         0.18141E-03
    -68.448061746936    -68.448061746936         0.19188E-03
    -68.448063203371    -68.448063203371         0.16883E-03
    -68.448057495791    -68.448057495791         0.16486E-03
    -68.448062576134    -68.448062576134         0.15420E-03
    -68.448054645368    -68.448054645368         0.17563E-03
    -68.448062550070    -68.448062550070         0.13732E-03
    -68.448057189581    -68.448057189581         0.12468E-03
    -68.448057282007    -68.448057282007         0.97368E-04
    -68.448062609169    -68.448062609169         0.95489E-04
    -68.448061281500    -68.448061281500         0.19784E-03
    -68.448062546880    -68.448062546880         0.97614E-04
    -68.448057684944    -68.448057684944         0.11668E-03
    -68.448056502079    -68.448056502079         0.11416E-03
    -68.448062414888    -68.448062414888         0.86571E-04
    -68.448056539196    -68.448056539196         0.16700E-03
    -68.448057468938    -68.448057468938         0.13451E-03
    -68.448062010814    -68.448062010814         0.19428E-03
    -68.448055631197    -68.448055631197         0.18913E-03
    -68.448062157929    -68.448062157929         0.14914E-04
    -68.448055979186    -68.448055979186         0.12193E-03
    -68.448056215115    -68.448056215115         0.15324E-03
    -68.448056973022    -68.448056973022         0.11890E-03
    -68.448056705271    -68.448056705271         0.11903E-03
    -68.448056389947    -68.448056389947         0.18669E-03
    -68.448061195787    -68.448061195787         0.17421E-03
    -68.448054794223    -68.448054794223         0.19590E-03
    -68.448054835242    -68.448054835242         0.19202E-03
    -68.448062317345    -68.448062317345         0.16997E-03
    -68.448057383156    -68.448057383156         0.78913E-04
    -68.448061636329    -68.448061636329         0.11041E-03
    -68.448058087622    -68.448058087622         0.94405E-04
    -68.448055604977    -68.448055604977         0.19352E-03
    -68.448062243277    -68.448062243277         0.18543E-03
    -68.448055895482    -68.448055895482         0.50101E-04
    -68.448055776720    -68.448055776720         0.18895E-03
    -68.448055861427    -68.448055861427         0.17526E-03
    -68.448059261941    -68.448059261941         0.17961E-03
    -68.448055258972    -68.448055258972         0.84798E-04
    -68.448057013946    -68.448057013946         0.11729E-03
    -68.448060070967    -68.448060070967         0.96669E-04
    -68.448060847063    -68.448060847063         0.14548E-03
    -68.447857498019    -68.447857498019         0.93199E-04
    -68.448061019751    -68.448061019751         0.74468E-04
    -68.447857524267    -68.447857524267         0.69595E-04
    -68.447857387186    -68.447857387186         0.11813E-03
    -68.447857362054    -68.447857362054         0.13721E-03
    -68.447857230615    -68.447857230615         0.18537E-03
    -68.447857392440    -68.447857392440         0.59568E-04
    -68.447857202777    -68.447857202777         0.82632E-04
    -68.447857312759    -68.447857312759         0.11257E-03
    -68.447857070782    -68.447857070782         0.17689E-03
    -68.447856782331    -68.447856782331         0.12160E-03
    -68.447857294889    -68.447857294889         0.17457E-03
    -68.447857203006    -68.447857203006         0.15522E-03
    -68.447856469530    -68.447856469530         0.16657E-03
    -68.447856545998    -68.447856545998         0.11942E-03
    -68.447857371434    -68.447857371434         0.15359E-03
    -68.447857414093    -68.447857414093         0.73252E-04
    -68.447856838990    -68.447856838990         0.17100E-03
    -68.447857323777    -68.447857323777         0.13568E-03
    -68.447857414859    -68.447857414859         0.18288E-03
    -68.447856006246    -68.447856006246         0.10348E-03
    -68.447856464702    -68.447856464702         0.80357E-04
    -68.447857416391    -68.447857416391         0.15104E-03
    -68.447857068966    -68.447857068966         0.11038E-03
    -68.447856472263    -68.447856472263         0.12159E-03
    -68.447855895296    -68.447855895296         0.11469E-03
    -68.447856868134    -68.447856868134         0.16993E-03
    -68.447856896765    -68.447856896765         0.19524E-03
    -68.447855644889    -68.447855644889         0.13257E-03
    -68.447856897492    -68.447856897492         0.10385E-03
    -68.447855881141    -68.447855881141         0.73626E-04
    -68.447856274475    -68.447856274475         0.15891E-03
    -68.447855374007    -68.447855374007         0.17069E-03
    -68.447856989744    -68.447856989744         0.12965E-03
    -68.447856480270    -68.447856480270         0.19035E-03
    -68.447855491818    -68.447855491818         0.14726E-03
    -68.447856400703    -68.447856400703         0.10439E-03
    -68.447856550251    -68.447856550251         0.14079E-03
    -68.447857081582    -68.447857081582         0.15696E-03
    -68.447854637376    -68.447854637376         0.17563E-03
    -68.447855296048    -68.447855296048         0.27786E-04
    -68.447843599133    -68.447843599133         0.15441E-03
    -68.447843769710    -68.447843769710         0.15076E-03
    -68.447844027713    -68.447844027713         0.13356E-03
    -68.447855757345    -68.447855757345         0.46411E-04
    -68.447843479092    -68.447843479092         0.18871E-03
    -68.447844140398    -68.447844140398         0.10814E-03
    -68.447843519226    -68.447843519226         0.17897E-03
    -68.447844017525    -68.447844017525         0.19721E-03
    -68.447843634050    -68.447843634050         0.10788E-03
    -68.447844039359    -68.447844039359         0.44623E-04
    -68.447842706624    -68.447842706624         0.99535E-04
    -68.447842656609    -68.447842656609         0.70324E-04
    -68.447843215161    -68.447843215161         0.11233E-03
    -68.447843842151    -68.447843842151         0.94915E-04
    -68.447843475364    -68.447843475364         0.18361E-03
    -68.447843210812    -68.447843210812         0.12414E-03
    -68.447842554722    -68.447842554722         0.13535E-03
    -68.447842394989    -68.447842394989         0.19083E-03
    -68.447842681463    -68.447842681463         0.17380E-03
    -68.447843932155    -68.447843932155         0.15899E-03
    -68.447842639597    -68.447842639597         0.17000E-03
    -68.447841294494    -68.447841294494         0.19823E-03
    -68.447841629370    -68.447841629370         0.14031E-03
    -68.447842422342    -68.447842422342         0.16029E-03
    -68.447843012470    -68.447843012470         0.14470E-03
    -68.447841072735    -68.447841072735         0.12378E-03
    -68.447849346823    -68.447849346823         0.72913E-04
    -68.447840205913    -68.447840205913         0.19418E-03
    -68.447856288474    -68.447856288474         0.67165E-04
    -68.447840666894    -68.447840666894         0.17284E-03
    -68.447844120035    -68.447844120035         0.48769E-04
    -68.447844038698    -68.447844038698         0.35909E-04
    -68.447842321288    -68.447842321288         0.17318E-03
    -68.447849761860    -68.447849761860         0.11083E-03
    -68.447844025101    -68.447844025101         0.54953E-04
    -68.447840237355    -68.447840237355         0.19042E-03
    -68.447843533684    -68.447843533684         0.12416E-03
    -68.447842594173    -68.447842594173         0.94095E-04
    -68.447842983843    -68.447842983843         0.82138E-04
    -68.447841257650    -68.447841257650         0.18873E-03
    -68.447842929624    -68.447842929624         0.13535E-03
    -68.447842621530    -68.447842621530         0.16705E-03
    -68.447843705237    -68.447843705237         0.15156E-03
    -68.447843636544    -68.447843636544         0.17192E-03
    -68.447844038859    -68.447844038859         0.11680E-03
    -68.447855713801    -68.447855713801         0.26292E-04
    -68.447843311139    -68.447843311139         0.13033E-03
    -68.447840362585    -68.447840362585         0.17405E-03
    -68.447841111247    -68.447841111247         0.12620E-03
    -68.447843006962    -68.447843006962         0.19881E-03
    -68.447842431083    -68.447842431083         0.19006E-03
    -68.447843435653    -68.447843435653         0.16600E-03
    -68.447839402387    -68.447839402387         0.19145E-03
    -68.447841315546    -68.447841315546         0.11070E-03
    -68.447843464027    -68.447843464027         0.15330E-03
    -68.447842934950    -68.447842934950         0.29124E-04
    -68.447841264290    -68.447841264290         0.51635E-04
    -68.447843036039    -68.447843036039         0.12190E-03
    -68.447842195931    -68.447842195931         0.12020E-03
    -68.447765863562    -68.447765863562         0.18265E-03
    -68.447765989161    -68.447765989161         0.17928E-03
    -68.447765950198    -68.447765950198         0.10160E-03
    -68.447764877457    -68.447764877457         0.10126E-03
    -68.447843604081    -68.447843604081         0.12229E-03
    -68.447766231195    -68.447766231195         0.11533E-03
    -68.447765432441    -68.447765432441         0.14846E-03
    -68.447764747083    -68.447764747083         0.13162E-03
    -68.447764060162    -68.447764060162         0.73334E-04
    -68.447763851819    -68.447763851819         0.19785E-03
    -68.447766105600    -68.447766105600         0.16798E-03
    -68.447764150097    -68.447764150097         0.80411E-04
    -68.447765217543    -68.447765217543         0.80323E-04
    -68.447764019283    -68.447764019283         0.16802E-03
    -68.447763716702    -68.447763716702         0.17745E-03
    -68.447765671021    -68.447765671021         0.15908E-03
    -68.447764072707    -68.447764072707         0.92661E-04
    -68.447765575363    -68.447765575363         0.16078E-03
    -68.447765960820    -68.447765960820         0.11405E-03
    -68.447765882025    -68.447765882025         0.76582E-04
    -68.447764089122    -68.447764089122         0.32386E-04
    -68.447764529800    -68.447764529800         0.11344E-03
    -68.447764718661    -68.447764718661         0.80129E-04
    -68.447753424238    -68.447753424238         0.86014E-04
    -68.447763887553    -68.447763887553         0.18329E-03
    -68.447766005396    -68.447766005396         0.65197E-04
    -68.447763234605    -68.447763234605         0.20175E-04
    -68.447765251878    -68.447765251878         0.12637E-03
    -68.447760668074    -68.447760668074         0.10926E-03
    -68.447759559730    -68.447759559730         0.78262E-04
    -68.447764732330    -68.447764732330         0.10976E-03
    -68.447724867001    -68.447724867001         0.17102E-03
    -68.447758785594    -68.447758785594         0.93173E-04
    -68.447724484579    -68.447724484579         0.14963E-03
    -68.447725011931    -68.447725011931         0.10141E-03
    -68.447724959944    -68.447724959944         0.78113E-04
    -68.447723454773    -68.447723454773         0.15703E-03
    -68.447725071918    -68.447725071918         0.13485E-03
    -68.447763154186    -68.447763154186         0.86262E-04
    -68.447724585659    -68.447724585659         0.13649E-03
    -68.447723469005    -68.447723469005         0.10568E-03
    -68.447724627283    -68.447724627283         0.11959E-03
    -68.447725094831    -68.447725094831         0.11519E-03
    -68.447724015464    -68.447724015464         0.17796E-03
    -68.447722813628    -68.447722813628         0.15677E-03
    -68.447723113134    -68.447723113134         0.40116E-04
    -68.447721057443    -68.447721057443         0.15431E-03
    -68.447722935853    -68.447722935853         0.10287E-03
    -68.447723751690    -68.447723751690         0.87903E-04
    -68.447723586867    -68.447723586867         0.13265E-03
    -68.447724778344    -68.447724778344         0.78795E-04
    -68.447761617901    -68.447761617901         0.66608E-04
    -68.447722395945    -68.447722395945         0.11294E-03
    -68.447723546374    -68.447723546374         0.23759E-04
    -68.447723158959    -68.447723158959         0.16053E-04
    -68.447724692695    -68.447724692695         0.18568E-03
    -68.447719524802    -68.447719524802         0.55372E-04
    -68.447722418263    -68.447722418263         0.17997E-04
    -68.447723234959    -68.447723234959         0.39381E-04
    -68.447716743392    -68.447716743392         0.13926E-03
    -68.447723611566    -68.447723611566         0.61695E-04
    -68.447724877730    -68.447724877730         0.64861E-04
    -68.447721576701    -68.447721576701         0.12316E-03
    -68.447764119772    -68.447764119772         0.53702E-04
    -68.447712790570    -68.447712790570         0.83022E-04
    -68.447592820756    -68.447592820756         0.69572E-04
    -68.447592297532    -68.447592297532         0.17665E-03
    -68.447592742543    -68.447592742543         0.17216E-03
    -68.447592177987    -68.447592177987         0.71236E-04
    -68.447592330570    -68.447592330570         0.14787E-03
    -68.447592900844    -68.447592900844         0.11718E-03
    -68.447722392651    -68.447722392651         0.18684E-04
    -68.447592835766    -68.447592835766         0.11197E-03
    -68.447592688313    -68.447592688313         0.10709E-03
    -68.447591683159    -68.447591683159         0.10764E-03
    -68.447592204967    -68.447592204967         0.17338E-03
    -68.447592509507    -68.447592509507         0.17634E-03
    -68.447592313874    -68.447592313874         0.16601E-03
    -68.447591933071    -68.447591933071         0.93049E-04
    -68.447592148502    -68.447592148502         0.99027E-04
    -68.447592333051    -68.447592333051         0.14625E-03
    -68.447592535045    -68.447592535045         0.90839E-04
    -68.447591966066    -68.447591966066         0.18605E-03
    -68.447592382321    -68.447592382321         0.84457E-04
    -68.447592366263    -68.447592366263         0.10705E-03
    -68.447591552643    -68.447591552643         0.96516E-04
    -68.447591434874    -68.447591434874         0.83913E-04
    -68.447592620954    -68.447592620954         0.17928E-03
    -68.447592241983    -68.447592241983         0.14533E-03
    -68.447592162836    -68.447592162836         0.74879E-04
    -68.447592179499    -68.447592179499         0.13969E-03
    -68.447592016213    -68.447592016213         0.84452E-04
    -68.447592458070    -68.447592458070         0.80998E-04
    -68.447590901629    -68.447590901629         0.88081E-04
    -68.447591767906    -68.447591767906         0.85905E-04
    -68.447591882932    -68.447591882932         0.12839E-03
    -68.447592336363    -68.447592336363         0.11918E-03
    -68.447562670443    -68.447562670443         0.11194E-03
    -68.447591340103    -68.447591340103         0.16935E-03
    -68.447589193902    -68.447589193902         0.11683E-03
    -68.447591240029    -68.447591240029         0.18027E-03
    -68.447590236579    -68.447590236579         0.16812E-03
    -68.447589988573    -68.447589988573         0.11426E-03
    -68.447562771755    -68.447562771755         0.10017E-03
    -68.447588754210    -68.447588754210         0.19219E-04
    -68.447586771593    -68.447586771593         0.45041E-04
    -68.447569581968    -68.447569581968         0.73509E-04
    -68.447563033012    -68.447563033012         0.14563E-03
    -68.447586758621    -68.447586758621         0.67165E-04
    -68.447557762727    -68.447557762727         0.38681E-04
    -68.447561600060    -68.447561600060         0.27923E-04
    -68.447556977790    -68.447556977790         0.44175E-04
    -68.447535623664    -68.447535623664         0.16888E-03
    -68.447535809480    -68.447535809480         0.10852E-03
    -68.447534318837    -68.447534318837         0.17795E-03
    -68.447534132761    -68.447534132761         0.70986E-04
    -68.447522575987    -68.447522575987         0.11665E-03
    -68.447515820836    -68.447515820836         0.65498E-04
    -68.447587977565    -68.447587977565         0.82109E-04
    -68.447562835398    -68.447562835398         0.94605E-04
    -68.447507151394    -68.447507151394         0.16365E-03
    -68.447533339165    -68.447533339165         0.46811E-04
    -68.447533521122    -68.447533521122         0.19481E-03
    -68.447534427623    -68.447534427623         0.11555E-03
    -68.447535007615    -68.447535007615         0.16647E-03
    -68.447561292630    -68.447561292630         0.27635E-04
    -68.447506827258    -68.447506827258         0.17861E-03
    -68.447583990913    -68.447583990913         0.82874E-04
    -68.447580095017    -68.447580095017         0.41439E-04
    -68.447562359925    -68.447562359925         0.17579E-03
    -68.447562152869    -68.447562152869         0.70138E-04
    -68.447562917312    -68.447562917312         0.11538E-03
    -68.447535284901    -68.447535284901         0.10718E-03
    -68.447562225122    -68.447562225122         0.11323E-03
    -68.447561976814    -68.447561976814         0.12183E-03
    -68.447527743275    -68.447527743275         0.10343E-03
    -68.447562722257    -68.447562722257         0.10438E-03
    -68.447517327763    -68.447517327763         0.98402E-04
    -68.447562883420    -68.447562883420         0.12180E-03
    -68.447556750760    -68.447556750760         0.13004E-03
    -68.447535067927    -68.447535067927         0.16884E-03
    -68.447520646906    -68.447520646906         0.82788E-04
    -68.447534617375    -68.447534617375         0.44908E-04
    -68.447534235165    -68.447534235165         0.10670E-03
    -68.447534852017    -68.447534852017         0.10148E-03
    -68.447556134505    -68.447556134505         0.94043E-04
    -68.447523289211    -68.447523289211         0.99225E-04
    -68.447535150199    -68.447535150199         0.18100E-03
    -68.447523473813    -68.447523473813         0.11928E-03
    -68.447521608222    -68.447521608222         0.10703E-03
    -68.447522773686    -68.447522773686         0.11261E-03
    -68.447523167917    -68.447523167917         0.11745E-03
    -68.447522956836    -68.447522956836         0.89030E-04
    -68.447521967781    -68.447521967781         0.17622E-03
    -68.447532955073    -68.447532955073         0.26944E-04
    -68.447562980285    -68.447562980285         0.15523E-03
    -68.447506711478    -68.447506711478         0.18563E-03
    -68.447520026495    -68.447520026495         0.15393E-03
    -68.447522647577    -68.447522647577         0.15001E-03
    -68.447506463709    -68.447506463709         0.15310E-03
    -68.447522704727    -68.447522704727         0.11371E-03
    -68.447520020886    -68.447520020886         0.17014E-03
    -68.447522121527    -68.447522121527         0.12873E-03
    -68.447523174934    -68.447523174934         0.75955E-04
    -68.447525797375    -68.447525797375         0.11837E-03
    -68.447532244912    -68.447532244912         0.86743E-04
    -68.447521771331    -68.447521771331         0.93935E-04
    -68.447522880664    -68.447522880664         0.19822E-03
    -68.447521803781    -68.447521803781         0.16990E-03
    -68.447505086777    -68.447505086777         0.13994E-03
    -68.447585899571    -68.447585899571         0.24588E-04
    -68.447513981671    -68.447513981671         0.73771E-04
    -68.447507227391    -68.447507227391         0.78980E-04
    -68.447506601433    -68.447506601433         0.13094E-03
    -68.447507272924    -68.447507272924         0.98594E-04
    -68.447506813573    -68.447506813573         0.14223E-03
    -68.447519014582    -68.447519014582         0.19358E-03
    -68.447504754191    -68.447504754191         0.99953E-04
    -68.447505433240    -68.447505433240         0.70436E-04
    -68.447507205187    -68.447507205187         0.86004E-04
    -68.447505699671    -68.447505699671         0.19985E-03
    -68.447520293852    -68.447520293852         0.16904E-03
    -68.447529209673    -68.447529209673         0.32523E-04
    -68.447505630245    -68.447505630245         0.14753E-03
    -68.447521753107    -68.447521753107         0.16022E-03
    -68.447506046105    -68.447506046105         0.11541E-03
    -68.447532761589    -68.447532761589         0.40100E-04
    -68.447520422178    -68.447520422178         0.19801E-03
    -68.447504491962    -68.447504491962         0.19619E-03
    -68.447504724314    -68.447504724314         0.12303E-03
    -68.447505490546    -68.447505490546         0.15536E-03
    -68.447520994577    -68.447520994577         0.16216E-03
    -68.447524201665    -68.447524201665         0.69475E-04
    -68.447507072429    -68.447507072429         0.15378E-03
    -68.447520891485    -68.447520891485         0.56827E-04
    -68.447526482544    -68.447526482544         0.40866E-04
    -68.447497681698    -68.447497681698         0.88900E-04
    -68.447519326527    -68.447519326527         0.18466E-03
    -68.447507032031    -68.447507032031         0.15585E-03
    -68.447505080408    -68.447505080408         0.11914E-03
    -68.447506373171    -68.447506373171         0.19469E-03
    -68.447522094572    -68.447522094572         0.13222E-03
    -68.447522315321    -68.447522315321         0.10113E-03
    -68.447504297162    -68.447504297162         0.19050E-03
    -68.447500927922    -68.447500927922         0.55581E-04
    -68.447520608902    -68.447520608902         0.71475E-04
    -68.447503054400    -68.447503054400         0.86708E-04
    -68.447499795644    -68.447499795644         0.15933E-03
    -68.447500824561    -68.447500824561         0.36042E-04
    -68.447495890058    -68.447495890058         0.80350E-04
    -68.447472271380    -68.447472271380         0.62882E-04
    -68.447471956545    -68.447471956545         0.19082E-03
    -68.447474060492    -68.447474060492         0.19893E-03
    -68.447505157674    -68.447505157674         0.18889E-03
    -68.447472091058    -68.447472091058         0.17050E-03
    -68.447473860521    -68.447473860521         0.13218E-03
    -68.447474167487    -68.447474167487         0.18095E-03
    -68.447473221920    -68.447473221920         0.54356E-04
    -68.447465188975    -68.447465188975         0.10224E-03
    -68.447472136054    -68.447472136054         0.14199E-03
    -68.447474032446    -68.447474032446         0.10021E-03
    -68.447465105817    -68.447465105817         0.74752E-04
    -68.447473523334    -68.447473523334         0.15573E-03
    -68.447464682173    -68.447464682173         0.81145E-04
    -68.447471866951    -68.447471866951         0.19086E-03
    -68.447496651347    -68.447496651347         0.46314E-04
    -68.447472846927    -68.447472846927         0.13170E-03
    -68.447464479410    -68.447464479410         0.13104E-03
    -68.447472903809    -68.447472903809         0.57242E-04
    -68.447463886828    -68.447463886828         0.92370E-04
    -68.447464935912    -68.447464935912         0.16996E-03
    -68.447470932754    -68.447470932754         0.19168E-03
    -68.447473393307    -68.447473393307         0.12219E-03
    -68.447465229181    -68.447465229181         0.78263E-04
    -68.447471543876    -68.447471543876         0.17769E-03
    -68.447471706758    -68.447471706758         0.11424E-03
    -68.447471735940    -68.447471735940         0.11416E-03
    -68.447465208955    -68.447465208955         0.80271E-04
    -68.447465270909    -68.447465270909         0.94636E-04
    -68.447471395901    -68.447471395901         0.12932E-03
    -68.447472982416    -68.447472982416         0.13538E-03
    -68.447464538813    -68.447464538813         0.91933E-04
    -68.447471249476    -68.447471249476         0.14143E-03
    -68.447465079354    -68.447465079354         0.11114E-03
    -68.447464758899    -68.447464758899         0.92577E-04
    -68.447461959647    -68.447461959647         0.18312E-03
    -68.447473470190    -68.447473470190         0.90763E-04
    -68.447474120014    -68.447474120014         0.11938E-03
    -68.447473650096    -68.447473650096         0.16967E-03
    -68.447471208379    -68.447471208379         0.18263E-03
    -68.447464838219    -68.447464838219         0.10398E-03
    -68.447472625394    -68.447472625394         0.69042E-04
    -68.447465144468    -68.447465144468         0.55649E-04
    -68.447471941020    -68.447471941020         0.13648E-03
    -68.447465080085    -68.447465080085         0.14481E-03
    -68.447471287390    -68.447471287390         0.17481E-03
    -68.447473536321    -68.447473536321         0.18149E-03
    -68.447474240934    -68.447474240934         0.86641E-04
    -68.447464487100    -68.447464487100         0.12054E-03
    -68.447473089801    -68.447473089801         0.87764E-04
    -68.447473737847    -68.447473737847         0.14178E-03
    -68.447467376584    -68.447467376584         0.56067E-04
    -68.447464101843    -68.447464101843         0.13582E-03
    -68.447473739996    -68.447473739996         0.15405E-03
    -68.447472544879    -68.447472544879         0.16903E-03
    -68.447464065838    -68.447464065838         0.10492E-03
    -68.447472367878    -68.447472367878         0.16163E-03
    -68.447464203877    -68.447464203877         0.77036E-04
    -68.447472912559    -68.447472912559         0.19625E-03
    -68.447472797159    -68.447472797159         0.13799E-03
    -68.447464371435    -68.447464371435         0.12085E-03
    -68.447474067291    -68.447474067291         0.18285E-03
    -68.447472845166    -68.447472845166         0.86758E-04
    -68.447472861531    -68.447472861531         0.17786E-03
    -68.447472166810    -68.447472166810         0.19887E-03
    -68.447470113231    -68.447470113231         0.46853E-04
    -68.447473844545    -68.447473844545         0.14699E-03
    -68.447473767976    -68.447473767976         0.73904E-04
    -68.447473256591    -68.447473256591         0.88693E-04
    -68.447473033018    -68.447473033018         0.88737E-04
    -68.447463142386    -68.447463142386         0.18469E-03
    -68.447473122823    -68.447473122823         0.15197E-03
    -68.447464813497    -68.447464813497         0.10171E-03
    -68.447464624350    -68.447464624350         0.82131E-04
    -68.447472793368    -68.447472793368         0.94177E-04
    -68.447471522303    -68.447471522303         0.16763E-03
    -68.447473094950    -68.447473094950         0.18725E-03
    -68.447473020833    -68.447473020833         0.10775E-03
    -68.447472797813    -68.447472797813         0.14083E-03
    -68.447472327537    -68.447472327537         0.13519E-03
    -68.447472689812    -68.447472689812         0.88342E-04
    -68.447463742009    -68.447463742009         0.14379E-03
    -68.447498097523    -68.447498097523         0.68888E-04
    -68.447473242301    -68.447473242301         0.17345E-03
    -68.447473783727    -68.447473783727         0.15453E-03
    -68.447464301161    -68.447464301161         0.18285E-03
    -68.447352874775    -68.447352874775         0.47869E-04
    -68.447473023947    -68.447473023947         0.10006E-03
    -68.447352569475    -68.447352569475         0.15579E-03
    -68.447352404777    -68.447352404777         0.10371E-03
    -68.447352393570    -68.447352393570         0.17515E-03
    -68.447352775241    -68.447352775241         0.11451E-03
    -68.447352665766    -68.447352665766         0.99510E-04
    -68.447352082310    -68.447352082310         0.10026E-03
    -68.447352545518    -68.447352545518         0.14496E-03
    -68.447351952480    -68.447351952480         0.13911E-03
    -68.447352150951    -68.447352150951         0.16462E-03
    -68.447352791068    -68.447352791068         0.10799E-03
    -68.447351160955    -68.447351160955         0.10342E-03
    -68.447352649281    -68.447352649281         0.14202E-03
    -68.447351478848    -68.447351478848         0.12187E-03
    -68.447352419686    -68.447352419686         0.88599E-04
    -68.447351649636    -68.447351649636         0.10144E-03
    -68.447352323075    -68.447352323075         0.15422E-03
    -68.447352479714    -68.447352479714         0.17844E-03
    -68.447352698084    -68.447352698084         0.13908E-03
    -68.447352718906    -68.447352718906         0.90561E-04
    -68.447352860582    -68.447352860582         0.10316E-03
    -68.447352488689    -68.447352488689         0.10730E-03
    -68.447352772311    -68.447352772311         0.71981E-04
    -68.447352665241    -68.447352665241         0.14227E-03
    -68.447352239396    -68.447352239396         0.14667E-03
    -68.447347510910    -68.447347510910         0.15171E-03
    -68.447347471191    -68.447347471191         0.11907E-03
    -68.447352806117    -68.447352806117         0.19973E-03
    -68.447347786825    -68.447347786825         0.14717E-03
    -68.447347234897    -68.447347234897         0.11212E-03
    -68.447348166805    -68.447348166805         0.78821E-04
    -68.447347183286    -68.447347183286         0.13465E-03
    -68.447347219568    -68.447347219568         0.82158E-04
    -68.447346915631    -68.447346915631         0.15549E-03
    -68.447346955029    -68.447346955029         0.15373E-03
    -68.447348023850    -68.447348023850         0.11657E-03
    -68.447347617936    -68.447347617936         0.96085E-04
    -68.447346427354    -68.447346427354         0.16279E-03
    -68.447345121208    -68.447345121208         0.73341E-04
    -68.447345338876    -68.447345338876         0.15772E-03
    -68.447347754917    -68.447347754917         0.13046E-03
    -68.447346951400    -68.447346951400         0.14792E-03
    -68.447347028294    -68.447347028294         0.15154E-03
    -68.447352616656    -68.447352616656         0.87609E-04
    -68.447346958631    -68.447346958631         0.16805E-03
    -68.447348030786    -68.447348030786         0.67171E-04
    -68.447346983566    -68.447346983566         0.12710E-03
    -68.447348064054    -68.447348064054         0.10274E-03
    -68.447347079691    -68.447347079691         0.77270E-04
    -68.447346797485    -68.447346797485         0.18725E-03
    -68.447347667785    -68.447347667785         0.94208E-04
    -68.447347085268    -68.447347085268         0.19336E-03
    -68.447347118520    -68.447347118520         0.17629E-03
    -68.447347069101    -68.447347069101         0.15897E-03
    -68.447348017097    -68.447348017097         0.85317E-04
    -68.447346403799    -68.447346403799         0.13684E-03
    -68.447346763181    -68.447346763181         0.16281E-03
    -68.447347872561    -68.447347872561         0.17875E-03
    -68.447347461409    -68.447347461409         0.12499E-03
    -68.447346631403    -68.447346631403         0.19219E-03
    -68.447346616429    -68.447346616429         0.18726E-03
    -68.447352884893    -68.447352884893         0.10847E-03
    -68.447346864977    -68.447346864977         0.95422E-04
    -68.447346568787    -68.447346568787         0.14751E-03
    -68.447347118406    -68.447347118406         0.10035E-03
    -68.447346716989    -68.447346716989         0.63056E-04
    -68.447346630891    -68.447346630891         0.10998E-03
    -68.447347175085    -68.447347175085         0.14112E-03
    -68.447346792282    -68.447346792282         0.11454E-03
    -68.447342460330    -68.447342460330         0.10709E-03
    -68.447342564408    -68.447342564408         0.12365E-03
    -68.447347034691    -68.447347034691         0.10101E-03
    -68.447347851254    -68.447347851254         0.64119E-04
    -68.447342249742    -68.447342249742         0.13209E-03
    -68.447347349686    -68.447347349686         0.95787E-04
    -68.447342272885    -68.447342272885         0.15826E-03
    -68.447346605280    -68.447346605280         0.17278E-03
    -68.447341893704    -68.447341893704         0.94342E-04
    -68.447347766299    -68.447347766299         0.16904E-03
    -68.447346700923    -68.447346700923         0.12937E-03
    -68.447342241734    -68.447342241734         0.10865E-03
    -68.447346096774    -68.447346096774         0.12075E-03
    -68.447341856232    -68.447341856232         0.17181E-03
    -68.447346106033    -68.447346106033         0.12080E-03
    -68.447341715359    -68.447341715359         0.19723E-03
    -68.447347412070    -68.447347412070         0.12169E-03
    -68.447347449944    -68.447347449944         0.13512E-03
    -68.447342413622    -68.447342413622         0.13889E-03
    -68.447347999724    -68.447347999724         0.98308E-04
    -68.447346294808    -68.447346294808         0.18210E-03
    -68.447342267855    -68.447342267855         0.16383E-03
    -68.447341857222    -68.447341857222         0.19932E-03
    -68.447348043325    -68.447348043325         0.11050E-03
    -68.447347077980    -68.447347077980         0.16631E-03
    -68.447348009332    -68.447348009332         0.90518E-04
    -68.447341706431    -68.447341706431         0.14099E-03
    -68.447346763779    -68.447346763779         0.18104E-03
    -68.447347308269    -68.447347308269         0.13959E-03
    -68.447351245031    -68.447351245031         0.97874E-04
    -68.447342174897    -68.447342174897         0.10296E-03
    -68.447342069280    -68.447342069280         0.10559E-03
    -68.447341079022    -68.447341079022         0.15692E-03
    -68.447347948131    -68.447347948131         0.12958E-03
    -68.447342282856    -68.447342282856         0.10454E-03
    -68.447352732405    -68.447352732405         0.12783E-03
    -68.447347169122    -68.447347169122         0.16962E-03
    -68.447340668190    -68.447340668190         0.12701E-03
    -68.447345614657    -68.447345614657         0.13236E-03
    -68.447347400309    -68.447347400309         0.16256E-03
    -68.447342083692    -68.447342083692         0.12387E-03
    -68.447342465608    -68.447342465608         0.14020E-03
    -68.447347380259    -68.447347380259         0.10303E-03
    -68.447347260670    -68.447347260670         0.75858E-04
    -68.447342451468    -68.447342451468         0.13760E-03
    -68.447341530284    -68.447341530284         0.17475E-03
    -68.447341407300    -68.447341407300         0.14170E-03
    -68.447345363973    -68.447345363973         0.14175E-03
    -68.447341625617    -68.447341625617         0.11776E-03
    -68.447347283348    -68.447347283348         0.12758E-03
    -68.447342347083    -68.447342347083         0.88065E-04
    -68.447342585581    -68.447342585581         0.10340E-03
    -68.447347609656    -68.447347609656         0.78641E-04
    -68.447342506056    -68.447342506056         0.12345E-03
    -68.447347656448    -68.447347656448         0.89916E-04
    -68.447342539178    -68.447342539178         0.12448E-03
    -68.447341740351    -68.447341740351         0.71326E-04
    -68.447342457876    -68.447342457876         0.11251E-03
    -68.447342396610    -68.447342396610         0.13171E-03
    -68.447346329948    -68.447346329948         0.13472E-03
    -68.447341564099    -68.447341564099         0.15682E-03
    -68.447347257700    -68.447347257700         0.16700E-03
    -68.447345861839    -68.447345861839         0.16503E-03
    -68.447342401449    -68.447342401449         0.13188E-03
    -68.447352728688    -68.447352728688         0.13132E-03
    -68.447348008730    -68.447348008730         0.11899E-03
    -68.447345370951    -68.447345370951         0.19016E-03
    -68.447342403358    -68.447342403358         0.10812E-03
    -68.447341733630    -68.447341733630         0.19889E-03
    -68.447341895310    -68.447341895310         0.11845E-03
    -68.447347939530    -68.447347939530         0.15011E-03
    -68.447346230743    -68.447346230743         0.18191E-03
    -68.447342376327    -68.447342376327         0.13117E-03
    -68.447347920600    -68.447347920600         0.11722E-03
    -68.447342314061    -68.447342314061         0.98244E-04
    -68.447350821258    -68.447350821258         0.19922E-03
    -68.447340797181    -68.447340797181         0.11240E-03
    -68.447322464295    -68.447322464295         0.11103E-03
    -68.447336983229    -68.447336983229         0.74654E-04
    -68.447322461786    -68.447322461786         0.15395E-03
    -68.447321445102    -68.447321445102         0.87516E-04
    -68.447321500942    -68.447321500942         0.12542E-03
    -68.447322460237    -68.447322460237         0.10696E-03
    -68.447319600913    -68.447319600913         0.16280E-03
    -68.447322460509    -68.447322460509         0.12937E-03
    -68.447321952831    -68.447321952831         0.13008E-03
    -68.447322627121    -68.447322627121         0.15720E-03
    -68.447319690082    -68.447319690082         0.65777E-04
    -68.447321949527    -68.447321949527         0.14399E-03
    -68.447321498851    -68.447321498851         0.18958E-03
    -68.447322290761    -68.447322290761         0.17271E-03
    -68.447321729701    -68.447321729701         0.17679E-03
    -68.447321781263    -68.447321781263         0.74016E-04
    -68.447322515337    -68.447322515337         0.12723E-03
    -68.447321142936    -68.447321142936         0.15163E-03
    -68.447322562449    -68.447322562449         0.10841E-03
    -68.447321408957    -68.447321408957         0.47567E-04
    -68.447321009674    -68.447321009674         0.18265E-03
    -68.447322041851    -68.447322041851         0.15493E-03
    -68.447321847503    -68.447321847503         0.12307E-03
    -68.447321919509    -68.447321919509         0.15008E-03
    -68.447322287163    -68.447322287163         0.13606E-03
    -68.447321680418    -68.447321680418         0.18261E-03
    -68.447320764791    -68.447320764791         0.19852E-03
    -68.447321889665    -68.447321889665         0.10151E-03
    -68.447322376035    -68.447322376035         0.13937E-03
    -68.447321622182    -68.447321622182         0.12938E-03
    -68.447321925344    -68.447321925344         0.10257E-03
    -68.447320820146    -68.447320820146         0.17405E-03
    -68.447321493222    -68.447321493222         0.12841E-03
    -68.447321645570    -68.447321645570         0.15904E-03
    -68.447320474546    -68.447320474546         0.88834E-04
    -68.447322254873    -68.447322254873         0.11283E-03
    -68.447317416147    -68.447317416147         0.37261E-04
    -68.447321956741    -68.447321956741         0.81386E-04
    -68.447317538536    -68.447317538536         0.64595E-04
    -68.447321474555    -68.447321474555         0.10424E-03
    -68.447322163754    -68.447322163754         0.88842E-04
    -68.447320864664    -68.447320864664         0.60830E-04
    -68.447322283992    -68.447322283992         0.19343E-03
    -68.447320886038    -68.447320886038         0.10077E-03
    -68.447322208189    -68.447322208189         0.70319E-04
    -68.447294116681    -68.447294116681         0.16429E-03
    -68.447295081869    -68.447295081869         0.10915E-03
    -68.447295927331    -68.447295927331         0.13799E-03
    -68.447296200999    -68.447296200999         0.19570E-03
    -68.447297536254    -68.447297536254         0.19305E-03
    -68.447296633509    -68.447296633509         0.19464E-03
    -68.447293774599    -68.447293774599         0.19052E-03
    -68.447294433496    -68.447294433496         0.84038E-04
    -68.447301849934    -68.447301849934         0.19778E-04
    -68.447291644032    -68.447291644032         0.34242E-04
    -68.447269862752    -68.447269862752         0.83024E-04
    -68.447292837554    -68.447292837554         0.33389E-04
    -68.447222913998    -68.447222913998         0.87212E-04
    -68.447290829870    -68.447290829870         0.74035E-04
    -68.447222617593    -68.447222617593         0.89328E-04
    -68.447222121232    -68.447222121232         0.18935E-03
    -68.447221147163    -68.447221147163         0.61412E-04
    -68.447222772497    -68.447222772497         0.15139E-03
    -68.447218879728    -68.447218879728         0.10330E-03
    -68.447221852373    -68.447221852373         0.13946E-03
    -68.447221950277    -68.447221950277         0.95123E-04
    -68.447219628159    -68.447219628159         0.12128E-03
    -68.447205450838    -68.447205450838         0.99317E-04
    -68.447221711505    -68.447221711505         0.13333E-03
    -68.447218831691    -68.447218831691         0.18878E-03
    -68.447218429250    -68.447218429250         0.14141E-03
    -68.447238392705    -68.447238392705         0.42692E-04
    -68.447217988554    -68.447217988554         0.18284E-03
    -68.447206736462    -68.447206736462         0.83686E-04
    -68.447218765507    -68.447218765507         0.14767E-03
    -68.447211305409    -68.447211305409         0.73324E-04
    -68.447206475145    -68.447206475145         0.14132E-03
    -68.447206725885    -68.447206725885         0.17257E-03
    -68.447212496106    -68.447212496106         0.53557E-04
    -68.447218312408    -68.447218312408         0.67141E-04
    -68.447218266947    -68.447218266947         0.16104E-03
    -68.447205979826    -68.447205979826         0.14643E-03
    -68.447210346677    -68.447210346677         0.14674E-03
    -68.447204866025    -68.447204866025         0.17418E-03
    -68.447195674475    -68.447195674475         0.13648E-03
    -68.447211810333    -68.447211810333         0.17715E-03
    -68.447193988166    -68.447193988166         0.13115E-03
    -68.447219858793    -68.447219858793         0.12248E-03
    -68.447193962405    -68.447193962405         0.98742E-04
    -68.447195609020    -68.447195609020         0.76337E-04
    -68.447207622169    -68.447207622169         0.80161E-04
    -68.447211313240    -68.447211313240         0.12082E-03
    -68.447194406478    -68.447194406478         0.76407E-04
    -68.447207039918    -68.447207039918         0.13673E-03
    -68.447207611383    -68.447207611383         0.65444E-04
    -68.447194426907    -68.447194426907         0.78527E-04
    -68.447212060286    -68.447212060286         0.17404E-03
    -68.447207392570    -68.447207392570         0.88611E-04
    -68.447204059153    -68.447204059153         0.44804E-04
    -68.447206250650    -68.447206250650         0.19900E-03
    -68.447212014321    -68.447212014321         0.50351E-04
    -68.447219081764    -68.447219081764         0.19556E-03
    -68.447204056303    -68.447204056303         0.19718E-03
    -68.447194186459    -68.447194186459         0.12638E-03
    -68.447201004225    -68.447201004225         0.19223E-03
    -68.447203217503    -68.447203217503         0.16922E-03
    -68.447203266073    -68.447203266073         0.18920E-03
    -68.447194808667    -68.447194808667         0.82493E-04
    -68.447194346299    -68.447194346299         0.10455E-03
    -68.447204122693    -68.447204122693         0.32765E-04
    -68.447201162639    -68.447201162639         0.14911E-03
    -68.447218513055    -68.447218513055         0.17953E-03
    -68.447202534790    -68.447202534790         0.19003E-03
    -68.447214720465    -68.447214720465         0.24482E-04
    -68.447209563314    -68.447209563314         0.94691E-04
    -68.447196998377    -68.447196998377         0.40065E-04
    -68.447207367984    -68.447207367984         0.14594E-03
    -68.447201398364    -68.447201398364         0.12756E-03
    -68.447206427065    -68.447206427065         0.21691E-04
    -68.447192181966    -68.447192181966         0.14429E-03
    -68.447206239475    -68.447206239475         0.75843E-04
    -68.447199136919    -68.447199136919         0.32114E-04
    -68.447180460406    -68.447180460406         0.35298E-04
    -68.447203787742    -68.447203787742         0.39845E-04
    -68.447195153416    -68.447195153416         0.95968E-04
    -68.447202219420    -68.447202219420         0.25561E-04
    -68.447183171922    -68.447183171922         0.54761E-04
    -68.447193410224    -68.447193410224         0.54369E-04
    -68.447202788656    -68.447202788656         0.66258E-04
    -68.447197731624    -68.447197731624         0.29258E-04
    -68.447204683996    -68.447204683996         0.18604E-03
    -68.447202582975    -68.447202582975         0.12093E-03
    -68.447202209868    -68.447202209868         0.14618E-03
    -68.447195631381    -68.447195631381         0.35999E-04
    -68.447204846764    -68.447204846764         0.12825E-03
    -68.447199388466    -68.447199388466         0.58165E-04
    -68.447193765039    -68.447193765039         0.85337E-04
    -68.447194193451    -68.447194193451         0.10059E-03
    -68.447206217587    -68.447206217587         0.19248E-03
    -68.447195515481    -68.447195515481         0.82415E-04
    -68.447199853838    -68.447199853838         0.30571E-04
    -68.447193298856    -68.447193298856         0.18124E-04
    -68.447205925392    -68.447205925392         0.69976E-04
    -68.447220359313    -68.447220359313         0.72994E-04
    -68.447217802339    -68.447217802339         0.16741E-03
    -68.447202536993    -68.447202536993         0.12471E-03
    -68.447182430692    -68.447182430692         0.66686E-04
    -68.447218073152    -68.447218073152         0.21926E-04
    -68.447202528072    -68.447202528072         0.24729E-04
    -68.447203195973    -68.447203195973         0.23043E-04
    -68.447210293706    -68.447210293706         0.98384E-04
    -68.447211759813    -68.447211759813         0.16147E-03
    -68.447207849468    -68.447207849468         0.14767E-03
    -68.447218018334    -68.447218018334         0.25968E-04
    -68.447193993107    -68.447193993107         0.11810E-03
    -68.447191054499    -68.447191054499         0.10037E-03
    -68.447192664970    -68.447192664970         0.41853E-04
    -68.447202491332    -68.447202491332         0.19967E-03
    -68.447199082744    -68.447199082744         0.39911E-04
    -68.447201057760    -68.447201057760         0.23030E-04
    -68.447195254076    -68.447195254076         0.16621E-03
    -68.447191117530    -68.447191117530         0.29618E-04
    -68.447200740388    -68.447200740388         0.30124E-04
    -68.447207254099    -68.447207254099         0.39665E-04
    -68.447204156197    -68.447204156197         0.11442E-03
    -68.447200046285    -68.447200046285         0.27544E-04
    -68.447203127509    -68.447203127509         0.10585E-03
    -68.447198741825    -68.447198741825         0.12907E-03
    -68.447194791855    -68.447194791855         0.15146E-03
    -68.447193311979    -68.447193311979         0.17748E-03
    -68.447195005100    -68.447195005100         0.10366E-03
    -68.447197674615    -68.447197674615         0.53257E-04
    -68.447208083118    -68.447208083118         0.29571E-04
    -68.447193539581    -68.447193539581         0.16532E-03
    -68.447189501843    -68.447189501843         0.39915E-04
    -68.447189056485    -68.447189056485         0.25684E-04
    -68.447181013913    -68.447181013913         0.98449E-04
    -68.447201033948    -68.447201033948         0.25442E-04
    -68.447193694261    -68.447193694261         0.96881E-04
    -68.447195502495    -68.447195502495         0.15886E-03
    -68.447201489729    -68.447201489729         0.66718E-04
    -68.447203827956    -68.447203827956         0.14631E-03
    -68.447211133787    -68.447211133787         0.19096E-03
    -68.447206827880    -68.447206827880         0.97293E-04
    -68.447204298823    -68.447204298823         0.58326E-04
    -68.447195451173    -68.447195451173         0.18437E-03
    -68.447170513501    -68.447170513501         0.64920E-04
    -68.447203859848    -68.447203859848         0.12450E-03
    -68.447207279310    -68.447207279310         0.16526E-03
    -68.447208746184    -68.447208746184         0.10996E-03
    -68.447220044147    -68.447220044147         0.18109E-03
    -68.447195415939    -68.447195415939         0.12521E-03
    -68.447202629770    -68.447202629770         0.12604E-03
    -68.447207032017    -68.447207032017         0.10359E-03
    -68.447193174198    -68.447193174198         0.11813E-03
    -68.447194228548    -68.447194228548         0.18509E-03
    -68.447185509477    -68.447185509477         0.49246E-04
    -68.447183093189    -68.447183093189         0.47974E-04
    -68.447191379232    -68.447191379232         0.12587E-03
    -68.447194182949    -68.447194182949         0.33370E-04
    -68.447075911875    -68.447075911875         0.11329E-03
    -68.447075516134    -68.447075516134         0.17595E-03
    -68.447075692595    -68.447075692595         0.14964E-03
    -68.447074965731    -68.447074965731         0.19758E-03
    -68.447074660894    -68.447074660894         0.19680E-03
    -68.447074756405    -68.447074756405         0.97285E-04
    -68.447074705278    -68.447074705278         0.17169E-03
    -68.447075184743    -68.447075184743         0.10149E-03
    -68.447074580909    -68.447074580909         0.16565E-03
    -68.447075749997    -68.447075749997         0.13844E-03
    -68.447074954306    -68.447074954306         0.15131E-03
    -68.447072937403    -68.447072937403         0.15441E-03
    -68.447075642619    -68.447075642619         0.65184E-04
    -68.447075347122    -68.447075347122         0.17255E-03
    -68.447072409081    -68.447072409081         0.19873E-03
    -68.447073432718    -68.447073432718         0.17881E-03
    -68.447075416185    -68.447075416185         0.13046E-03
    -68.447075402821    -68.447075402821         0.17657E-03
    -68.447074172395    -68.447074172395         0.10197E-03
    -68.447072598015    -68.447072598015         0.18033E-03
    -68.447075463744    -68.447075463744         0.19093E-03
    -68.447075078308    -68.447075078308         0.11966E-03
    -68.447075559237    -68.447075559237         0.18245E-03
    -68.447074775088    -68.447074775088         0.17939E-03
    -68.447075570049    -68.447075570049         0.19435E-03
    -68.447075506279    -68.447075506279         0.13209E-03
    -68.447074989705    -68.447074989705         0.17091E-03
    -68.447074289613    -68.447074289613         0.10877E-03
    -68.447073477517    -68.447073477517         0.30108E-04
    -68.447075373261    -68.447075373261         0.16122E-03
    -68.447011995863    -68.447011995863         0.90659E-04
    -68.447011629070    -68.447011629070         0.92866E-04
    -68.447011884301    -68.447011884301         0.73307E-04
    -68.447012191673    -68.447012191673         0.87312E-04
    -68.447072886259    -68.447072886259         0.18797E-03
    -68.447011377368    -68.447011377368         0.16798E-03
    -68.447011736025    -68.447011736025         0.15477E-03
    -68.447011818831    -68.447011818831         0.13759E-03
    -68.447011776852    -68.447011776852         0.15791E-03
    -68.447011349499    -68.447011349499         0.13032E-03
    -68.447011354869    -68.447011354869         0.13376E-03
    -68.447011203208    -68.447011203208         0.11859E-03
    -68.447011537269    -68.447011537269         0.15777E-03
    -68.447010188804    -68.447010188804         0.19067E-03
    -68.447010653852    -68.447010653852         0.13372E-03
    -68.447010988719    -68.447010988719         0.17677E-03
    -68.447009686173    -68.447009686173         0.12745E-03
    -68.447011061383    -68.447011061383         0.86824E-04
    -68.447010751223    -68.447010751223         0.80711E-04
    -68.447012245380    -68.447012245380         0.12412E-03
    -68.447010704727    -68.447010704727         0.18745E-03
    -68.447010663761    -68.447010663761         0.17892E-03
    -68.447010085605    -68.447010085605         0.18406E-03
    -68.447011269827    -68.447011269827         0.87162E-04
    -68.447011884411    -68.447011884411         0.12927E-03
    -68.447010963438    -68.447010963438         0.11708E-03
    -68.447011479233    -68.447011479233         0.85567E-04
    -68.447011549725    -68.447011549725         0.10705E-03
    -68.447012183923    -68.447012183923         0.13980E-03
    -68.447011007877    -68.447011007877         0.17170E-03
    -68.447011900616    -68.447011900616         0.10526E-03
    -68.447010871408    -68.447010871408         0.19293E-03
    -68.447009109459    -68.447009109459         0.18470E-03
    -68.447011632292    -68.447011632292         0.14781E-03
    -68.447008540201    -68.447008540201         0.15978E-03
    -68.447009701850    -68.447009701850         0.13313E-03
    -68.447008473186    -68.447008473186         0.16201E-03
    -68.447012006444    -68.447012006444         0.13613E-03
    -68.447009729421    -68.447009729421         0.83941E-04
    -68.447010368169    -68.447010368169         0.16629E-03
    -68.447010911006    -68.447010911006         0.86702E-04
    -68.447009620089    -68.447009620089         0.35141E-04
    -68.447012028946    -68.447012028946         0.10261E-03
    -68.447011762313    -68.447011762313         0.17916E-03
    -68.447011377746    -68.447011377746         0.12193E-03
    -68.447011319171    -68.447011319171         0.13782E-03
    -68.447007767148    -68.447007767148         0.73356E-04
    -68.447011078508    -68.447011078508         0.89855E-04
    -68.447011432674    -68.447011432674         0.13892E-03
    -68.447010345625    -68.447010345625         0.64645E-04
    -68.446989512106    -68.446989512106         0.73440E-04
    -68.447010061205    -68.447010061205         0.17908E-03
    -68.447011468846    -68.447011468846         0.19888E-03
    -68.447007242944    -68.447007242944         0.16904E-03
    -68.446988836242    -68.446988836242         0.16098E-03
    -68.446989504941    -68.446989504941         0.17733E-03
    -68.446989418020    -68.446989418020         0.15338E-03
    -68.446989774686    -68.446989774686         0.36844E-04
    -68.446989330128    -68.446989330128         0.12302E-03
    -68.446988703428    -68.446988703428         0.13119E-03
    -68.446989550621    -68.446989550621         0.91096E-04
    -68.447011821268    -68.447011821268         0.80013E-04
    -68.446989191100    -68.446989191100         0.19399E-03
    -68.446988872116    -68.446988872116         0.16785E-03
    -68.446988986831    -68.446988986831         0.10982E-03
    -68.446987740562    -68.446987740562         0.10570E-03
    -68.446989069368    -68.446989069368         0.12090E-03
    -68.446989225177    -68.446989225177         0.11543E-03
    -68.447011772690    -68.447011772690         0.92423E-04
    -68.446989083509    -68.446989083509         0.75207E-04
    -68.447010808255    -68.447010808255         0.15679E-03
    -68.446988992635    -68.446988992635         0.11020E-03
    -68.446988380394    -68.446988380394         0.79199E-04
    -68.446989625974    -68.446989625974         0.11360E-03
    -68.446988786309    -68.446988786309         0.12641E-03
    -68.447010633511    -68.447010633511         0.17829E-03
    -68.446988655859    -68.446988655859         0.79043E-04
    -68.446989184142    -68.446989184142         0.89567E-04
    -68.446988937770    -68.446988937770         0.12853E-03
    -68.446988790448    -68.446988790448         0.12543E-03
    -68.446988483760    -68.446988483760         0.11829E-03
    -68.446989751920    -68.446989751920         0.35188E-04
    -68.447007980531    -68.447007980531         0.59911E-04
    -68.446987691409    -68.446987691409         0.10373E-03
    -68.446986545331    -68.446986545331         0.44848E-04
    -68.446986513799    -68.446986513799         0.27728E-04
    -68.447010369047    -68.447010369047         0.16442E-03
    -68.446946169862    -68.446946169862         0.12759E-03
    -68.446946169788    -68.446946169788         0.10121E-03
    -68.446986048566    -68.446986048566         0.86208E-04
    -68.446946012609    -68.446946012609         0.96234E-04
    -68.446945847540    -68.446945847540         0.74531E-04
    -68.446945878754    -68.446945878754         0.10637E-03
    -68.446945846815    -68.446945846815         0.14960E-03
    -68.446945889254    -68.446945889254         0.15133E-03
    -68.446945494145    -68.446945494145         0.15418E-03
    -68.446945988284    -68.446945988284         0.12306E-03
    -68.446944595320    -68.446944595320         0.17506E-03
    -68.446946261418    -68.446946261418         0.12061E-03
    -68.446945007680    -68.446945007680         0.17108E-03
    -68.446946155981    -68.446946155981         0.11193E-03
    -68.446946367346    -68.446946367346         0.86698E-04
    -68.446781818581    -68.446781818581         0.19696E-03
    -68.446944997427    -68.446944997427         0.64225E-04
    -68.446780838837    -68.446780838837         0.11993E-03
    -68.446781359732    -68.446781359732         0.11504E-03
    -68.446778272922    -68.446778272922         0.87999E-04
    -68.446778401022    -68.446778401022         0.17620E-03
    -68.446782162815    -68.446782162815         0.10992E-03
    -68.446780983284    -68.446780983284         0.14748E-03
    -68.446778950780    -68.446778950780         0.91652E-04
    -68.446781074222    -68.446781074222         0.13758E-03
    -68.446780909382    -68.446780909382         0.18822E-03
    -68.446781104998    -68.446781104998         0.10329E-03
    -68.446784231860    -68.446784231860         0.93598E-04
    -68.446781178130    -68.446781178130         0.16631E-03
    -68.446780064005    -68.446780064005         0.18702E-03
    -68.446780729943    -68.446780729943         0.18234E-03
    -68.446778995797    -68.446778995797         0.66519E-04
    -68.446778884228    -68.446778884228         0.14404E-03
    -68.446781387193    -68.446781387193         0.85651E-04
    -68.446781336081    -68.446781336081         0.79593E-04
    -68.446780741301    -68.446780741301         0.17234E-03
    -68.446781999320    -68.446781999320         0.28530E-04
    -68.446781697347    -68.446781697347         0.13632E-03
    -68.446780790367    -68.446780790367         0.10185E-03
    -68.446780573298    -68.446780573298         0.79801E-04
    -68.446780378219    -68.446780378219         0.94780E-04
    -68.446781138133    -68.446781138133         0.11662E-03
    -68.446780995109    -68.446780995109         0.17284E-03
    -68.446777882607    -68.446777882607         0.18999E-03
    -68.446773654190    -68.446773654190         0.14722E-03
    -68.446781200140    -68.446781200140         0.11555E-03
    -68.446781288282    -68.446781288282         0.14186E-03
    -68.446780591253    -68.446780591253         0.16503E-03
    -68.446781315182    -68.446781315182         0.10853E-03
    -68.446779996967    -68.446779996967         0.16237E-03
    -68.446781237083    -68.446781237083         0.15127E-03
    -68.446782025852    -68.446782025852         0.11737E-03
    -68.446779579036    -68.446779579036         0.16118E-03
    -68.446780842680    -68.446780842680         0.80269E-04
    -68.446777974306    -68.446777974306         0.15609E-03
    -68.446778882036    -68.446778882036         0.10729E-03
    -68.446781176852    -68.446781176852         0.14375E-03
    -68.446762545252    -68.446762545252         0.16595E-03
    -68.446761746486    -68.446761746486         0.16001E-03
    -68.446761846889    -68.446761846889         0.17977E-03
    -68.446778778705    -68.446778778705         0.95458E-04
    -68.446762078983    -68.446762078983         0.11498E-03
    -68.446759905012    -68.446759905012         0.17926E-03
    -68.446762495084    -68.446762495084         0.63688E-04
    -68.446779341572    -68.446779341572         0.67555E-04
    -68.446779871945    -68.446779871945         0.10562E-03
    -68.446762443254    -68.446762443254         0.11421E-03
    -68.446780830378    -68.446780830378         0.98293E-04
    -68.446762181035    -68.446762181035         0.18817E-03
    -68.446762098721    -68.446762098721         0.14812E-03
    -68.446762107823    -68.446762107823         0.12102E-03
    -68.446740528969    -68.446740528969         0.87541E-04
    -68.446758786769    -68.446758786769         0.73835E-04
    -68.446740641773    -68.446740641773         0.17669E-03
    -68.446741168542    -68.446741168542         0.70507E-04
    -68.446739687323    -68.446739687323         0.12085E-03
    -68.446719870381    -68.446719870381         0.13960E-03
    -68.446719507576    -68.446719507576         0.19794E-03
    -68.446741214845    -68.446741214845         0.13193E-03
    -68.446720054131    -68.446720054131         0.78297E-04
    -68.446719656763    -68.446719656763         0.11575E-03
    -68.446720493492    -68.446720493492         0.12311E-03
    -68.446719787508    -68.446719787508         0.10857E-03
    -68.446719441015    -68.446719441015         0.19122E-03
    -68.446738616687    -68.446738616687         0.35652E-04
    -68.446720029479    -68.446720029479         0.16547E-03
    -68.446719593733    -68.446719593733         0.18834E-03
    -68.446720319407    -68.446720319407         0.12613E-03
    -68.446720148273    -68.446720148273         0.11594E-03
    -68.446720277369    -68.446720277369         0.17951E-03
    -68.446720425604    -68.446720425604         0.10929E-03
    -68.446720344298    -68.446720344298         0.13972E-03
    -68.446718530044    -68.446718530044         0.10555E-03
    -68.446719633608    -68.446719633608         0.79581E-04
    -68.446720301109    -68.446720301109         0.10648E-03
    -68.446719996544    -68.446719996544         0.11161E-03
    -68.446720331663    -68.446720331663         0.17985E-03
    -68.446719780136    -68.446719780136         0.61337E-04
    -68.446718872770    -68.446718872770         0.10205E-03
    -68.446717347924    -68.446717347924         0.11614E-03
    -68.446617837151    -68.446617837151         0.32582E-04
    -68.446617753270    -68.446617753270         0.58911E-04
    -68.446719771620    -68.446719771620         0.98113E-04
    -68.446617686416    -68.446617686416         0.11029E-03
    -68.446617591952    -68.446617591952         0.64156E-04
    -68.446616968895    -68.446616968895         0.13897E-03
    -68.446617343000    -68.446617343000         0.16835E-03
    -68.446617223524    -68.446617223524         0.17958E-03
    -68.446616853562    -68.446616853562         0.13759E-03
    -68.446617756612    -68.446617756612         0.11123E-03
    -68.446617545967    -68.446617545967         0.15981E-03
    -68.446617492338    -68.446617492338         0.17718E-03
    -68.446616912497    -68.446616912497         0.54592E-04
    -68.446616558457    -68.446616558457         0.18975E-03
    -68.446616814689    -68.446616814689         0.69605E-04
    -68.446616616678    -68.446616616678         0.16594E-03
    -68.446617653863    -68.446617653863         0.14957E-03
    -68.446616167820    -68.446616167820         0.16877E-03
    -68.446615959953    -68.446615959953         0.16266E-03
    -68.446616014647    -68.446616014647         0.70506E-04
    -68.446616410119    -68.446616410119         0.85609E-04
    -68.446615321710    -68.446615321710         0.38660E-04
    -68.446617706214    -68.446617706214         0.17777E-03
    -68.446617130875    -68.446617130875         0.13536E-03
    -68.446617662944    -68.446617662944         0.12195E-03
    -68.446617257735    -68.446617257735         0.15854E-03
    -68.446617697360    -68.446617697360         0.11715E-03
    -68.446617778799    -68.446617778799         0.69253E-04
    -68.446616879394    -68.446616879394         0.17776E-03
    -68.446616180197    -68.446616180197         0.16962E-03
    -68.446616243700    -68.446616243700         0.64680E-04
    -68.446573955980    -68.446573955980         0.66558E-04
    -68.446616810788    -68.446616810788         0.19552E-03
    -68.446574071821    -68.446574071821         0.15433E-03
    -68.446573454475    -68.446573454475         0.17338E-03
    -68.446573888429    -68.446573888429         0.12314E-03
    -68.446572782083    -68.446572782083         0.10147E-03
    -68.446571953702    -68.446571953702         0.11629E-03
    -68.446573928293    -68.446573928293         0.15874E-03
    -68.446573200440    -68.446573200440         0.11857E-03
    -68.446572319024    -68.446572319024         0.16998E-03
    -68.446572441598    -68.446572441598         0.14156E-03
    -68.446573869798    -68.446573869798         0.10332E-03
    -68.446573244048    -68.446573244048         0.12382E-03
    -68.446573339204    -68.446573339204         0.18357E-03
    -68.446572307328    -68.446572307328         0.15908E-03
    -68.446571622111    -68.446571622111         0.15993E-03
    -68.446573333944    -68.446573333944         0.11765E-03
    -68.446572192187    -68.446572192187         0.18265E-03
    -68.446571641037    -68.446571641037         0.13918E-03
    -68.446571654313    -68.446571654313         0.15453E-03
    -68.446571631336    -68.446571631336         0.12817E-03
    -68.446573544324    -68.446573544324         0.10031E-03
    -68.446572799829    -68.446572799829         0.80754E-04
    -68.446572767701    -68.446572767701         0.19530E-03
    -68.446573453928    -68.446573453928         0.18474E-03
    -68.446572940771    -68.446572940771         0.15193E-03
    -68.446572539968    -68.446572539968         0.85444E-04
    -68.446572986358    -68.446572986358         0.12549E-03
    -68.446572842197    -68.446572842197         0.16323E-03
    -68.446572028303    -68.446572028303         0.15239E-03
    -68.446570658648    -68.446570658648         0.19630E-03
    -68.446571778888    -68.446571778888         0.11505E-03
    -68.446571839754    -68.446571839754         0.10552E-03
    -68.446571436600    -68.446571436600         0.10591E-03
    -68.446571901183    -68.446571901183         0.12685E-03
    -68.446570571893    -68.446570571893         0.13270E-03
    -68.446571479608    -68.446571479608         0.18083E-03
    -68.446571098297    -68.446571098297         0.81313E-04
    -68.446573979467    -68.446573979467         0.14782E-03
    -68.446565924122    -68.446565924122         0.11599E-03
    -68.446565832158    -68.446565832158         0.99537E-04
    -68.446565862959    -68.446565862959         0.13030E-03
    -68.446565681897    -68.446565681897         0.18343E-03
    -68.446565786308    -68.446565786308         0.81067E-04
    -68.446565839027    -68.446565839027         0.17434E-03
    -68.446565110417    -68.446565110417         0.13324E-03
    -68.446573858374    -68.446573858374         0.11100E-03
    -68.446565179143    -68.446565179143         0.16149E-03
    -68.446564674802    -68.446564674802         0.10987E-03
    -68.446565316905    -68.446565316905         0.11968E-03
    -68.446565813186    -68.446565813186         0.83303E-04
    -68.446570988782    -68.446570988782         0.13835E-03
    -68.446572295171    -68.446572295171         0.13520E-03
    -68.446571959172    -68.446571959172         0.84892E-04
    -68.446573764500    -68.446573764500         0.12819E-03
    -68.446565452769    -68.446565452769         0.13452E-03
    -68.446574049090    -68.446574049090         0.12414E-03
    -68.446564964347    -68.446564964347         0.58575E-04
    -68.446565631975    -68.446565631975         0.19967E-03
    -68.446565681184    -68.446565681184         0.86134E-04
    -68.446570649715    -68.446570649715         0.30110E-04
    -68.446565045514    -68.446565045514         0.12280E-03
    -68.446566023162    -68.446566023162         0.18529E-03
    -68.446572463559    -68.446572463559         0.76325E-04
    -68.446565781845    -68.446565781845         0.14888E-03
    -68.446563090460    -68.446563090460         0.10971E-03
    -68.446562919462    -68.446562919462         0.18141E-03
    -68.446572268896    -68.446572268896         0.15209E-03
    -68.446572710579    -68.446572710579         0.15881E-03
    -68.446574077827    -68.446574077827         0.13810E-03
    -68.446565357804    -68.446565357804         0.10378E-03
    -68.446571806370    -68.446571806370         0.79189E-04
    -68.446565281631    -68.446565281631         0.17588E-03
    -68.446572787936    -68.446572787936         0.10153E-03
    -68.446560538903    -68.446560538903         0.18452E-03
    -68.446574093774    -68.446574093774         0.13991E-03
    -68.446571924899    -68.446571924899         0.16926E-03
    -68.446565276801    -68.446565276801         0.10090E-03
    -68.446565530877    -68.446565530877         0.18053E-03
    -68.446565886675    -68.446565886675         0.10191E-03
    -68.446564813390    -68.446564813390         0.18567E-03
    -68.446564481818    -68.446564481818         0.19320E-03
    -68.446565631656    -68.446565631656         0.13936E-03
    -68.446566018429    -68.446566018429         0.12640E-03
    -68.446565649579    -68.446565649579         0.13459E-03
    -68.446571537551    -68.446571537551         0.19019E-03
    -68.446565145076    -68.446565145076         0.18242E-03
    -68.446565717018    -68.446565717018         0.15302E-03
    -68.446566005585    -68.446566005585         0.10781E-03
    -68.446565948039    -68.446565948039         0.85594E-04
    -68.446565660704    -68.446565660704         0.70929E-04
    -68.446566064481    -68.446566064481         0.13341E-03
    -68.446564734468    -68.446564734468         0.22376E-04
    -68.446573720902    -68.446573720902         0.88434E-04
    -68.446510702566    -68.446510702566         0.15504E-03
    -68.446571912621    -68.446571912621         0.62719E-04
    -68.446509788889    -68.446509788889         0.10438E-03
    -68.446510181809    -68.446510181809         0.13940E-03
    -68.446510542850    -68.446510542850         0.17762E-03
    -68.446492609233    -68.446492609233         0.11347E-03
    -68.446491892529    -68.446491892529         0.18793E-03
    -68.446492528215    -68.446492528215         0.48737E-04
    -68.446491731634    -68.446491731634         0.12379E-03
    -68.446491790763    -68.446491790763         0.16305E-03
    -68.446492703765    -68.446492703765         0.77163E-04
    -68.446491655439    -68.446491655439         0.18489E-03
    -68.446492507087    -68.446492507087         0.10860E-03
    -68.446492224026    -68.446492224026         0.74134E-04
    -68.446492419452    -68.446492419452         0.10249E-03
    -68.446491748826    -68.446491748826         0.15846E-03
    -68.446492379886    -68.446492379886         0.11424E-03
    -68.446492074380    -68.446492074380         0.10039E-03
    -68.446488101845    -68.446488101845         0.15749E-03
    -68.446491860371    -68.446491860371         0.13590E-03
    -68.446490984139    -68.446490984139         0.10497E-03
    -68.446490439251    -68.446490439251         0.98887E-04
    -68.446492904530    -68.446492904530         0.95537E-04
    -68.446492397290    -68.446492397290         0.17463E-03
    -68.446487202080    -68.446487202080         0.16604E-03
    -68.446491645929    -68.446491645929         0.13620E-03
    -68.446485963110    -68.446485963110         0.19834E-03
    -68.446492966125    -68.446492966125         0.11503E-03
    -68.446493713290    -68.446493713290         0.10812E-03
    -68.446492632688    -68.446492632688         0.12986E-03
    -68.446492751453    -68.446492751453         0.17521E-03
    -68.446482743579    -68.446482743579         0.91388E-04
    -68.446482919335    -68.446482919335         0.10331E-03
    -68.446482476645    -68.446482476645         0.98038E-04
    -68.446482505517    -68.446482505517         0.97856E-04
    -68.446481124120    -68.446481124120         0.17415E-03
    -68.446491922883    -68.446491922883         0.19938E-03
    -68.446482578937    -68.446482578937         0.12394E-03
    -68.446480496123    -68.446480496123         0.17705E-03
    -68.446482089302    -68.446482089302         0.14634E-03
    -68.446481372661    -68.446481372661         0.11422E-03
    -68.446482170101    -68.446482170101         0.11183E-03
    -68.446482451685    -68.446482451685         0.19990E-03
    -68.446482593878    -68.446482593878         0.86523E-04
    -68.446481861193    -68.446481861193         0.13894E-03
    -68.446478392863    -68.446478392863         0.13224E-03
    -68.446482573789    -68.446482573789         0.14355E-03
    -68.446482787590    -68.446482787590         0.16767E-03
    -68.446482501656    -68.446482501656         0.94949E-04
    -68.446482512104    -68.446482512104         0.14996E-03
    -68.446482145756    -68.446482145756         0.16524E-03
    -68.446482534054    -68.446482534054         0.11954E-03
    -68.446486865973    -68.446486865973         0.83141E-04
    -68.446492762188    -68.446492762188         0.13526E-03
    -68.446480973576    -68.446480973576         0.17356E-03
    -68.446482845162    -68.446482845162         0.86838E-04
    -68.446482442571    -68.446482442571         0.18691E-03
    -68.446481834269    -68.446481834269         0.10370E-03
    -68.446482652709    -68.446482652709         0.86667E-04
    -68.446482446606    -68.446482446606         0.13747E-03
    -68.446482206831    -68.446482206831         0.18595E-03
    -68.446492591667    -68.446492591667         0.12389E-03
    -68.446479667189    -68.446479667189         0.33723E-04
    -68.446449229252    -68.446449229252         0.13370E-03
    -68.446448327619    -68.446448327619         0.19013E-03
    -68.446482521616    -68.446482521616         0.66182E-04
    -68.446449366959    -68.446449366959         0.11548E-03
    -68.446449457716    -68.446449457716         0.13667E-03
    -68.446448142781    -68.446448142781         0.13555E-03
    -68.446448831616    -68.446448831616         0.17989E-03
    -68.446428391688    -68.446428391688         0.15638E-03
    -68.446447285858    -68.446447285858         0.67723E-04
    -68.446409479723    -68.446409479723         0.12857E-03
    -68.446404841061    -68.446404841061         0.71060E-04
    -68.446404872657    -68.446404872657         0.14571E-03
    -68.446295418768    -68.446295418768         0.16626E-03
    -68.446364236585    -68.446364236585         0.57797E-04
    -68.446295784951    -68.446295784951         0.19048E-03
    -68.446295186353    -68.446295186353         0.15790E-03
    -68.446307344955    -68.446307344955         0.66960E-04
    -68.446295768136    -68.446295768136         0.63528E-04
    -68.446297467333    -68.446297467333         0.70406E-04
    -68.446164930305    -68.446164930305         0.17286E-03
    -68.446165192572    -68.446165192572         0.16881E-03
    -68.446160935114    -68.446160935114         0.19541E-03
    -68.446160914003    -68.446160914003         0.19790E-03
    -68.446161713421    -68.446161713421         0.16515E-03
    -68.446154675452    -68.446154675452         0.77533E-04
    -68.446154570163    -68.446154570163         0.75924E-04
    -68.446133243595    -68.446133243595         0.88931E-04
    -68.446132771101    -68.446132771101         0.12145E-03
    -68.446125569313    -68.446125569313         0.16111E-03
    -68.446125705063    -68.446125705063         0.81189E-04
    -68.446160441848    -68.446160441848         0.17151E-03
    -68.446153428554    -68.446153428554         0.86616E-04
    -68.446086638266    -68.446086638266         0.89251E-04
    -68.446124295666    -68.446124295666         0.19620E-03
    -68.446086663557    -68.446086663557         0.80020E-04
    -68.446085923153    -68.446085923153         0.12699E-03
    -68.446049530074    -68.446049530074         0.69431E-04
    -68.445998976873    -68.445998976873         0.17577E-03
    -68.445998454402    -68.445998454402         0.13352E-03
    -68.445998751552    -68.445998751552         0.14835E-03
    -68.448055916478    -68.448055916478         0.17796E-03
    -68.445916321520    -68.445916321520         0.11473E-03
    -68.445943443355    -68.445943443355         0.16536E-03
    -68.445913738581    -68.445913738581         0.14549E-03
    -68.448053774727    -68.448053774727         0.18892E-03
    -68.445908816948    -68.445908816948         0.14143E-03
    -68.445907945398    -68.445907945398         0.17937E-03
    -68.445943083604    -68.445943083604         0.19745E-03
    -68.445865823694    -68.445865823694         0.13127E-03
    -68.445863928664    -68.445863928664         0.15425E-03
    -68.445864279205    -68.445864279205         0.36322E-04
    -68.445848326928    -68.445848326928         0.14200E-03
    -68.445863912788    -68.445863912788         0.11966E-03
    -68.445706287409    -68.445706287409         0.10229E-03
    -68.445707031385    -68.445707031385         0.16947E-03
    -68.445736474073    -68.445736474073         0.55172E-04
    -68.445734689159    -68.445734689159         0.97579E-04
    -68.448056573436    -68.448056573436         0.22721E-04
    -68.445704033325    -68.445704033325         0.10604E-03
    -68.445700953211    -68.445700953211         0.12468E-03
    -68.445700226247    -68.445700226247         0.14196E-03
    -68.448057432274    -68.448057432274         0.18906E-03
    -68.445700247144    -68.445700247144         0.11479E-03
    -68.445679300217    -68.445679300217         0.17682E-03
    -68.445670154194    -68.445670154194         0.17711E-03
    -68.445669549338    -68.445669549338         0.12915E-03
    -68.445668815032    -68.445668815032         0.97027E-04
    -68.445669405506    -68.445669405506         0.13754E-03
    -68.445669413973    -68.445669413973         0.16681E-03
    -68.445669412604    -68.445669412604         0.74593E-04
    -68.445668543537    -68.445668543537         0.19567E-03
    -68.445667754243    -68.445667754243         0.17578E-03
    -68.445669642770    -68.445669642770         0.90905E-04
    -68.445667350040    -68.445667350040         0.97617E-04
    -68.445667020283    -68.445667020283         0.18997E-03
    -68.445678418269    -68.445678418269         0.90524E-04
    -68.445669334615    -68.445669334615         0.13447E-03
    -68.445670341468    -68.445670341468         0.12556E-03
    -68.445635909558    -68.445635909558         0.14550E-03
    -68.445668858040    -68.445668858040         0.13455E-03
    -68.445653979514    -68.445653979514         0.64249E-04
    -68.445635194031    -68.445635194031         0.18814E-03
    -68.445631956666    -68.445631956666         0.80549E-04
    -68.445634887823    -68.445634887823         0.13269E-03
    -68.445628783046    -68.445628783046         0.92139E-04
    -68.445629044760    -68.445629044760         0.10357E-03
    -68.445633374963    -68.445633374963         0.62121E-04
    -68.445628005162    -68.445628005162         0.19997E-03
    -68.445629738645    -68.445629738645         0.65169E-04
    -68.445634728912    -68.445634728912         0.19002E-03
    -68.445631818570    -68.445631818570         0.11513E-03
    -68.445639157336    -68.445639157336         0.75458E-04
    -68.445615899119    -68.445615899119         0.78482E-04
    -68.445631081948    -68.445631081948         0.15189E-03
    -68.445631448991    -68.445631448991         0.17607E-03
    -68.445617810338    -68.445617810338         0.76321E-04
    -68.445668155151    -68.445668155151         0.11288E-03
    -68.445615554250    -68.445615554250         0.78407E-04
    -68.445616819432    -68.445616819432         0.19397E-03
    -68.445628495711    -68.445628495711         0.48602E-04
    -68.445629033265    -68.445629033265         0.64271E-04
    -68.445616885150    -68.445616885150         0.11914E-03
    -68.445617479548    -68.445617479548         0.19873E-03
    -68.445618239270    -68.445618239270         0.17694E-03
    -68.445612462173    -68.445612462173         0.27223E-04
    -68.445631186964    -68.445631186964         0.11135E-03
    -68.445615156101    -68.445615156101         0.13537E-03
    -68.445617334147    -68.445617334147         0.99470E-04
    -68.445617572204    -68.445617572204         0.10586E-03
    -68.445617591466    -68.445617591466         0.38369E-04
    -68.445616586579    -68.445616586579         0.92623E-04
    -68.445610280399    -68.445610280399         0.37007E-04
    -68.445621187708    -68.445621187708         0.56316E-04
    -68.445617633315    -68.445617633315         0.12386E-03
    -68.445629305938    -68.445629305938         0.20010E-04
    -68.445626843889    -68.445626843889         0.39512E-04
    -68.445631994771    -68.445631994771         0.17663E-03
    -68.445615862331    -68.445615862331         0.77097E-04
    -68.445617759177    -68.445617759177         0.48986E-04
    -68.445606867127    -68.445606867127         0.36964E-04
    -68.445631820969    -68.445631820969         0.17212E-03
    -68.445624930699    -68.445624930699         0.67334E-04
    -68.445594749523    -68.445594749523         0.92752E-04
    -68.445619795176    -68.445619795176         0.78272E-04
    -68.445617773391    -68.445617773391         0.16091E-03
    -68.445608212842    -68.445608212842         0.77912E-04
    -68.445618389381    -68.445618389381         0.69765E-04
    -68.445613919794    -68.445613919794         0.19160E-03
    -68.445595104879    -68.445595104879         0.94635E-04
    -68.445605188806    -68.445605188806         0.89577E-04
    -68.445573471966    -68.445573471966         0.10570E-03
    -68.445595042199    -68.445595042199         0.70609E-04
    -68.445612035210    -68.445612035210         0.66097E-04
    -68.445563147223    -68.445563147223         0.17642E-03
    -68.445565316315    -68.445565316315         0.14941E-03
    -68.445616532103    -68.445616532103         0.10820E-03
    -68.445565717008    -68.445565717008         0.18773E-03
    -68.445563081344    -68.445563081344         0.19606E-03
    -68.445592031380    -68.445592031380         0.13479E-03
    -68.445588967660    -68.445588967660         0.24988E-04
    -68.445563413844    -68.445563413844         0.85234E-04
    -68.445515391636    -68.445515391636         0.17072E-03
    -68.445528456342    -68.445528456342         0.11662E-03
    -68.445516860541    -68.445516860541         0.11621E-03
    -68.445511168698    -68.445511168698         0.73844E-04
    -68.445511624470    -68.445511624470         0.10490E-03
    -68.445510003188    -68.445510003188         0.15455E-03
    -68.445511059281    -68.445511059281         0.10565E-03
    -68.445516260544    -68.445516260544         0.19253E-03
    -68.445510167009    -68.445510167009         0.17630E-03
    -68.445511481890    -68.445511481890         0.12561E-03
    -68.445511415467    -68.445511415467         0.10034E-03
    -68.445516909904    -68.445516909904         0.11915E-03
    -68.445414663915    -68.445414663915         0.12717E-03
    -68.445511406765    -68.445511406765         0.11590E-03
    -68.445414628986    -68.445414628986         0.99124E-04
    -68.445347406158    -68.445347406158         0.13767E-03
    -68.445417579948    -68.445417579948         0.19486E-03
    -68.445347214584    -68.445347214584         0.48013E-04
    -68.445346276174    -68.445346276174         0.12411E-03
    -68.445346197100    -68.445346197100         0.14993E-03
    -68.445345716158    -68.445345716158         0.16302E-03
    -68.445348963894    -68.445348963894         0.94628E-04
    -68.445348720735    -68.445348720735         0.19108E-03
    -68.445348428472    -68.445348428472         0.82634E-04
    -68.445349061774    -68.445349061774         0.73234E-04
    -68.445335578624    -68.445335578624         0.83917E-04
    -68.445336989424    -68.445336989424         0.85705E-04
    -68.445336894720    -68.445336894720         0.12928E-03
    -68.445332609737    -68.445332609737         0.17671E-03
    -68.445334984592    -68.445334984592         0.13737E-03
    -68.445348079822    -68.445348079822         0.16171E-03
    -68.445347606689    -68.445347606689         0.16602E-03
    -68.445348585508    -68.445348585508         0.11651E-03
    -68.445336241439    -68.445336241439         0.15262E-03
    -68.445334742737    -68.445334742737         0.99066E-04
    -68.445336182897    -68.445336182897         0.16943E-03
    -68.445333648314    -68.445333648314         0.13328E-03
    -68.445333477967    -68.445333477967         0.15737E-03
    -68.445336107900    -68.445336107900         0.12989E-03
    -68.445335487246    -68.445335487246         0.85347E-04
    -68.445331887368    -68.445331887368         0.18481E-03
    -68.445335721383    -68.445335721383         0.17858E-03
    -68.445335138673    -68.445335138673         0.19438E-03
    -68.445334766537    -68.445334766537         0.79389E-04
    -68.445333426180    -68.445333426180         0.33276E-04
    -68.445326374908    -68.445326374908         0.74425E-04
    -68.445335162475    -68.445335162475         0.68097E-04
    -68.445282924037    -68.445282924037         0.13566E-03
    -68.445280965666    -68.445280965666         0.12168E-03
    -68.445283812792    -68.445283812792         0.12767E-03
    -68.445282650917    -68.445282650917         0.18764E-04
    -68.445191759142    -68.445191759142         0.11614E-03
    -68.445287193162    -68.445287193162         0.24358E-04
    -68.445190508063    -68.445190508063         0.14640E-03
    -68.445134488521    -68.445134488521         0.10069E-03
    -68.445150526093    -68.445150526093         0.13574E-03
    -68.445134217035    -68.445134217035         0.17443E-03
    -68.445134647019    -68.445134647019         0.46120E-04
    -68.445134272338    -68.445134272338         0.16741E-03
    -68.445134158694    -68.445134158694         0.16159E-03
    -68.445134330882    -68.445134330882         0.11411E-03
    -68.445134586361    -68.445134586361         0.13835E-03
    -68.445134256252    -68.445134256252         0.10860E-03
    -68.445133643446    -68.445133643446         0.11305E-03
    -68.445134515061    -68.445134515061         0.15583E-03
    -68.445133141440    -68.445133141440         0.17443E-03
    -68.445133963449    -68.445133963449         0.15761E-03
    -68.445133598473    -68.445133598473         0.18520E-03
    -68.445134037732    -68.445134037732         0.83115E-04
    -68.445126991729    -68.445126991729         0.76028E-04
    -68.445128933509    -68.445128933509         0.16143E-03
    -68.445125549331    -68.445125549331         0.18002E-03
    -68.445131655381    -68.445131655381         0.69775E-04
    -68.445126616042    -68.445126616042         0.97232E-04
    -68.445130802429    -68.445130802429         0.13836E-03
    -68.445125862332    -68.445125862332         0.10745E-03
    -68.445132685942    -68.445132685942         0.33598E-04
    -68.445126381003    -68.445126381003         0.15727E-03
    -68.445125359294    -68.445125359294         0.18993E-03
    -68.445132177134    -68.445132177134         0.12442E-03
    -68.445130590085    -68.445130590085         0.17730E-03
    -68.445132377636    -68.445132377636         0.30402E-04
    -68.445121515560    -68.445121515560         0.55129E-04
    -68.445133828651    -68.445133828651         0.16690E-03
    -68.445124975169    -68.445124975169         0.19926E-03
    -68.445126338707    -68.445126338707         0.11351E-03
    -68.445127695738    -68.445127695738         0.84805E-04
    -68.445129627745    -68.445129627745         0.47551E-04
    -68.447192506259    -68.447192506259         0.65196E-04
    -68.447191716297    -68.447191716297         0.63696E-04
    -68.445127727559    -68.445127727559         0.96963E-04
    -68.447189050859    -68.447189050859         0.64098E-04
    -68.445125168437    -68.445125168437         0.41702E-04
    -68.447188460994    -68.447188460994         0.12676E-03
    -68.445077339698    -68.445077339698         0.11876E-03
    -68.445075055562    -68.445075055562         0.13911E-03
    -68.445073140748    -68.445073140748         0.16949E-03
    -68.447221013718    -68.447221013718         0.10149E-03
    -68.447188247602    -68.447188247602         0.52117E-04
    -68.445070508822    -68.445070508822         0.13244E-03
    -68.445067884617    -68.445067884617         0.17467E-03
    -68.445072504257    -68.445072504257         0.83661E-04
    -68.447208338840    -68.447208338840         0.18972E-03
    -68.445069138443    -68.445069138443         0.14337E-03
    -68.447209915643    -68.447209915643         0.98785E-04
    -68.445070000305    -68.445070000305         0.14109E-03
    -68.445059822028    -68.445059822028         0.61092E-04
    -68.445051527651    -68.445051527651         0.16610E-03
    -68.445053391725    -68.445053391725         0.13753E-03
    -68.445053669681    -68.445053669681         0.11661E-03
    -68.445067470080    -68.445067470080         0.75126E-04
    -68.445047305952    -68.445047305952         0.90245E-04
    -68.445050452999    -68.445050452999         0.18644E-03
    -68.445042145005    -68.445042145005         0.75542E-04
    -68.445033608237    -68.445033608237         0.10961E-03
    -68.445041335787    -68.445041335787         0.12529E-03
    -68.445041548733    -68.445041548733         0.12590E-03
    -68.445042071427    -68.445042071427         0.14190E-03
    -68.447218020991    -68.447218020991         0.15696E-03
    -68.445041781637    -68.445041781637         0.11463E-03
    -68.445040661450    -68.445040661450         0.65363E-04
    -68.445039889631    -68.445039889631         0.19732E-03
    -68.445038546426    -68.445038546426         0.18094E-03
    -68.445035422129    -68.445035422129         0.62701E-04
    -68.445033813091    -68.445033813091         0.72638E-04
    -68.445032719365    -68.445032719365         0.18456E-03
    -68.445039989626    -68.445039989626         0.18600E-03
    -68.445040277722    -68.445040277722         0.48583E-04
    -68.445041243151    -68.445041243151         0.26462E-04
    -68.445041859225    -68.445041859225         0.10482E-03
    -68.445032875253    -68.445032875253         0.19374E-03
    -68.445041341098    -68.445041341098         0.13958E-03
    -68.445001382537    -68.445001382537         0.10198E-03
    -68.444994676564    -68.444994676564         0.71098E-04
    -68.444994457181    -68.444994457181         0.82670E-04
    -68.445037549557    -68.445037549557         0.19561E-03
    -68.444994328004    -68.444994328004         0.18914E-03
    -68.444994092546    -68.444994092546         0.19835E-03
    -68.444994241995    -68.444994241995         0.14223E-03
    -68.444993343448    -68.444993343448         0.19251E-03
    -68.444994557427    -68.444994557427         0.64938E-04
    -68.444994644531    -68.444994644531         0.12281E-03
    -68.444994122457    -68.444994122457         0.12853E-03
    -68.444991929640    -68.444991929640         0.19900E-03
    -68.444994261484    -68.444994261484         0.15538E-03
    -68.444993736796    -68.444993736796         0.18264E-03
    -68.444994334358    -68.444994334358         0.10030E-03
    -68.444994646327    -68.444994646327         0.11725E-03
    -68.444994574890    -68.444994574890         0.70455E-04
    -68.444994276265    -68.444994276265         0.82396E-04
    -68.444990439829    -68.444990439829         0.81260E-04
    -68.444962875614    -68.444962875614         0.18495E-03
    -68.444962950465    -68.444962950465         0.13411E-03
    -68.444993182261    -68.444993182261         0.19065E-03
    -68.444961878167    -68.444961878167         0.13972E-03
    -68.444962982019    -68.444962982019         0.12144E-03
    -68.444962823991    -68.444962823991         0.12164E-03
    -68.444962674053    -68.444962674053         0.19343E-03
    -68.444961660178    -68.444961660178         0.18371E-03
    -68.444962393110    -68.444962393110         0.11290E-03
    -68.444961975344    -68.444961975344         0.11443E-03
    -68.444962775125    -68.444962775125         0.89574E-04
    -68.444962373687    -68.444962373687         0.10292E-03
    -68.444961729548    -68.444961729548         0.17768E-03
    -68.444961856344    -68.444961856344         0.10610E-03
    -68.444962613753    -68.444962613753         0.19014E-03
    -68.444962487326    -68.444962487326         0.18865E-03
    -68.444961210812    -68.444961210812         0.58503E-04
    -68.444962709851    -68.444962709851         0.12217E-03
    -68.444929057836    -68.444929057836         0.10546E-03
    -68.444957469640    -68.444957469640         0.17434E-03
    -68.444929420140    -68.444929420140         0.88129E-04
    -68.444928845625    -68.444928845625         0.13440E-03
    -68.444928217279    -68.444928217279         0.12896E-03
    -68.444928601449    -68.444928601449         0.14287E-03
    -68.444929329993    -68.444929329993         0.10052E-03
    -68.444929482132    -68.444929482132         0.85822E-04
    -68.444929061060    -68.444929061060         0.12471E-03
    -68.444929064670    -68.444929064670         0.11667E-03
    -68.444928353533    -68.444928353533         0.17157E-03
    -68.444928527953    -68.444928527953         0.87102E-04
    -68.444929300204    -68.444929300204         0.84031E-04
    -68.444929256000    -68.444929256000         0.12304E-03
    -68.444928179597    -68.444928179597         0.15753E-03
    -68.444926669311    -68.444926669311         0.69544E-04
    -68.444928748430    -68.444928748430         0.13689E-03
    -68.444928515527    -68.444928515527         0.11922E-03
    -68.444927182605    -68.444927182605         0.18426E-03
    -68.444871267545    -68.444871267545         0.18681E-03
    -68.444870983183    -68.444870983183         0.15243E-03
    -68.444872912816    -68.444872912816         0.79716E-04
    -68.444873038670    -68.444873038670         0.10213E-03
    -68.444872016947    -68.444872016947         0.86147E-04
    -68.444871959905    -68.444871959905         0.15695E-03
    -68.444873085026    -68.444873085026         0.13539E-03
    -68.444871724425    -68.444871724425         0.14054E-03
    -68.447179681655    -68.447179681655         0.11049E-03
    -68.444871876879    -68.444871876879         0.11513E-03
    -68.444872650631    -68.444872650631         0.14277E-03
    -68.444872287449    -68.444872287449         0.19559E-03
    -68.444869655564    -68.444869655564         0.18521E-03
    -68.444870875645    -68.444870875645         0.12131E-03
    -68.444868640882    -68.444868640882         0.70078E-04
    -68.444869313531    -68.444869313531         0.18941E-04
    -68.444871262514    -68.444871262514         0.11375E-03
    -68.444845189861    -68.444845189861         0.19603E-03
    -68.444866794556    -68.444866794556         0.17438E-03
    -68.444837055033    -68.444837055033         0.10398E-03
    -68.444872217994    -68.444872217994         0.19687E-03
    -68.444837094657    -68.444837094657         0.13548E-03
    -68.444862177535    -68.444862177535         0.99308E-04
    -68.444836003079    -68.444836003079         0.13002E-03
    -68.444836781433    -68.444836781433         0.65289E-04
    -68.444836754446    -68.444836754446         0.12285E-03
    -68.444837342799    -68.444837342799         0.11255E-03
    -68.444835378684    -68.444835378684         0.15316E-03
    -68.444817069809    -68.444817069809         0.17729E-03
    -68.444837292763    -68.444837292763         0.78609E-04
    -68.444818464000    -68.444818464000         0.13504E-03
    -68.444818844335    -68.444818844335         0.17323E-03
    -68.444819532787    -68.444819532787         0.14009E-03
    -68.444835801469    -68.444835801469         0.16573E-03
    -68.444813575242    -68.444813575242         0.12033E-03
    -68.444801523486    -68.444801523486         0.16947E-03
    -68.444803037086    -68.444803037086         0.46218E-04
    -68.444789708935    -68.444789708935         0.93223E-04
    -68.444818691269    -68.444818691269         0.97047E-04
    -68.447199649285    -68.447199649285         0.54135E-04
    -68.444802087537    -68.444802087537         0.12777E-03
    -68.444818211614    -68.444818211614         0.13600E-03
    -68.444801803764    -68.444801803764         0.13463E-03
    -68.444801421083    -68.444801421083         0.14148E-03
    -68.444801576128    -68.444801576128         0.10665E-03
    -68.444802113778    -68.444802113778         0.12991E-03
    -68.444801415814    -68.444801415814         0.13641E-03
    -68.444801765175    -68.444801765175         0.10232E-03
    -68.444836932878    -68.444836932878         0.15774E-03
    -68.444836753201    -68.444836753201         0.63393E-04
    -68.444791450953    -68.444791450953         0.14064E-03
    -68.444801605893    -68.444801605893         0.15332E-03
    -68.444791711128    -68.444791711128         0.12320E-03
    -68.444785161373    -68.444785161373         0.10825E-03
    -68.444790147847    -68.444790147847         0.96796E-04
    -68.444799418497    -68.444799418497         0.11074E-03
    -68.447207758993    -68.447207758993         0.42963E-04
    -68.444797622713    -68.444797622713         0.41576E-04
    -68.444801060719    -68.444801060719         0.19122E-03
    -68.444788711125    -68.444788711125         0.13947E-03
    -68.444790607356    -68.444790607356         0.82287E-04
    -68.444788442645    -68.444788442645         0.19870E-03
    -68.444782219057    -68.444782219057         0.14407E-03
    -68.444815002217    -68.444815002217         0.19401E-03
    -68.444758882741    -68.444758882741         0.10220E-03
    -68.444790365609    -68.444790365609         0.14987E-03
    -68.444758108615    -68.444758108615         0.17609E-03
    -68.444759163530    -68.444759163530         0.10895E-03
    -68.444758890567    -68.444758890567         0.19815E-03
    -68.444757963280    -68.444757963280         0.73905E-04
    -68.444755261895    -68.444755261895         0.13751E-03
    -68.444758956376    -68.444758956376         0.94399E-04
    -68.444753649646    -68.444753649646         0.11635E-03
    -68.444753504863    -68.444753504863         0.19709E-03
    -68.444755103336    -68.444755103336         0.18426E-03
    -68.444758671816    -68.444758671816         0.14685E-03
    -68.444754311523    -68.444754311523         0.17213E-03
    -68.444755025820    -68.444755025820         0.83858E-04
    -68.444754379238    -68.444754379238         0.12827E-03
    -68.444762665869    -68.444762665869         0.61756E-04
    -68.444738994840    -68.444738994840         0.15018E-03
    -68.444758803152    -68.444758803152         0.93526E-04
    -68.444758441025    -68.444758441025         0.13389E-03
    -68.444758928598    -68.444758928598         0.16724E-03
    -68.444737881104    -68.444737881104         0.14441E-03
    -68.444738288929    -68.444738288929         0.11026E-03
    -68.444738915618    -68.444738915618         0.11679E-03
    -68.444757957493    -68.444757957493         0.69767E-04
    -68.444738801306    -68.444738801306         0.15181E-03
    -68.444738011784    -68.444738011784         0.80261E-04
    -68.444743325681    -68.444743325681         0.59562E-04
    -68.444738687768    -68.444738687768         0.12294E-03
    -68.444737408693    -68.444737408693         0.27340E-04
    -68.444736633974    -68.444736633974         0.97941E-04
    -68.444706967326    -68.444706967326         0.12998E-03
    -68.444737495129    -68.444737495129         0.15961E-03
    -68.444735110422    -68.444735110422         0.11285E-03
    -68.444706693170    -68.444706693170         0.80026E-04
    -68.444738491265    -68.444738491265         0.18374E-03
    -68.444734708343    -68.444734708343         0.38226E-04
    -68.444738471332    -68.444738471332         0.90087E-04
    -68.444706472888    -68.444706472888         0.12980E-03
    -68.444707061190    -68.444707061190         0.12521E-03
    -68.444706810199    -68.444706810199         0.12810E-03
    -68.444706849437    -68.444706849437         0.96870E-04
    -68.444706778771    -68.444706778771         0.14033E-03
    -68.444705661547    -68.444705661547         0.10344E-03
    -68.444706579238    -68.444706579238         0.10387E-03
    -68.444704802438    -68.444704802438         0.19791E-03
    -68.444706916139    -68.444706916139         0.78573E-04
    -68.444706959042    -68.444706959042         0.16940E-03
    -68.444738596603    -68.444738596603         0.12221E-03
    -68.444732117160    -68.444732117160         0.33782E-04
    -68.444706839206    -68.444706839206         0.13555E-03
    -68.444705892305    -68.444705892305         0.13955E-03
    -68.444738273882    -68.444738273882         0.14533E-03
    -68.444705848977    -68.444705848977         0.10334E-03
    -68.444697401052    -68.444697401052         0.14965E-03
    -68.444736348365    -68.444736348365         0.25843E-04
    -68.444657442348    -68.444657442348         0.14803E-03
    -68.444657181463    -68.444657181463         0.12406E-03
    -68.444656258922    -68.444656258922         0.14820E-03
    -68.444656701803    -68.444656701803         0.69750E-04
    -68.444696785465    -68.444696785465         0.12055E-03
    -68.444657030403    -68.444657030403         0.10142E-03
    -68.444657426163    -68.444657426163         0.13139E-03
    -68.444657115637    -68.444657115637         0.11073E-03
    -68.444653988651    -68.444653988651         0.18485E-03
    -68.444657411617    -68.444657411617         0.18373E-03
    -68.444657128185    -68.444657128185         0.11227E-03
    -68.444657898574    -68.444657898574         0.53275E-04
    -68.444657393444    -68.444657393444         0.95714E-04
    -68.444655934664    -68.444655934664         0.85074E-04
    -68.444657644084    -68.444657644084         0.10911E-03
    -68.444641686968    -68.444641686968         0.93612E-04
    -68.444656846970    -68.444656846970         0.15003E-03
    -68.444642729718    -68.444642729718         0.95544E-04
    -68.444636036929    -68.444636036929         0.17390E-03
    -68.444638582070    -68.444638582070         0.16276E-03
    -68.444638649010    -68.444638649010         0.13964E-03
    -68.444645955851    -68.444645955851         0.15866E-03
    -68.444638538174    -68.444638538174         0.55567E-04
    -68.444635942483    -68.444635942483         0.19992E-03
    -68.444642760410    -68.444642760410         0.19682E-03
    -68.444638719877    -68.444638719877         0.17818E-03
    -68.444635063460    -68.444635063460         0.14838E-03
    -68.444636686951    -68.444636686951         0.88213E-04
    -68.444636653981    -68.444636653981         0.17084E-03
    -68.444635528256    -68.444635528256         0.11901E-03
    -68.444641682575    -68.444641682575         0.14239E-03
    -68.444642386191    -68.444642386191         0.14728E-03
    -68.444641286703    -68.444641286703         0.10853E-03
    -68.444636323211    -68.444636323211         0.10810E-03
    -68.444641886534    -68.444641886534         0.14002E-03
    -68.444636379546    -68.444636379546         0.14843E-03
    -68.444632001169    -68.444632001169         0.92574E-04
    -68.444636342826    -68.444636342826         0.18672E-03
    -68.444638789942    -68.444638789942         0.73382E-04
    -68.444636743117    -68.444636743117         0.12273E-03
    -68.444642333473    -68.444642333473         0.11863E-03
    -68.444631699216    -68.444631699216         0.92910E-04
    -68.444629152534    -68.444629152534         0.11307E-03
    -68.444639178604    -68.444639178604         0.55154E-04
    -68.444641443859    -68.444641443859         0.14261E-03
    -68.444636482796    -68.444636482796         0.77553E-04
    -68.444636125118    -68.444636125118         0.11794E-03
    -68.444629783153    -68.444629783153         0.17590E-03
    -68.444631917592    -68.444631917592         0.16934E-03
    -68.444630729443    -68.444630729443         0.10737E-03
    -68.444636473189    -68.444636473189         0.12434E-03
    -68.444630642421    -68.444630642421         0.95499E-04
    -68.444631314562    -68.444631314562         0.13730E-03
    -68.444631889265    -68.444631889265         0.96468E-04
    -68.444624288717    -68.444624288717         0.86339E-04
    -68.444638146279    -68.444638146279         0.12573E-03
    -68.444641127828    -68.444641127828         0.82628E-04
    -68.444629193263    -68.444629193263         0.77283E-04
    -68.444636282780    -68.444636282780         0.13119E-03
    -68.444631094351    -68.444631094351         0.78015E-04
    -68.444636528358    -68.444636528358         0.10455E-03
    -68.444628370757    -68.444628370757         0.18614E-03
    -68.444635564972    -68.444635564972         0.81029E-04
    -68.444631220486    -68.444631220486         0.11449E-03
    -68.444631844448    -68.444631844448         0.71322E-04
    -68.444636543588    -68.444636543588         0.15019E-03
    -68.444620898785    -68.444620898785         0.14692E-03
    -68.444620994378    -68.444620994378         0.83839E-04
    -68.444621117883    -68.444621117883         0.14977E-03
    -68.444636259297    -68.444636259297         0.60668E-04
    -68.444627517114    -68.444627517114         0.19251E-03
    -68.444620634185    -68.444620634185         0.57978E-04
    -68.444624409505    -68.444624409505         0.16407E-03
    -68.444624216847    -68.444624216847         0.12540E-03
    -68.444620890301    -68.444620890301         0.10689E-03
    -68.444625098598    -68.444625098598         0.11454E-03
    -68.444620703388    -68.444620703388         0.68380E-04
    -68.444620695202    -68.444620695202         0.16153E-03
    -68.444628168316    -68.444628168316         0.13073E-03
    -68.444620831100    -68.444620831100         0.11316E-03
    -68.444629317639    -68.444629317639         0.15579E-03
    -68.444620823270    -68.444620823270         0.97086E-04
    -68.444620695385    -68.444620695385         0.13556E-03
    -68.444623757824    -68.444623757824         0.18796E-03
    -68.444630373649    -68.444630373649         0.11921E-03
    -68.444629556292    -68.444629556292         0.10966E-03
    -68.444620821717    -68.444620821717         0.13693E-03
    -68.444621225494    -68.444621225494         0.13586E-03
    -68.444621143703    -68.444621143703         0.84178E-04
    -68.444620762379    -68.444620762379         0.12340E-03
    -68.444624870299    -68.444624870299         0.11618E-03
    -68.444619574879    -68.444619574879         0.19328E-03
    -68.444620797273    -68.444620797273         0.10072E-03
    -68.444624912745    -68.444624912745         0.12771E-03
    -68.444630596069    -68.444630596069         0.19911E-03
    -68.444621014127    -68.444621014127         0.18455E-03
    -68.444629646018    -68.444629646018         0.12632E-03
    -68.444621056534    -68.444621056534         0.15446E-03
    -68.444625877426    -68.444625877426         0.91736E-04
    -68.444620940404    -68.444620940404         0.14497E-03
    -68.444627901562    -68.444627901562         0.19558E-03
    -68.444629041809    -68.444629041809         0.67807E-04
    -68.444625071404    -68.444625071404         0.17238E-03
    -68.444539689677    -68.444539689677         0.14717E-03
    -68.444621153848    -68.444621153848         0.87582E-04
    -68.444539595185    -68.444539595185         0.12063E-03
    -68.444539562132    -68.444539562132         0.14724E-03
    -68.444538709791    -68.444538709791         0.77454E-04
    -68.444534592468    -68.444534592468         0.14154E-03
    -68.444539098828    -68.444539098828         0.78903E-04
    -68.444532717952    -68.444532717952         0.10344E-03
    -68.444533893565    -68.444533893565         0.19873E-03
    -68.444538536206    -68.444538536206         0.92651E-04
    -68.444533312401    -68.444533312401         0.18859E-03
    -68.444534235630    -68.444534235630         0.16738E-03
    -68.444533720096    -68.444533720096         0.14155E-03
    -68.444534239489    -68.444534239489         0.15291E-03
    -68.444534682834    -68.444534682834         0.12932E-03
    -68.444534091428    -68.444534091428         0.92634E-04
    -68.444534376204    -68.444534376204         0.15750E-03
    -68.444528822331    -68.444528822331         0.17952E-03
    -68.444534667929    -68.444534667929         0.11115E-03
    -68.444527980701    -68.444527980701         0.17088E-03
    -68.444526984553    -68.444526984553         0.11183E-03
    -68.444525980394    -68.444525980394         0.10016E-03
    -68.444534239838    -68.444534239838         0.19742E-03
    -68.444528550613    -68.444528550613         0.77838E-04
    -68.444528900823    -68.444528900823         0.19557E-03
    -68.444528190952    -68.444528190952         0.15250E-03
    -68.444526999627    -68.444526999627         0.17082E-03
    -68.444528430087    -68.444528430087         0.11577E-03
    -68.444528448828    -68.444528448828         0.12645E-03
    -68.444528605358    -68.444528605358         0.16642E-03
    -68.444534490034    -68.444534490034         0.13108E-03
    -68.444534360142    -68.444534360142         0.87029E-04
    -68.444534055149    -68.444534055149         0.87877E-04
    -68.444527717317    -68.444527717317         0.18748E-03
    -68.444526838579    -68.444526838579         0.10606E-03
    -68.444540064668    -68.444540064668         0.11735E-03
    -68.444534450243    -68.444534450243         0.90003E-04
    -68.444526860698    -68.444526860698         0.10617E-03
    -68.444503456966    -68.444503456966         0.14758E-03
    -68.444495455546    -68.444495455546         0.14970E-03
    -68.444502692617    -68.444502692617         0.18900E-03
    -68.444532424242    -68.444532424242         0.40571E-04
    -68.444503634790    -68.444503634790         0.88637E-04
    -68.444503313329    -68.444503313329         0.82895E-04
    -68.444502854582    -68.444502854582         0.17516E-03
    -68.444502632823    -68.444502632823         0.13904E-03
    -68.444507576936    -68.444507576936         0.11281E-03
    -68.444523725964    -68.444523725964         0.49020E-04
    -68.444503020302    -68.444503020302         0.17485E-03
    -68.444503938961    -68.444503938961         0.13584E-03
    -68.444495152570    -68.444495152570         0.18931E-03
    -68.444495930622    -68.444495930622         0.11979E-03
    -68.444496262543    -68.444496262543         0.14286E-03
    -68.444489831600    -68.444489831600         0.17798E-03
    -68.444488053812    -68.444488053812         0.19894E-03
    -68.444489797762    -68.444489797762         0.93242E-04
    -68.444486279145    -68.444486279145         0.17987E-03
    -68.444473710021    -68.444473710021         0.12715E-03
    -68.444485681330    -68.444485681330         0.17887E-03
    -68.444531457980    -68.444531457980         0.75238E-04
    -68.444483902429    -68.444483902429         0.18123E-03
    -68.444487625928    -68.444487625928         0.15338E-03
    -68.444483304094    -68.444483304094         0.14290E-03
    -68.444489573342    -68.444489573342         0.11685E-03
    -68.444471127003    -68.444471127003         0.18781E-03
    -68.444473404952    -68.444473404952         0.53167E-04
    -68.444485044633    -68.444485044633         0.16779E-03
    -68.444471749433    -68.444471749433         0.17735E-03
    -68.444529590431    -68.444529590431         0.68749E-04
    -68.444486351743    -68.444486351743         0.15054E-03
    -68.444488477695    -68.444488477695         0.15123E-03
    -68.444489679035    -68.444489679035         0.71918E-04
    -68.444502466606    -68.444502466606         0.12295E-03
    -68.444485458485    -68.444485458485         0.16839E-03
    -68.444471434793    -68.444471434793         0.10242E-03
    -68.444474502006    -68.444474502006         0.51574E-04
    -68.444486101573    -68.444486101573         0.62298E-04
    -68.444486237920    -68.444486237920         0.77877E-04
    -68.444496275899    -68.444496275899         0.13642E-03
    -68.444478188946    -68.444478188946         0.58684E-04
    -68.444468281422    -68.444468281422         0.80386E-04
    -68.444486900746    -68.444486900746         0.23021E-04
    -68.444488779785    -68.444488779785         0.19206E-03
    -68.444469380253    -68.444469380253         0.16010E-03
    -68.444487430767    -68.444487430767         0.10885E-03
    -68.444484704613    -68.444484704613         0.24847E-04
    -68.444485756960    -68.444485756960         0.55087E-04
    -68.444471158998    -68.444471158998         0.19532E-04
    -68.444496520562    -68.444496520562         0.12829E-03
    -68.444485583929    -68.444485583929         0.17474E-04
    -68.444482258137    -68.444482258137         0.30945E-04
    -68.444472330237    -68.444472330237         0.49683E-04
    -68.444487716397    -68.444487716397         0.75002E-04
    -68.444487370585    -68.444487370585         0.18329E-03
    -68.444495607557    -68.444495607557         0.12072E-03
    -68.444496019114    -68.444496019114         0.13263E-03
    -68.444473229542    -68.444473229542         0.88266E-04
    -68.444469778676    -68.444469778676         0.12022E-03
    -68.444484307622    -68.444484307622         0.31377E-04
    -68.444495787685    -68.444495787685         0.14868E-03
    -68.444467056162    -68.444467056162         0.13830E-03
    -68.444473297743    -68.444473297743         0.11997E-03
    -68.444497568768    -68.444497568768         0.48684E-04
    -68.444496209237    -68.444496209237         0.10968E-03
    -68.444495635667    -68.444495635667         0.10029E-03
    -68.444496384590    -68.444496384590         0.86945E-04
    -68.444388694901    -68.444388694901         0.55570E-04
    -68.444388286163    -68.444388286163         0.16733E-03
    -68.444387843973    -68.444387843973         0.12464E-03
    -68.444484987125    -68.444484987125         0.18480E-04
    -68.444388084142    -68.444388084142         0.12262E-03
    -68.444388870724    -68.444388870724         0.79502E-04
    -68.444388619432    -68.444388619432         0.12760E-03
    -68.444388804795    -68.444388804795         0.12274E-03
    -68.444388552284    -68.444388552284         0.17866E-03
    -68.444388778506    -68.444388778506         0.88581E-04
    -68.444388627650    -68.444388627650         0.18874E-03
    -68.444352370500    -68.444352370500         0.15529E-03
    -68.444386951282    -68.444386951282         0.11353E-03
    -68.444352801696    -68.444352801696         0.35100E-04
    -68.444337392076    -68.444337392076         0.14960E-03
    -68.444336702162    -68.444336702162         0.14410E-03
    -68.444336808461    -68.444336808461         0.11805E-03
    -68.444337985352    -68.444337985352         0.69930E-04
    -68.444337945287    -68.444337945287         0.86795E-04
    -68.444336784697    -68.444336784697         0.16958E-03
    -68.444350865908    -68.444350865908         0.27078E-04
    -68.444337944986    -68.444337944986         0.17892E-03
    -68.444337598462    -68.444337598462         0.10957E-03
    -68.444336515093    -68.444336515093         0.16552E-03
    -68.444337339527    -68.444337339527         0.10438E-03
    -68.444336872514    -68.444336872514         0.12903E-03
    -68.444337179399    -68.444337179399         0.15475E-03
    -68.444337894751    -68.444337894751         0.11072E-03
    -68.444337610477    -68.444337610477         0.84566E-04
    -68.444337661429    -68.444337661429         0.12699E-03
    -68.444337262091    -68.444337262091         0.19741E-03
    -68.444280893077    -68.444280893077         0.15051E-03
    -68.444281987392    -68.444281987392         0.79873E-04
    -68.444281550305    -68.444281550305         0.11653E-03
    -68.444281231086    -68.444281231086         0.13244E-03
    -68.444281209449    -68.444281209449         0.19029E-03
    -68.444281553616    -68.444281553616         0.11921E-03
    -68.444281060984    -68.444281060984         0.19391E-03
    -68.444280228927    -68.444280228927         0.14739E-03
    -68.444279572639    -68.444279572639         0.19225E-03
    -68.444281058091    -68.444281058091         0.14517E-03
    -68.444280458584    -68.444280458584         0.14584E-03
    -68.444281554140    -68.444281554140         0.10813E-03
    -68.444281500025    -68.444281500025         0.98820E-04
    -68.444281646905    -68.444281646905         0.16247E-03
    -68.444280738054    -68.444280738054         0.12676E-03
    -68.444281520725    -68.444281520725         0.17856E-03
    -68.444261481227    -68.444261481227         0.12391E-03
    -68.444260938814    -68.444260938814         0.13065E-03
    -68.444261297166    -68.444261297166         0.14349E-03
    -68.444260581570    -68.444260581570         0.17298E-03
    -68.444260458315    -68.444260458315         0.19529E-03
    -68.444261284441    -68.444261284441         0.10850E-03
    -68.444261253405    -68.444261253405         0.13989E-03
    -68.444261494673    -68.444261494673         0.13732E-03
    -68.444261348057    -68.444261348057         0.12786E-03
    -68.444260524710    -68.444260524710         0.99553E-04
    -68.444260073703    -68.444260073703         0.18059E-03
    -68.444250960803    -68.444250960803         0.11948E-03
    -68.444251659829    -68.444251659829         0.75225E-04
    -68.444259089420    -68.444259089420         0.60259E-04
    -68.444248790377    -68.444248790377         0.10977E-03
    -68.444248537121    -68.444248537121         0.16816E-03
    -68.444248880704    -68.444248880704         0.16232E-03
    -68.444248659547    -68.444248659547         0.18721E-03
    -68.444248004914    -68.444248004914         0.19351E-03
    -68.444179687392    -68.444179687392         0.50428E-04
    -68.444278330180    -68.444278330180         0.17857E-03
    -68.444180935711    -68.444180935711         0.15833E-03
    -68.444179493521    -68.444179493521         0.78365E-04
    -68.444170727743    -68.444170727743         0.86373E-04
    -68.444170187959    -68.444170187959         0.12259E-03
    -68.444170799162    -68.444170799162         0.10048E-03
    -68.444169646916    -68.444169646916         0.16046E-03
    -68.444076744486    -68.444076744486         0.14869E-03
    -68.444078364341    -68.444078364341         0.12647E-03
    -68.444077982290    -68.444077982290         0.12254E-03
    -68.444077019196    -68.444077019196         0.10030E-03
    -68.444059542359    -68.444059542359         0.15725E-03
    -68.444058435041    -68.444058435041         0.14149E-03
    -68.444059697651    -68.444059697651         0.90001E-04
    -68.444062041387    -68.444062041387         0.19772E-03
    -68.444059606903    -68.444059606903         0.19399E-03
    -68.444059600561    -68.444059600561         0.15260E-03
    -68.444061008723    -68.444061008723         0.13078E-03
    -68.444062056177    -68.444062056177         0.10968E-03
    -68.444061344924    -68.444061344924         0.19803E-03
    -68.444059220640    -68.444059220640         0.16656E-03
    -68.444059549599    -68.444059549599         0.10880E-03
    -68.444059689371    -68.444059689371         0.16450E-03
    -68.444062288903    -68.444062288903         0.16961E-03
    -68.444042387698    -68.444042387698         0.13102E-03
    -68.444061765315    -68.444061765315         0.86128E-04
    -68.444042247283    -68.444042247283         0.93921E-04
    -68.444041946779    -68.444041946779         0.14366E-03
    -68.444061195536    -68.444061195536         0.73741E-04
    -68.444041807893    -68.444041807893         0.11121E-03
    -68.444041704713    -68.444041704713         0.14150E-03
    -68.444041408794    -68.444041408794         0.10460E-03
    -68.444040936618    -68.444040936618         0.69751E-04
    -68.444022322577    -68.444022322577         0.15498E-03
    -68.444023106860    -68.444023106860         0.63506E-04
    -68.443988903289    -68.443988903289         0.10075E-03
    -68.443988433131    -68.443988433131         0.17219E-03
    -68.444014862388    -68.444014862388         0.54452E-04
    -68.443988048906    -68.443988048906         0.15995E-03
    -68.443989163808    -68.443989163808         0.10771E-03
    -68.443988565712    -68.443988565712         0.19992E-03
    -68.443988995708    -68.443988995708         0.12709E-03
    -68.443987944338    -68.443987944338         0.14543E-03
    -68.443988936042    -68.443988936042         0.13966E-03
    -68.443985411453    -68.443985411453         0.79180E-04
    -68.443985361852    -68.443985361852         0.26703E-04
    -68.443988242351    -68.443988242351         0.15501E-03
    -68.443988365700    -68.443988365700         0.80753E-04
    -68.443974511690    -68.443974511690         0.11956E-03
    -68.443988546662    -68.443988546662         0.97839E-04
    -68.443989044879    -68.443989044879         0.13963E-03
    -68.443983824383    -68.443983824383         0.14527E-03
    -68.443989153057    -68.443989153057         0.84838E-04
    -68.443974187252    -68.443974187252         0.14062E-03
    -68.443982630358    -68.443982630358         0.13096E-03
    -68.443984140660    -68.443984140660         0.15465E-03
    -68.443974199374    -68.443974199374         0.11909E-03
    -68.443972678320    -68.443972678320         0.19306E-03
    -68.443987502644    -68.443987502644         0.16572E-03
    -68.443983554440    -68.443983554440         0.35870E-04
    -68.443971165435    -68.443971165435         0.19034E-03
    -68.443983963355    -68.443983963355         0.95598E-04
    -68.443934975186    -68.443934975186         0.12388E-03
    -68.443971799788    -68.443971799788         0.13376E-03
    -68.443933802069    -68.443933802069         0.17116E-03
    -68.443934452759    -68.443934452759         0.13308E-03
    -68.443934542673    -68.443934542673         0.68525E-04
    -68.443935211837    -68.443935211837         0.99918E-04
    -68.443935092728    -68.443935092728         0.12158E-03
    -68.443935345843    -68.443935345843         0.99642E-04
    -68.443935131524    -68.443935131524         0.10074E-03
    -68.448346716417    -68.448346716417         0.11790E-03
    -68.443944732032    -68.443944732032         0.65733E-04
    -68.443915104839    -68.443915104839         0.58499E-04
    -68.443925611927    -68.443925611927         0.19257E-03
    -68.443885227662    -68.443885227662         0.47819E-04
    -68.443885035662    -68.443885035662         0.12098E-03
    -68.443885665281    -68.443885665281         0.14787E-03
    -68.443885584954    -68.443885584954         0.48778E-04
    -68.443885224460    -68.443885224460         0.13672E-03
    -68.443885895546    -68.443885895546         0.81221E-04
    -68.447843475395    -68.447843475395         0.16373E-03
    -68.443885423377    -68.443885423377         0.99010E-04
    -68.443885728808    -68.443885728808         0.12761E-03
    -68.443885322426    -68.443885322426         0.77332E-04
    -68.443875827078    -68.443875827078         0.14715E-03
    -68.443885663662    -68.443885663662         0.53903E-04
    -68.443875573667    -68.443875573667         0.10567E-03
    -68.443885098317    -68.443885098317         0.18411E-03
    -68.443875721393    -68.443875721393         0.78963E-04
    -68.443911549222    -68.443911549222         0.62217E-04
    -68.443869513246    -68.443869513246         0.12145E-03
    -68.443875823475    -68.443875823475         0.13509E-03
    -68.443870698493    -68.443870698493         0.12190E-03
    -68.443860740592    -68.443860740592         0.15632E-03
    -68.443857440106    -68.443857440106         0.13871E-03
    -68.443857980521    -68.443857980521         0.86996E-04
    -68.443857420979    -68.443857420979         0.91806E-04
    -68.443856929602    -68.443856929602         0.14072E-03
    -68.447843554319    -68.447843554319         0.86862E-04
    -68.443858045889    -68.443858045889         0.12773E-03
    -68.443852337574    -68.443852337574         0.87267E-04
    -68.443857683465    -68.443857683465         0.14699E-03
    -68.443857668935    -68.443857668935         0.15578E-03
    -68.443856509984    -68.443856509984         0.14336E-03
    -68.443843374444    -68.443843374444         0.14527E-03
    -68.443855170368    -68.443855170368         0.19498E-03
    -68.443857055270    -68.443857055270         0.16626E-03
    -68.443857948802    -68.443857948802         0.16375E-03
    -68.443862410272    -68.443862410272         0.68086E-04
    -68.443857947173    -68.443857947173         0.12827E-03
    -68.443857939310    -68.443857939310         0.10099E-03
    -68.443857031432    -68.443857031432         0.16773E-03
    -68.443857483414    -68.443857483414         0.12166E-03
    -68.443860541785    -68.443860541785         0.59323E-04
    -68.443843306200    -68.443843306200         0.13162E-03
    -68.443843789881    -68.443843789881         0.15387E-03
    -68.443860445893    -68.443860445893         0.19523E-03
    -68.443843974027    -68.443843974027         0.14154E-03
    -68.443842790756    -68.443842790756         0.18868E-03
    -68.443843339341    -68.443843339341         0.74472E-04
    -68.443843175634    -68.443843175634         0.19701E-03
    -68.443856821172    -68.443856821172         0.17367E-04
    -68.443857912061    -68.443857912061         0.86772E-04
    -68.443843835489    -68.443843835489         0.92017E-04
    -68.443857809996    -68.443857809996         0.12059E-03
    -68.443856307761    -68.443856307761         0.11419E-03
    -68.443844013707    -68.443844013707         0.13385E-03
    -68.443843469338    -68.443843469338         0.12069E-03
    -68.443843982438    -68.443843982438         0.63448E-04
    -68.443857145992    -68.443857145992         0.17578E-03
    -68.443843630670    -68.443843630670         0.19243E-03
    -68.447856617070    -68.447856617070         0.10157E-03
    -68.443843986888    -68.443843986888         0.14274E-03
    -68.443830587427    -68.443830587427         0.16679E-03
    -68.443830888557    -68.443830888557         0.69778E-04
    -68.443830154032    -68.443830154032         0.16319E-03
    -68.443830083654    -68.443830083654         0.13518E-03
    -68.443777022531    -68.443777022531         0.17227E-03
    -68.443776543454    -68.443776543454         0.71334E-04
    -68.443776986851    -68.443776986851         0.12695E-03
    -68.443845854457    -68.443845854457         0.44669E-04
    -68.443776542213    -68.443776542213         0.17912E-03
    -68.443775806516    -68.443775806516         0.10194E-03
    -68.443776042586    -68.443776042586         0.11975E-03
    -68.443776634142    -68.443776634142         0.88796E-04
    -68.443777265742    -68.443777265742         0.13194E-03
    -68.443776857698    -68.443776857698         0.11357E-03
    -68.443777187072    -68.443777187072         0.13327E-03
    -68.443776973640    -68.443776973640         0.12344E-03
    -68.443777562248    -68.443777562248         0.74532E-04
    -68.443776275807    -68.443776275807         0.96361E-04
    -68.443776414477    -68.443776414477         0.10816E-03
    -68.443777313403    -68.443777313403         0.11541E-03
    -68.443777450376    -68.443777450376         0.19313E-03
    -68.443776887181    -68.443776887181         0.14904E-03
    -68.443761756039    -68.443761756039         0.17251E-03
    -68.443776899660    -68.443776899660         0.73228E-04
    -68.443761439054    -68.443761439054         0.72830E-04
    -68.443762039483    -68.443762039483         0.78557E-04
    -68.443761166431    -68.443761166431         0.17681E-03
    -68.443762137073    -68.443762137073         0.59644E-04
    -68.443762067562    -68.443762067562         0.13483E-03
    -68.443762134245    -68.443762134245         0.11609E-03
    -68.443761149621    -68.443761149621         0.16284E-03
    -68.443760831005    -68.443760831005         0.16523E-03
    -68.443762211872    -68.443762211872         0.92334E-04
    -68.443761656374    -68.443761656374         0.15856E-03
    -68.443769556846    -68.443769556846         0.72331E-04
    -68.448344114691    -68.448344114691         0.94484E-04
    -68.443712665233    -68.443712665233         0.11221E-03
    -68.443708867153    -68.443708867153         0.66280E-04
    -68.447345832148    -68.447345832148         0.33857E-04
    -68.443716194648    -68.443716194648         0.35323E-04
    -68.443717097152    -68.443717097152         0.16604E-03
    -68.443716238930    -68.443716238930         0.17291E-03
    -68.443718996501    -68.443718996501         0.16524E-03
    -68.447765053649    -68.447765053649         0.23046E-04
    -68.443713238820    -68.443713238820         0.18820E-03
    -68.443716158842    -68.443716158842         0.13418E-03
    -68.447075451789    -68.447075451789         0.77868E-04
    -68.443664365066    -68.443664365066         0.15373E-03
    -68.443667797054    -68.443667797054         0.18729E-03
    -68.443659753219    -68.443659753219         0.13316E-03
    -68.443627377943    -68.443627377943         0.11992E-03
    -68.447075493084    -68.447075493084         0.18938E-03
    -68.443627304069    -68.443627304069         0.75766E-04
    -68.446492201997    -68.446492201997         0.15720E-03
    -68.443596503037    -68.443596503037         0.15014E-03
    -68.446777589793    -68.446777589793         0.28561E-04
    -68.443591574581    -68.443591574581         0.11987E-03
    -68.443585207068    -68.443585207068         0.10165E-03
    -68.443597538912    -68.443597538912         0.15074E-03
    -68.443586503753    -68.443586503753         0.68047E-04
    -68.443566575769    -68.443566575769         0.19209E-03
    -68.443586940408    -68.443586940408         0.49307E-04
    -68.443565572411    -68.443565572411         0.55805E-04
    -68.443556323677    -68.443556323677         0.82348E-04
    -68.443565942390    -68.443565942390         0.17501E-03
    -68.443555997494    -68.443555997494         0.76028E-04
    -68.443555670695    -68.443555670695         0.65247E-04
    -68.443555715115    -68.443555715115         0.10771E-03
    -68.443558777196    -68.443558777196         0.19301E-03
    -68.443556149041    -68.443556149041         0.89187E-04
    -68.443566304342    -68.443566304342         0.80609E-04
    -68.443555475506    -68.443555475506         0.13361E-03
    -68.443556273479    -68.443556273479         0.88287E-04
    -68.443558382461    -68.443558382461         0.13224E-03
    -68.443491539670    -68.443491539670         0.17318E-03
    -68.443497023112    -68.443497023112         0.15324E-03
    -68.443467676718    -68.443467676718         0.44092E-04
    -68.443494166060    -68.443494166060         0.16207E-03
    -68.443467551418    -68.443467551418         0.40220E-04
    -68.443427593245    -68.443427593245         0.18194E-03
    -68.443467609998    -68.443467609998         0.89311E-04
    -68.443426423349    -68.443426423349         0.18424E-03
    -68.443428686721    -68.443428686721         0.10512E-03
    -68.443428689362    -68.443428689362         0.57638E-04
    -68.443277567297    -68.443277567297         0.13118E-03
    -68.443213330451    -68.443213330451         0.78039E-04
    -68.443214236113    -68.443214236113         0.99162E-04
    -68.443095173952    -68.443095173952         0.12588E-03
    -68.443094829629    -68.443094829629         0.14880E-03
    -68.443095870448    -68.443095870448         0.56786E-04
    -68.443095671068    -68.443095671068         0.59410E-04
    -68.447568912032    -68.447568912032         0.11066E-03
    -68.443071872458    -68.443071872458         0.12363E-03
    -68.443071468293    -68.443071468293         0.11128E-03
    -68.443071502178    -68.443071502178         0.11503E-03
    -68.443071005004    -68.443071005004         0.12432E-03
    -68.447562003269    -68.447562003269         0.12775E-03
    -68.443025990862    -68.443025990862         0.19637E-03
    -68.443025379605    -68.443025379605         0.12401E-03
    -68.442989193025    -68.442989193025         0.19795E-03
    -68.443072325807    -68.443072325807         0.90002E-04
    -68.442965542599    -68.442965542599         0.13476E-03
    -68.442965648610    -68.442965648610         0.90819E-04
    -68.442966271250    -68.442966271250         0.11978E-03
    -68.442965377159    -68.442965377159         0.12735E-03
    -68.447588374824    -68.447588374824         0.17622E-03
    -68.447590721075    -68.447590721075         0.19944E-03
    -68.447463917785    -68.447463917785         0.11384E-03
    -68.447523623146    -68.447523623146         0.13107E-03
    -68.447505409313    -68.447505409313         0.66270E-04
    -68.442799170421    -68.442799170421         0.19410E-03
    -68.442685273685    -68.442685273685         0.12052E-03
    -68.447473122884    -68.447473122884         0.13017E-03
    -68.442683925283    -68.442683925283         0.17071E-03
    -68.442685052147    -68.442685052147         0.13121E-03
    -68.442612776113    -68.442612776113         0.99581E-04
    -68.442301352846    -68.442301352846         0.12812E-03
    -68.442301319994    -68.442301319994         0.11247E-03
    -68.442293252813    -68.442293252813         0.10550E-03
    -68.442297590974    -68.442297590974         0.18107E-03
    -68.442246076364    -68.442246076364         0.19293E-03
    -68.442246547206    -68.442246547206         0.12422E-03
    -68.442246427016    -68.442246427016         0.87545E-04
    -68.442245012949    -68.442245012949         0.19862E-03
    -68.442245122021    -68.442245122021         0.14662E-03
    -68.442246165136    -68.442246165136         0.51294E-04
    -68.442245161014    -68.442245161014         0.17481E-03
    -68.444458736850    -68.444458736850         0.46171E-04
    -68.442244422954    -68.442244422954         0.26117E-04
    -68.442243701526    -68.442243701526         0.21076E-04
    -68.444540030337    -68.444540030337         0.94824E-04
    -68.444525922418    -68.444525922418         0.13435E-03
    -68.442210159657    -68.442210159657         0.17001E-03
    -68.444657625977    -68.444657625977         0.58456E-04
    -68.444620870711    -68.444620870711         0.14085E-03
    -68.444502191248    -68.444502191248         0.32944E-04
    -68.444472011022    -68.444472011022         0.13326E-03
    -68.441939826898    -68.441939826898         0.17240E-03
    -68.441940597712    -68.441940597712         0.11593E-03
    -68.441915660654    -68.441915660654         0.16783E-03
    -68.441915400511    -68.441915400511         0.15013E-03
    -68.441915341804    -68.441915341804         0.77284E-04
    -68.441915227506    -68.441915227506         0.14193E-03
    -68.441914222281    -68.441914222281         0.16899E-03
    -68.441913250347    -68.441913250347         0.16843E-03
    -68.441915794964    -68.441915794964         0.15362E-03
    -68.441915952475    -68.441915952475         0.82713E-04
    -68.444485150681    -68.444485150681         0.35431E-04
    -68.441822274210    -68.441822274210         0.99445E-04
    -68.441816742094    -68.441816742094         0.18540E-03
    -68.441915968111    -68.441915968111         0.17722E-03
    -68.441817390708    -68.441817390708         0.98544E-04
    -68.441821777338    -68.441821777338         0.12707E-03
    -68.441808424893    -68.441808424893         0.12385E-03
    -68.441787686974    -68.441787686974         0.12896E-03
    -68.441787327322    -68.441787327322         0.10515E-03
    -68.441807069020    -68.441807069020         0.16631E-03
    -68.441787295502    -68.441787295502         0.10719E-03
    -68.441807575851    -68.441807575851         0.95487E-04
    -68.441807506671    -68.441807506671         0.11547E-03
    -68.441807830047    -68.441807830047         0.18250E-03
    -68.441786339467    -68.441786339467         0.73203E-04
    -68.441808325934    -68.441808325934         0.95037E-04
    -68.441807412950    -68.441807412950         0.88396E-04
    -68.441808518354    -68.441808518354         0.85048E-04
    -68.441775024288    -68.441775024288         0.13227E-03
    -68.441774138042    -68.441774138042         0.81914E-04
    -68.441807728567    -68.441807728567         0.13169E-03
    -68.441774673219    -68.441774673219         0.15679E-03
    -68.441808135094    -68.441808135094         0.12562E-03
    -68.441786797206    -68.441786797206         0.14206E-03
    -68.441787918883    -68.441787918883         0.11161E-03
    -68.441787121158    -68.441787121158         0.17794E-03
    -68.441775063193    -68.441775063193         0.96731E-04
    -68.441506090538    -68.441506090538         0.11984E-03
    -68.441517225400    -68.441517225400         0.92169E-04
    -68.441411702825    -68.441411702825         0.73844E-04
    -68.443712804726    -68.443712804726         0.69764E-04
    -68.443974826669    -68.443974826669         0.14621E-03
    -68.444629089619    -68.444629089619         0.13647E-03
    -68.444627806017    -68.444627806017         0.59374E-04
    -68.444628096857    -68.444628096857         0.19126E-03
    -68.441205865442    -68.441205865442         0.15495E-03
    -68.444705989703    -68.444705989703         0.13625E-03
    -68.441260294047    -68.441260294047         0.16259E-03
    -68.441263390200    -68.441263390200         0.10614E-03
    -68.441163536915    -68.441163536915         0.92883E-04
    -68.441263233005    -68.441263233005         0.12158E-03
    -68.441121593746    -68.441121593746         0.18182E-03
    -68.441065827998    -68.441065827998         0.18191E-03
    -68.441066652633    -68.441066652633         0.11293E-03
    -68.441066008216    -68.441066008216         0.15784E-03
    -68.440985126136    -68.440985126136         0.69782E-04
    -68.443844011439    -68.443844011439         0.13870E-03
    -68.440814657830    -68.440814657830         0.85416E-04
    -68.443777049282    -68.443777049282         0.79227E-04
    -68.444502480988    -68.444502480988         0.87270E-04
